[0.000000] (-) TimerEvent: {}
[0.001628] (dr_nav2) JobQueued: {'identifier': 'dr_nav2', 'dependencies': OrderedDict()}
[0.003054] (hdl_global_localization) JobQueued: {'identifier': 'hdl_global_localization', 'dependencies': OrderedDict()}
[0.003824] (sensor_test) JobQueued: {'identifier': 'sensor_test', 'dependencies': OrderedDict()}
[0.004447] (hdl_localization) JobQueued: {'identifier': 'hdl_localization', 'dependencies': OrderedDict([('hdl_global_localization', '/home/ysc/lite_cog_ros2/nav/install/hdl_global_localization')])}
[0.004762] (hdl_global_localization) JobStarted: {'identifier': 'hdl_global_localization'}
[0.099286] (-) TimerEvent: {}
[0.198194] (dr_nav2) JobStarted: {'identifier': 'dr_nav2'}
[0.201302] (-) TimerEvent: {}
[0.308571] (-) TimerEvent: {}
[0.389780] (sensor_test) JobStarted: {'identifier': 'sensor_test'}
[0.409657] (-) TimerEvent: {}
[0.511176] (-) TimerEvent: {}
[0.596582] (hdl_global_localization) JobProgress: {'identifier': 'hdl_global_localization', 'progress': 'cmake'}
[0.611400] (-) TimerEvent: {}
[0.714665] (-) TimerEvent: {}
[0.742223] (hdl_global_localization) JobProgress: {'identifier': 'hdl_global_localization', 'progress': 'build'}
[0.748927] (hdl_global_localization) Command: {'cmd': ['/usr/bin/cmake', '--build', '/home/ysc/lite_cog_ros2/nav/build/hdl_global_localization', '--', '-j6', '-l6'], 'cwd': '/home/ysc/lite_cog_ros2/nav/build/hdl_global_localization', 'env': OrderedDict([('GJS_DEBUG_TOPICS', 'JS ERROR;JS LOG'), ('LESSOPEN', '| /usr/bin/lesspipe %s'), ('USER', 'ysc'), ('LC_TIME', 'zh_CN.UTF-8'), ('SSH_AGENT_PID', '1904'), ('XDG_SESSION_TYPE', 'x11'), ('SHLVL', '1'), ('LD_LIBRARY_PATH', '/home/ysc/lite_cog_ros2/navigation2-foxy/install/nav2_rviz_plugins/lib:/home/ysc/lite_cog_ros2/navigation2-foxy/install/nav2_bt_navigator/lib:/usr/lib/aarch64-linux-gnu/gazebo-11/plugins:/opt/ros/foxy/opt/yaml_cpp_vendor/lib:/opt/ros/foxy/opt/rviz_ogre_vendor/lib:/opt/ros/foxy/lib/aarch64-linux-gnu:/opt/ros/foxy/lib:/usr/local/cuda-11.4/lib64:'), ('HOME', '/home/ysc'), ('OLDPWD', '/home/ysc/lite_cog_ros2'), ('DESKTOP_SESSION', 'ubuntu'), ('ROS_PYTHON_VERSION', '3'), ('GNOME_SHELL_SESSION_MODE', 'ubuntu'), ('GTK_MODULES', 'gail:atk-bridge'), ('LC_MONETARY', 'zh_CN.UTF-8'), ('MANAGERPID', '1362'), ('DBUS_SESSION_BUS_ADDRESS', 'unix:path=/run/user/1000/bus'), ('COLORTERM', 'truecolor'), ('_colcon_cd_root', '/opt/ros/foxy/'), ('IM_CONFIG_PHASE', '1'), ('COLCON_PREFIX_PATH', '/home/ysc/lite_cog_ros2/navigation2-foxy/install'), ('ROS_DISTRO', 'foxy'), ('LOGNAME', 'ysc'), ('JOURNAL_STREAM', '8:45007'), ('_', '/usr/bin/colcon'), ('ROS_VERSION', '2'), ('XDG_SESSION_CLASS', 'user'), ('USERNAME', 'ysc'), ('TERM', 'xterm-256color'), ('GNOME_DESKTOP_SESSION_ID', 'this-is-deprecated'), ('ROS_LOCALHOST_ONLY', '0'), ('WINDOWPATH', '2'), ('PATH', '/opt/ros/foxy/bin:/usr/local/cuda-11.4/bin:/home/ysc/.local/bin:/usr/local/sbin:/usr/local/bin:/usr/sbin:/usr/bin:/sbin:/bin:/usr/games:/usr/local/games:/snap/bin'), ('SESSION_MANAGER', 'local/lite:@/tmp/.ICE-unix/2030,unix/lite:/tmp/.ICE-unix/2030'), ('INVOCATION_ID', '08227a382f5040ea9963e4e983a96096'), ('XDG_MENU_PREFIX', 'gnome-'), ('LC_ADDRESS', 'zh_CN.UTF-8'), ('GNOME_TERMINAL_SCREEN', '/org/gnome/Terminal/screen/cbad11e8_9f12_46e3_a06d_7bf9b7aeac46'), ('XDG_RUNTIME_DIR', '/run/user/1000'), ('DISPLAY', ':0'), ('LANG', 'en_US.UTF-8'), ('XDG_CURRENT_DESKTOP', 'ubuntu:GNOME'), ('LC_TELEPHONE', 'zh_CN.UTF-8'), ('XMODIFIERS', '@im=ibus'), ('XDG_SESSION_DESKTOP', 'ubuntu'), ('XAUTHORITY', '/run/user/1000/gdm/Xauthority'), ('LS_COLORS', 'rs=0:di=01;34:ln=01;36:mh=00:pi=40;33:so=01;35:do=01;35:bd=40;33;01:cd=40;33;01:or=40;31;01:mi=00:su=37;41:sg=30;43:ca=30;41:tw=30;42:ow=34;42:st=37;44:ex=01;32:*.tar=01;31:*.tgz=01;31:*.arc=01;31:*.arj=01;31:*.taz=01;31:*.lha=01;31:*.lz4=01;31:*.lzh=01;31:*.lzma=01;31:*.tlz=01;31:*.txz=01;31:*.tzo=01;31:*.t7z=01;31:*.zip=01;31:*.z=01;31:*.dz=01;31:*.gz=01;31:*.lrz=01;31:*.lz=01;31:*.lzo=01;31:*.xz=01;31:*.zst=01;31:*.tzst=01;31:*.bz2=01;31:*.bz=01;31:*.tbz=01;31:*.tbz2=01;31:*.tz=01;31:*.deb=01;31:*.rpm=01;31:*.jar=01;31:*.war=01;31:*.ear=01;31:*.sar=01;31:*.rar=01;31:*.alz=01;31:*.ace=01;31:*.zoo=01;31:*.cpio=01;31:*.7z=01;31:*.rz=01;31:*.cab=01;31:*.wim=01;31:*.swm=01;31:*.dwm=01;31:*.esd=01;31:*.jpg=01;35:*.jpeg=01;35:*.mjpg=01;35:*.mjpeg=01;35:*.gif=01;35:*.bmp=01;35:*.pbm=01;35:*.pgm=01;35:*.ppm=01;35:*.tga=01;35:*.xbm=01;35:*.xpm=01;35:*.tif=01;35:*.tiff=01;35:*.png=01;35:*.svg=01;35:*.svgz=01;35:*.mng=01;35:*.pcx=01;35:*.mov=01;35:*.mpg=01;35:*.mpeg=01;35:*.m2v=01;35:*.mkv=01;35:*.webm=01;35:*.ogm=01;35:*.mp4=01;35:*.m4v=01;35:*.mp4v=01;35:*.vob=01;35:*.qt=01;35:*.nuv=01;35:*.wmv=01;35:*.asf=01;35:*.rm=01;35:*.rmvb=01;35:*.flc=01;35:*.avi=01;35:*.fli=01;35:*.flv=01;35:*.gl=01;35:*.dl=01;35:*.xcf=01;35:*.xwd=01;35:*.yuv=01;35:*.cgm=01;35:*.emf=01;35:*.ogv=01;35:*.ogx=01;35:*.aac=00;36:*.au=00;36:*.flac=00;36:*.m4a=00;36:*.mid=00;36:*.midi=00;36:*.mka=00;36:*.mp3=00;36:*.mpc=00;36:*.ogg=00;36:*.ra=00;36:*.wav=00;36:*.oga=00;36:*.opus=00;36:*.spx=00;36:*.xspf=00;36:'), ('GNOME_TERMINAL_SERVICE', ':1.82'), ('SSH_AUTH_SOCK', '/run/user/1000/keyring/ssh'), ('ROS_DOMAIN_ID', '0'), ('AMENT_PREFIX_PATH', '/home/ysc/lite_cog_ros2/navigation2-foxy/install/nav2_rviz_plugins:/home/ysc/lite_cog_ros2/navigation2-foxy/install/nav2_bt_navigator:/opt/ros/foxy'), ('SHELL', '/bin/bash'), ('LC_NAME', 'zh_CN.UTF-8'), ('QT_ACCESSIBILITY', '1'), ('GDMSESSION', 'ubuntu'), ('LESSCLOSE', '/usr/bin/lesspipe %s %s'), ('LC_MEASUREMENT', 'zh_CN.UTF-8'), ('GPG_AGENT_INFO', '/run/user/1000/gnupg/S.gpg-agent:0:1'), ('GJS_DEBUG_OUTPUT', 'stderr'), ('LC_IDENTIFICATION', 'zh_CN.UTF-8'), ('QT_IM_MODULE', 'ibus'), ('PWD', '/home/ysc/lite_cog_ros2/nav/build/hdl_global_localization'), ('LC_ALL', 'en_US.UTF-8'), ('XDG_CONFIG_DIRS', '/etc/xdg/xdg-ubuntu:/etc/xdg'), ('XDG_DATA_DIRS', '/usr/share/ubuntu:/usr/local/share/:/usr/share/:/var/lib/snapd/desktop'), ('PYTHONPATH', '/opt/ros/foxy/lib/python3.8/site-packages'), ('LC_NUMERIC', 'zh_CN.UTF-8'), ('LC_PAPER', 'zh_CN.UTF-8'), ('COLCON', '1'), ('VTE_VERSION', '6003'), ('CMAKE_PREFIX_PATH', '/home/ysc/lite_cog_ros2/navigation2-foxy/install/nav2_rviz_plugins:/home/ysc/lite_cog_ros2/navigation2-foxy/install/nav2_bt_navigator:/opt/ros/foxy')]), 'shell': False}
[0.791542] (dr_nav2) JobProgress: {'identifier': 'dr_nav2', 'progress': 'cmake'}
[0.814764] (-) TimerEvent: {}
[0.916270] (-) TimerEvent: {}
[0.936822] (dr_nav2) JobProgress: {'identifier': 'dr_nav2', 'progress': 'build'}
[0.947142] (dr_nav2) Command: {'cmd': ['/usr/bin/cmake', '--build', '/home/ysc/lite_cog_ros2/nav/build/dr_nav2', '--', '-j6', '-l6'], 'cwd': '/home/ysc/lite_cog_ros2/nav/build/dr_nav2', 'env': OrderedDict([('GJS_DEBUG_TOPICS', 'JS ERROR;JS LOG'), ('LESSOPEN', '| /usr/bin/lesspipe %s'), ('USER', 'ysc'), ('LC_TIME', 'zh_CN.UTF-8'), ('SSH_AGENT_PID', '1904'), ('XDG_SESSION_TYPE', 'x11'), ('SHLVL', '1'), ('LD_LIBRARY_PATH', '/home/ysc/lite_cog_ros2/navigation2-foxy/install/nav2_rviz_plugins/lib:/home/ysc/lite_cog_ros2/navigation2-foxy/install/nav2_bt_navigator/lib:/usr/lib/aarch64-linux-gnu/gazebo-11/plugins:/opt/ros/foxy/opt/yaml_cpp_vendor/lib:/opt/ros/foxy/opt/rviz_ogre_vendor/lib:/opt/ros/foxy/lib/aarch64-linux-gnu:/opt/ros/foxy/lib:/usr/local/cuda-11.4/lib64:'), ('HOME', '/home/ysc'), ('OLDPWD', '/home/ysc/lite_cog_ros2'), ('DESKTOP_SESSION', 'ubuntu'), ('ROS_PYTHON_VERSION', '3'), ('GNOME_SHELL_SESSION_MODE', 'ubuntu'), ('GTK_MODULES', 'gail:atk-bridge'), ('LC_MONETARY', 'zh_CN.UTF-8'), ('MANAGERPID', '1362'), ('DBUS_SESSION_BUS_ADDRESS', 'unix:path=/run/user/1000/bus'), ('COLORTERM', 'truecolor'), ('_colcon_cd_root', '/opt/ros/foxy/'), ('IM_CONFIG_PHASE', '1'), ('COLCON_PREFIX_PATH', '/home/ysc/lite_cog_ros2/navigation2-foxy/install'), ('ROS_DISTRO', 'foxy'), ('LOGNAME', 'ysc'), ('JOURNAL_STREAM', '8:45007'), ('_', '/usr/bin/colcon'), ('ROS_VERSION', '2'), ('XDG_SESSION_CLASS', 'user'), ('USERNAME', 'ysc'), ('TERM', 'xterm-256color'), ('GNOME_DESKTOP_SESSION_ID', 'this-is-deprecated'), ('ROS_LOCALHOST_ONLY', '0'), ('WINDOWPATH', '2'), ('PATH', '/opt/ros/foxy/bin:/usr/local/cuda-11.4/bin:/home/ysc/.local/bin:/usr/local/sbin:/usr/local/bin:/usr/sbin:/usr/bin:/sbin:/bin:/usr/games:/usr/local/games:/snap/bin'), ('SESSION_MANAGER', 'local/lite:@/tmp/.ICE-unix/2030,unix/lite:/tmp/.ICE-unix/2030'), ('INVOCATION_ID', '08227a382f5040ea9963e4e983a96096'), ('XDG_MENU_PREFIX', 'gnome-'), ('LC_ADDRESS', 'zh_CN.UTF-8'), ('GNOME_TERMINAL_SCREEN', '/org/gnome/Terminal/screen/cbad11e8_9f12_46e3_a06d_7bf9b7aeac46'), ('XDG_RUNTIME_DIR', '/run/user/1000'), ('DISPLAY', ':0'), ('LANG', 'en_US.UTF-8'), ('XDG_CURRENT_DESKTOP', 'ubuntu:GNOME'), ('LC_TELEPHONE', 'zh_CN.UTF-8'), ('XMODIFIERS', '@im=ibus'), ('XDG_SESSION_DESKTOP', 'ubuntu'), ('XAUTHORITY', '/run/user/1000/gdm/Xauthority'), ('LS_COLORS', 'rs=0:di=01;34:ln=01;36:mh=00:pi=40;33:so=01;35:do=01;35:bd=40;33;01:cd=40;33;01:or=40;31;01:mi=00:su=37;41:sg=30;43:ca=30;41:tw=30;42:ow=34;42:st=37;44:ex=01;32:*.tar=01;31:*.tgz=01;31:*.arc=01;31:*.arj=01;31:*.taz=01;31:*.lha=01;31:*.lz4=01;31:*.lzh=01;31:*.lzma=01;31:*.tlz=01;31:*.txz=01;31:*.tzo=01;31:*.t7z=01;31:*.zip=01;31:*.z=01;31:*.dz=01;31:*.gz=01;31:*.lrz=01;31:*.lz=01;31:*.lzo=01;31:*.xz=01;31:*.zst=01;31:*.tzst=01;31:*.bz2=01;31:*.bz=01;31:*.tbz=01;31:*.tbz2=01;31:*.tz=01;31:*.deb=01;31:*.rpm=01;31:*.jar=01;31:*.war=01;31:*.ear=01;31:*.sar=01;31:*.rar=01;31:*.alz=01;31:*.ace=01;31:*.zoo=01;31:*.cpio=01;31:*.7z=01;31:*.rz=01;31:*.cab=01;31:*.wim=01;31:*.swm=01;31:*.dwm=01;31:*.esd=01;31:*.jpg=01;35:*.jpeg=01;35:*.mjpg=01;35:*.mjpeg=01;35:*.gif=01;35:*.bmp=01;35:*.pbm=01;35:*.pgm=01;35:*.ppm=01;35:*.tga=01;35:*.xbm=01;35:*.xpm=01;35:*.tif=01;35:*.tiff=01;35:*.png=01;35:*.svg=01;35:*.svgz=01;35:*.mng=01;35:*.pcx=01;35:*.mov=01;35:*.mpg=01;35:*.mpeg=01;35:*.m2v=01;35:*.mkv=01;35:*.webm=01;35:*.ogm=01;35:*.mp4=01;35:*.m4v=01;35:*.mp4v=01;35:*.vob=01;35:*.qt=01;35:*.nuv=01;35:*.wmv=01;35:*.asf=01;35:*.rm=01;35:*.rmvb=01;35:*.flc=01;35:*.avi=01;35:*.fli=01;35:*.flv=01;35:*.gl=01;35:*.dl=01;35:*.xcf=01;35:*.xwd=01;35:*.yuv=01;35:*.cgm=01;35:*.emf=01;35:*.ogv=01;35:*.ogx=01;35:*.aac=00;36:*.au=00;36:*.flac=00;36:*.m4a=00;36:*.mid=00;36:*.midi=00;36:*.mka=00;36:*.mp3=00;36:*.mpc=00;36:*.ogg=00;36:*.ra=00;36:*.wav=00;36:*.oga=00;36:*.opus=00;36:*.spx=00;36:*.xspf=00;36:'), ('GNOME_TERMINAL_SERVICE', ':1.82'), ('SSH_AUTH_SOCK', '/run/user/1000/keyring/ssh'), ('ROS_DOMAIN_ID', '0'), ('AMENT_PREFIX_PATH', '/home/ysc/lite_cog_ros2/navigation2-foxy/install/nav2_rviz_plugins:/home/ysc/lite_cog_ros2/navigation2-foxy/install/nav2_bt_navigator:/opt/ros/foxy'), ('SHELL', '/bin/bash'), ('LC_NAME', 'zh_CN.UTF-8'), ('QT_ACCESSIBILITY', '1'), ('GDMSESSION', 'ubuntu'), ('LESSCLOSE', '/usr/bin/lesspipe %s %s'), ('LC_MEASUREMENT', 'zh_CN.UTF-8'), ('GPG_AGENT_INFO', '/run/user/1000/gnupg/S.gpg-agent:0:1'), ('GJS_DEBUG_OUTPUT', 'stderr'), ('LC_IDENTIFICATION', 'zh_CN.UTF-8'), ('QT_IM_MODULE', 'ibus'), ('PWD', '/home/ysc/lite_cog_ros2/nav/build/dr_nav2'), ('LC_ALL', 'en_US.UTF-8'), ('XDG_CONFIG_DIRS', '/etc/xdg/xdg-ubuntu:/etc/xdg'), ('XDG_DATA_DIRS', '/usr/share/ubuntu:/usr/local/share/:/usr/share/:/var/lib/snapd/desktop'), ('PYTHONPATH', '/opt/ros/foxy/lib/python3.8/site-packages'), ('LC_NUMERIC', 'zh_CN.UTF-8'), ('LC_PAPER', 'zh_CN.UTF-8'), ('COLCON', '1'), ('VTE_VERSION', '6003'), ('CMAKE_PREFIX_PATH', '/home/ysc/lite_cog_ros2/navigation2-foxy/install/nav2_rviz_plugins:/home/ysc/lite_cog_ros2/navigation2-foxy/install/nav2_bt_navigator:/opt/ros/foxy')]), 'shell': False}
[0.991497] (sensor_test) JobProgress: {'identifier': 'sensor_test', 'progress': 'cmake'}
[1.016544] (-) TimerEvent: {}
[1.117892] (-) TimerEvent: {}
[1.137380] (sensor_test) JobProgress: {'identifier': 'sensor_test', 'progress': 'build'}
[1.139554] (sensor_test) Command: {'cmd': ['/usr/bin/cmake', '--build', '/home/ysc/lite_cog_ros2/nav/build/sensor_test', '--', '-j6', '-l6'], 'cwd': '/home/ysc/lite_cog_ros2/nav/build/sensor_test', 'env': OrderedDict([('GJS_DEBUG_TOPICS', 'JS ERROR;JS LOG'), ('LESSOPEN', '| /usr/bin/lesspipe %s'), ('USER', 'ysc'), ('LC_TIME', 'zh_CN.UTF-8'), ('SSH_AGENT_PID', '1904'), ('XDG_SESSION_TYPE', 'x11'), ('SHLVL', '1'), ('LD_LIBRARY_PATH', '/home/ysc/lite_cog_ros2/navigation2-foxy/install/nav2_rviz_plugins/lib:/home/ysc/lite_cog_ros2/navigation2-foxy/install/nav2_bt_navigator/lib:/usr/lib/aarch64-linux-gnu/gazebo-11/plugins:/opt/ros/foxy/opt/yaml_cpp_vendor/lib:/opt/ros/foxy/opt/rviz_ogre_vendor/lib:/opt/ros/foxy/lib/aarch64-linux-gnu:/opt/ros/foxy/lib:/usr/local/cuda-11.4/lib64:'), ('HOME', '/home/ysc'), ('OLDPWD', '/home/ysc/lite_cog_ros2'), ('DESKTOP_SESSION', 'ubuntu'), ('ROS_PYTHON_VERSION', '3'), ('GNOME_SHELL_SESSION_MODE', 'ubuntu'), ('GTK_MODULES', 'gail:atk-bridge'), ('LC_MONETARY', 'zh_CN.UTF-8'), ('MANAGERPID', '1362'), ('DBUS_SESSION_BUS_ADDRESS', 'unix:path=/run/user/1000/bus'), ('COLORTERM', 'truecolor'), ('_colcon_cd_root', '/opt/ros/foxy/'), ('IM_CONFIG_PHASE', '1'), ('COLCON_PREFIX_PATH', '/home/ysc/lite_cog_ros2/navigation2-foxy/install'), ('ROS_DISTRO', 'foxy'), ('LOGNAME', 'ysc'), ('JOURNAL_STREAM', '8:45007'), ('_', '/usr/bin/colcon'), ('ROS_VERSION', '2'), ('XDG_SESSION_CLASS', 'user'), ('USERNAME', 'ysc'), ('TERM', 'xterm-256color'), ('GNOME_DESKTOP_SESSION_ID', 'this-is-deprecated'), ('ROS_LOCALHOST_ONLY', '0'), ('WINDOWPATH', '2'), ('PATH', '/opt/ros/foxy/bin:/usr/local/cuda-11.4/bin:/home/ysc/.local/bin:/usr/local/sbin:/usr/local/bin:/usr/sbin:/usr/bin:/sbin:/bin:/usr/games:/usr/local/games:/snap/bin'), ('SESSION_MANAGER', 'local/lite:@/tmp/.ICE-unix/2030,unix/lite:/tmp/.ICE-unix/2030'), ('INVOCATION_ID', '08227a382f5040ea9963e4e983a96096'), ('XDG_MENU_PREFIX', 'gnome-'), ('LC_ADDRESS', 'zh_CN.UTF-8'), ('GNOME_TERMINAL_SCREEN', '/org/gnome/Terminal/screen/cbad11e8_9f12_46e3_a06d_7bf9b7aeac46'), ('XDG_RUNTIME_DIR', '/run/user/1000'), ('DISPLAY', ':0'), ('LANG', 'en_US.UTF-8'), ('XDG_CURRENT_DESKTOP', 'ubuntu:GNOME'), ('LC_TELEPHONE', 'zh_CN.UTF-8'), ('XMODIFIERS', '@im=ibus'), ('XDG_SESSION_DESKTOP', 'ubuntu'), ('XAUTHORITY', '/run/user/1000/gdm/Xauthority'), ('LS_COLORS', 'rs=0:di=01;34:ln=01;36:mh=00:pi=40;33:so=01;35:do=01;35:bd=40;33;01:cd=40;33;01:or=40;31;01:mi=00:su=37;41:sg=30;43:ca=30;41:tw=30;42:ow=34;42:st=37;44:ex=01;32:*.tar=01;31:*.tgz=01;31:*.arc=01;31:*.arj=01;31:*.taz=01;31:*.lha=01;31:*.lz4=01;31:*.lzh=01;31:*.lzma=01;31:*.tlz=01;31:*.txz=01;31:*.tzo=01;31:*.t7z=01;31:*.zip=01;31:*.z=01;31:*.dz=01;31:*.gz=01;31:*.lrz=01;31:*.lz=01;31:*.lzo=01;31:*.xz=01;31:*.zst=01;31:*.tzst=01;31:*.bz2=01;31:*.bz=01;31:*.tbz=01;31:*.tbz2=01;31:*.tz=01;31:*.deb=01;31:*.rpm=01;31:*.jar=01;31:*.war=01;31:*.ear=01;31:*.sar=01;31:*.rar=01;31:*.alz=01;31:*.ace=01;31:*.zoo=01;31:*.cpio=01;31:*.7z=01;31:*.rz=01;31:*.cab=01;31:*.wim=01;31:*.swm=01;31:*.dwm=01;31:*.esd=01;31:*.jpg=01;35:*.jpeg=01;35:*.mjpg=01;35:*.mjpeg=01;35:*.gif=01;35:*.bmp=01;35:*.pbm=01;35:*.pgm=01;35:*.ppm=01;35:*.tga=01;35:*.xbm=01;35:*.xpm=01;35:*.tif=01;35:*.tiff=01;35:*.png=01;35:*.svg=01;35:*.svgz=01;35:*.mng=01;35:*.pcx=01;35:*.mov=01;35:*.mpg=01;35:*.mpeg=01;35:*.m2v=01;35:*.mkv=01;35:*.webm=01;35:*.ogm=01;35:*.mp4=01;35:*.m4v=01;35:*.mp4v=01;35:*.vob=01;35:*.qt=01;35:*.nuv=01;35:*.wmv=01;35:*.asf=01;35:*.rm=01;35:*.rmvb=01;35:*.flc=01;35:*.avi=01;35:*.fli=01;35:*.flv=01;35:*.gl=01;35:*.dl=01;35:*.xcf=01;35:*.xwd=01;35:*.yuv=01;35:*.cgm=01;35:*.emf=01;35:*.ogv=01;35:*.ogx=01;35:*.aac=00;36:*.au=00;36:*.flac=00;36:*.m4a=00;36:*.mid=00;36:*.midi=00;36:*.mka=00;36:*.mp3=00;36:*.mpc=00;36:*.ogg=00;36:*.ra=00;36:*.wav=00;36:*.oga=00;36:*.opus=00;36:*.spx=00;36:*.xspf=00;36:'), ('GNOME_TERMINAL_SERVICE', ':1.82'), ('SSH_AUTH_SOCK', '/run/user/1000/keyring/ssh'), ('ROS_DOMAIN_ID', '0'), ('AMENT_PREFIX_PATH', '/home/ysc/lite_cog_ros2/navigation2-foxy/install/nav2_rviz_plugins:/home/ysc/lite_cog_ros2/navigation2-foxy/install/nav2_bt_navigator:/opt/ros/foxy'), ('SHELL', '/bin/bash'), ('LC_NAME', 'zh_CN.UTF-8'), ('QT_ACCESSIBILITY', '1'), ('GDMSESSION', 'ubuntu'), ('LESSCLOSE', '/usr/bin/lesspipe %s %s'), ('LC_MEASUREMENT', 'zh_CN.UTF-8'), ('GPG_AGENT_INFO', '/run/user/1000/gnupg/S.gpg-agent:0:1'), ('GJS_DEBUG_OUTPUT', 'stderr'), ('LC_IDENTIFICATION', 'zh_CN.UTF-8'), ('QT_IM_MODULE', 'ibus'), ('PWD', '/home/ysc/lite_cog_ros2/nav/build/sensor_test'), ('LC_ALL', 'en_US.UTF-8'), ('XDG_CONFIG_DIRS', '/etc/xdg/xdg-ubuntu:/etc/xdg'), ('XDG_DATA_DIRS', '/usr/share/ubuntu:/usr/local/share/:/usr/share/:/var/lib/snapd/desktop'), ('PYTHONPATH', '/opt/ros/foxy/lib/python3.8/site-packages'), ('LC_NUMERIC', 'zh_CN.UTF-8'), ('LC_PAPER', 'zh_CN.UTF-8'), ('COLCON', '1'), ('VTE_VERSION', '6003'), ('CMAKE_PREFIX_PATH', '/home/ysc/lite_cog_ros2/navigation2-foxy/install/nav2_rviz_plugins:/home/ysc/lite_cog_ros2/navigation2-foxy/install/nav2_bt_navigator:/opt/ros/foxy')]), 'shell': False}
[1.218658] (-) TimerEvent: {}
[1.320385] (-) TimerEvent: {}
[1.387002] (dr_nav2) StdoutLine: {'line': b'-- Found ament_cmake_auto: 0.9.12 (/opt/ros/foxy/share/ament_cmake_auto/cmake)\n'}
[1.421290] (-) TimerEvent: {}
[1.524184] (-) TimerEvent: {}
[1.539306] (dr_nav2) StdoutLine: {'line': b'-- Using PYTHON_EXECUTABLE: /usr/bin/python3\n'}
[1.624444] (-) TimerEvent: {}
[1.725496] (-) TimerEvent: {}
[1.826684] (-) TimerEvent: {}
[1.927695] (-) TimerEvent: {}
[1.979194] (hdl_global_localization) StdoutLine: {'line': b'[  1%] Built target hdl_global_localization__cpp\n'}
[2.027954] (-) TimerEvent: {}
[2.128889] (-) TimerEvent: {}
[2.191165] (hdl_global_localization) StdoutLine: {'line': b'[ 10%] Built target hdl_global_localization__rosidl_generator_c\n'}
[2.218773] (sensor_test) StdoutLine: {'line': b'[100%] Built target sensor_test\n'}
[2.229480] (-) TimerEvent: {}
[2.333923] (-) TimerEvent: {}
[2.415273] (sensor_test) CommandEnded: {'returncode': 0}
[2.435550] (-) TimerEvent: {}
[2.495999] (hdl_global_localization) StdoutLine: {'line': b'[ 18%] Built target hdl_global_localization__rosidl_typesupport_cpp\n'}
[2.499608] (hdl_global_localization) StdoutLine: {'line': b'[ 27%] Built target hdl_global_localization__rosidl_typesupport_introspection_cpp\n'}
[2.535445] (-) TimerEvent: {}
[2.577078] (hdl_global_localization) StdoutLine: {'line': b'[ 36%] Built target hdl_global_localization__rosidl_typesupport_fastrtps_cpp\n'}
[2.652785] (-) TimerEvent: {}
[2.759770] (hdl_global_localization) StdoutLine: {'line': b'[ 44%] Built target hdl_global_localization__rosidl_typesupport_introspection_c\n'}
[2.760620] (-) TimerEvent: {}
[2.794935] (hdl_global_localization) StdoutLine: {'line': b'[ 53%] Built target hdl_global_localization__rosidl_typesupport_c\n'}
[2.808062] (sensor_test) JobProgress: {'identifier': 'sensor_test', 'progress': 'install'}
[2.862230] (-) TimerEvent: {}
[2.933451] (sensor_test) Command: {'cmd': ['/usr/bin/cmake', '--install', '/home/ysc/lite_cog_ros2/nav/build/sensor_test'], 'cwd': '/home/ysc/lite_cog_ros2/nav/build/sensor_test', 'env': OrderedDict([('GJS_DEBUG_TOPICS', 'JS ERROR;JS LOG'), ('LESSOPEN', '| /usr/bin/lesspipe %s'), ('USER', 'ysc'), ('LC_TIME', 'zh_CN.UTF-8'), ('SSH_AGENT_PID', '1904'), ('XDG_SESSION_TYPE', 'x11'), ('SHLVL', '1'), ('LD_LIBRARY_PATH', '/home/ysc/lite_cog_ros2/navigation2-foxy/install/nav2_rviz_plugins/lib:/home/ysc/lite_cog_ros2/navigation2-foxy/install/nav2_bt_navigator/lib:/usr/lib/aarch64-linux-gnu/gazebo-11/plugins:/opt/ros/foxy/opt/yaml_cpp_vendor/lib:/opt/ros/foxy/opt/rviz_ogre_vendor/lib:/opt/ros/foxy/lib/aarch64-linux-gnu:/opt/ros/foxy/lib:/usr/local/cuda-11.4/lib64:'), ('HOME', '/home/ysc'), ('OLDPWD', '/home/ysc/lite_cog_ros2'), ('DESKTOP_SESSION', 'ubuntu'), ('ROS_PYTHON_VERSION', '3'), ('GNOME_SHELL_SESSION_MODE', 'ubuntu'), ('GTK_MODULES', 'gail:atk-bridge'), ('LC_MONETARY', 'zh_CN.UTF-8'), ('MANAGERPID', '1362'), ('DBUS_SESSION_BUS_ADDRESS', 'unix:path=/run/user/1000/bus'), ('COLORTERM', 'truecolor'), ('_colcon_cd_root', '/opt/ros/foxy/'), ('IM_CONFIG_PHASE', '1'), ('COLCON_PREFIX_PATH', '/home/ysc/lite_cog_ros2/navigation2-foxy/install'), ('ROS_DISTRO', 'foxy'), ('LOGNAME', 'ysc'), ('JOURNAL_STREAM', '8:45007'), ('_', '/usr/bin/colcon'), ('ROS_VERSION', '2'), ('XDG_SESSION_CLASS', 'user'), ('USERNAME', 'ysc'), ('TERM', 'xterm-256color'), ('GNOME_DESKTOP_SESSION_ID', 'this-is-deprecated'), ('ROS_LOCALHOST_ONLY', '0'), ('WINDOWPATH', '2'), ('PATH', '/opt/ros/foxy/bin:/usr/local/cuda-11.4/bin:/home/ysc/.local/bin:/usr/local/sbin:/usr/local/bin:/usr/sbin:/usr/bin:/sbin:/bin:/usr/games:/usr/local/games:/snap/bin'), ('SESSION_MANAGER', 'local/lite:@/tmp/.ICE-unix/2030,unix/lite:/tmp/.ICE-unix/2030'), ('INVOCATION_ID', '08227a382f5040ea9963e4e983a96096'), ('XDG_MENU_PREFIX', 'gnome-'), ('LC_ADDRESS', 'zh_CN.UTF-8'), ('GNOME_TERMINAL_SCREEN', '/org/gnome/Terminal/screen/cbad11e8_9f12_46e3_a06d_7bf9b7aeac46'), ('XDG_RUNTIME_DIR', '/run/user/1000'), ('DISPLAY', ':0'), ('LANG', 'en_US.UTF-8'), ('XDG_CURRENT_DESKTOP', 'ubuntu:GNOME'), ('LC_TELEPHONE', 'zh_CN.UTF-8'), ('XMODIFIERS', '@im=ibus'), ('XDG_SESSION_DESKTOP', 'ubuntu'), ('XAUTHORITY', '/run/user/1000/gdm/Xauthority'), ('LS_COLORS', 'rs=0:di=01;34:ln=01;36:mh=00:pi=40;33:so=01;35:do=01;35:bd=40;33;01:cd=40;33;01:or=40;31;01:mi=00:su=37;41:sg=30;43:ca=30;41:tw=30;42:ow=34;42:st=37;44:ex=01;32:*.tar=01;31:*.tgz=01;31:*.arc=01;31:*.arj=01;31:*.taz=01;31:*.lha=01;31:*.lz4=01;31:*.lzh=01;31:*.lzma=01;31:*.tlz=01;31:*.txz=01;31:*.tzo=01;31:*.t7z=01;31:*.zip=01;31:*.z=01;31:*.dz=01;31:*.gz=01;31:*.lrz=01;31:*.lz=01;31:*.lzo=01;31:*.xz=01;31:*.zst=01;31:*.tzst=01;31:*.bz2=01;31:*.bz=01;31:*.tbz=01;31:*.tbz2=01;31:*.tz=01;31:*.deb=01;31:*.rpm=01;31:*.jar=01;31:*.war=01;31:*.ear=01;31:*.sar=01;31:*.rar=01;31:*.alz=01;31:*.ace=01;31:*.zoo=01;31:*.cpio=01;31:*.7z=01;31:*.rz=01;31:*.cab=01;31:*.wim=01;31:*.swm=01;31:*.dwm=01;31:*.esd=01;31:*.jpg=01;35:*.jpeg=01;35:*.mjpg=01;35:*.mjpeg=01;35:*.gif=01;35:*.bmp=01;35:*.pbm=01;35:*.pgm=01;35:*.ppm=01;35:*.tga=01;35:*.xbm=01;35:*.xpm=01;35:*.tif=01;35:*.tiff=01;35:*.png=01;35:*.svg=01;35:*.svgz=01;35:*.mng=01;35:*.pcx=01;35:*.mov=01;35:*.mpg=01;35:*.mpeg=01;35:*.m2v=01;35:*.mkv=01;35:*.webm=01;35:*.ogm=01;35:*.mp4=01;35:*.m4v=01;35:*.mp4v=01;35:*.vob=01;35:*.qt=01;35:*.nuv=01;35:*.wmv=01;35:*.asf=01;35:*.rm=01;35:*.rmvb=01;35:*.flc=01;35:*.avi=01;35:*.fli=01;35:*.flv=01;35:*.gl=01;35:*.dl=01;35:*.xcf=01;35:*.xwd=01;35:*.yuv=01;35:*.cgm=01;35:*.emf=01;35:*.ogv=01;35:*.ogx=01;35:*.aac=00;36:*.au=00;36:*.flac=00;36:*.m4a=00;36:*.mid=00;36:*.midi=00;36:*.mka=00;36:*.mp3=00;36:*.mpc=00;36:*.ogg=00;36:*.ra=00;36:*.wav=00;36:*.oga=00;36:*.opus=00;36:*.spx=00;36:*.xspf=00;36:'), ('GNOME_TERMINAL_SERVICE', ':1.82'), ('SSH_AUTH_SOCK', '/run/user/1000/keyring/ssh'), ('ROS_DOMAIN_ID', '0'), ('AMENT_PREFIX_PATH', '/home/ysc/lite_cog_ros2/navigation2-foxy/install/nav2_rviz_plugins:/home/ysc/lite_cog_ros2/navigation2-foxy/install/nav2_bt_navigator:/opt/ros/foxy'), ('SHELL', '/bin/bash'), ('LC_NAME', 'zh_CN.UTF-8'), ('QT_ACCESSIBILITY', '1'), ('GDMSESSION', 'ubuntu'), ('LESSCLOSE', '/usr/bin/lesspipe %s %s'), ('LC_MEASUREMENT', 'zh_CN.UTF-8'), ('GPG_AGENT_INFO', '/run/user/1000/gnupg/S.gpg-agent:0:1'), ('GJS_DEBUG_OUTPUT', 'stderr'), ('LC_IDENTIFICATION', 'zh_CN.UTF-8'), ('QT_IM_MODULE', 'ibus'), ('PWD', '/home/ysc/lite_cog_ros2/nav/build/sensor_test'), ('LC_ALL', 'en_US.UTF-8'), ('XDG_CONFIG_DIRS', '/etc/xdg/xdg-ubuntu:/etc/xdg'), ('XDG_DATA_DIRS', '/usr/share/ubuntu:/usr/local/share/:/usr/share/:/var/lib/snapd/desktop'), ('PYTHONPATH', '/opt/ros/foxy/lib/python3.8/site-packages'), ('LC_NUMERIC', 'zh_CN.UTF-8'), ('LC_PAPER', 'zh_CN.UTF-8'), ('COLCON', '1'), ('VTE_VERSION', '6003'), ('CMAKE_PREFIX_PATH', '/home/ysc/lite_cog_ros2/navigation2-foxy/install/nav2_rviz_plugins:/home/ysc/lite_cog_ros2/navigation2-foxy/install/nav2_bt_navigator:/opt/ros/foxy')]), 'shell': False}
[2.964268] (-) TimerEvent: {}
[3.050872] (hdl_global_localization) StdoutLine: {'line': b'[ 65%] Built target hdl_global_localization_engines\n'}
[3.064765] (-) TimerEvent: {}
[3.128209] (hdl_global_localization) StdoutLine: {'line': b'[ 74%] Built target hdl_global_localization__rosidl_typesupport_fastrtps_c\n'}
[3.157071] (sensor_test) StdoutLine: {'line': b'-- Install configuration: "RELEASE"\n'}
[3.161651] (sensor_test) StdoutLine: {'line': b'-- Execute custom install script\n'}
[3.165053] (-) TimerEvent: {}
[3.170302] (sensor_test) StdoutLine: {'line': b'-- Up-to-date symlink: /home/ysc/lite_cog_ros2/nav/install/sensor_test/lib/sensor_test/sensor_test\n'}
[3.178726] (sensor_test) StdoutLine: {'line': b'-- Up-to-date symlink: /home/ysc/lite_cog_ros2/nav/install/sensor_test/lib/sensor_test/sensor_test\n'}
[3.187645] (sensor_test) StdoutLine: {'line': b'-- Up-to-date symlink: /home/ysc/lite_cog_ros2/nav/install/sensor_test/share/ament_index/resource_index/package_run_dependencies/sensor_test\n'}
[3.196337] (sensor_test) StdoutLine: {'line': b'-- Up-to-date symlink: /home/ysc/lite_cog_ros2/nav/install/sensor_test/share/ament_index/resource_index/parent_prefix_path/sensor_test\n'}
[3.201097] (sensor_test) StdoutLine: {'line': b'-- Up-to-date symlink: /home/ysc/lite_cog_ros2/nav/install/sensor_test/share/sensor_test/environment/ament_prefix_path.sh\n'}
[3.208947] (sensor_test) StdoutLine: {'line': b'-- Up-to-date symlink: /home/ysc/lite_cog_ros2/nav/install/sensor_test/share/sensor_test/environment/ament_prefix_path.dsv\n'}
[3.211006] (sensor_test) StdoutLine: {'line': b'-- Up-to-date symlink: /home/ysc/lite_cog_ros2/nav/install/sensor_test/share/sensor_test/environment/path.sh\n'}
[3.218716] (sensor_test) StdoutLine: {'line': b'-- Up-to-date symlink: /home/ysc/lite_cog_ros2/nav/install/sensor_test/share/sensor_test/environment/path.dsv\n'}
[3.224380] (sensor_test) StdoutLine: {'line': b'-- Up-to-date symlink: /home/ysc/lite_cog_ros2/nav/install/sensor_test/share/sensor_test/local_setup.bash\n'}
[3.231221] (sensor_test) StdoutLine: {'line': b'-- Up-to-date symlink: /home/ysc/lite_cog_ros2/nav/install/sensor_test/share/sensor_test/local_setup.sh\n'}
[3.234649] (sensor_test) StdoutLine: {'line': b'-- Up-to-date symlink: /home/ysc/lite_cog_ros2/nav/install/sensor_test/share/sensor_test/local_setup.zsh\n'}
[3.239223] (sensor_test) StdoutLine: {'line': b'-- Up-to-date symlink: /home/ysc/lite_cog_ros2/nav/install/sensor_test/share/sensor_test/local_setup.dsv\n'}
[3.241019] (sensor_test) StdoutLine: {'line': b'-- Symlinking: /home/ysc/lite_cog_ros2/nav/install/sensor_test/share/sensor_test/package.dsv\n'}
[3.265304] (-) TimerEvent: {}
[3.290188] (dr_nav2) StdoutLine: {'line': b'-- Override CMake install command with custom implementation using symlinks instead of copying resources\n'}
[3.365563] (-) TimerEvent: {}
[3.395114] (sensor_test) StdoutLine: {'line': b'-- Up-to-date symlink: /home/ysc/lite_cog_ros2/nav/install/sensor_test/share/ament_index/resource_index/packages/sensor_test\n'}
[3.401170] (sensor_test) StdoutLine: {'line': b'-- Up-to-date symlink: /home/ysc/lite_cog_ros2/nav/install/sensor_test/share/sensor_test/cmake/ament_cmake_export_dependencies-extras.cmake\n'}
[3.405166] (sensor_test) StdoutLine: {'line': b'-- Up-to-date symlink: /home/ysc/lite_cog_ros2/nav/install/sensor_test/share/sensor_test/cmake/sensor_testConfig.cmake\n'}
[3.410399] (sensor_test) StdoutLine: {'line': b'-- Up-to-date symlink: /home/ysc/lite_cog_ros2/nav/install/sensor_test/share/sensor_test/cmake/sensor_testConfig-version.cmake\n'}
[3.411760] (sensor_test) StdoutLine: {'line': b'-- Up-to-date symlink: /home/ysc/lite_cog_ros2/nav/install/sensor_test/share/sensor_test/package.xml\n'}
[3.427664] (sensor_test) CommandEnded: {'returncode': 0}
[3.457233] (hdl_global_localization) StdoutLine: {'line': b'[ 74%] Built target hdl_global_localization\n'}
[3.465812] (-) TimerEvent: {}
[3.567331] (-) TimerEvent: {}
[3.668501] (-) TimerEvent: {}
[3.770041] (-) TimerEvent: {}
[3.873237] (-) TimerEvent: {}
[3.979552] (hdl_global_localization) StdoutLine: {'line': b'[ 75%] Built target hdl_global_localization__py\n'}
[3.980727] (-) TimerEvent: {}
[4.000941] (sensor_test) JobEnded: {'identifier': 'sensor_test', 'rc': 0}
[4.081103] (-) TimerEvent: {}
[4.102834] (hdl_global_localization) StdoutLine: {'line': b'[ 79%] Built target hdl_global_localization_node\n'}
[4.106920] (hdl_global_localization) StdoutLine: {'line': b'[ 82%] Built target hdl_global_localization_test\n'}
[4.151050] (dr_nav2) StdoutLine: {'line': b'-- Configuring done\n'}
[4.182332] (-) TimerEvent: {}
[4.284776] (-) TimerEvent: {}
[4.328254] (dr_nav2) StdoutLine: {'line': b'-- Generating done\n'}
[4.336412] (dr_nav2) StdoutLine: {'line': b'-- Build files have been written to: /home/ysc/lite_cog_ros2/nav/build/dr_nav2\n'}
[4.385047] (-) TimerEvent: {}
[4.442740] (hdl_global_localization) StdoutLine: {'line': b'[ 89%] Built target hdl_global_localization__python\n'}
[4.485297] (-) TimerEvent: {}
[4.542476] (dr_nav2) CommandEnded: {'returncode': 0}
[4.586275] (-) TimerEvent: {}
[4.689892] (-) TimerEvent: {}
[4.754323] (dr_nav2) JobProgress: {'identifier': 'dr_nav2', 'progress': 'install'}
[4.760629] (dr_nav2) Command: {'cmd': ['/usr/bin/cmake', '--install', '/home/ysc/lite_cog_ros2/nav/build/dr_nav2'], 'cwd': '/home/ysc/lite_cog_ros2/nav/build/dr_nav2', 'env': OrderedDict([('GJS_DEBUG_TOPICS', 'JS ERROR;JS LOG'), ('LESSOPEN', '| /usr/bin/lesspipe %s'), ('USER', 'ysc'), ('LC_TIME', 'zh_CN.UTF-8'), ('SSH_AGENT_PID', '1904'), ('XDG_SESSION_TYPE', 'x11'), ('SHLVL', '1'), ('LD_LIBRARY_PATH', '/home/ysc/lite_cog_ros2/navigation2-foxy/install/nav2_rviz_plugins/lib:/home/ysc/lite_cog_ros2/navigation2-foxy/install/nav2_bt_navigator/lib:/usr/lib/aarch64-linux-gnu/gazebo-11/plugins:/opt/ros/foxy/opt/yaml_cpp_vendor/lib:/opt/ros/foxy/opt/rviz_ogre_vendor/lib:/opt/ros/foxy/lib/aarch64-linux-gnu:/opt/ros/foxy/lib:/usr/local/cuda-11.4/lib64:'), ('HOME', '/home/ysc'), ('OLDPWD', '/home/ysc/lite_cog_ros2'), ('DESKTOP_SESSION', 'ubuntu'), ('ROS_PYTHON_VERSION', '3'), ('GNOME_SHELL_SESSION_MODE', 'ubuntu'), ('GTK_MODULES', 'gail:atk-bridge'), ('LC_MONETARY', 'zh_CN.UTF-8'), ('MANAGERPID', '1362'), ('DBUS_SESSION_BUS_ADDRESS', 'unix:path=/run/user/1000/bus'), ('COLORTERM', 'truecolor'), ('_colcon_cd_root', '/opt/ros/foxy/'), ('IM_CONFIG_PHASE', '1'), ('COLCON_PREFIX_PATH', '/home/ysc/lite_cog_ros2/navigation2-foxy/install'), ('ROS_DISTRO', 'foxy'), ('LOGNAME', 'ysc'), ('JOURNAL_STREAM', '8:45007'), ('_', '/usr/bin/colcon'), ('ROS_VERSION', '2'), ('XDG_SESSION_CLASS', 'user'), ('USERNAME', 'ysc'), ('TERM', 'xterm-256color'), ('GNOME_DESKTOP_SESSION_ID', 'this-is-deprecated'), ('ROS_LOCALHOST_ONLY', '0'), ('WINDOWPATH', '2'), ('PATH', '/opt/ros/foxy/bin:/usr/local/cuda-11.4/bin:/home/ysc/.local/bin:/usr/local/sbin:/usr/local/bin:/usr/sbin:/usr/bin:/sbin:/bin:/usr/games:/usr/local/games:/snap/bin'), ('SESSION_MANAGER', 'local/lite:@/tmp/.ICE-unix/2030,unix/lite:/tmp/.ICE-unix/2030'), ('INVOCATION_ID', '08227a382f5040ea9963e4e983a96096'), ('XDG_MENU_PREFIX', 'gnome-'), ('LC_ADDRESS', 'zh_CN.UTF-8'), ('GNOME_TERMINAL_SCREEN', '/org/gnome/Terminal/screen/cbad11e8_9f12_46e3_a06d_7bf9b7aeac46'), ('XDG_RUNTIME_DIR', '/run/user/1000'), ('DISPLAY', ':0'), ('LANG', 'en_US.UTF-8'), ('XDG_CURRENT_DESKTOP', 'ubuntu:GNOME'), ('LC_TELEPHONE', 'zh_CN.UTF-8'), ('XMODIFIERS', '@im=ibus'), ('XDG_SESSION_DESKTOP', 'ubuntu'), ('XAUTHORITY', '/run/user/1000/gdm/Xauthority'), ('LS_COLORS', 'rs=0:di=01;34:ln=01;36:mh=00:pi=40;33:so=01;35:do=01;35:bd=40;33;01:cd=40;33;01:or=40;31;01:mi=00:su=37;41:sg=30;43:ca=30;41:tw=30;42:ow=34;42:st=37;44:ex=01;32:*.tar=01;31:*.tgz=01;31:*.arc=01;31:*.arj=01;31:*.taz=01;31:*.lha=01;31:*.lz4=01;31:*.lzh=01;31:*.lzma=01;31:*.tlz=01;31:*.txz=01;31:*.tzo=01;31:*.t7z=01;31:*.zip=01;31:*.z=01;31:*.dz=01;31:*.gz=01;31:*.lrz=01;31:*.lz=01;31:*.lzo=01;31:*.xz=01;31:*.zst=01;31:*.tzst=01;31:*.bz2=01;31:*.bz=01;31:*.tbz=01;31:*.tbz2=01;31:*.tz=01;31:*.deb=01;31:*.rpm=01;31:*.jar=01;31:*.war=01;31:*.ear=01;31:*.sar=01;31:*.rar=01;31:*.alz=01;31:*.ace=01;31:*.zoo=01;31:*.cpio=01;31:*.7z=01;31:*.rz=01;31:*.cab=01;31:*.wim=01;31:*.swm=01;31:*.dwm=01;31:*.esd=01;31:*.jpg=01;35:*.jpeg=01;35:*.mjpg=01;35:*.mjpeg=01;35:*.gif=01;35:*.bmp=01;35:*.pbm=01;35:*.pgm=01;35:*.ppm=01;35:*.tga=01;35:*.xbm=01;35:*.xpm=01;35:*.tif=01;35:*.tiff=01;35:*.png=01;35:*.svg=01;35:*.svgz=01;35:*.mng=01;35:*.pcx=01;35:*.mov=01;35:*.mpg=01;35:*.mpeg=01;35:*.m2v=01;35:*.mkv=01;35:*.webm=01;35:*.ogm=01;35:*.mp4=01;35:*.m4v=01;35:*.mp4v=01;35:*.vob=01;35:*.qt=01;35:*.nuv=01;35:*.wmv=01;35:*.asf=01;35:*.rm=01;35:*.rmvb=01;35:*.flc=01;35:*.avi=01;35:*.fli=01;35:*.flv=01;35:*.gl=01;35:*.dl=01;35:*.xcf=01;35:*.xwd=01;35:*.yuv=01;35:*.cgm=01;35:*.emf=01;35:*.ogv=01;35:*.ogx=01;35:*.aac=00;36:*.au=00;36:*.flac=00;36:*.m4a=00;36:*.mid=00;36:*.midi=00;36:*.mka=00;36:*.mp3=00;36:*.mpc=00;36:*.ogg=00;36:*.ra=00;36:*.wav=00;36:*.oga=00;36:*.opus=00;36:*.spx=00;36:*.xspf=00;36:'), ('GNOME_TERMINAL_SERVICE', ':1.82'), ('SSH_AUTH_SOCK', '/run/user/1000/keyring/ssh'), ('ROS_DOMAIN_ID', '0'), ('AMENT_PREFIX_PATH', '/home/ysc/lite_cog_ros2/navigation2-foxy/install/nav2_rviz_plugins:/home/ysc/lite_cog_ros2/navigation2-foxy/install/nav2_bt_navigator:/opt/ros/foxy'), ('SHELL', '/bin/bash'), ('LC_NAME', 'zh_CN.UTF-8'), ('QT_ACCESSIBILITY', '1'), ('GDMSESSION', 'ubuntu'), ('LESSCLOSE', '/usr/bin/lesspipe %s %s'), ('LC_MEASUREMENT', 'zh_CN.UTF-8'), ('GPG_AGENT_INFO', '/run/user/1000/gnupg/S.gpg-agent:0:1'), ('GJS_DEBUG_OUTPUT', 'stderr'), ('LC_IDENTIFICATION', 'zh_CN.UTF-8'), ('QT_IM_MODULE', 'ibus'), ('PWD', '/home/ysc/lite_cog_ros2/nav/build/dr_nav2'), ('LC_ALL', 'en_US.UTF-8'), ('XDG_CONFIG_DIRS', '/etc/xdg/xdg-ubuntu:/etc/xdg'), ('XDG_DATA_DIRS', '/usr/share/ubuntu:/usr/local/share/:/usr/share/:/var/lib/snapd/desktop'), ('PYTHONPATH', '/opt/ros/foxy/lib/python3.8/site-packages'), ('LC_NUMERIC', 'zh_CN.UTF-8'), ('LC_PAPER', 'zh_CN.UTF-8'), ('COLCON', '1'), ('VTE_VERSION', '6003'), ('CMAKE_PREFIX_PATH', '/home/ysc/lite_cog_ros2/navigation2-foxy/install/nav2_rviz_plugins:/home/ysc/lite_cog_ros2/navigation2-foxy/install/nav2_bt_navigator:/opt/ros/foxy')]), 'shell': False}
[4.791401] (-) TimerEvent: {}
[4.869542] (dr_nav2) StdoutLine: {'line': b'-- Install configuration: ""\n'}
[5.001534] (-) TimerEvent: {}
[5.003606] (hdl_global_localization) StdoutLine: {'line': b'[ 98%] Built target hdl_global_localization__rosidl_typesupport_c__pyext\n'}
[5.004578] (hdl_global_localization) StdoutLine: {'line': b'[100%] Built target hdl_global_localization__rosidl_typesupport_introspection_c__pyext\n'}
[5.005112] (hdl_global_localization) StdoutLine: {'line': b'[ 98%] Built target hdl_global_localization__rosidl_typesupport_fastrtps_c__pyext\n'}
[5.007389] (dr_nav2) StdoutLine: {'line': b'-- Execute custom install script\n'}
[5.019859] (dr_nav2) StdoutLine: {'line': b'-- Up-to-date symlink: /home/ysc/lite_cog_ros2/nav/install/dr_nav2/share/dr_nav2/config/lite_nav2.yaml\n'}
[5.025531] (dr_nav2) StdoutLine: {'line': b'-- Up-to-date symlink: /home/ysc/lite_cog_ros2/nav/install/dr_nav2/share/dr_nav2/launch/dr_nav2.launch.py\n'}
[5.030383] (dr_nav2) StdoutLine: {'line': b'-- Up-to-date symlink: /home/ysc/lite_cog_ros2/nav/install/dr_nav2/share/dr_nav2/rviz/dr_nav2.rviz\n'}
[5.039007] (dr_nav2) StdoutLine: {'line': b'-- Up-to-date symlink: /home/ysc/lite_cog_ros2/nav/install/dr_nav2/share/ament_index/resource_index/package_run_dependencies/dr_nav2\n'}
[5.042994] (dr_nav2) StdoutLine: {'line': b'-- Up-to-date symlink: /home/ysc/lite_cog_ros2/nav/install/dr_nav2/share/ament_index/resource_index/parent_prefix_path/dr_nav2\n'}
[5.046806] (dr_nav2) StdoutLine: {'line': b'-- Up-to-date symlink: /home/ysc/lite_cog_ros2/nav/install/dr_nav2/share/dr_nav2/environment/ament_prefix_path.sh\n'}
[5.049291] (dr_nav2) StdoutLine: {'line': b'-- Up-to-date symlink: /home/ysc/lite_cog_ros2/nav/install/dr_nav2/share/dr_nav2/environment/ament_prefix_path.dsv\n'}
[5.053022] (dr_nav2) StdoutLine: {'line': b'-- Up-to-date symlink: /home/ysc/lite_cog_ros2/nav/install/dr_nav2/share/dr_nav2/environment/path.sh\n'}
[5.055816] (dr_nav2) StdoutLine: {'line': b'-- Up-to-date symlink: /home/ysc/lite_cog_ros2/nav/install/dr_nav2/share/dr_nav2/environment/path.dsv\n'}
[5.059206] (dr_nav2) StdoutLine: {'line': b'-- Up-to-date symlink: /home/ysc/lite_cog_ros2/nav/install/dr_nav2/share/dr_nav2/local_setup.bash\n'}
[5.063310] (dr_nav2) StdoutLine: {'line': b'-- Up-to-date symlink: /home/ysc/lite_cog_ros2/nav/install/dr_nav2/share/dr_nav2/local_setup.sh\n'}
[5.066419] (dr_nav2) StdoutLine: {'line': b'-- Up-to-date symlink: /home/ysc/lite_cog_ros2/nav/install/dr_nav2/share/dr_nav2/local_setup.zsh\n'}
[5.069150] (dr_nav2) StdoutLine: {'line': b'-- Up-to-date symlink: /home/ysc/lite_cog_ros2/nav/install/dr_nav2/share/dr_nav2/local_setup.dsv\n'}
[5.070803] (dr_nav2) StdoutLine: {'line': b'-- Symlinking: /home/ysc/lite_cog_ros2/nav/install/dr_nav2/share/dr_nav2/package.dsv\n'}
[5.101744] (-) TimerEvent: {}
[5.106091] (hdl_global_localization) CommandEnded: {'returncode': 0}
[5.203837] (-) TimerEvent: {}
[5.299876] (dr_nav2) StdoutLine: {'line': b'-- Up-to-date symlink: /home/ysc/lite_cog_ros2/nav/install/dr_nav2/share/ament_index/resource_index/packages/dr_nav2\n'}
[5.303711] (-) TimerEvent: {}
[5.305399] (dr_nav2) StdoutLine: {'line': b'-- Up-to-date symlink: /home/ysc/lite_cog_ros2/nav/install/dr_nav2/share/dr_nav2/cmake/dr_nav2Config.cmake\n'}
[5.307257] (dr_nav2) StdoutLine: {'line': b'-- Up-to-date symlink: /home/ysc/lite_cog_ros2/nav/install/dr_nav2/share/dr_nav2/cmake/dr_nav2Config-version.cmake\n'}
[5.309926] (dr_nav2) StdoutLine: {'line': b'-- Up-to-date symlink: /home/ysc/lite_cog_ros2/nav/install/dr_nav2/share/dr_nav2/package.xml\n'}
[5.330735] (dr_nav2) CommandEnded: {'returncode': 0}
[5.404021] (-) TimerEvent: {}
[5.505968] (-) TimerEvent: {}
[5.609228] (-) TimerEvent: {}
[5.712531] (-) TimerEvent: {}
[5.760383] (dr_nav2) JobEnded: {'identifier': 'dr_nav2', 'rc': 0}
[5.813830] (-) TimerEvent: {}
[5.916062] (-) TimerEvent: {}
[6.016927] (-) TimerEvent: {}
[6.081520] (hdl_global_localization) JobProgress: {'identifier': 'hdl_global_localization', 'progress': 'install'}
[6.086314] (hdl_global_localization) Command: {'cmd': ['/usr/bin/cmake', '--install', '/home/ysc/lite_cog_ros2/nav/build/hdl_global_localization'], 'cwd': '/home/ysc/lite_cog_ros2/nav/build/hdl_global_localization', 'env': OrderedDict([('GJS_DEBUG_TOPICS', 'JS ERROR;JS LOG'), ('LESSOPEN', '| /usr/bin/lesspipe %s'), ('USER', 'ysc'), ('LC_TIME', 'zh_CN.UTF-8'), ('SSH_AGENT_PID', '1904'), ('XDG_SESSION_TYPE', 'x11'), ('SHLVL', '1'), ('LD_LIBRARY_PATH', '/home/ysc/lite_cog_ros2/navigation2-foxy/install/nav2_rviz_plugins/lib:/home/ysc/lite_cog_ros2/navigation2-foxy/install/nav2_bt_navigator/lib:/usr/lib/aarch64-linux-gnu/gazebo-11/plugins:/opt/ros/foxy/opt/yaml_cpp_vendor/lib:/opt/ros/foxy/opt/rviz_ogre_vendor/lib:/opt/ros/foxy/lib/aarch64-linux-gnu:/opt/ros/foxy/lib:/usr/local/cuda-11.4/lib64:'), ('HOME', '/home/ysc'), ('OLDPWD', '/home/ysc/lite_cog_ros2'), ('DESKTOP_SESSION', 'ubuntu'), ('ROS_PYTHON_VERSION', '3'), ('GNOME_SHELL_SESSION_MODE', 'ubuntu'), ('GTK_MODULES', 'gail:atk-bridge'), ('LC_MONETARY', 'zh_CN.UTF-8'), ('MANAGERPID', '1362'), ('DBUS_SESSION_BUS_ADDRESS', 'unix:path=/run/user/1000/bus'), ('COLORTERM', 'truecolor'), ('_colcon_cd_root', '/opt/ros/foxy/'), ('IM_CONFIG_PHASE', '1'), ('COLCON_PREFIX_PATH', '/home/ysc/lite_cog_ros2/navigation2-foxy/install'), ('ROS_DISTRO', 'foxy'), ('LOGNAME', 'ysc'), ('JOURNAL_STREAM', '8:45007'), ('_', '/usr/bin/colcon'), ('ROS_VERSION', '2'), ('XDG_SESSION_CLASS', 'user'), ('USERNAME', 'ysc'), ('TERM', 'xterm-256color'), ('GNOME_DESKTOP_SESSION_ID', 'this-is-deprecated'), ('ROS_LOCALHOST_ONLY', '0'), ('WINDOWPATH', '2'), ('PATH', '/opt/ros/foxy/bin:/usr/local/cuda-11.4/bin:/home/ysc/.local/bin:/usr/local/sbin:/usr/local/bin:/usr/sbin:/usr/bin:/sbin:/bin:/usr/games:/usr/local/games:/snap/bin'), ('SESSION_MANAGER', 'local/lite:@/tmp/.ICE-unix/2030,unix/lite:/tmp/.ICE-unix/2030'), ('INVOCATION_ID', '08227a382f5040ea9963e4e983a96096'), ('XDG_MENU_PREFIX', 'gnome-'), ('LC_ADDRESS', 'zh_CN.UTF-8'), ('GNOME_TERMINAL_SCREEN', '/org/gnome/Terminal/screen/cbad11e8_9f12_46e3_a06d_7bf9b7aeac46'), ('XDG_RUNTIME_DIR', '/run/user/1000'), ('DISPLAY', ':0'), ('LANG', 'en_US.UTF-8'), ('XDG_CURRENT_DESKTOP', 'ubuntu:GNOME'), ('LC_TELEPHONE', 'zh_CN.UTF-8'), ('XMODIFIERS', '@im=ibus'), ('XDG_SESSION_DESKTOP', 'ubuntu'), ('XAUTHORITY', '/run/user/1000/gdm/Xauthority'), ('LS_COLORS', 'rs=0:di=01;34:ln=01;36:mh=00:pi=40;33:so=01;35:do=01;35:bd=40;33;01:cd=40;33;01:or=40;31;01:mi=00:su=37;41:sg=30;43:ca=30;41:tw=30;42:ow=34;42:st=37;44:ex=01;32:*.tar=01;31:*.tgz=01;31:*.arc=01;31:*.arj=01;31:*.taz=01;31:*.lha=01;31:*.lz4=01;31:*.lzh=01;31:*.lzma=01;31:*.tlz=01;31:*.txz=01;31:*.tzo=01;31:*.t7z=01;31:*.zip=01;31:*.z=01;31:*.dz=01;31:*.gz=01;31:*.lrz=01;31:*.lz=01;31:*.lzo=01;31:*.xz=01;31:*.zst=01;31:*.tzst=01;31:*.bz2=01;31:*.bz=01;31:*.tbz=01;31:*.tbz2=01;31:*.tz=01;31:*.deb=01;31:*.rpm=01;31:*.jar=01;31:*.war=01;31:*.ear=01;31:*.sar=01;31:*.rar=01;31:*.alz=01;31:*.ace=01;31:*.zoo=01;31:*.cpio=01;31:*.7z=01;31:*.rz=01;31:*.cab=01;31:*.wim=01;31:*.swm=01;31:*.dwm=01;31:*.esd=01;31:*.jpg=01;35:*.jpeg=01;35:*.mjpg=01;35:*.mjpeg=01;35:*.gif=01;35:*.bmp=01;35:*.pbm=01;35:*.pgm=01;35:*.ppm=01;35:*.tga=01;35:*.xbm=01;35:*.xpm=01;35:*.tif=01;35:*.tiff=01;35:*.png=01;35:*.svg=01;35:*.svgz=01;35:*.mng=01;35:*.pcx=01;35:*.mov=01;35:*.mpg=01;35:*.mpeg=01;35:*.m2v=01;35:*.mkv=01;35:*.webm=01;35:*.ogm=01;35:*.mp4=01;35:*.m4v=01;35:*.mp4v=01;35:*.vob=01;35:*.qt=01;35:*.nuv=01;35:*.wmv=01;35:*.asf=01;35:*.rm=01;35:*.rmvb=01;35:*.flc=01;35:*.avi=01;35:*.fli=01;35:*.flv=01;35:*.gl=01;35:*.dl=01;35:*.xcf=01;35:*.xwd=01;35:*.yuv=01;35:*.cgm=01;35:*.emf=01;35:*.ogv=01;35:*.ogx=01;35:*.aac=00;36:*.au=00;36:*.flac=00;36:*.m4a=00;36:*.mid=00;36:*.midi=00;36:*.mka=00;36:*.mp3=00;36:*.mpc=00;36:*.ogg=00;36:*.ra=00;36:*.wav=00;36:*.oga=00;36:*.opus=00;36:*.spx=00;36:*.xspf=00;36:'), ('GNOME_TERMINAL_SERVICE', ':1.82'), ('SSH_AUTH_SOCK', '/run/user/1000/keyring/ssh'), ('ROS_DOMAIN_ID', '0'), ('AMENT_PREFIX_PATH', '/home/ysc/lite_cog_ros2/navigation2-foxy/install/nav2_rviz_plugins:/home/ysc/lite_cog_ros2/navigation2-foxy/install/nav2_bt_navigator:/opt/ros/foxy'), ('SHELL', '/bin/bash'), ('LC_NAME', 'zh_CN.UTF-8'), ('QT_ACCESSIBILITY', '1'), ('GDMSESSION', 'ubuntu'), ('LESSCLOSE', '/usr/bin/lesspipe %s %s'), ('LC_MEASUREMENT', 'zh_CN.UTF-8'), ('GPG_AGENT_INFO', '/run/user/1000/gnupg/S.gpg-agent:0:1'), ('GJS_DEBUG_OUTPUT', 'stderr'), ('LC_IDENTIFICATION', 'zh_CN.UTF-8'), ('QT_IM_MODULE', 'ibus'), ('PWD', '/home/ysc/lite_cog_ros2/nav/build/hdl_global_localization'), ('LC_ALL', 'en_US.UTF-8'), ('XDG_CONFIG_DIRS', '/etc/xdg/xdg-ubuntu:/etc/xdg'), ('XDG_DATA_DIRS', '/usr/share/ubuntu:/usr/local/share/:/usr/share/:/var/lib/snapd/desktop'), ('PYTHONPATH', '/opt/ros/foxy/lib/python3.8/site-packages'), ('LC_NUMERIC', 'zh_CN.UTF-8'), ('LC_PAPER', 'zh_CN.UTF-8'), ('COLCON', '1'), ('VTE_VERSION', '6003'), ('CMAKE_PREFIX_PATH', '/home/ysc/lite_cog_ros2/navigation2-foxy/install/nav2_rviz_plugins:/home/ysc/lite_cog_ros2/navigation2-foxy/install/nav2_bt_navigator:/opt/ros/foxy')]), 'shell': False}
[6.117444] (-) TimerEvent: {}
[6.218934] (-) TimerEvent: {}
[6.302941] (hdl_global_localization) StdoutLine: {'line': b'-- Install configuration: ""\n'}
[6.309937] (hdl_global_localization) StdoutLine: {'line': b'-- Execute custom install script\n'}
[6.317381] (hdl_global_localization) StdoutLine: {'line': b'-- Up-to-date symlink: /home/ysc/lite_cog_ros2/nav/install/hdl_global_localization/share/ament_index/resource_index/rosidl_interfaces/hdl_global_localization\n'}
[6.319282] (-) TimerEvent: {}
[6.326076] (hdl_global_localization) StdoutLine: {'line': b'-- Up-to-date symlink: /home/ysc/lite_cog_ros2/nav/install/hdl_global_localization/include/hdl_global_localization/msg/rosidl_generator_c__visibility_control.h\n'}
[6.330229] (hdl_global_localization) StdoutLine: {'line': b'-- Up-to-date symlink: /home/ysc/lite_cog_ros2/nav/install/hdl_global_localization/include/hdl_global_localization/srv/detail/query_global_localization__functions.h\n'}
[6.332891] (hdl_global_localization) StdoutLine: {'line': b'-- Up-to-date symlink: /home/ysc/lite_cog_ros2/nav/install/hdl_global_localization/include/hdl_global_localization/srv/detail/query_global_localization__struct.h\n'}
[6.335662] (hdl_global_localization) StdoutLine: {'line': b'-- Up-to-date symlink: /home/ysc/lite_cog_ros2/nav/install/hdl_global_localization/include/hdl_global_localization/srv/detail/query_global_localization__type_support.h\n'}
[6.338270] (hdl_global_localization) StdoutLine: {'line': b'-- Up-to-date symlink: /home/ysc/lite_cog_ros2/nav/install/hdl_global_localization/include/hdl_global_localization/srv/detail/set_global_localization_engine__functions.h\n'}
[6.340890] (hdl_global_localization) StdoutLine: {'line': b'-- Up-to-date symlink: /home/ysc/lite_cog_ros2/nav/install/hdl_global_localization/include/hdl_global_localization/srv/detail/set_global_localization_engine__struct.h\n'}
[6.343940] (hdl_global_localization) StdoutLine: {'line': b'-- Up-to-date symlink: /home/ysc/lite_cog_ros2/nav/install/hdl_global_localization/include/hdl_global_localization/srv/detail/set_global_localization_engine__type_support.h\n'}
[6.346182] (hdl_global_localization) StdoutLine: {'line': b'-- Up-to-date symlink: /home/ysc/lite_cog_ros2/nav/install/hdl_global_localization/include/hdl_global_localization/srv/detail/set_global_map__functions.h\n'}
[6.348465] (hdl_global_localization) StdoutLine: {'line': b'-- Up-to-date symlink: /home/ysc/lite_cog_ros2/nav/install/hdl_global_localization/include/hdl_global_localization/srv/detail/set_global_map__struct.h\n'}
[6.350928] (hdl_global_localization) StdoutLine: {'line': b'-- Up-to-date symlink: /home/ysc/lite_cog_ros2/nav/install/hdl_global_localization/include/hdl_global_localization/srv/detail/set_global_map__type_support.h\n'}
[6.353685] (hdl_global_localization) StdoutLine: {'line': b'-- Up-to-date symlink: /home/ysc/lite_cog_ros2/nav/install/hdl_global_localization/include/hdl_global_localization/srv/query_global_localization.h\n'}
[6.356082] (hdl_global_localization) StdoutLine: {'line': b'-- Up-to-date symlink: /home/ysc/lite_cog_ros2/nav/install/hdl_global_localization/include/hdl_global_localization/srv/set_global_localization_engine.h\n'}
[6.358883] (hdl_global_localization) StdoutLine: {'line': b'-- Up-to-date symlink: /home/ysc/lite_cog_ros2/nav/install/hdl_global_localization/include/hdl_global_localization/srv/set_global_map.h\n'}
[6.363780] (hdl_global_localization) StdoutLine: {'line': b'-- Up-to-date symlink: /home/ysc/lite_cog_ros2/nav/install/hdl_global_localization/share/hdl_global_localization/environment/library_path.sh\n'}
[6.367112] (hdl_global_localization) StdoutLine: {'line': b'-- Up-to-date symlink: /home/ysc/lite_cog_ros2/nav/install/hdl_global_localization/share/hdl_global_localization/environment/library_path.dsv\n'}
[6.375284] (hdl_global_localization) StdoutLine: {'line': b'-- Up-to-date symlink: /home/ysc/lite_cog_ros2/nav/install/hdl_global_localization/include/hdl_global_localization/msg/rosidl_typesupport_fastrtps_c__visibility_control.h\n'}
[6.377900] (hdl_global_localization) StdoutLine: {'line': b'-- Up-to-date symlink: /home/ysc/lite_cog_ros2/nav/install/hdl_global_localization/include/hdl_global_localization/srv/detail/query_global_localization__rosidl_typesupport_fastrtps_c.h\n'}
[6.380048] (hdl_global_localization) StdoutLine: {'line': b'-- Up-to-date symlink: /home/ysc/lite_cog_ros2/nav/install/hdl_global_localization/include/hdl_global_localization/srv/detail/set_global_localization_engine__rosidl_typesupport_fastrtps_c.h\n'}
[6.383236] (hdl_global_localization) StdoutLine: {'line': b'-- Up-to-date symlink: /home/ysc/lite_cog_ros2/nav/install/hdl_global_localization/include/hdl_global_localization/srv/detail/set_global_map__rosidl_typesupport_fastrtps_c.h\n'}
[6.388350] (hdl_global_localization) StdoutLine: {'line': b'-- Up-to-date symlink: /home/ysc/lite_cog_ros2/nav/install/hdl_global_localization/lib/libhdl_global_localization__rosidl_typesupport_fastrtps_c.so\n'}
[6.394516] (hdl_global_localization) StdoutLine: {'line': b'-- Up-to-date symlink: /home/ysc/lite_cog_ros2/nav/install/hdl_global_localization/include/hdl_global_localization/msg/rosidl_typesupport_fastrtps_cpp__visibility_control.h\n'}
[6.396690] (hdl_global_localization) StdoutLine: {'line': b'-- Up-to-date symlink: /home/ysc/lite_cog_ros2/nav/install/hdl_global_localization/include/hdl_global_localization/srv/detail/query_global_localization__rosidl_typesupport_fastrtps_cpp.hpp\n'}
[6.398721] (hdl_global_localization) StdoutLine: {'line': b'-- Up-to-date symlink: /home/ysc/lite_cog_ros2/nav/install/hdl_global_localization/include/hdl_global_localization/srv/detail/set_global_localization_engine__rosidl_typesupport_fastrtps_cpp.hpp\n'}
[6.401015] (hdl_global_localization) StdoutLine: {'line': b'-- Up-to-date symlink: /home/ysc/lite_cog_ros2/nav/install/hdl_global_localization/include/hdl_global_localization/srv/detail/set_global_map__rosidl_typesupport_fastrtps_cpp.hpp\n'}
[6.405483] (hdl_global_localization) StdoutLine: {'line': b'-- Up-to-date symlink: /home/ysc/lite_cog_ros2/nav/install/hdl_global_localization/lib/libhdl_global_localization__rosidl_typesupport_fastrtps_cpp.so\n'}
[6.410247] (hdl_global_localization) StdoutLine: {'line': b'-- Up-to-date symlink: /home/ysc/lite_cog_ros2/nav/install/hdl_global_localization/include/hdl_global_localization/msg/rosidl_typesupport_introspection_c__visibility_control.h\n'}
[6.412486] (hdl_global_localization) StdoutLine: {'line': b'-- Up-to-date symlink: /home/ysc/lite_cog_ros2/nav/install/hdl_global_localization/include/hdl_global_localization/srv/detail/query_global_localization__rosidl_typesupport_introspection_c.h\n'}
[6.414861] (hdl_global_localization) StdoutLine: {'line': b'-- Up-to-date symlink: /home/ysc/lite_cog_ros2/nav/install/hdl_global_localization/include/hdl_global_localization/srv/detail/set_global_localization_engine__rosidl_typesupport_introspection_c.h\n'}
[6.417024] (hdl_global_localization) StdoutLine: {'line': b'-- Up-to-date symlink: /home/ysc/lite_cog_ros2/nav/install/hdl_global_localization/include/hdl_global_localization/srv/detail/set_global_map__rosidl_typesupport_introspection_c.h\n'}
[6.419484] (-) TimerEvent: {}
[6.423496] (hdl_global_localization) StdoutLine: {'line': b'-- Up-to-date symlink: /home/ysc/lite_cog_ros2/nav/install/hdl_global_localization/include/hdl_global_localization/msg/rosidl_generator_cpp__visibility_control.hpp\n'}
[6.426098] (hdl_global_localization) StdoutLine: {'line': b'-- Up-to-date symlink: /home/ysc/lite_cog_ros2/nav/install/hdl_global_localization/include/hdl_global_localization/srv/detail/query_global_localization__builder.hpp\n'}
[6.428614] (hdl_global_localization) StdoutLine: {'line': b'-- Up-to-date symlink: /home/ysc/lite_cog_ros2/nav/install/hdl_global_localization/include/hdl_global_localization/srv/detail/query_global_localization__struct.hpp\n'}
[6.430957] (hdl_global_localization) StdoutLine: {'line': b'-- Up-to-date symlink: /home/ysc/lite_cog_ros2/nav/install/hdl_global_localization/include/hdl_global_localization/srv/detail/query_global_localization__traits.hpp\n'}
[6.433318] (hdl_global_localization) StdoutLine: {'line': b'-- Up-to-date symlink: /home/ysc/lite_cog_ros2/nav/install/hdl_global_localization/include/hdl_global_localization/srv/detail/query_global_localization__type_support.hpp\n'}
[6.435624] (hdl_global_localization) StdoutLine: {'line': b'-- Up-to-date symlink: /home/ysc/lite_cog_ros2/nav/install/hdl_global_localization/include/hdl_global_localization/srv/detail/set_global_localization_engine__builder.hpp\n'}
[6.438243] (hdl_global_localization) StdoutLine: {'line': b'-- Up-to-date symlink: /home/ysc/lite_cog_ros2/nav/install/hdl_global_localization/include/hdl_global_localization/srv/detail/set_global_localization_engine__struct.hpp\n'}
[6.440585] (hdl_global_localization) StdoutLine: {'line': b'-- Up-to-date symlink: /home/ysc/lite_cog_ros2/nav/install/hdl_global_localization/include/hdl_global_localization/srv/detail/set_global_localization_engine__traits.hpp\n'}
[6.443211] (hdl_global_localization) StdoutLine: {'line': b'-- Up-to-date symlink: /home/ysc/lite_cog_ros2/nav/install/hdl_global_localization/include/hdl_global_localization/srv/detail/set_global_localization_engine__type_support.hpp\n'}
[6.445363] (hdl_global_localization) StdoutLine: {'line': b'-- Up-to-date symlink: /home/ysc/lite_cog_ros2/nav/install/hdl_global_localization/include/hdl_global_localization/srv/detail/set_global_map__builder.hpp\n'}
[6.447753] (hdl_global_localization) StdoutLine: {'line': b'-- Up-to-date symlink: /home/ysc/lite_cog_ros2/nav/install/hdl_global_localization/include/hdl_global_localization/srv/detail/set_global_map__struct.hpp\n'}
[6.449906] (hdl_global_localization) StdoutLine: {'line': b'-- Up-to-date symlink: /home/ysc/lite_cog_ros2/nav/install/hdl_global_localization/include/hdl_global_localization/srv/detail/set_global_map__traits.hpp\n'}
[6.451987] (hdl_global_localization) StdoutLine: {'line': b'-- Up-to-date symlink: /home/ysc/lite_cog_ros2/nav/install/hdl_global_localization/include/hdl_global_localization/srv/detail/set_global_map__type_support.hpp\n'}
[6.455126] (hdl_global_localization) StdoutLine: {'line': b'-- Up-to-date symlink: /home/ysc/lite_cog_ros2/nav/install/hdl_global_localization/include/hdl_global_localization/srv/query_global_localization.hpp\n'}
[6.456446] (hdl_global_localization) StdoutLine: {'line': b'-- Up-to-date symlink: /home/ysc/lite_cog_ros2/nav/install/hdl_global_localization/include/hdl_global_localization/srv/set_global_localization_engine.hpp\n'}
[6.458818] (hdl_global_localization) StdoutLine: {'line': b'-- Up-to-date symlink: /home/ysc/lite_cog_ros2/nav/install/hdl_global_localization/include/hdl_global_localization/srv/set_global_map.hpp\n'}
[6.464804] (hdl_global_localization) StdoutLine: {'line': b'-- Up-to-date symlink: /home/ysc/lite_cog_ros2/nav/install/hdl_global_localization/include/hdl_global_localization/srv/detail/query_global_localization__rosidl_typesupport_introspection_cpp.hpp\n'}
[6.467437] (hdl_global_localization) StdoutLine: {'line': b'-- Up-to-date symlink: /home/ysc/lite_cog_ros2/nav/install/hdl_global_localization/include/hdl_global_localization/srv/detail/set_global_localization_engine__rosidl_typesupport_introspection_cpp.hpp\n'}
[6.470946] (hdl_global_localization) StdoutLine: {'line': b'-- Up-to-date symlink: /home/ysc/lite_cog_ros2/nav/install/hdl_global_localization/include/hdl_global_localization/srv/detail/set_global_map__rosidl_typesupport_introspection_cpp.hpp\n'}
[6.473575] (hdl_global_localization) StdoutLine: {'line': b'-- Up-to-date symlink: /home/ysc/lite_cog_ros2/nav/install/hdl_global_localization/share/hdl_global_localization/environment/pythonpath.sh\n'}
[6.476546] (hdl_global_localization) StdoutLine: {'line': b'-- Up-to-date symlink: /home/ysc/lite_cog_ros2/nav/install/hdl_global_localization/share/hdl_global_localization/environment/pythonpath.dsv\n'}
[6.482141] (hdl_global_localization) StdoutLine: {'line': b'-- Up-to-date symlink: /home/ysc/lite_cog_ros2/nav/install/hdl_global_localization/lib/python3.8/site-packages/hdl_global_localization/__init__.py\n'}
[6.487767] (hdl_global_localization) StdoutLine: {'line': b'-- Up-to-date symlink: /home/ysc/lite_cog_ros2/nav/install/hdl_global_localization/lib/python3.8/site-packages/hdl_global_localization/srv/__init__.py\n'}
[6.490118] (hdl_global_localization) StdoutLine: {'line': b'-- Up-to-date symlink: /home/ysc/lite_cog_ros2/nav/install/hdl_global_localization/lib/python3.8/site-packages/hdl_global_localization/srv/_query_global_localization.py\n'}
[6.492775] (hdl_global_localization) StdoutLine: {'line': b'-- Up-to-date symlink: /home/ysc/lite_cog_ros2/nav/install/hdl_global_localization/lib/python3.8/site-packages/hdl_global_localization/srv/_set_global_localization_engine.py\n'}
[6.497107] (hdl_global_localization) StdoutLine: {'line': b'-- Up-to-date symlink: /home/ysc/lite_cog_ros2/nav/install/hdl_global_localization/lib/python3.8/site-packages/hdl_global_localization/srv/_set_global_map.py\n'}
[6.505261] (hdl_global_localization) StdoutLine: {'line': b'-- Up-to-date symlink: /home/ysc/lite_cog_ros2/nav/install/hdl_global_localization/lib/python3.8/site-packages/hdl_global_localization/hdl_global_localization_s__rosidl_typesupport_fastrtps_c.cpython-38-aarch64-linux-gnu.so\n'}
[6.511664] (hdl_global_localization) StdoutLine: {'line': b'-- Up-to-date symlink: /home/ysc/lite_cog_ros2/nav/install/hdl_global_localization/lib/python3.8/site-packages/hdl_global_localization/hdl_global_localization_s__rosidl_typesupport_introspection_c.cpython-38-aarch64-linux-gnu.so\n'}
[6.516715] (hdl_global_localization) StdoutLine: {'line': b'-- Up-to-date symlink: /home/ysc/lite_cog_ros2/nav/install/hdl_global_localization/lib/python3.8/site-packages/hdl_global_localization/hdl_global_localization_s__rosidl_typesupport_c.cpython-38-aarch64-linux-gnu.so\n'}
[6.519807] (-) TimerEvent: {}
[6.523127] (hdl_global_localization) StdoutLine: {'line': b'-- Up-to-date symlink: /home/ysc/lite_cog_ros2/nav/install/hdl_global_localization/lib/libhdl_global_localization__python.so\n'}
[6.525955] (hdl_global_localization) StdoutLine: {'line': b'-- Up-to-date symlink: /home/ysc/lite_cog_ros2/nav/install/hdl_global_localization/share/hdl_global_localization/srv/QueryGlobalLocalization.idl\n'}
[6.530283] (hdl_global_localization) StdoutLine: {'line': b'-- Up-to-date symlink: /home/ysc/lite_cog_ros2/nav/install/hdl_global_localization/share/hdl_global_localization/srv/SetGlobalLocalizationEngine.idl\n'}
[6.533496] (hdl_global_localization) StdoutLine: {'line': b'-- Up-to-date symlink: /home/ysc/lite_cog_ros2/nav/install/hdl_global_localization/share/hdl_global_localization/srv/SetGlobalMap.idl\n'}
[6.536324] (hdl_global_localization) StdoutLine: {'line': b'-- Up-to-date symlink: /home/ysc/lite_cog_ros2/nav/install/hdl_global_localization/share/hdl_global_localization/srv/QueryGlobalLocalization.srv\n'}
[6.539232] (hdl_global_localization) StdoutLine: {'line': b'-- Up-to-date symlink: /home/ysc/lite_cog_ros2/nav/install/hdl_global_localization/share/hdl_global_localization/srv/QueryGlobalLocalization_Request.msg\n'}
[6.541928] (hdl_global_localization) StdoutLine: {'line': b'-- Up-to-date symlink: /home/ysc/lite_cog_ros2/nav/install/hdl_global_localization/share/hdl_global_localization/srv/QueryGlobalLocalization_Response.msg\n'}
[6.545168] (hdl_global_localization) StdoutLine: {'line': b'-- Up-to-date symlink: /home/ysc/lite_cog_ros2/nav/install/hdl_global_localization/share/hdl_global_localization/srv/SetGlobalLocalizationEngine.srv\n'}
[6.548223] (hdl_global_localization) StdoutLine: {'line': b'-- Up-to-date symlink: /home/ysc/lite_cog_ros2/nav/install/hdl_global_localization/share/hdl_global_localization/srv/SetGlobalLocalizationEngine_Request.msg\n'}
[6.551124] (hdl_global_localization) StdoutLine: {'line': b'-- Up-to-date symlink: /home/ysc/lite_cog_ros2/nav/install/hdl_global_localization/share/hdl_global_localization/srv/SetGlobalLocalizationEngine_Response.msg\n'}
[6.554162] (hdl_global_localization) StdoutLine: {'line': b'-- Up-to-date symlink: /home/ysc/lite_cog_ros2/nav/install/hdl_global_localization/share/hdl_global_localization/srv/SetGlobalMap.srv\n'}
[6.561664] (hdl_global_localization) StdoutLine: {'line': b'-- Up-to-date symlink: /home/ysc/lite_cog_ros2/nav/install/hdl_global_localization/share/hdl_global_localization/srv/SetGlobalMap_Request.msg\n'}
[6.566874] (hdl_global_localization) StdoutLine: {'line': b'-- Up-to-date symlink: /home/ysc/lite_cog_ros2/nav/install/hdl_global_localization/share/hdl_global_localization/srv/SetGlobalMap_Response.msg\n'}
[6.575236] (hdl_global_localization) StdoutLine: {'line': b'-- Up-to-date symlink: /home/ysc/lite_cog_ros2/nav/install/hdl_global_localization/share/hdl_global_localization/config/config.json\n'}
[6.578769] (hdl_global_localization) StdoutLine: {'line': b'-- Up-to-date symlink: /home/ysc/lite_cog_ros2/nav/install/hdl_global_localization/share/hdl_global_localization/config/config_base.json\n'}
[6.580863] (hdl_global_localization) StdoutLine: {'line': b'-- Up-to-date symlink: /home/ysc/lite_cog_ros2/nav/install/hdl_global_localization/share/hdl_global_localization/config/config_bbs.json\n'}
[6.583909] (hdl_global_localization) StdoutLine: {'line': b'-- Up-to-date symlink: /home/ysc/lite_cog_ros2/nav/install/hdl_global_localization/share/hdl_global_localization/config/ros1/bbs_config.yaml\n'}
[6.586111] (hdl_global_localization) StdoutLine: {'line': b'-- Up-to-date symlink: /home/ysc/lite_cog_ros2/nav/install/hdl_global_localization/share/hdl_global_localization/config/ros1/fpfh_config.yaml\n'}
[6.588303] (hdl_global_localization) StdoutLine: {'line': b'-- Up-to-date symlink: /home/ysc/lite_cog_ros2/nav/install/hdl_global_localization/share/hdl_global_localization/config/ros1/general_config.yaml\n'}
[6.590414] (hdl_global_localization) StdoutLine: {'line': b'-- Up-to-date symlink: /home/ysc/lite_cog_ros2/nav/install/hdl_global_localization/share/hdl_global_localization/config/ros1/ransac_config.yaml\n'}
[6.592927] (hdl_global_localization) StdoutLine: {'line': b'-- Up-to-date symlink: /home/ysc/lite_cog_ros2/nav/install/hdl_global_localization/share/hdl_global_localization/config/ros1/teaser_config.yaml\n'}
[6.596363] (hdl_global_localization) StdoutLine: {'line': b'-- Up-to-date symlink: /home/ysc/lite_cog_ros2/nav/install/hdl_global_localization/share/hdl_global_localization/config/test.rviz\n'}
[6.604406] (hdl_global_localization) StdoutLine: {'line': b'-- Up-to-date symlink: /home/ysc/lite_cog_ros2/nav/install/hdl_global_localization/include/hdl_global_localization/bbs/bbs_localization.hpp\n'}
[6.606511] (hdl_global_localization) StdoutLine: {'line': b'-- Up-to-date symlink: /home/ysc/lite_cog_ros2/nav/install/hdl_global_localization/include/hdl_global_localization/bbs/occupancy_gridmap.hpp\n'}
[6.609405] (hdl_global_localization) StdoutLine: {'line': b'-- Up-to-date symlink: /home/ysc/lite_cog_ros2/nav/install/hdl_global_localization/include/hdl_global_localization/engines/global_localization_bbs.hpp\n'}
[6.611515] (hdl_global_localization) StdoutLine: {'line': b'-- Up-to-date symlink: /home/ysc/lite_cog_ros2/nav/install/hdl_global_localization/include/hdl_global_localization/engines/global_localization_engine.hpp\n'}
[6.614855] (hdl_global_localization) StdoutLine: {'line': b'-- Up-to-date symlink: /home/ysc/lite_cog_ros2/nav/install/hdl_global_localization/include/hdl_global_localization/engines/global_localization_fpfh_ransac.hpp\n'}
[6.617077] (hdl_global_localization) StdoutLine: {'line': b'-- Up-to-date symlink: /home/ysc/lite_cog_ros2/nav/install/hdl_global_localization/include/hdl_global_localization/engines/global_localization_fpfh_teaser.hpp\n'}
[6.619239] (hdl_global_localization) StdoutLine: {'line': b'-- Up-to-date symlink: /home/ysc/lite_cog_ros2/nav/install/hdl_global_localization/include/hdl_global_localization/global_localization_results.hpp\n'}
[6.619918] (-) TimerEvent: {}
[6.622683] (hdl_global_localization) StdoutLine: {'line': b'-- Up-to-date symlink: /home/ysc/lite_cog_ros2/nav/install/hdl_global_localization/include/hdl_global_localization/ransac/matching_cost_evaluater.hpp\n'}
[6.624431] (hdl_global_localization) StdoutLine: {'line': b'-- Up-to-date symlink: /home/ysc/lite_cog_ros2/nav/install/hdl_global_localization/include/hdl_global_localization/ransac/matching_cost_evaluater_flann.hpp\n'}
[6.626653] (hdl_global_localization) StdoutLine: {'line': b'-- Up-to-date symlink: /home/ysc/lite_cog_ros2/nav/install/hdl_global_localization/include/hdl_global_localization/ransac/matching_cost_evaluater_voxels.hpp\n'}
[6.629159] (hdl_global_localization) StdoutLine: {'line': b'-- Up-to-date symlink: /home/ysc/lite_cog_ros2/nav/install/hdl_global_localization/include/hdl_global_localization/ransac/ransac_pose_estimation.hpp\n'}
[6.631546] (hdl_global_localization) StdoutLine: {'line': b'-- Up-to-date symlink: /home/ysc/lite_cog_ros2/nav/install/hdl_global_localization/include/hdl_global_localization/ransac/voxelset.hpp\n'}
[6.634752] (hdl_global_localization) StdoutLine: {'line': b'-- Up-to-date symlink: /home/ysc/lite_cog_ros2/nav/install/hdl_global_localization/include/hdl_global_localization/util/config.hpp\n'}
[6.636842] (hdl_global_localization) StdoutLine: {'line': b'-- Up-to-date symlink: /home/ysc/lite_cog_ros2/nav/install/hdl_global_localization/include/hdl_global_localization/util/convert_to_string.hpp\n'}
[6.641602] (hdl_global_localization) StdoutLine: {'line': b'-- Up-to-date symlink: /home/ysc/lite_cog_ros2/nav/install/hdl_global_localization/lib/libhdl_global_localization_engines.so\n'}
[6.646872] (hdl_global_localization) StdoutLine: {'line': b'-- Up-to-date symlink: /home/ysc/lite_cog_ros2/nav/install/hdl_global_localization/lib/hdl_global_localization/hdl_global_localization_node\n'}
[6.649662] (hdl_global_localization) StdoutLine: {'line': b'-- Up-to-date symlink: /home/ysc/lite_cog_ros2/nav/install/hdl_global_localization/lib/hdl_global_localization/hdl_global_localization_test\n'}
[6.654085] (hdl_global_localization) StdoutLine: {'line': b'-- Up-to-date symlink: /home/ysc/lite_cog_ros2/nav/install/hdl_global_localization/share/ament_index/resource_index/package_run_dependencies/hdl_global_localization\n'}
[6.659170] (hdl_global_localization) StdoutLine: {'line': b'-- Up-to-date symlink: /home/ysc/lite_cog_ros2/nav/install/hdl_global_localization/share/ament_index/resource_index/parent_prefix_path/hdl_global_localization\n'}
[6.663948] (hdl_global_localization) StdoutLine: {'line': b'-- Up-to-date symlink: /home/ysc/lite_cog_ros2/nav/install/hdl_global_localization/share/hdl_global_localization/environment/ament_prefix_path.sh\n'}
[6.668539] (hdl_global_localization) StdoutLine: {'line': b'-- Up-to-date symlink: /home/ysc/lite_cog_ros2/nav/install/hdl_global_localization/share/hdl_global_localization/environment/ament_prefix_path.dsv\n'}
[6.674399] (hdl_global_localization) StdoutLine: {'line': b'-- Up-to-date symlink: /home/ysc/lite_cog_ros2/nav/install/hdl_global_localization/share/hdl_global_localization/environment/path.sh\n'}
[6.677652] (hdl_global_localization) StdoutLine: {'line': b'-- Up-to-date symlink: /home/ysc/lite_cog_ros2/nav/install/hdl_global_localization/share/hdl_global_localization/environment/path.dsv\n'}
[6.682937] (hdl_global_localization) StdoutLine: {'line': b'-- Up-to-date symlink: /home/ysc/lite_cog_ros2/nav/install/hdl_global_localization/share/hdl_global_localization/local_setup.bash\n'}
[6.686238] (hdl_global_localization) StdoutLine: {'line': b'-- Up-to-date symlink: /home/ysc/lite_cog_ros2/nav/install/hdl_global_localization/share/hdl_global_localization/local_setup.sh\n'}
[6.689202] (hdl_global_localization) StdoutLine: {'line': b'-- Up-to-date symlink: /home/ysc/lite_cog_ros2/nav/install/hdl_global_localization/share/hdl_global_localization/local_setup.zsh\n'}
[6.692504] (hdl_global_localization) StdoutLine: {'line': b'-- Up-to-date symlink: /home/ysc/lite_cog_ros2/nav/install/hdl_global_localization/share/hdl_global_localization/local_setup.dsv\n'}
[6.693462] (hdl_global_localization) StdoutLine: {'line': b'-- Symlinking: /home/ysc/lite_cog_ros2/nav/install/hdl_global_localization/share/hdl_global_localization/package.dsv\n'}
[6.720168] (-) TimerEvent: {}
[6.821180] (-) TimerEvent: {}
[6.898181] (hdl_global_localization) StdoutLine: {'line': b'-- Up-to-date symlink: /home/ysc/lite_cog_ros2/nav/install/hdl_global_localization/share/ament_index/resource_index/packages/hdl_global_localization\n'}
[6.902171] (hdl_global_localization) StdoutLine: {'line': b'-- Up-to-date symlink: /home/ysc/lite_cog_ros2/nav/install/hdl_global_localization/share/hdl_global_localization/cmake/rosidl_cmake-extras.cmake\n'}
[6.905109] (hdl_global_localization) StdoutLine: {'line': b'-- Up-to-date symlink: /home/ysc/lite_cog_ros2/nav/install/hdl_global_localization/share/hdl_global_localization/cmake/ament_cmake_export_dependencies-extras.cmake\n'}
[6.907874] (hdl_global_localization) StdoutLine: {'line': b'-- Up-to-date symlink: /home/ysc/lite_cog_ros2/nav/install/hdl_global_localization/share/hdl_global_localization/cmake/ament_cmake_export_libraries-extras.cmake\n'}
[6.910734] (hdl_global_localization) StdoutLine: {'line': b'-- Up-to-date symlink: /home/ysc/lite_cog_ros2/nav/install/hdl_global_localization/share/hdl_global_localization/cmake/ament_cmake_export_targets-extras.cmake\n'}
[6.913842] (hdl_global_localization) StdoutLine: {'line': b'-- Up-to-date symlink: /home/ysc/lite_cog_ros2/nav/install/hdl_global_localization/share/hdl_global_localization/cmake/ament_cmake_export_include_directories-extras.cmake\n'}
[6.917572] (hdl_global_localization) StdoutLine: {'line': b'-- Up-to-date symlink: /home/ysc/lite_cog_ros2/nav/install/hdl_global_localization/share/hdl_global_localization/cmake/rosidl_cmake_export_typesupport_libraries-extras.cmake\n'}
[6.920297] (hdl_global_localization) StdoutLine: {'line': b'-- Up-to-date symlink: /home/ysc/lite_cog_ros2/nav/install/hdl_global_localization/share/hdl_global_localization/cmake/rosidl_cmake_export_typesupport_targets-extras.cmake\n'}
[6.921765] (-) TimerEvent: {}
[6.924265] (hdl_global_localization) StdoutLine: {'line': b'-- Up-to-date symlink: /home/ysc/lite_cog_ros2/nav/install/hdl_global_localization/share/hdl_global_localization/cmake/hdl_global_localizationConfig.cmake\n'}
[6.926502] (hdl_global_localization) StdoutLine: {'line': b'-- Up-to-date symlink: /home/ysc/lite_cog_ros2/nav/install/hdl_global_localization/share/hdl_global_localization/cmake/hdl_global_localizationConfig-version.cmake\n'}
[6.929611] (hdl_global_localization) StdoutLine: {'line': b'-- Up-to-date symlink: /home/ysc/lite_cog_ros2/nav/install/hdl_global_localization/share/hdl_global_localization/package.xml\n'}
[6.936501] (hdl_global_localization) StdoutLine: {'line': b'-- Up-to-date: /home/ysc/lite_cog_ros2/nav/install/hdl_global_localization/lib/libhdl_global_localization__rosidl_generator_c.so\n'}
[6.941377] (hdl_global_localization) StdoutLine: {'line': b'-- Up-to-date: /home/ysc/lite_cog_ros2/nav/install/hdl_global_localization/lib/libhdl_global_localization__rosidl_typesupport_introspection_c.so\n'}
[6.945458] (hdl_global_localization) StdoutLine: {'line': b'-- Up-to-date: /home/ysc/lite_cog_ros2/nav/install/hdl_global_localization/lib/libhdl_global_localization__rosidl_typesupport_c.so\n'}
[6.950948] (hdl_global_localization) StdoutLine: {'line': b'-- Up-to-date: /home/ysc/lite_cog_ros2/nav/install/hdl_global_localization/lib/libhdl_global_localization__rosidl_typesupport_introspection_cpp.so\n'}
[6.960115] (hdl_global_localization) StdoutLine: {'line': b'-- Up-to-date: /home/ysc/lite_cog_ros2/nav/install/hdl_global_localization/lib/libhdl_global_localization__rosidl_typesupport_cpp.so\n'}
[7.022762] (-) TimerEvent: {}
[7.124617] (-) TimerEvent: {}
[7.226731] (-) TimerEvent: {}
[7.327784] (-) TimerEvent: {}
[7.428859] (-) TimerEvent: {}
[7.529910] (-) TimerEvent: {}
[7.602653] (hdl_global_localization) StdoutLine: {'line': b'-- Up-to-date: /home/ysc/lite_cog_ros2/nav/install/hdl_global_localization/share/hdl_global_localization/cmake/hdl_global_localization__rosidl_generator_cExport.cmake\n'}
[7.603774] (hdl_global_localization) StdoutLine: {'line': b'-- Up-to-date: /home/ysc/lite_cog_ros2/nav/install/hdl_global_localization/share/hdl_global_localization/cmake/hdl_global_localization__rosidl_generator_cExport-noconfig.cmake\n'}
[7.605475] (hdl_global_localization) StdoutLine: {'line': b'-- Up-to-date: /home/ysc/lite_cog_ros2/nav/install/hdl_global_localization/share/hdl_global_localization/cmake/hdl_global_localization__rosidl_typesupport_introspection_cExport.cmake\n'}
[7.606094] (hdl_global_localization) StdoutLine: {'line': b'-- Up-to-date: /home/ysc/lite_cog_ros2/nav/install/hdl_global_localization/share/hdl_global_localization/cmake/hdl_global_localization__rosidl_typesupport_introspection_cExport-noconfig.cmake\n'}
[7.608371] (hdl_global_localization) StdoutLine: {'line': b'-- Up-to-date: /home/ysc/lite_cog_ros2/nav/install/hdl_global_localization/share/hdl_global_localization/cmake/hdl_global_localization__rosidl_typesupport_cExport.cmake\n'}
[7.608997] (hdl_global_localization) StdoutLine: {'line': b'-- Up-to-date: /home/ysc/lite_cog_ros2/nav/install/hdl_global_localization/share/hdl_global_localization/cmake/hdl_global_localization__rosidl_typesupport_cExport-noconfig.cmake\n'}
[7.611353] (hdl_global_localization) StdoutLine: {'line': b'-- Up-to-date: /home/ysc/lite_cog_ros2/nav/install/hdl_global_localization/share/hdl_global_localization/cmake/hdl_global_localization__rosidl_generator_cppExport.cmake\n'}
[7.614438] (hdl_global_localization) StdoutLine: {'line': b'-- Up-to-date: /home/ysc/lite_cog_ros2/nav/install/hdl_global_localization/share/hdl_global_localization/cmake/hdl_global_localization__rosidl_typesupport_introspection_cppExport.cmake\n'}
[7.615415] (hdl_global_localization) StdoutLine: {'line': b'-- Up-to-date: /home/ysc/lite_cog_ros2/nav/install/hdl_global_localization/share/hdl_global_localization/cmake/hdl_global_localization__rosidl_typesupport_introspection_cppExport-noconfig.cmake\n'}
[7.617249] (hdl_global_localization) StdoutLine: {'line': b'-- Up-to-date: /home/ysc/lite_cog_ros2/nav/install/hdl_global_localization/share/hdl_global_localization/cmake/hdl_global_localization__rosidl_typesupport_cppExport.cmake\n'}
[7.618171] (hdl_global_localization) StdoutLine: {'line': b'-- Up-to-date: /home/ysc/lite_cog_ros2/nav/install/hdl_global_localization/share/hdl_global_localization/cmake/hdl_global_localization__rosidl_typesupport_cppExport-noconfig.cmake\n'}
[7.628852] (hdl_global_localization) CommandEnded: {'returncode': 0}
[7.650004] (-) TimerEvent: {}
[7.754604] (-) TimerEvent: {}
[7.855794] (-) TimerEvent: {}
[7.957543] (-) TimerEvent: {}
[8.059657] (-) TimerEvent: {}
[8.160658] (-) TimerEvent: {}
[8.261564] (-) TimerEvent: {}
[8.364908] (-) TimerEvent: {}
[8.466445] (-) TimerEvent: {}
[8.567699] (-) TimerEvent: {}
[8.668577] (-) TimerEvent: {}
[8.769534] (-) TimerEvent: {}
[8.850347] (hdl_global_localization) JobEnded: {'identifier': 'hdl_global_localization', 'rc': 0}
[8.855624] (hdl_localization) JobStarted: {'identifier': 'hdl_localization'}
[8.869786] (-) TimerEvent: {}
[8.970950] (-) TimerEvent: {}
[9.072516] (-) TimerEvent: {}
[9.174480] (-) TimerEvent: {}
[9.207965] (hdl_localization) JobProgress: {'identifier': 'hdl_localization', 'progress': 'cmake'}
[9.274755] (-) TimerEvent: {}
[9.354712] (hdl_localization) JobProgress: {'identifier': 'hdl_localization', 'progress': 'build'}
[9.358039] (hdl_localization) Command: {'cmd': ['/usr/bin/cmake', '--build', '/home/ysc/lite_cog_ros2/nav/build/hdl_localization', '--', '-j6', '-l6'], 'cwd': '/home/ysc/lite_cog_ros2/nav/build/hdl_localization', 'env': OrderedDict([('GJS_DEBUG_TOPICS', 'JS ERROR;JS LOG'), ('LESSOPEN', '| /usr/bin/lesspipe %s'), ('USER', 'ysc'), ('LC_TIME', 'zh_CN.UTF-8'), ('SSH_AGENT_PID', '1904'), ('XDG_SESSION_TYPE', 'x11'), ('SHLVL', '1'), ('LD_LIBRARY_PATH', '/home/ysc/lite_cog_ros2/nav/install/hdl_global_localization/lib:/home/ysc/lite_cog_ros2/navigation2-foxy/install/nav2_rviz_plugins/lib:/home/ysc/lite_cog_ros2/navigation2-foxy/install/nav2_bt_navigator/lib:/usr/lib/aarch64-linux-gnu/gazebo-11/plugins:/opt/ros/foxy/opt/yaml_cpp_vendor/lib:/opt/ros/foxy/opt/rviz_ogre_vendor/lib:/opt/ros/foxy/lib/aarch64-linux-gnu:/opt/ros/foxy/lib:/usr/local/cuda-11.4/lib64'), ('HOME', '/home/ysc'), ('OLDPWD', '/home/ysc/lite_cog_ros2'), ('DESKTOP_SESSION', 'ubuntu'), ('ROS_PYTHON_VERSION', '3'), ('GNOME_SHELL_SESSION_MODE', 'ubuntu'), ('GTK_MODULES', 'gail:atk-bridge'), ('LC_MONETARY', 'zh_CN.UTF-8'), ('MANAGERPID', '1362'), ('DBUS_SESSION_BUS_ADDRESS', 'unix:path=/run/user/1000/bus'), ('COLORTERM', 'truecolor'), ('_colcon_cd_root', '/opt/ros/foxy/'), ('IM_CONFIG_PHASE', '1'), ('COLCON_PREFIX_PATH', '/home/ysc/lite_cog_ros2/navigation2-foxy/install'), ('ROS_DISTRO', 'foxy'), ('LOGNAME', 'ysc'), ('JOURNAL_STREAM', '8:45007'), ('_', '/usr/bin/colcon'), ('ROS_VERSION', '2'), ('XDG_SESSION_CLASS', 'user'), ('USERNAME', 'ysc'), ('TERM', 'xterm-256color'), ('GNOME_DESKTOP_SESSION_ID', 'this-is-deprecated'), ('ROS_LOCALHOST_ONLY', '0'), ('WINDOWPATH', '2'), ('PATH', '/opt/ros/foxy/bin:/usr/local/cuda-11.4/bin:/home/ysc/.local/bin:/usr/local/sbin:/usr/local/bin:/usr/sbin:/usr/bin:/sbin:/bin:/usr/games:/usr/local/games:/snap/bin'), ('SESSION_MANAGER', 'local/lite:@/tmp/.ICE-unix/2030,unix/lite:/tmp/.ICE-unix/2030'), ('INVOCATION_ID', '08227a382f5040ea9963e4e983a96096'), ('XDG_MENU_PREFIX', 'gnome-'), ('LC_ADDRESS', 'zh_CN.UTF-8'), ('GNOME_TERMINAL_SCREEN', '/org/gnome/Terminal/screen/cbad11e8_9f12_46e3_a06d_7bf9b7aeac46'), ('XDG_RUNTIME_DIR', '/run/user/1000'), ('DISPLAY', ':0'), ('LANG', 'en_US.UTF-8'), ('XDG_CURRENT_DESKTOP', 'ubuntu:GNOME'), ('LC_TELEPHONE', 'zh_CN.UTF-8'), ('XMODIFIERS', '@im=ibus'), ('XDG_SESSION_DESKTOP', 'ubuntu'), ('XAUTHORITY', '/run/user/1000/gdm/Xauthority'), ('LS_COLORS', 'rs=0:di=01;34:ln=01;36:mh=00:pi=40;33:so=01;35:do=01;35:bd=40;33;01:cd=40;33;01:or=40;31;01:mi=00:su=37;41:sg=30;43:ca=30;41:tw=30;42:ow=34;42:st=37;44:ex=01;32:*.tar=01;31:*.tgz=01;31:*.arc=01;31:*.arj=01;31:*.taz=01;31:*.lha=01;31:*.lz4=01;31:*.lzh=01;31:*.lzma=01;31:*.tlz=01;31:*.txz=01;31:*.tzo=01;31:*.t7z=01;31:*.zip=01;31:*.z=01;31:*.dz=01;31:*.gz=01;31:*.lrz=01;31:*.lz=01;31:*.lzo=01;31:*.xz=01;31:*.zst=01;31:*.tzst=01;31:*.bz2=01;31:*.bz=01;31:*.tbz=01;31:*.tbz2=01;31:*.tz=01;31:*.deb=01;31:*.rpm=01;31:*.jar=01;31:*.war=01;31:*.ear=01;31:*.sar=01;31:*.rar=01;31:*.alz=01;31:*.ace=01;31:*.zoo=01;31:*.cpio=01;31:*.7z=01;31:*.rz=01;31:*.cab=01;31:*.wim=01;31:*.swm=01;31:*.dwm=01;31:*.esd=01;31:*.jpg=01;35:*.jpeg=01;35:*.mjpg=01;35:*.mjpeg=01;35:*.gif=01;35:*.bmp=01;35:*.pbm=01;35:*.pgm=01;35:*.ppm=01;35:*.tga=01;35:*.xbm=01;35:*.xpm=01;35:*.tif=01;35:*.tiff=01;35:*.png=01;35:*.svg=01;35:*.svgz=01;35:*.mng=01;35:*.pcx=01;35:*.mov=01;35:*.mpg=01;35:*.mpeg=01;35:*.m2v=01;35:*.mkv=01;35:*.webm=01;35:*.ogm=01;35:*.mp4=01;35:*.m4v=01;35:*.mp4v=01;35:*.vob=01;35:*.qt=01;35:*.nuv=01;35:*.wmv=01;35:*.asf=01;35:*.rm=01;35:*.rmvb=01;35:*.flc=01;35:*.avi=01;35:*.fli=01;35:*.flv=01;35:*.gl=01;35:*.dl=01;35:*.xcf=01;35:*.xwd=01;35:*.yuv=01;35:*.cgm=01;35:*.emf=01;35:*.ogv=01;35:*.ogx=01;35:*.aac=00;36:*.au=00;36:*.flac=00;36:*.m4a=00;36:*.mid=00;36:*.midi=00;36:*.mka=00;36:*.mp3=00;36:*.mpc=00;36:*.ogg=00;36:*.ra=00;36:*.wav=00;36:*.oga=00;36:*.opus=00;36:*.spx=00;36:*.xspf=00;36:'), ('GNOME_TERMINAL_SERVICE', ':1.82'), ('SSH_AUTH_SOCK', '/run/user/1000/keyring/ssh'), ('ROS_DOMAIN_ID', '0'), ('AMENT_PREFIX_PATH', '/home/ysc/lite_cog_ros2/nav/install/hdl_global_localization:/home/ysc/lite_cog_ros2/navigation2-foxy/install/nav2_rviz_plugins:/home/ysc/lite_cog_ros2/navigation2-foxy/install/nav2_bt_navigator:/opt/ros/foxy'), ('SHELL', '/bin/bash'), ('LC_NAME', 'zh_CN.UTF-8'), ('QT_ACCESSIBILITY', '1'), ('GDMSESSION', 'ubuntu'), ('LESSCLOSE', '/usr/bin/lesspipe %s %s'), ('LC_MEASUREMENT', 'zh_CN.UTF-8'), ('GPG_AGENT_INFO', '/run/user/1000/gnupg/S.gpg-agent:0:1'), ('GJS_DEBUG_OUTPUT', 'stderr'), ('LC_IDENTIFICATION', 'zh_CN.UTF-8'), ('QT_IM_MODULE', 'ibus'), ('PWD', '/home/ysc/lite_cog_ros2/nav/build/hdl_localization'), ('LC_ALL', 'en_US.UTF-8'), ('XDG_CONFIG_DIRS', '/etc/xdg/xdg-ubuntu:/etc/xdg'), ('XDG_DATA_DIRS', '/usr/share/ubuntu:/usr/local/share/:/usr/share/:/var/lib/snapd/desktop'), ('PYTHONPATH', '/home/ysc/lite_cog_ros2/nav/install/hdl_global_localization/lib/python3.8/site-packages:/opt/ros/foxy/lib/python3.8/site-packages'), ('LC_NUMERIC', 'zh_CN.UTF-8'), ('LC_PAPER', 'zh_CN.UTF-8'), ('COLCON', '1'), ('VTE_VERSION', '6003'), ('CMAKE_PREFIX_PATH', '/home/ysc/lite_cog_ros2/nav/install/hdl_global_localization:/home/ysc/lite_cog_ros2/navigation2-foxy/install/nav2_rviz_plugins:/home/ysc/lite_cog_ros2/navigation2-foxy/install/nav2_bt_navigator:/opt/ros/foxy')]), 'shell': False}
[9.378083] (-) TimerEvent: {}
[9.483427] (-) TimerEvent: {}
[9.585822] (-) TimerEvent: {}
[9.687263] (-) TimerEvent: {}
[9.788242] (-) TimerEvent: {}
[9.889238] (-) TimerEvent: {}
[9.990292] (-) TimerEvent: {}
[10.139015] (-) TimerEvent: {}
[10.240022] (-) TimerEvent: {}
[10.341077] (-) TimerEvent: {}
[10.356537] (hdl_localization) StdoutLine: {'line': b'[  2%] Built target hdl_localization__cpp\n'}
[10.387817] (hdl_localization) StdoutLine: {'line': b'[ 11%] Built target hdl_localization__rosidl_generator_c\n'}
[10.441566] (-) TimerEvent: {}
[10.542787] (-) TimerEvent: {}
[10.643834] (-) TimerEvent: {}
[10.745083] (-) TimerEvent: {}
[10.846226] (-) TimerEvent: {}
[10.847866] (hdl_localization) StdoutLine: {'line': b'[ 20%] Built target hdl_localization__rosidl_typesupport_introspection_cpp\n'}
[10.850885] (hdl_localization) StdoutLine: {'line': b'[ 29%] Built target hdl_localization__rosidl_typesupport_c\n'}
[10.859077] (hdl_localization) StdoutLine: {'line': b'[ 38%] Built target hdl_localization__rosidl_typesupport_cpp\n'}
[10.862278] (hdl_localization) StdoutLine: {'line': b'[ 47%] Built target hdl_localization__rosidl_typesupport_fastrtps_cpp\n'}
[10.865893] (hdl_localization) StdoutLine: {'line': b'[ 55%] Built target hdl_localization__rosidl_typesupport_introspection_c\n'}
[10.949698] (-) TimerEvent: {}
[11.067397] (-) TimerEvent: {}
[11.180833] (-) TimerEvent: {}
[11.284066] (-) TimerEvent: {}
[11.298222] (hdl_localization) StdoutLine: {'line': b'[ 64%] Built target hdl_localization__rosidl_typesupport_fastrtps_c\n'}
[11.384498] (-) TimerEvent: {}
[11.485652] (-) TimerEvent: {}
[11.586693] (-) TimerEvent: {}
[11.687998] (-) TimerEvent: {}
[11.727571] (hdl_localization) StdoutLine: {'line': b'[ 64%] Built target hdl_localization\n'}
[11.788248] (-) TimerEvent: {}
[11.890275] (-) TimerEvent: {}
[11.991383] (-) TimerEvent: {}
[12.093602] (-) TimerEvent: {}
[12.147718] (hdl_localization) StdoutLine: {'line': b'[ 67%] Built target hdl_localization__py\n'}
[12.193824] (-) TimerEvent: {}
[12.294947] (-) TimerEvent: {}
[12.311706] (hdl_localization) StdoutLine: {'line': b'\x1b[35m\x1b[1mScanning dependencies of target hdl_localization_composition\x1b[0m\n'}
[12.395418] (-) TimerEvent: {}
[12.433006] (hdl_localization) StdoutLine: {'line': b'[ 73%] Built target hdl_localization__python\n'}
[12.495683] (-) TimerEvent: {}
[12.596746] (-) TimerEvent: {}
[12.683919] (hdl_localization) StdoutLine: {'line': b'[ 79%] Built target hdl_localization__rosidl_typesupport_introspection_c__pyext\n'}
[12.685264] (hdl_localization) StdoutLine: {'line': b'[ 85%] Built target hdl_localization__rosidl_typesupport_c__pyext\n'}
[12.697065] (-) TimerEvent: {}
[12.703793] (hdl_localization) StdoutLine: {'line': b'[ 91%] Built target hdl_localization__rosidl_typesupport_fastrtps_c__pyext\n'}
[12.797281] (-) TimerEvent: {}
[12.898376] (-) TimerEvent: {}
[12.999509] (-) TimerEvent: {}
[13.100604] (-) TimerEvent: {}
[13.187601] (hdl_localization) StderrLine: {'line': b"make[2]: Warning: File '/home/ysc/lite_cog_ros2/nav/src/hdl_localization/apps/hdl_localization_app.hpp' has modification time 560 s in the future\n"}
[13.200777] (-) TimerEvent: {}
[13.279298] (hdl_localization) StdoutLine: {'line': b'[ 94%] \x1b[32mBuilding CXX object CMakeFiles/hdl_localization_composition.dir/apps/hdl_localization_composition.cpp.o\x1b[0m\n'}
[13.301043] (-) TimerEvent: {}
[13.402768] (-) TimerEvent: {}
[13.503783] (-) TimerEvent: {}
[13.604783] (-) TimerEvent: {}
[13.705739] (-) TimerEvent: {}
[13.806795] (-) TimerEvent: {}
[13.907831] (-) TimerEvent: {}
[14.008960] (-) TimerEvent: {}
[14.109930] (-) TimerEvent: {}
[14.210985] (-) TimerEvent: {}
[14.311978] (-) TimerEvent: {}
[14.412958] (-) TimerEvent: {}
[14.513999] (-) TimerEvent: {}
[14.615131] (-) TimerEvent: {}
[14.716134] (-) TimerEvent: {}
[14.817146] (-) TimerEvent: {}
[14.918168] (-) TimerEvent: {}
[15.019261] (-) TimerEvent: {}
[15.120395] (-) TimerEvent: {}
[15.221441] (-) TimerEvent: {}
[15.322493] (-) TimerEvent: {}
[15.423562] (-) TimerEvent: {}
[15.525056] (-) TimerEvent: {}
[15.625994] (-) TimerEvent: {}
[15.727071] (-) TimerEvent: {}
[15.828059] (-) TimerEvent: {}
[15.929045] (-) TimerEvent: {}
[16.030060] (-) TimerEvent: {}
[16.131116] (-) TimerEvent: {}
[16.232158] (-) TimerEvent: {}
[16.333206] (-) TimerEvent: {}
[16.434190] (-) TimerEvent: {}
[16.535294] (-) TimerEvent: {}
[16.636270] (-) TimerEvent: {}
[16.737228] (-) TimerEvent: {}
[16.838264] (-) TimerEvent: {}
[16.939378] (-) TimerEvent: {}
[17.040402] (-) TimerEvent: {}
[17.141421] (-) TimerEvent: {}
[17.242527] (-) TimerEvent: {}
[17.343644] (-) TimerEvent: {}
[17.444622] (-) TimerEvent: {}
[17.545646] (-) TimerEvent: {}
[17.646725] (-) TimerEvent: {}
[17.747863] (-) TimerEvent: {}
[17.849110] (-) TimerEvent: {}
[17.950305] (-) TimerEvent: {}
[18.051414] (-) TimerEvent: {}
[18.153026] (-) TimerEvent: {}
[18.254119] (-) TimerEvent: {}
[18.355249] (-) TimerEvent: {}
[18.456308] (-) TimerEvent: {}
[18.557420] (-) TimerEvent: {}
[18.658606] (-) TimerEvent: {}
[18.759749] (-) TimerEvent: {}
[18.860787] (-) TimerEvent: {}
[18.961875] (-) TimerEvent: {}
[19.062976] (-) TimerEvent: {}
[19.164025] (-) TimerEvent: {}
[19.265016] (-) TimerEvent: {}
[19.365960] (-) TimerEvent: {}
[19.467070] (-) TimerEvent: {}
[19.568089] (-) TimerEvent: {}
[19.669104] (-) TimerEvent: {}
[19.770126] (-) TimerEvent: {}
[19.871250] (-) TimerEvent: {}
[19.972551] (-) TimerEvent: {}
[20.073576] (-) TimerEvent: {}
[20.174522] (-) TimerEvent: {}
[20.275641] (-) TimerEvent: {}
[20.376659] (-) TimerEvent: {}
[20.477613] (-) TimerEvent: {}
[20.578949] (-) TimerEvent: {}
[20.680126] (-) TimerEvent: {}
[20.781125] (-) TimerEvent: {}
[20.882164] (-) TimerEvent: {}
[20.983346] (-) TimerEvent: {}
[21.084350] (-) TimerEvent: {}
[21.185376] (-) TimerEvent: {}
[21.286416] (-) TimerEvent: {}
[21.387501] (-) TimerEvent: {}
[21.488576] (-) TimerEvent: {}
[21.589954] (-) TimerEvent: {}
[21.691108] (-) TimerEvent: {}
[21.793173] (-) TimerEvent: {}
[21.894310] (-) TimerEvent: {}
[21.995685] (-) TimerEvent: {}
[22.096721] (-) TimerEvent: {}
[22.197809] (-) TimerEvent: {}
[22.298954] (-) TimerEvent: {}
[22.400156] (-) TimerEvent: {}
[22.501232] (-) TimerEvent: {}
[22.603250] (-) TimerEvent: {}
[22.704311] (-) TimerEvent: {}
[22.805319] (-) TimerEvent: {}
[22.906351] (-) TimerEvent: {}
[23.007467] (-) TimerEvent: {}
[23.108434] (-) TimerEvent: {}
[23.209498] (-) TimerEvent: {}
[23.310666] (-) TimerEvent: {}
[23.411680] (-) TimerEvent: {}
[23.512821] (-) TimerEvent: {}
[23.613873] (-) TimerEvent: {}
[23.714966] (-) TimerEvent: {}
[23.815978] (-) TimerEvent: {}
[23.917029] (-) TimerEvent: {}
[24.018065] (-) TimerEvent: {}
[24.119155] (-) TimerEvent: {}
[24.220135] (-) TimerEvent: {}
[24.321093] (-) TimerEvent: {}
[24.422462] (-) TimerEvent: {}
[24.523818] (-) TimerEvent: {}
[24.624784] (-) TimerEvent: {}
[24.725799] (-) TimerEvent: {}
[24.826744] (-) TimerEvent: {}
[24.927833] (-) TimerEvent: {}
[25.028857] (-) TimerEvent: {}
[25.129922] (-) TimerEvent: {}
[25.231057] (-) TimerEvent: {}
[25.332242] (-) TimerEvent: {}
[25.433743] (-) TimerEvent: {}
[25.534755] (-) TimerEvent: {}
[25.635778] (-) TimerEvent: {}
[25.736795] (-) TimerEvent: {}
[25.837857] (-) TimerEvent: {}
[25.939013] (-) TimerEvent: {}
[26.040024] (-) TimerEvent: {}
[26.141128] (-) TimerEvent: {}
[26.242673] (-) TimerEvent: {}
[26.344020] (-) TimerEvent: {}
[26.445162] (-) TimerEvent: {}
[26.546201] (-) TimerEvent: {}
[26.647344] (-) TimerEvent: {}
[26.748889] (-) TimerEvent: {}
[26.849861] (-) TimerEvent: {}
[26.950817] (-) TimerEvent: {}
[27.051763] (-) TimerEvent: {}
[27.152806] (-) TimerEvent: {}
[27.253757] (-) TimerEvent: {}
[27.354721] (-) TimerEvent: {}
[27.455747] (-) TimerEvent: {}
[27.556774] (-) TimerEvent: {}
[27.658013] (-) TimerEvent: {}
[27.759023] (-) TimerEvent: {}
[27.859942] (-) TimerEvent: {}
[27.960966] (-) TimerEvent: {}
[28.061901] (-) TimerEvent: {}
[28.163723] (-) TimerEvent: {}
[28.264633] (-) TimerEvent: {}
[28.365641] (-) TimerEvent: {}
[28.466682] (-) TimerEvent: {}
[28.567804] (-) TimerEvent: {}
[28.668771] (-) TimerEvent: {}
[28.769820] (-) TimerEvent: {}
[28.870779] (-) TimerEvent: {}
[28.971796] (-) TimerEvent: {}
[29.073625] (-) TimerEvent: {}
[29.175107] (-) TimerEvent: {}
[29.276208] (-) TimerEvent: {}
[29.377508] (-) TimerEvent: {}
[29.478819] (-) TimerEvent: {}
[29.579946] (-) TimerEvent: {}
[29.681226] (-) TimerEvent: {}
[29.783667] (-) TimerEvent: {}
[29.884695] (-) TimerEvent: {}
[29.985964] (-) TimerEvent: {}
[30.086998] (-) TimerEvent: {}
[30.188349] (-) TimerEvent: {}
[30.289469] (-) TimerEvent: {}
[30.390629] (-) TimerEvent: {}
[30.491764] (-) TimerEvent: {}
[30.593420] (-) TimerEvent: {}
[30.694698] (-) TimerEvent: {}
[30.795891] (-) TimerEvent: {}
[30.896937] (-) TimerEvent: {}
[30.998048] (-) TimerEvent: {}
[31.099165] (-) TimerEvent: {}
[31.200782] (-) TimerEvent: {}
[31.301773] (-) TimerEvent: {}
[31.402886] (-) TimerEvent: {}
[31.503901] (-) TimerEvent: {}
[31.604862] (-) TimerEvent: {}
[31.705873] (-) TimerEvent: {}
[31.806960] (-) TimerEvent: {}
[31.908074] (-) TimerEvent: {}
[32.009093] (-) TimerEvent: {}
[32.110166] (-) TimerEvent: {}
[32.211223] (-) TimerEvent: {}
[32.312783] (-) TimerEvent: {}
[32.413795] (-) TimerEvent: {}
[32.514765] (-) TimerEvent: {}
[32.616627] (-) TimerEvent: {}
[32.717641] (-) TimerEvent: {}
[32.866286] (-) TimerEvent: {}
[32.967344] (-) TimerEvent: {}
[33.068321] (-) TimerEvent: {}
[33.169228] (-) TimerEvent: {}
[33.270276] (-) TimerEvent: {}
[33.372143] (-) TimerEvent: {}
[33.474304] (-) TimerEvent: {}
[33.575726] (-) TimerEvent: {}
[33.676960] (-) TimerEvent: {}
[33.778201] (-) TimerEvent: {}
[33.879630] (-) TimerEvent: {}
[33.980654] (-) TimerEvent: {}
[34.081814] (-) TimerEvent: {}
[34.184035] (-) TimerEvent: {}
[34.285174] (-) TimerEvent: {}
[34.386290] (-) TimerEvent: {}
[34.487562] (-) TimerEvent: {}
[34.588767] (-) TimerEvent: {}
[34.689966] (-) TimerEvent: {}
[34.791114] (-) TimerEvent: {}
[34.892201] (-) TimerEvent: {}
[34.993401] (-) TimerEvent: {}
[35.094685] (-) TimerEvent: {}
[35.195954] (-) TimerEvent: {}
[35.297072] (-) TimerEvent: {}
[35.398746] (-) TimerEvent: {}
[35.500076] (-) TimerEvent: {}
[35.601952] (-) TimerEvent: {}
[35.704220] (-) TimerEvent: {}
[35.805312] (-) TimerEvent: {}
[35.906380] (-) TimerEvent: {}
[36.007549] (-) TimerEvent: {}
[36.109083] (-) TimerEvent: {}
[36.210272] (-) TimerEvent: {}
[36.311577] (-) TimerEvent: {}
[36.413120] (-) TimerEvent: {}
[36.514352] (-) TimerEvent: {}
[36.615806] (-) TimerEvent: {}
[36.717077] (-) TimerEvent: {}
[36.818717] (-) TimerEvent: {}
[36.919745] (-) TimerEvent: {}
[37.020981] (-) TimerEvent: {}
[37.122171] (-) TimerEvent: {}
[37.223928] (-) TimerEvent: {}
[37.325417] (-) TimerEvent: {}
[37.426676] (-) TimerEvent: {}
[37.527864] (-) TimerEvent: {}
[37.629391] (-) TimerEvent: {}
[37.730711] (-) TimerEvent: {}
[37.831888] (-) TimerEvent: {}
[37.973389] (-) TimerEvent: {}
[38.074750] (-) TimerEvent: {}
[38.175980] (-) TimerEvent: {}
[38.277253] (-) TimerEvent: {}
[38.378486] (-) TimerEvent: {}
[38.479843] (-) TimerEvent: {}
[38.581160] (-) TimerEvent: {}
[38.682633] (-) TimerEvent: {}
[38.783899] (-) TimerEvent: {}
[38.885025] (-) TimerEvent: {}
[38.986058] (-) TimerEvent: {}
[39.087133] (-) TimerEvent: {}
[39.188217] (-) TimerEvent: {}
[39.289265] (-) TimerEvent: {}
[39.390468] (-) TimerEvent: {}
[39.491668] (-) TimerEvent: {}
[39.593120] (-) TimerEvent: {}
[39.694367] (-) TimerEvent: {}
[39.795794] (-) TimerEvent: {}
[39.896816] (-) TimerEvent: {}
[39.997743] (-) TimerEvent: {}
[40.098782] (-) TimerEvent: {}
[40.199708] (-) TimerEvent: {}
[40.300741] (-) TimerEvent: {}
[40.402069] (-) TimerEvent: {}
[40.503365] (-) TimerEvent: {}
[40.604396] (-) TimerEvent: {}
[40.705441] (-) TimerEvent: {}
[40.806743] (-) TimerEvent: {}
[40.908059] (-) TimerEvent: {}
[41.009180] (-) TimerEvent: {}
[41.110794] (-) TimerEvent: {}
[41.211849] (-) TimerEvent: {}
[41.313557] (-) TimerEvent: {}
[41.414661] (-) TimerEvent: {}
[41.515724] (-) TimerEvent: {}
[41.616801] (-) TimerEvent: {}
[41.718188] (-) TimerEvent: {}
[41.819533] (-) TimerEvent: {}
[41.920684] (-) TimerEvent: {}
[42.021835] (-) TimerEvent: {}
[42.123226] (-) TimerEvent: {}
[42.224414] (-) TimerEvent: {}
[42.325587] (-) TimerEvent: {}
[42.426726] (-) TimerEvent: {}
[42.527925] (-) TimerEvent: {}
[42.629051] (-) TimerEvent: {}
[42.730147] (-) TimerEvent: {}
[42.831485] (-) TimerEvent: {}
[42.933765] (-) TimerEvent: {}
[43.076891] (-) TimerEvent: {}
[43.177902] (-) TimerEvent: {}
[43.278920] (-) TimerEvent: {}
[43.380035] (-) TimerEvent: {}
[43.481358] (-) TimerEvent: {}
[43.583180] (-) TimerEvent: {}
[43.684330] (-) TimerEvent: {}
[43.785316] (-) TimerEvent: {}
[43.886345] (-) TimerEvent: {}
[43.987500] (-) TimerEvent: {}
[44.088569] (-) TimerEvent: {}
[44.189688] (-) TimerEvent: {}
[44.291097] (-) TimerEvent: {}
[44.392135] (-) TimerEvent: {}
[44.493081] (-) TimerEvent: {}
[44.594136] (-) TimerEvent: {}
[44.695184] (-) TimerEvent: {}
[44.796163] (-) TimerEvent: {}
[44.897104] (-) TimerEvent: {}
[44.998141] (-) TimerEvent: {}
[45.099146] (-) TimerEvent: {}
[45.200293] (-) TimerEvent: {}
[45.301440] (-) TimerEvent: {}
[45.402956] (-) TimerEvent: {}
[45.504345] (-) TimerEvent: {}
[45.605351] (-) TimerEvent: {}
[45.706405] (-) TimerEvent: {}
[45.807429] (-) TimerEvent: {}
[45.908402] (-) TimerEvent: {}
[46.009491] (-) TimerEvent: {}
[46.110640] (-) TimerEvent: {}
[46.211651] (-) TimerEvent: {}
[46.313003] (-) TimerEvent: {}
[46.414054] (-) TimerEvent: {}
[46.515102] (-) TimerEvent: {}
[46.616183] (-) TimerEvent: {}
[46.717195] (-) TimerEvent: {}
[46.818305] (-) TimerEvent: {}
[46.919895] (-) TimerEvent: {}
[47.020929] (-) TimerEvent: {}
[47.121895] (-) TimerEvent: {}
[47.223873] (-) TimerEvent: {}
[47.324917] (-) TimerEvent: {}
[47.425896] (-) TimerEvent: {}
[47.527008] (-) TimerEvent: {}
[47.628056] (-) TimerEvent: {}
[47.729147] (-) TimerEvent: {}
[47.830236] (-) TimerEvent: {}
[47.931338] (-) TimerEvent: {}
[48.033098] (-) TimerEvent: {}
[48.175138] (-) TimerEvent: {}
[48.276376] (-) TimerEvent: {}
[48.377663] (-) TimerEvent: {}
[48.478793] (-) TimerEvent: {}
[48.580048] (-) TimerEvent: {}
[48.681379] (-) TimerEvent: {}
[48.784126] (-) TimerEvent: {}
[48.885383] (-) TimerEvent: {}
[48.986718] (-) TimerEvent: {}
[49.087805] (-) TimerEvent: {}
[49.189450] (-) TimerEvent: {}
[49.290595] (-) TimerEvent: {}
[49.391742] (-) TimerEvent: {}
[49.492900] (-) TimerEvent: {}
[49.594184] (-) TimerEvent: {}
[49.696056] (-) TimerEvent: {}
[49.797210] (-) TimerEvent: {}
[49.898372] (-) TimerEvent: {}
[49.999560] (-) TimerEvent: {}
[50.100831] (-) TimerEvent: {}
[50.202096] (-) TimerEvent: {}
[50.304276] (-) TimerEvent: {}
[50.405347] (-) TimerEvent: {}
[50.506279] (-) TimerEvent: {}
[50.607310] (-) TimerEvent: {}
[50.708298] (-) TimerEvent: {}
[50.809369] (-) TimerEvent: {}
[50.910369] (-) TimerEvent: {}
[51.011409] (-) TimerEvent: {}
[51.112364] (-) TimerEvent: {}
[51.213935] (-) TimerEvent: {}
[51.315029] (-) TimerEvent: {}
[51.416070] (-) TimerEvent: {}
[51.517616] (-) TimerEvent: {}
[51.618904] (-) TimerEvent: {}
[51.720059] (-) TimerEvent: {}
[51.821205] (-) TimerEvent: {}
[51.922296] (-) TimerEvent: {}
[52.023768] (-) TimerEvent: {}
[52.124859] (-) TimerEvent: {}
[52.226033] (-) TimerEvent: {}
[52.327388] (-) TimerEvent: {}
[52.428616] (-) TimerEvent: {}
[52.529729] (-) TimerEvent: {}
[52.630750] (-) TimerEvent: {}
[52.731785] (-) TimerEvent: {}
[52.833410] (-) TimerEvent: {}
[52.934478] (-) TimerEvent: {}
[53.035652] (-) TimerEvent: {}
[53.136757] (-) TimerEvent: {}
[53.279306] (-) TimerEvent: {}
[53.380347] (-) TimerEvent: {}
[53.481382] (-) TimerEvent: {}
[53.582675] (-) TimerEvent: {}
[53.684275] (-) TimerEvent: {}
[53.785486] (-) TimerEvent: {}
[53.886795] (-) TimerEvent: {}
[53.987907] (-) TimerEvent: {}
[54.089055] (-) TimerEvent: {}
[54.190366] (-) TimerEvent: {}
[54.291716] (-) TimerEvent: {}
[54.392977] (-) TimerEvent: {}
[54.494243] (-) TimerEvent: {}
[54.595619] (-) TimerEvent: {}
[54.696833] (-) TimerEvent: {}
[54.798460] (-) TimerEvent: {}
[54.900370] (-) TimerEvent: {}
[55.001461] (-) TimerEvent: {}
[55.102798] (-) TimerEvent: {}
[55.204577] (-) TimerEvent: {}
[55.305794] (-) TimerEvent: {}
[55.407173] (-) TimerEvent: {}
[55.508422] (-) TimerEvent: {}
[55.609658] (-) TimerEvent: {}
[55.711001] (-) TimerEvent: {}
[55.812249] (-) TimerEvent: {}
[55.913894] (-) TimerEvent: {}
[56.015140] (-) TimerEvent: {}
[56.116352] (-) TimerEvent: {}
[56.217592] (-) TimerEvent: {}
[56.318803] (-) TimerEvent: {}
[56.420165] (-) TimerEvent: {}
[56.521191] (-) TimerEvent: {}
[56.569508] (hdl_localization) StderrLine: {'line': b'In file included from \x1b[01m\x1b[K/home/ysc/lite_cog_ros2/nav/src/hdl_localization/apps/hdl_localization_composition.cpp:2\x1b[m\x1b[K:\n'}
[56.570385] (hdl_localization) StderrLine: {'line': b'\x1b[01m\x1b[K/home/ysc/lite_cog_ros2/nav/src/hdl_localization/apps/./hdl_localization_app.hpp:\x1b[m\x1b[K In member function \xe2\x80\x98\x1b[01m\x1b[Kbool hdl_localization::HdlLocalizationApp::GetClosestImuData(const rclcpp::Time&, sensor_msgs::msg::Imu_<std::allocator<void> >::SharedPtr&)\x1b[m\x1b[K\xe2\x80\x99:\n'}
[56.571093] (hdl_localization) StderrLine: {'line': b'\x1b[01m\x1b[K/home/ysc/lite_cog_ros2/nav/src/hdl_localization/apps/./hdl_localization_app.hpp:365:26:\x1b[m\x1b[K \x1b[01;35m\x1b[Kwarning: \x1b[m\x1b[Kcomparison of integer expressions of different signedness: \xe2\x80\x98\x1b[01m\x1b[Kint\x1b[m\x1b[K\xe2\x80\x99 and \xe2\x80\x98\x1b[01m\x1b[Kstd::deque<std::shared_ptr<sensor_msgs::msg::Imu_<std::allocator<void> > > >::size_type\x1b[m\x1b[K\xe2\x80\x99 {aka \xe2\x80\x98\x1b[01m\x1b[Klong unsigned int\x1b[m\x1b[K\xe2\x80\x99} [\x1b[01;35m\x1b[K-Wsign-compare\x1b[m\x1b[K]\n'}
[56.571627] (hdl_localization) StderrLine: {'line': b'  365 |         for(int i = 0; \x1b[01;35m\x1b[Ki < imu_data_buffer_.size()\x1b[m\x1b[K; i++){\n'}
[56.572102] (hdl_localization) StderrLine: {'line': b'      |                        \x1b[01;35m\x1b[K~~^~~~~~~~~~~~~~~~~~~~~~~~~\x1b[m\x1b[K\n'}
[56.621453] (-) TimerEvent: {}
[56.722386] (-) TimerEvent: {}
[56.824021] (-) TimerEvent: {}
[56.886972] (hdl_localization) StderrLine: {'line': b'\x1b[01m\x1b[K/home/ysc/lite_cog_ros2/nav/src/hdl_localization/apps/./hdl_localization_app.hpp:\x1b[m\x1b[K In member function \xe2\x80\x98\x1b[01m\x1b[Kbool hdl_localization::HdlLocalizationApp::Relocalize(std::shared_ptr<rmw_request_id_t>, std::shared_ptr<std_srvs::srv::Empty_Request_<std::allocator<void> > >, std::shared_ptr<std_srvs::srv::Empty_Response_<std::allocator<void> > >)\x1b[m\x1b[K\xe2\x80\x99:\n'}
[56.887854] (hdl_localization) StderrLine: {'line': b'\x1b[01m\x1b[K/home/ysc/lite_cog_ros2/nav/src/hdl_localization/apps/./hdl_localization_app.hpp:556:56:\x1b[m\x1b[K \x1b[01;35m\x1b[Kwarning: \x1b[m\x1b[Kunused parameter \xe2\x80\x98\x1b[01m\x1b[Kreq\x1b[m\x1b[K\xe2\x80\x99 [\x1b[01;35m\x1b[K-Wunused-parameter\x1b[m\x1b[K]\n'}
[56.888345] (hdl_localization) StderrLine: {'line': b'  556 |         \x1b[01;35m\x1b[Kstd::shared_ptr<std_srvs::srv::Empty::Request> req\x1b[m\x1b[K,\n'}
[56.888794] (hdl_localization) StderrLine: {'line': b'      |         \x1b[01;35m\x1b[K~~~~~~~~~~~~~~~~~~~~~~~~~~~~~~~~~~~~~~~~~~~~~~~^~~\x1b[m\x1b[K\n'}
[56.889250] (hdl_localization) StderrLine: {'line': b'\x1b[01m\x1b[K/home/ysc/lite_cog_ros2/nav/src/hdl_localization/apps/./hdl_localization_app.hpp:557:57:\x1b[m\x1b[K \x1b[01;35m\x1b[Kwarning: \x1b[m\x1b[Kunused parameter \xe2\x80\x98\x1b[01m\x1b[Kres\x1b[m\x1b[K\xe2\x80\x99 [\x1b[01;35m\x1b[K-Wunused-parameter\x1b[m\x1b[K]\n'}
[56.889719] (hdl_localization) StderrLine: {'line': b'  557 |         \x1b[01;35m\x1b[Kstd::shared_ptr<std_srvs::srv::Empty::Response> res\x1b[m\x1b[K)\n'}
[56.890113] (hdl_localization) StderrLine: {'line': b'      |         \x1b[01;35m\x1b[K~~~~~~~~~~~~~~~~~~~~~~~~~~~~~~~~~~~~~~~~~~~~~~~~^~~\x1b[m\x1b[K\n'}
[56.924238] (-) TimerEvent: {}
[57.018972] (hdl_localization) StderrLine: {'line': b'\x1b[01m\x1b[K/home/ysc/lite_cog_ros2/nav/src/hdl_localization/apps/./hdl_localization_app.hpp:\x1b[m\x1b[K In member function \xe2\x80\x98\x1b[01m\x1b[Kvoid hdl_localization::HdlLocalizationApp::TimerCallback()\x1b[m\x1b[K\xe2\x80\x99:\n'}
[57.019804] (hdl_localization) StderrLine: {'line': b'\x1b[01m\x1b[K/home/ysc/lite_cog_ros2/nav/src/hdl_localization/apps/./hdl_localization_app.hpp:786:27:\x1b[m\x1b[K \x1b[01;35m\x1b[Kwarning: \x1b[m\x1b[Kcomparison of integer expressions of different signedness: \xe2\x80\x98\x1b[01m\x1b[Kint\x1b[m\x1b[K\xe2\x80\x99 and \xe2\x80\x98\x1b[01m\x1b[Kstd::deque<double>::size_type\x1b[m\x1b[K\xe2\x80\x99 {aka \xe2\x80\x98\x1b[01m\x1b[Klong unsigned int\x1b[m\x1b[K\xe2\x80\x99} [\x1b[01;35m\x1b[K-Wsign-compare\x1b[m\x1b[K]\n'}
[57.020232] (hdl_localization) StderrLine: {'line': b'  786 |             for(int i=0; \x1b[01;35m\x1b[Ki<ms_deque_.size()\x1b[m\x1b[K; i++){\n'}
[57.020703] (hdl_localization) StderrLine: {'line': b'      |                          \x1b[01;35m\x1b[K~^~~~~~~~~~~~~~~~~\x1b[m\x1b[K\n'}
[57.024396] (-) TimerEvent: {}
[57.125804] (-) TimerEvent: {}
[57.226978] (-) TimerEvent: {}
[57.328034] (-) TimerEvent: {}
[57.429395] (-) TimerEvent: {}
[57.530450] (-) TimerEvent: {}
[57.631539] (-) TimerEvent: {}
[57.732573] (-) TimerEvent: {}
[57.833898] (-) TimerEvent: {}
[57.934956] (-) TimerEvent: {}
[58.036027] (-) TimerEvent: {}
[58.137110] (-) TimerEvent: {}
[58.238212] (-) TimerEvent: {}
[58.381993] (-) TimerEvent: {}
[58.483379] (-) TimerEvent: {}
[58.584698] (-) TimerEvent: {}
[58.685686] (-) TimerEvent: {}
[58.786777] (-) TimerEvent: {}
[58.887823] (-) TimerEvent: {}
[58.988880] (-) TimerEvent: {}
[59.089887] (-) TimerEvent: {}
[59.191049] (-) TimerEvent: {}
[59.292077] (-) TimerEvent: {}
[59.393151] (-) TimerEvent: {}
[59.494178] (-) TimerEvent: {}
[59.595276] (-) TimerEvent: {}
[59.696412] (-) TimerEvent: {}
[59.797440] (-) TimerEvent: {}
[59.898531] (-) TimerEvent: {}
[59.999695] (-) TimerEvent: {}
[60.101085] (-) TimerEvent: {}
[60.202061] (-) TimerEvent: {}
[60.303213] (-) TimerEvent: {}
[60.404279] (-) TimerEvent: {}
[60.505395] (-) TimerEvent: {}
[60.606461] (-) TimerEvent: {}
[60.707523] (-) TimerEvent: {}
[60.808588] (-) TimerEvent: {}
[60.909648] (-) TimerEvent: {}
[61.010757] (-) TimerEvent: {}
[61.111852] (-) TimerEvent: {}
[61.212941] (-) TimerEvent: {}
[61.314039] (-) TimerEvent: {}
[61.415261] (-) TimerEvent: {}
[61.516675] (-) TimerEvent: {}
[61.617733] (-) TimerEvent: {}
[61.718840] (-) TimerEvent: {}
[61.819884] (-) TimerEvent: {}
[61.920921] (-) TimerEvent: {}
[62.021984] (-) TimerEvent: {}
[62.123204] (-) TimerEvent: {}
[62.224296] (-) TimerEvent: {}
[62.325324] (-) TimerEvent: {}
[62.426373] (-) TimerEvent: {}
[62.527421] (-) TimerEvent: {}
[62.628757] (-) TimerEvent: {}
[62.729836] (-) TimerEvent: {}
[62.830984] (-) TimerEvent: {}
[62.932103] (-) TimerEvent: {}
[63.033332] (-) TimerEvent: {}
[63.134369] (-) TimerEvent: {}
[63.235472] (-) TimerEvent: {}
[63.336534] (-) TimerEvent: {}
[63.478636] (-) TimerEvent: {}
[63.579644] (-) TimerEvent: {}
[63.680656] (-) TimerEvent: {}
[63.781666] (-) TimerEvent: {}
[63.883405] (-) TimerEvent: {}
[63.985006] (-) TimerEvent: {}
[64.086013] (-) TimerEvent: {}
[64.187114] (-) TimerEvent: {}
[64.288108] (-) TimerEvent: {}
[64.389251] (-) TimerEvent: {}
[64.490344] (-) TimerEvent: {}
[64.591415] (-) TimerEvent: {}
[64.692511] (-) TimerEvent: {}
[64.793628] (-) TimerEvent: {}
[64.894610] (-) TimerEvent: {}
[64.995679] (-) TimerEvent: {}
[65.096676] (-) TimerEvent: {}
[65.197698] (-) TimerEvent: {}
[65.298807] (-) TimerEvent: {}
[65.399837] (-) TimerEvent: {}
[65.500888] (-) TimerEvent: {}
[65.601866] (-) TimerEvent: {}
[65.703159] (-) TimerEvent: {}
[65.804237] (-) TimerEvent: {}
[65.905320] (-) TimerEvent: {}
[66.006401] (-) TimerEvent: {}
[66.107518] (-) TimerEvent: {}
[66.208626] (-) TimerEvent: {}
[66.309687] (-) TimerEvent: {}
[66.410769] (-) TimerEvent: {}
[66.511827] (-) TimerEvent: {}
[66.613006] (-) TimerEvent: {}
[66.714294] (-) TimerEvent: {}
[66.815373] (-) TimerEvent: {}
[66.916470] (-) TimerEvent: {}
[67.017482] (-) TimerEvent: {}
[67.118513] (-) TimerEvent: {}
[67.219606] (-) TimerEvent: {}
[67.320668] (-) TimerEvent: {}
[67.421669] (-) TimerEvent: {}
[67.522740] (-) TimerEvent: {}
[67.623803] (-) TimerEvent: {}
[67.724862] (-) TimerEvent: {}
[67.825966] (-) TimerEvent: {}
[67.927025] (-) TimerEvent: {}
[68.028021] (-) TimerEvent: {}
[68.129066] (-) TimerEvent: {}
[68.230019] (-) TimerEvent: {}
[68.331234] (-) TimerEvent: {}
[68.432838] (-) TimerEvent: {}
[68.574190] (-) TimerEvent: {}
[68.675331] (-) TimerEvent: {}
[68.776309] (-) TimerEvent: {}
[68.877264] (-) TimerEvent: {}
[68.978300] (-) TimerEvent: {}
[69.079358] (-) TimerEvent: {}
[69.180445] (-) TimerEvent: {}
[69.281573] (-) TimerEvent: {}
[69.382985] (-) TimerEvent: {}
[69.484043] (-) TimerEvent: {}
[69.585224] (-) TimerEvent: {}
[69.686635] (-) TimerEvent: {}
[69.787624] (-) TimerEvent: {}
[69.888744] (-) TimerEvent: {}
[69.989849] (-) TimerEvent: {}
[70.090918] (-) TimerEvent: {}
[70.191963] (-) TimerEvent: {}
[70.294236] (-) TimerEvent: {}
[70.395435] (-) TimerEvent: {}
[70.496470] (-) TimerEvent: {}
[70.597575] (-) TimerEvent: {}
[70.698743] (-) TimerEvent: {}
[70.799727] (-) TimerEvent: {}
[70.900772] (-) TimerEvent: {}
[71.001902] (-) TimerEvent: {}
[71.103420] (-) TimerEvent: {}
[71.204478] (-) TimerEvent: {}
[71.305641] (-) TimerEvent: {}
[71.406711] (-) TimerEvent: {}
[71.507836] (-) TimerEvent: {}
[71.609053] (-) TimerEvent: {}
[71.710207] (-) TimerEvent: {}
[71.811466] (-) TimerEvent: {}
[71.913610] (-) TimerEvent: {}
[72.016068] (-) TimerEvent: {}
[72.117137] (-) TimerEvent: {}
[72.218236] (-) TimerEvent: {}
[72.319472] (-) TimerEvent: {}
[72.420591] (-) TimerEvent: {}
[72.521868] (-) TimerEvent: {}
[72.623124] (-) TimerEvent: {}
[72.724126] (-) TimerEvent: {}
[72.825179] (-) TimerEvent: {}
[72.926271] (-) TimerEvent: {}
[73.027355] (-) TimerEvent: {}
[73.129073] (-) TimerEvent: {}
[73.230211] (-) TimerEvent: {}
[73.331569] (-) TimerEvent: {}
[73.433185] (-) TimerEvent: {}
[73.535155] (-) TimerEvent: {}
[73.677792] (-) TimerEvent: {}
[73.779405] (-) TimerEvent: {}
[73.880583] (-) TimerEvent: {}
[73.981804] (-) TimerEvent: {}
[74.083400] (-) TimerEvent: {}
[74.184616] (-) TimerEvent: {}
[74.285825] (-) TimerEvent: {}
[74.386989] (-) TimerEvent: {}
[74.488103] (-) TimerEvent: {}
[74.589541] (-) TimerEvent: {}
[74.690767] (-) TimerEvent: {}
[74.791866] (-) TimerEvent: {}
[74.893153] (-) TimerEvent: {}
[74.994417] (-) TimerEvent: {}
[75.095733] (-) TimerEvent: {}
[75.196970] (-) TimerEvent: {}
[75.298118] (-) TimerEvent: {}
[75.399674] (-) TimerEvent: {}
[75.501605] (-) TimerEvent: {}
[75.603407] (-) TimerEvent: {}
[75.704534] (-) TimerEvent: {}
[75.805659] (-) TimerEvent: {}
[75.906997] (-) TimerEvent: {}
[76.008071] (-) TimerEvent: {}
[76.109245] (-) TimerEvent: {}
[76.211080] (-) TimerEvent: {}
[76.312150] (-) TimerEvent: {}
[76.413844] (-) TimerEvent: {}
[76.514885] (-) TimerEvent: {}
[76.615955] (-) TimerEvent: {}
[76.717120] (-) TimerEvent: {}
[76.818224] (-) TimerEvent: {}
[76.919491] (-) TimerEvent: {}
[77.020511] (-) TimerEvent: {}
[77.121575] (-) TimerEvent: {}
[77.223042] (-) TimerEvent: {}
[77.324391] (-) TimerEvent: {}
[77.425488] (-) TimerEvent: {}
[77.526609] (-) TimerEvent: {}
[77.627605] (-) TimerEvent: {}
[77.728707] (-) TimerEvent: {}
[77.829898] (-) TimerEvent: {}
[77.931197] (-) TimerEvent: {}
[78.032315] (-) TimerEvent: {}
[78.133894] (-) TimerEvent: {}
[78.234978] (-) TimerEvent: {}
[78.336004] (-) TimerEvent: {}
[78.437033] (-) TimerEvent: {}
[78.538174] (-) TimerEvent: {}
[78.639527] (-) TimerEvent: {}
[78.740521] (-) TimerEvent: {}
[78.841601] (-) TimerEvent: {}
[78.942786] (-) TimerEvent: {}
[79.043894] (-) TimerEvent: {}
[79.144966] (-) TimerEvent: {}
[79.245998] (-) TimerEvent: {}
[79.347186] (-) TimerEvent: {}
[79.448233] (-) TimerEvent: {}
[79.549257] (-) TimerEvent: {}
[79.650368] (-) TimerEvent: {}
[79.751664] (-) TimerEvent: {}
[79.852658] (-) TimerEvent: {}
[79.954002] (-) TimerEvent: {}
[80.055040] (-) TimerEvent: {}
[80.156019] (-) TimerEvent: {}
[80.257005] (-) TimerEvent: {}
[80.358129] (-) TimerEvent: {}
[80.459400] (-) TimerEvent: {}
[80.560482] (-) TimerEvent: {}
[80.661522] (-) TimerEvent: {}
[80.762640] (-) TimerEvent: {}
[80.863782] (-) TimerEvent: {}
[80.964793] (-) TimerEvent: {}
[81.065825] (-) TimerEvent: {}
[81.167461] (-) TimerEvent: {}
[81.268555] (-) TimerEvent: {}
[81.369557] (-) TimerEvent: {}
[81.470650] (-) TimerEvent: {}
[81.571650] (-) TimerEvent: {}
[81.672693] (-) TimerEvent: {}
[81.774237] (-) TimerEvent: {}
[81.875377] (-) TimerEvent: {}
[81.976346] (-) TimerEvent: {}
[82.077412] (-) TimerEvent: {}
[82.178482] (-) TimerEvent: {}
[82.279627] (-) TimerEvent: {}
[82.380676] (-) TimerEvent: {}
[82.481670] (-) TimerEvent: {}
[82.582754] (-) TimerEvent: {}
[82.683853] (-) TimerEvent: {}
[82.785233] (-) TimerEvent: {}
[82.886262] (-) TimerEvent: {}
[82.987294] (-) TimerEvent: {}
[83.088312] (-) TimerEvent: {}
[83.189345] (-) TimerEvent: {}
[83.290345] (-) TimerEvent: {}
[83.391429] (-) TimerEvent: {}
[83.492466] (-) TimerEvent: {}
[83.593639] (-) TimerEvent: {}
[83.694741] (-) TimerEvent: {}
[83.836655] (-) TimerEvent: {}
[83.937728] (-) TimerEvent: {}
[84.038781] (-) TimerEvent: {}
[84.139831] (-) TimerEvent: {}
[84.240847] (-) TimerEvent: {}
[84.341933] (-) TimerEvent: {}
[84.443140] (-) TimerEvent: {}
[84.544183] (-) TimerEvent: {}
[84.645304] (-) TimerEvent: {}
[84.746408] (-) TimerEvent: {}
[84.847548] (-) TimerEvent: {}
[84.948714] (-) TimerEvent: {}
[85.050024] (-) TimerEvent: {}
[85.151136] (-) TimerEvent: {}
[85.252432] (-) TimerEvent: {}
[85.354171] (-) TimerEvent: {}
[85.455407] (-) TimerEvent: {}
[85.556452] (-) TimerEvent: {}
[85.657490] (-) TimerEvent: {}
[85.758750] (-) TimerEvent: {}
[85.859787] (-) TimerEvent: {}
[85.960834] (-) TimerEvent: {}
[86.061880] (-) TimerEvent: {}
[86.163006] (-) TimerEvent: {}
[86.264126] (-) TimerEvent: {}
[86.365191] (-) TimerEvent: {}
[86.466230] (-) TimerEvent: {}
[86.567355] (-) TimerEvent: {}
[86.668423] (-) TimerEvent: {}
[86.769549] (-) TimerEvent: {}
[86.870657] (-) TimerEvent: {}
[86.971679] (-) TimerEvent: {}
[87.072708] (-) TimerEvent: {}
[87.173813] (-) TimerEvent: {}
[87.274994] (-) TimerEvent: {}
[87.376047] (-) TimerEvent: {}
[87.477042] (-) TimerEvent: {}
[87.578112] (-) TimerEvent: {}
[87.679331] (-) TimerEvent: {}
[87.780397] (-) TimerEvent: {}
[87.881427] (-) TimerEvent: {}
[87.982481] (-) TimerEvent: {}
[88.083697] (-) TimerEvent: {}
[88.184765] (-) TimerEvent: {}
[88.285732] (-) TimerEvent: {}
[88.386915] (-) TimerEvent: {}
[88.488257] (-) TimerEvent: {}
[88.589397] (-) TimerEvent: {}
[88.690456] (-) TimerEvent: {}
[88.791506] (-) TimerEvent: {}
[88.892636] (-) TimerEvent: {}
[89.034639] (-) TimerEvent: {}
[89.135860] (-) TimerEvent: {}
[89.236879] (-) TimerEvent: {}
[89.338735] (-) TimerEvent: {}
[89.441597] (-) TimerEvent: {}
[89.542719] (-) TimerEvent: {}
[89.643808] (-) TimerEvent: {}
[89.744860] (-) TimerEvent: {}
[89.845902] (-) TimerEvent: {}
[89.946968] (-) TimerEvent: {}
[90.048076] (-) TimerEvent: {}
[90.149102] (-) TimerEvent: {}
[90.250180] (-) TimerEvent: {}
[90.351496] (-) TimerEvent: {}
[90.452474] (-) TimerEvent: {}
[90.553604] (-) TimerEvent: {}
[90.654779] (-) TimerEvent: {}
[90.755814] (-) TimerEvent: {}
[90.856853] (-) TimerEvent: {}
[90.957936] (-) TimerEvent: {}
[91.059119] (-) TimerEvent: {}
[91.160167] (-) TimerEvent: {}
[91.261293] (-) TimerEvent: {}
[91.362366] (-) TimerEvent: {}
[91.463554] (-) TimerEvent: {}
[91.564595] (-) TimerEvent: {}
[91.665646] (-) TimerEvent: {}
[91.766738] (-) TimerEvent: {}
[91.867762] (-) TimerEvent: {}
[91.968872] (-) TimerEvent: {}
[92.069945] (-) TimerEvent: {}
[92.170975] (-) TimerEvent: {}
[92.272047] (-) TimerEvent: {}
[92.373186] (-) TimerEvent: {}
[92.474183] (-) TimerEvent: {}
[92.575303] (-) TimerEvent: {}
[92.676336] (-) TimerEvent: {}
[92.777451] (-) TimerEvent: {}
[92.878612] (-) TimerEvent: {}
[92.979678] (-) TimerEvent: {}
[93.080727] (-) TimerEvent: {}
[93.181733] (-) TimerEvent: {}
[93.282893] (-) TimerEvent: {}
[93.384049] (-) TimerEvent: {}
[93.485297] (-) TimerEvent: {}
[93.586351] (-) TimerEvent: {}
[93.687423] (-) TimerEvent: {}
[93.788456] (-) TimerEvent: {}
[93.889524] (-) TimerEvent: {}
[93.990666] (-) TimerEvent: {}
[94.091700] (-) TimerEvent: {}
[94.233682] (-) TimerEvent: {}
[94.334788] (-) TimerEvent: {}
[94.435860] (-) TimerEvent: {}
[94.537072] (-) TimerEvent: {}
[94.638121] (-) TimerEvent: {}
[94.739329] (-) TimerEvent: {}
[94.840358] (-) TimerEvent: {}
[94.941430] (-) TimerEvent: {}
[95.042436] (-) TimerEvent: {}
[95.143854] (-) TimerEvent: {}
[95.244887] (-) TimerEvent: {}
[95.345931] (-) TimerEvent: {}
[95.446953] (-) TimerEvent: {}
[95.547862] (-) TimerEvent: {}
[95.648879] (-) TimerEvent: {}
[95.750082] (-) TimerEvent: {}
[95.851405] (-) TimerEvent: {}
[95.952423] (-) TimerEvent: {}
[96.053430] (-) TimerEvent: {}
[96.154492] (-) TimerEvent: {}
[96.255590] (-) TimerEvent: {}
[96.356664] (-) TimerEvent: {}
[96.457725] (-) TimerEvent: {}
[96.558782] (-) TimerEvent: {}
[96.659836] (-) TimerEvent: {}
[96.760875] (-) TimerEvent: {}
[96.861936] (-) TimerEvent: {}
[96.962969] (-) TimerEvent: {}
[97.064012] (-) TimerEvent: {}
[97.165072] (-) TimerEvent: {}
[97.266133] (-) TimerEvent: {}
[97.367284] (-) TimerEvent: {}
[97.468337] (-) TimerEvent: {}
[97.569471] (-) TimerEvent: {}
[97.670511] (-) TimerEvent: {}
[97.771603] (-) TimerEvent: {}
[97.872646] (-) TimerEvent: {}
[97.973680] (-) TimerEvent: {}
[98.074742] (-) TimerEvent: {}
[98.175785] (-) TimerEvent: {}
[98.276828] (-) TimerEvent: {}
[98.377919] (-) TimerEvent: {}
[98.479170] (-) TimerEvent: {}
[98.580308] (-) TimerEvent: {}
[98.681363] (-) TimerEvent: {}
[98.782435] (-) TimerEvent: {}
[98.883592] (-) TimerEvent: {}
[98.984692] (-) TimerEvent: {}
[99.085703] (-) TimerEvent: {}
[99.186757] (-) TimerEvent: {}
[99.428934] (-) TimerEvent: {}
[99.529963] (-) TimerEvent: {}
[99.631067] (-) TimerEvent: {}
[99.732009] (-) TimerEvent: {}
[99.833183] (-) TimerEvent: {}
[99.934466] (-) TimerEvent: {}
[100.036870] (-) TimerEvent: {}
[100.137928] (-) TimerEvent: {}
[100.239283] (-) TimerEvent: {}
[100.340376] (-) TimerEvent: {}
[100.442459] (-) TimerEvent: {}
[100.544084] (-) TimerEvent: {}
[100.645426] (-) TimerEvent: {}
[100.746836] (-) TimerEvent: {}
[100.848116] (-) TimerEvent: {}
[100.949059] (-) TimerEvent: {}
[101.050219] (-) TimerEvent: {}
[101.151511] (-) TimerEvent: {}
[101.252514] (-) TimerEvent: {}
[101.354527] (-) TimerEvent: {}
[101.455828] (-) TimerEvent: {}
[101.556951] (-) TimerEvent: {}
[101.658124] (-) TimerEvent: {}
[101.759337] (-) TimerEvent: {}
[101.860620] (-) TimerEvent: {}
[101.961826] (-) TimerEvent: {}
[102.067396] (-) TimerEvent: {}
[102.168394] (-) TimerEvent: {}
[102.269427] (-) TimerEvent: {}
[102.370460] (-) TimerEvent: {}
[102.471542] (-) TimerEvent: {}
[102.572721] (-) TimerEvent: {}
[102.674624] (-) TimerEvent: {}
[102.775786] (-) TimerEvent: {}
[102.877217] (-) TimerEvent: {}
[102.978977] (-) TimerEvent: {}
[103.080020] (-) TimerEvent: {}
[103.181092] (-) TimerEvent: {}
[103.282111] (-) TimerEvent: {}
[103.383234] (-) TimerEvent: {}
[103.484576] (-) TimerEvent: {}
[103.585609] (-) TimerEvent: {}
[103.687216] (-) TimerEvent: {}
[103.788474] (-) TimerEvent: {}
[103.889898] (-) TimerEvent: {}
[103.991114] (-) TimerEvent: {}
[104.092695] (-) TimerEvent: {}
[104.194702] (-) TimerEvent: {}
[104.295754] (-) TimerEvent: {}
[104.439712] (-) TimerEvent: {}
[104.540776] (-) TimerEvent: {}
[104.641809] (-) TimerEvent: {}
[104.742812] (-) TimerEvent: {}
[104.843971] (-) TimerEvent: {}
[104.945063] (-) TimerEvent: {}
[105.046128] (-) TimerEvent: {}
[105.147237] (-) TimerEvent: {}
[105.248298] (-) TimerEvent: {}
[105.349365] (-) TimerEvent: {}
[105.450476] (-) TimerEvent: {}
[105.551623] (-) TimerEvent: {}
[105.653801] (-) TimerEvent: {}
[105.754934] (-) TimerEvent: {}
[105.855989] (-) TimerEvent: {}
[105.957067] (-) TimerEvent: {}
[106.058171] (-) TimerEvent: {}
[106.159641] (-) TimerEvent: {}
[106.260694] (-) TimerEvent: {}
[106.361805] (-) TimerEvent: {}
[106.462941] (-) TimerEvent: {}
[106.564454] (-) TimerEvent: {}
[106.665501] (-) TimerEvent: {}
[106.766734] (-) TimerEvent: {}
[106.868055] (-) TimerEvent: {}
[106.969139] (-) TimerEvent: {}
[107.070219] (-) TimerEvent: {}
[107.171399] (-) TimerEvent: {}
[107.272427] (-) TimerEvent: {}
[107.373553] (-) TimerEvent: {}
[107.474676] (-) TimerEvent: {}
[107.575684] (-) TimerEvent: {}
[107.676669] (-) TimerEvent: {}
[107.777676] (-) TimerEvent: {}
[107.878733] (-) TimerEvent: {}
[107.979876] (-) TimerEvent: {}
[108.081049] (-) TimerEvent: {}
[108.182179] (-) TimerEvent: {}
[108.283339] (-) TimerEvent: {}
[108.384679] (-) TimerEvent: {}
[108.485814] (-) TimerEvent: {}
[108.586893] (-) TimerEvent: {}
[108.687929] (-) TimerEvent: {}
[108.788971] (-) TimerEvent: {}
[108.890018] (-) TimerEvent: {}
[108.991137] (-) TimerEvent: {}
[109.092227] (-) TimerEvent: {}
[109.193319] (-) TimerEvent: {}
[109.294424] (-) TimerEvent: {}
[109.395544] (-) TimerEvent: {}
[109.496602] (-) TimerEvent: {}
[109.640169] (-) TimerEvent: {}
[109.741233] (-) TimerEvent: {}
[109.842301] (-) TimerEvent: {}
[109.943521] (-) TimerEvent: {}
[110.044544] (-) TimerEvent: {}
[110.145622] (-) TimerEvent: {}
[110.246763] (-) TimerEvent: {}
[110.347793] (-) TimerEvent: {}
[110.448823] (-) TimerEvent: {}
[110.549904] (-) TimerEvent: {}
[110.651091] (-) TimerEvent: {}
[110.752326] (-) TimerEvent: {}
[110.853420] (-) TimerEvent: {}
[110.954472] (-) TimerEvent: {}
[111.055521] (-) TimerEvent: {}
[111.180972] (-) TimerEvent: {}
[111.288772] (-) TimerEvent: {}
[111.391290] (-) TimerEvent: {}
[111.492404] (-) TimerEvent: {}
[111.594413] (-) TimerEvent: {}
[111.696610] (-) TimerEvent: {}
[111.797839] (-) TimerEvent: {}
[111.899432] (-) TimerEvent: {}
[112.000497] (-) TimerEvent: {}
[112.101529] (-) TimerEvent: {}
[112.202666] (-) TimerEvent: {}
[112.304165] (-) TimerEvent: {}
[112.405699] (-) TimerEvent: {}
[112.507029] (-) TimerEvent: {}
[112.608500] (-) TimerEvent: {}
[112.709794] (-) TimerEvent: {}
[112.810799] (-) TimerEvent: {}
[112.911883] (-) TimerEvent: {}
[113.013097] (-) TimerEvent: {}
[113.114320] (-) TimerEvent: {}
[113.215636] (-) TimerEvent: {}
[113.316787] (-) TimerEvent: {}
[113.417998] (-) TimerEvent: {}
[113.519408] (-) TimerEvent: {}
[113.620644] (-) TimerEvent: {}
[113.721759] (-) TimerEvent: {}
[113.823076] (-) TimerEvent: {}
[113.924717] (-) TimerEvent: {}
[114.025914] (-) TimerEvent: {}
[114.127149] (-) TimerEvent: {}
[114.228148] (-) TimerEvent: {}
[114.329471] (-) TimerEvent: {}
[114.431475] (-) TimerEvent: {}
[114.532547] (-) TimerEvent: {}
[114.634249] (-) TimerEvent: {}
[114.775236] (-) TimerEvent: {}
[114.876408] (-) TimerEvent: {}
[114.977612] (-) TimerEvent: {}
[115.078828] (-) TimerEvent: {}
[115.180138] (-) TimerEvent: {}
[115.281326] (-) TimerEvent: {}
[115.382591] (-) TimerEvent: {}
[115.483805] (-) TimerEvent: {}
[115.585930] (-) TimerEvent: {}
[115.687185] (-) TimerEvent: {}
[115.788317] (-) TimerEvent: {}
[115.889524] (-) TimerEvent: {}
[115.990795] (-) TimerEvent: {}
[116.091808] (-) TimerEvent: {}
[116.192903] (-) TimerEvent: {}
[116.294130] (-) TimerEvent: {}
[116.395407] (-) TimerEvent: {}
[116.496587] (-) TimerEvent: {}
[116.597746] (-) TimerEvent: {}
[116.699044] (-) TimerEvent: {}
[116.800222] (-) TimerEvent: {}
[116.901470] (-) TimerEvent: {}
[117.002716] (-) TimerEvent: {}
[117.103753] (-) TimerEvent: {}
[117.204857] (-) TimerEvent: {}
[117.306004] (-) TimerEvent: {}
[117.407123] (-) TimerEvent: {}
[117.508123] (-) TimerEvent: {}
[117.609185] (-) TimerEvent: {}
[117.710156] (-) TimerEvent: {}
[117.811256] (-) TimerEvent: {}
[117.912319] (-) TimerEvent: {}
[118.013715] (-) TimerEvent: {}
[118.114864] (-) TimerEvent: {}
[118.215920] (-) TimerEvent: {}
[118.317045] (-) TimerEvent: {}
[118.418202] (-) TimerEvent: {}
[118.519988] (-) TimerEvent: {}
[118.621129] (-) TimerEvent: {}
[118.722169] (-) TimerEvent: {}
[118.823222] (-) TimerEvent: {}
[118.924240] (-) TimerEvent: {}
[119.025355] (-) TimerEvent: {}
[119.126372] (-) TimerEvent: {}
[119.227472] (-) TimerEvent: {}
[119.328497] (-) TimerEvent: {}
[119.429516] (-) TimerEvent: {}
[119.530680] (-) TimerEvent: {}
[119.631819] (-) TimerEvent: {}
[119.732893] (-) TimerEvent: {}
[119.874211] (-) TimerEvent: {}
[119.975378] (-) TimerEvent: {}
[120.076463] (-) TimerEvent: {}
[120.177537] (-) TimerEvent: {}
[120.278643] (-) TimerEvent: {}
[120.379686] (-) TimerEvent: {}
[120.480784] (-) TimerEvent: {}
[120.581815] (-) TimerEvent: {}
[120.682930] (-) TimerEvent: {}
[120.783980] (-) TimerEvent: {}
[120.885126] (-) TimerEvent: {}
[120.986269] (-) TimerEvent: {}
[121.087419] (-) TimerEvent: {}
[121.188387] (-) TimerEvent: {}
[121.289408] (-) TimerEvent: {}
[121.392253] (-) TimerEvent: {}
[121.493631] (-) TimerEvent: {}
[121.594672] (-) TimerEvent: {}
[121.696266] (-) TimerEvent: {}
[121.797323] (-) TimerEvent: {}
[121.898349] (-) TimerEvent: {}
[121.999556] (-) TimerEvent: {}
[122.100725] (-) TimerEvent: {}
[122.201862] (-) TimerEvent: {}
[122.302940] (-) TimerEvent: {}
[122.404060] (-) TimerEvent: {}
[122.505102] (-) TimerEvent: {}
[122.606161] (-) TimerEvent: {}
[122.707390] (-) TimerEvent: {}
[122.808775] (-) TimerEvent: {}
[122.909874] (-) TimerEvent: {}
[123.011101] (-) TimerEvent: {}
[123.112128] (-) TimerEvent: {}
[123.213248] (-) TimerEvent: {}
[123.314332] (-) TimerEvent: {}
[123.415447] (-) TimerEvent: {}
[123.516530] (-) TimerEvent: {}
[123.617647] (-) TimerEvent: {}
[123.718786] (-) TimerEvent: {}
[123.819836] (-) TimerEvent: {}
[123.920938] (-) TimerEvent: {}
[124.022030] (-) TimerEvent: {}
[124.123138] (-) TimerEvent: {}
[124.224209] (-) TimerEvent: {}
[124.325272] (-) TimerEvent: {}
[124.426266] (-) TimerEvent: {}
[124.527506] (-) TimerEvent: {}
[124.628612] (-) TimerEvent: {}
[124.729597] (-) TimerEvent: {}
[124.927600] (-) TimerEvent: {}
[125.028674] (-) TimerEvent: {}
[125.129753] (-) TimerEvent: {}
[125.230791] (-) TimerEvent: {}
[125.331864] (-) TimerEvent: {}
[125.433024] (-) TimerEvent: {}
[125.534124] (-) TimerEvent: {}
[125.635253] (-) TimerEvent: {}
[125.736215] (-) TimerEvent: {}
[125.837255] (-) TimerEvent: {}
[125.938277] (-) TimerEvent: {}
[126.039298] (-) TimerEvent: {}
[126.140246] (-) TimerEvent: {}
[126.241250] (-) TimerEvent: {}
[126.342321] (-) TimerEvent: {}
[126.443540] (-) TimerEvent: {}
[126.545081] (-) TimerEvent: {}
[126.646089] (-) TimerEvent: {}
[126.747200] (-) TimerEvent: {}
[126.848237] (-) TimerEvent: {}
[126.949260] (-) TimerEvent: {}
[127.050317] (-) TimerEvent: {}
[127.151732] (-) TimerEvent: {}
[127.252848] (-) TimerEvent: {}
[127.354069] (-) TimerEvent: {}
[127.455290] (-) TimerEvent: {}
[127.556367] (-) TimerEvent: {}
[127.657394] (-) TimerEvent: {}
[127.758438] (-) TimerEvent: {}
[127.859554] (-) TimerEvent: {}
[127.960598] (-) TimerEvent: {}
[128.061752] (-) TimerEvent: {}
[128.162922] (-) TimerEvent: {}
[128.263971] (-) TimerEvent: {}
[128.365140] (-) TimerEvent: {}
[128.466162] (-) TimerEvent: {}
[128.567341] (-) TimerEvent: {}
[128.668442] (-) TimerEvent: {}
[128.769518] (-) TimerEvent: {}
[128.871151] (-) TimerEvent: {}
[128.972220] (-) TimerEvent: {}
[129.073224] (-) TimerEvent: {}
[129.174326] (-) TimerEvent: {}
[129.275596] (-) TimerEvent: {}
[129.376628] (-) TimerEvent: {}
[129.477674] (-) TimerEvent: {}
[129.579857] (-) TimerEvent: {}
[129.682626] (-) TimerEvent: {}
[129.783693] (-) TimerEvent: {}
[129.884863] (-) TimerEvent: {}
[130.028760] (-) TimerEvent: {}
[130.130041] (-) TimerEvent: {}
[130.231118] (-) TimerEvent: {}
[130.332135] (-) TimerEvent: {}
[130.433201] (-) TimerEvent: {}
[130.534285] (-) TimerEvent: {}
[130.635979] (-) TimerEvent: {}
[130.737338] (-) TimerEvent: {}
[130.838373] (-) TimerEvent: {}
[130.939521] (-) TimerEvent: {}
[131.040919] (-) TimerEvent: {}
[131.141988] (-) TimerEvent: {}
[131.243137] (-) TimerEvent: {}
[131.344200] (-) TimerEvent: {}
[131.445932] (-) TimerEvent: {}
[131.547160] (-) TimerEvent: {}
[131.648191] (-) TimerEvent: {}
[131.749205] (-) TimerEvent: {}
[131.850312] (-) TimerEvent: {}
[131.951521] (-) TimerEvent: {}
[132.052802] (-) TimerEvent: {}
[132.153847] (-) TimerEvent: {}
[132.254939] (-) TimerEvent: {}
[132.355996] (-) TimerEvent: {}
[132.457088] (-) TimerEvent: {}
[132.558127] (-) TimerEvent: {}
[132.659219] (-) TimerEvent: {}
[132.760314] (-) TimerEvent: {}
[132.861365] (-) TimerEvent: {}
[132.962345] (-) TimerEvent: {}
[133.063583] (-) TimerEvent: {}
[133.164753] (-) TimerEvent: {}
[133.265924] (-) TimerEvent: {}
[133.367015] (-) TimerEvent: {}
[133.468322] (-) TimerEvent: {}
[133.569366] (-) TimerEvent: {}
[133.670411] (-) TimerEvent: {}
[133.771599] (-) TimerEvent: {}
[133.872577] (-) TimerEvent: {}
[133.973762] (-) TimerEvent: {}
[134.075423] (-) TimerEvent: {}
[134.176522] (-) TimerEvent: {}
[134.277568] (-) TimerEvent: {}
[134.378770] (-) TimerEvent: {}
[134.480018] (-) TimerEvent: {}
[134.581058] (-) TimerEvent: {}
[134.682131] (-) TimerEvent: {}
[134.783251] (-) TimerEvent: {}
[134.884293] (-) TimerEvent: {}
[134.985988] (-) TimerEvent: {}
[135.128735] (-) TimerEvent: {}
[135.229721] (-) TimerEvent: {}
[135.330914] (-) TimerEvent: {}
[135.431965] (-) TimerEvent: {}
[135.532962] (-) TimerEvent: {}
[135.633945] (-) TimerEvent: {}
[135.735061] (-) TimerEvent: {}
[135.836072] (-) TimerEvent: {}
[135.937062] (-) TimerEvent: {}
[136.038159] (-) TimerEvent: {}
[136.139185] (-) TimerEvent: {}
[136.240218] (-) TimerEvent: {}
[136.341242] (-) TimerEvent: {}
[136.442791] (-) TimerEvent: {}
[136.543816] (-) TimerEvent: {}
[136.645264] (-) TimerEvent: {}
[136.746330] (-) TimerEvent: {}
[136.847492] (-) TimerEvent: {}
[136.948535] (-) TimerEvent: {}
[137.050301] (-) TimerEvent: {}
[137.151666] (-) TimerEvent: {}
[137.252676] (-) TimerEvent: {}
[137.353663] (-) TimerEvent: {}
[137.454731] (-) TimerEvent: {}
[137.555726] (-) TimerEvent: {}
[137.656692] (-) TimerEvent: {}
[137.757781] (-) TimerEvent: {}
[137.858880] (-) TimerEvent: {}
[137.959913] (-) TimerEvent: {}
[138.060981] (-) TimerEvent: {}
[138.162037] (-) TimerEvent: {}
[138.263175] (-) TimerEvent: {}
[138.364146] (-) TimerEvent: {}
[138.465103] (-) TimerEvent: {}
[138.566244] (-) TimerEvent: {}
[138.667335] (-) TimerEvent: {}
[138.768419] (-) TimerEvent: {}
[138.869443] (-) TimerEvent: {}
[138.970702] (-) TimerEvent: {}
[139.071855] (-) TimerEvent: {}
[139.172824] (-) TimerEvent: {}
[139.273867] (-) TimerEvent: {}
[139.375066] (-) TimerEvent: {}
[139.476157] (-) TimerEvent: {}
[139.577174] (-) TimerEvent: {}
[139.678131] (-) TimerEvent: {}
[139.779327] (-) TimerEvent: {}
[139.880486] (-) TimerEvent: {}
[139.981491] (-) TimerEvent: {}
[140.173707] (-) TimerEvent: {}
[140.274753] (-) TimerEvent: {}
[140.375869] (-) TimerEvent: {}
[140.477518] (-) TimerEvent: {}
[140.578672] (-) TimerEvent: {}
[140.679930] (-) TimerEvent: {}
[140.781009] (-) TimerEvent: {}
[140.882093] (-) TimerEvent: {}
[140.983160] (-) TimerEvent: {}
[141.084230] (-) TimerEvent: {}
[141.185314] (-) TimerEvent: {}
[141.286790] (-) TimerEvent: {}
[141.387884] (-) TimerEvent: {}
[141.488889] (-) TimerEvent: {}
[141.589967] (-) TimerEvent: {}
[141.691090] (-) TimerEvent: {}
[141.792194] (-) TimerEvent: {}
[141.893253] (-) TimerEvent: {}
[141.975726] (hdl_localization) StderrLine: {'line': b'\x1b[01m\x1b[K/home/ysc/lite_cog_ros2/nav/src/hdl_localization/apps/./hdl_localization_app.hpp:789:24:\x1b[m\x1b[K \x1b[01;35m\x1b[Kwarning: \x1b[m\x1b[K\xe2\x80\x98\x1b[01m\x1b[Ktotal_ms\x1b[m\x1b[K\xe2\x80\x99 may be used uninitialized in this function [\x1b[01;35m\x1b[K-Wmaybe-uninitialized\x1b[m\x1b[K]\n'}
[141.976929] (hdl_localization) StderrLine: {'line': b'  789 |             \x1b[01;35m\x1b[Kaverage_ms = total_ms / ms_deque_.size()\x1b[m\x1b[K;\n'}
[141.977357] (hdl_localization) StderrLine: {'line': b'      |             \x1b[01;35m\x1b[K~~~~~~~~~~~^~~~~~~~~~~~~~~~~~~~~~~~~~~~~\x1b[m\x1b[K\n'}
[141.993428] (-) TimerEvent: {}
[142.094399] (-) TimerEvent: {}
[142.195514] (-) TimerEvent: {}
[142.296678] (-) TimerEvent: {}
[142.397941] (-) TimerEvent: {}
[142.499040] (-) TimerEvent: {}
[142.599994] (-) TimerEvent: {}
[142.701188] (-) TimerEvent: {}
[142.802646] (-) TimerEvent: {}
[142.903660] (-) TimerEvent: {}
[143.004655] (-) TimerEvent: {}
[143.105691] (-) TimerEvent: {}
[143.206905] (-) TimerEvent: {}
[143.307953] (-) TimerEvent: {}
[143.408980] (-) TimerEvent: {}
[143.509955] (-) TimerEvent: {}
[143.611050] (-) TimerEvent: {}
[143.712136] (-) TimerEvent: {}
[143.813167] (-) TimerEvent: {}
[143.914207] (-) TimerEvent: {}
[144.015305] (-) TimerEvent: {}
[144.116671] (-) TimerEvent: {}
[144.217687] (-) TimerEvent: {}
[144.318768] (-) TimerEvent: {}
[144.419763] (-) TimerEvent: {}
[144.520748] (-) TimerEvent: {}
[144.621732] (-) TimerEvent: {}
[144.723078] (-) TimerEvent: {}
[144.824091] (-) TimerEvent: {}
[144.925139] (-) TimerEvent: {}
[145.026115] (-) TimerEvent: {}
[145.186042] (-) TimerEvent: {}
[145.287716] (-) TimerEvent: {}
[145.388760] (-) TimerEvent: {}
[145.489794] (-) TimerEvent: {}
[145.590884] (-) TimerEvent: {}
[145.691900] (-) TimerEvent: {}
[145.792967] (-) TimerEvent: {}
[145.894080] (-) TimerEvent: {}
[145.995269] (-) TimerEvent: {}
[146.096322] (-) TimerEvent: {}
[146.197357] (-) TimerEvent: {}
[146.298441] (-) TimerEvent: {}
[146.399512] (-) TimerEvent: {}
[146.500549] (-) TimerEvent: {}
[146.601626] (-) TimerEvent: {}
[146.703035] (-) TimerEvent: {}
[146.804206] (-) TimerEvent: {}
[146.905200] (-) TimerEvent: {}
[147.006248] (-) TimerEvent: {}
[147.107354] (-) TimerEvent: {}
[147.208652] (-) TimerEvent: {}
[147.309672] (-) TimerEvent: {}
[147.410752] (-) TimerEvent: {}
[147.511836] (-) TimerEvent: {}
[147.613357] (-) TimerEvent: {}
[147.714392] (-) TimerEvent: {}
[147.815482] (-) TimerEvent: {}
[147.916560] (-) TimerEvent: {}
[148.017798] (-) TimerEvent: {}
[148.119189] (-) TimerEvent: {}
[148.220258] (-) TimerEvent: {}
[148.321284] (-) TimerEvent: {}
[148.422355] (-) TimerEvent: {}
[148.523624] (-) TimerEvent: {}
[148.624705] (-) TimerEvent: {}
[148.725758] (-) TimerEvent: {}
[148.826890] (-) TimerEvent: {}
[148.927873] (-) TimerEvent: {}
[149.028848] (-) TimerEvent: {}
[149.129878] (-) TimerEvent: {}
[149.231115] (-) TimerEvent: {}
[149.332091] (-) TimerEvent: {}
[149.433076] (-) TimerEvent: {}
[149.534139] (-) TimerEvent: {}
[149.635849] (-) TimerEvent: {}
[149.736878] (-) TimerEvent: {}
[149.837889] (-) TimerEvent: {}
[149.939002] (-) TimerEvent: {}
[150.039981] (-) TimerEvent: {}
[150.141116] (-) TimerEvent: {}
[150.296816] (-) TimerEvent: {}
[150.397858] (-) TimerEvent: {}
[150.499023] (-) TimerEvent: {}
[150.600092] (-) TimerEvent: {}
[150.701186] (-) TimerEvent: {}
[150.802307] (-) TimerEvent: {}
[150.903392] (-) TimerEvent: {}
[151.004460] (-) TimerEvent: {}
[151.105525] (-) TimerEvent: {}
[151.206591] (-) TimerEvent: {}
[151.307642] (-) TimerEvent: {}
[151.408586] (-) TimerEvent: {}
[151.509634] (-) TimerEvent: {}
[151.611313] (-) TimerEvent: {}
[151.712341] (-) TimerEvent: {}
[151.813364] (-) TimerEvent: {}
[151.914433] (-) TimerEvent: {}
[152.015548] (-) TimerEvent: {}
[152.116677] (-) TimerEvent: {}
[152.217685] (-) TimerEvent: {}
[152.319149] (-) TimerEvent: {}
[152.420398] (-) TimerEvent: {}
[152.521403] (-) TimerEvent: {}
[152.622325] (-) TimerEvent: {}
[152.723418] (-) TimerEvent: {}
[152.824461] (-) TimerEvent: {}
[152.925590] (-) TimerEvent: {}
[153.026679] (-) TimerEvent: {}
[153.127708] (-) TimerEvent: {}
[153.228812] (-) TimerEvent: {}
[153.329988] (-) TimerEvent: {}
[153.431106] (-) TimerEvent: {}
[153.532134] (-) TimerEvent: {}
[153.633107] (-) TimerEvent: {}
[153.734093] (-) TimerEvent: {}
[153.835187] (-) TimerEvent: {}
[153.936261] (-) TimerEvent: {}
[154.037269] (-) TimerEvent: {}
[154.138284] (-) TimerEvent: {}
[154.239432] (-) TimerEvent: {}
[154.340501] (-) TimerEvent: {}
[154.441475] (-) TimerEvent: {}
[154.542464] (-) TimerEvent: {}
[154.643831] (-) TimerEvent: {}
[154.744766] (-) TimerEvent: {}
[154.845855] (-) TimerEvent: {}
[154.946998] (-) TimerEvent: {}
[155.048117] (-) TimerEvent: {}
[155.150122] (-) TimerEvent: {}
[155.291519] (-) TimerEvent: {}
[155.392701] (-) TimerEvent: {}
[155.493772] (-) TimerEvent: {}
[155.596027] (-) TimerEvent: {}
[155.697086] (-) TimerEvent: {}
[155.798016] (-) TimerEvent: {}
[155.899124] (-) TimerEvent: {}
[156.000547] (-) TimerEvent: {}
[156.101593] (-) TimerEvent: {}
[156.203047] (-) TimerEvent: {}
[156.306361] (-) TimerEvent: {}
[156.409018] (-) TimerEvent: {}
[156.510030] (-) TimerEvent: {}
[156.611468] (-) TimerEvent: {}
[156.712519] (-) TimerEvent: {}
[156.813537] (-) TimerEvent: {}
[156.914626] (-) TimerEvent: {}
[157.015604] (-) TimerEvent: {}
[157.116602] (-) TimerEvent: {}
[157.217616] (-) TimerEvent: {}
[157.318645] (-) TimerEvent: {}
[157.419690] (-) TimerEvent: {}
[157.520815] (-) TimerEvent: {}
[157.621833] (-) TimerEvent: {}
[157.722914] (-) TimerEvent: {}
[157.823959] (-) TimerEvent: {}
[157.925110] (-) TimerEvent: {}
[158.026126] (-) TimerEvent: {}
[158.127238] (-) TimerEvent: {}
[158.228328] (-) TimerEvent: {}
[158.329361] (-) TimerEvent: {}
[158.431323] (-) TimerEvent: {}
[158.532382] (-) TimerEvent: {}
[158.633434] (-) TimerEvent: {}
[158.734527] (-) TimerEvent: {}
[158.835583] (-) TimerEvent: {}
[158.936649] (-) TimerEvent: {}
[159.037771] (-) TimerEvent: {}
[159.138789] (-) TimerEvent: {}
[159.239889] (-) TimerEvent: {}
[159.341442] (-) TimerEvent: {}
[159.443601] (-) TimerEvent: {}
[159.544630] (-) TimerEvent: {}
[159.645652] (-) TimerEvent: {}
[159.746741] (-) TimerEvent: {}
[159.847778] (-) TimerEvent: {}
[159.948861] (-) TimerEvent: {}
[160.051010] (-) TimerEvent: {}
[160.152059] (-) TimerEvent: {}
[160.253093] (-) TimerEvent: {}
[160.354177] (-) TimerEvent: {}
[160.455536] (-) TimerEvent: {}
[160.556646] (-) TimerEvent: {}
[160.658954] (-) TimerEvent: {}
[160.760615] (-) TimerEvent: {}
[160.861665] (-) TimerEvent: {}
[160.962749] (-) TimerEvent: {}
[161.063806] (-) TimerEvent: {}
[161.164826] (-) TimerEvent: {}
[161.265984] (-) TimerEvent: {}
[161.367096] (-) TimerEvent: {}
[161.468132] (-) TimerEvent: {}
[161.569146] (-) TimerEvent: {}
[161.670196] (-) TimerEvent: {}
[161.771336] (-) TimerEvent: {}
[161.872379] (-) TimerEvent: {}
[161.973540] (-) TimerEvent: {}
[162.074522] (-) TimerEvent: {}
[162.175983] (-) TimerEvent: {}
[162.277004] (-) TimerEvent: {}
[162.378120] (-) TimerEvent: {}
[162.479559] (-) TimerEvent: {}
[162.581404] (-) TimerEvent: {}
[162.682334] (-) TimerEvent: {}
[162.783521] (-) TimerEvent: {}
[162.884577] (-) TimerEvent: {}
[162.985591] (-) TimerEvent: {}
[163.086926] (-) TimerEvent: {}
[163.188033] (-) TimerEvent: {}
[163.289014] (-) TimerEvent: {}
[163.391128] (-) TimerEvent: {}
[163.492255] (-) TimerEvent: {}
[163.593264] (-) TimerEvent: {}
[163.694280] (-) TimerEvent: {}
[163.795363] (-) TimerEvent: {}
[163.896414] (-) TimerEvent: {}
[163.997432] (-) TimerEvent: {}
[164.098484] (-) TimerEvent: {}
[164.199531] (-) TimerEvent: {}
[164.301103] (-) TimerEvent: {}
[164.402171] (-) TimerEvent: {}
[164.503363] (-) TimerEvent: {}
[164.604375] (-) TimerEvent: {}
[164.705376] (-) TimerEvent: {}
[164.806415] (-) TimerEvent: {}
[164.907564] (-) TimerEvent: {}
[165.008564] (-) TimerEvent: {}
[165.109689] (-) TimerEvent: {}
[165.211336] (-) TimerEvent: {}
[165.312420] (-) TimerEvent: {}
[165.508704] (-) TimerEvent: {}
[165.609805] (-) TimerEvent: {}
[165.711314] (-) TimerEvent: {}
[165.812403] (-) TimerEvent: {}
[165.913431] (-) TimerEvent: {}
[166.014458] (-) TimerEvent: {}
[166.115562] (-) TimerEvent: {}
[166.216747] (-) TimerEvent: {}
[166.317717] (-) TimerEvent: {}
[166.418781] (-) TimerEvent: {}
[166.519802] (-) TimerEvent: {}
[166.621416] (-) TimerEvent: {}
[166.722423] (-) TimerEvent: {}
[166.823545] (-) TimerEvent: {}
[166.924616] (-) TimerEvent: {}
[167.025753] (-) TimerEvent: {}
[167.126868] (-) TimerEvent: {}
[167.227862] (-) TimerEvent: {}
[167.328848] (-) TimerEvent: {}
[167.429879] (-) TimerEvent: {}
[167.531370] (-) TimerEvent: {}
[167.632390] (-) TimerEvent: {}
[167.733478] (-) TimerEvent: {}
[167.834605] (-) TimerEvent: {}
[167.935638] (-) TimerEvent: {}
[168.036637] (-) TimerEvent: {}
[168.137633] (-) TimerEvent: {}
[168.238724] (-) TimerEvent: {}
[168.339717] (-) TimerEvent: {}
[168.440757] (-) TimerEvent: {}
[168.542032] (-) TimerEvent: {}
[168.643179] (-) TimerEvent: {}
[168.744187] (-) TimerEvent: {}
[168.845202] (-) TimerEvent: {}
[168.946254] (-) TimerEvent: {}
[169.047344] (-) TimerEvent: {}
[169.148272] (-) TimerEvent: {}
[169.249300] (-) TimerEvent: {}
[169.350808] (-) TimerEvent: {}
[169.451874] (-) TimerEvent: {}
[169.552879] (-) TimerEvent: {}
[169.653938] (-) TimerEvent: {}
[169.755058] (-) TimerEvent: {}
[169.856142] (-) TimerEvent: {}
[169.957202] (-) TimerEvent: {}
[170.058261] (-) TimerEvent: {}
[170.159536] (-) TimerEvent: {}
[170.260544] (-) TimerEvent: {}
[170.361657] (-) TimerEvent: {}
[170.534768] (-) TimerEvent: {}
[170.635841] (-) TimerEvent: {}
[170.737228] (-) TimerEvent: {}
[170.838370] (-) TimerEvent: {}
[170.939426] (-) TimerEvent: {}
[171.040650] (-) TimerEvent: {}
[171.141675] (-) TimerEvent: {}
[171.242759] (-) TimerEvent: {}
[171.343745] (-) TimerEvent: {}
[171.444846] (-) TimerEvent: {}
[171.546160] (-) TimerEvent: {}
[171.647282] (-) TimerEvent: {}
[171.748303] (-) TimerEvent: {}
[171.849303] (-) TimerEvent: {}
[171.950242] (-) TimerEvent: {}
[172.051397] (-) TimerEvent: {}
[172.152440] (-) TimerEvent: {}
[172.253447] (-) TimerEvent: {}
[172.354490] (-) TimerEvent: {}
[172.455538] (-) TimerEvent: {}
[172.556490] (-) TimerEvent: {}
[172.657517] (-) TimerEvent: {}
[172.758687] (-) TimerEvent: {}
[172.859702] (-) TimerEvent: {}
[172.960818] (-) TimerEvent: {}
[173.061868] (-) TimerEvent: {}
[173.163057] (-) TimerEvent: {}
[173.264154] (-) TimerEvent: {}
[173.365161] (-) TimerEvent: {}
[173.466361] (-) TimerEvent: {}
[173.567396] (-) TimerEvent: {}
[173.668496] (-) TimerEvent: {}
[173.769554] (-) TimerEvent: {}
[173.870696] (-) TimerEvent: {}
[173.971810] (-) TimerEvent: {}
[174.072811] (-) TimerEvent: {}
[174.173860] (-) TimerEvent: {}
[174.274930] (-) TimerEvent: {}
[174.375967] (-) TimerEvent: {}
[174.476995] (-) TimerEvent: {}
[174.578069] (-) TimerEvent: {}
[174.682789] (-) TimerEvent: {}
[174.783793] (-) TimerEvent: {}
[174.884843] (-) TimerEvent: {}
[174.986323] (-) TimerEvent: {}
[175.087435] (-) TimerEvent: {}
[175.188424] (-) TimerEvent: {}
[175.290300] (-) TimerEvent: {}
[175.391550] (-) TimerEvent: {}
[175.540779] (-) TimerEvent: {}
[175.641756] (-) TimerEvent: {}
[175.743192] (-) TimerEvent: {}
[175.844481] (-) TimerEvent: {}
[175.945521] (-) TimerEvent: {}
[176.047061] (-) TimerEvent: {}
[176.148157] (-) TimerEvent: {}
[176.249913] (-) TimerEvent: {}
[176.351154] (-) TimerEvent: {}
[176.452342] (-) TimerEvent: {}
[176.553508] (-) TimerEvent: {}
[176.654618] (-) TimerEvent: {}
[176.755828] (-) TimerEvent: {}
[176.857134] (-) TimerEvent: {}
[176.958173] (-) TimerEvent: {}
[177.059332] (-) TimerEvent: {}
[177.160668] (-) TimerEvent: {}
[177.261708] (-) TimerEvent: {}
[177.362772] (-) TimerEvent: {}
[177.463719] (-) TimerEvent: {}
[177.564818] (-) TimerEvent: {}
[177.665920] (-) TimerEvent: {}
[177.767080] (-) TimerEvent: {}
[177.868165] (-) TimerEvent: {}
[177.969217] (-) TimerEvent: {}
[178.070693] (-) TimerEvent: {}
[178.171863] (-) TimerEvent: {}
[178.272991] (-) TimerEvent: {}
[178.374139] (-) TimerEvent: {}
[178.475290] (-) TimerEvent: {}
[178.576372] (-) TimerEvent: {}
[178.677485] (-) TimerEvent: {}
[178.778623] (-) TimerEvent: {}
[178.879714] (-) TimerEvent: {}
[178.981450] (-) TimerEvent: {}
[179.082521] (-) TimerEvent: {}
[179.183640] (-) TimerEvent: {}
[179.284691] (-) TimerEvent: {}
[179.385735] (-) TimerEvent: {}
[179.486736] (-) TimerEvent: {}
[179.587784] (-) TimerEvent: {}
[179.688779] (-) TimerEvent: {}
[179.789826] (-) TimerEvent: {}
[179.890948] (-) TimerEvent: {}
[179.992127] (-) TimerEvent: {}
[180.093351] (-) TimerEvent: {}
[180.194311] (-) TimerEvent: {}
[180.295419] (-) TimerEvent: {}
[180.396980] (-) TimerEvent: {}
[180.541087] (-) TimerEvent: {}
[180.642322] (-) TimerEvent: {}
[180.743930] (-) TimerEvent: {}
[180.845245] (-) TimerEvent: {}
[180.946745] (-) TimerEvent: {}
[181.048425] (-) TimerEvent: {}
[181.151233] (-) TimerEvent: {}
[181.252432] (-) TimerEvent: {}
[181.353419] (-) TimerEvent: {}
[181.454408] (-) TimerEvent: {}
[181.555495] (-) TimerEvent: {}
[181.656652] (-) TimerEvent: {}
[181.757757] (-) TimerEvent: {}
[181.859544] (-) TimerEvent: {}
[181.961566] (-) TimerEvent: {}
[182.062710] (-) TimerEvent: {}
[182.163874] (-) TimerEvent: {}
[182.266148] (-) TimerEvent: {}
[182.367332] (-) TimerEvent: {}
[182.468485] (-) TimerEvent: {}
[182.569552] (-) TimerEvent: {}
[182.670676] (-) TimerEvent: {}
[182.771736] (-) TimerEvent: {}
[182.872808] (-) TimerEvent: {}
[182.973850] (-) TimerEvent: {}
[183.074973] (-) TimerEvent: {}
[183.176010] (-) TimerEvent: {}
[183.277115] (-) TimerEvent: {}
[183.378174] (-) TimerEvent: {}
[183.479306] (-) TimerEvent: {}
[183.580795] (-) TimerEvent: {}
[183.681942] (-) TimerEvent: {}
[183.783042] (-) TimerEvent: {}
[183.884081] (-) TimerEvent: {}
[183.985089] (-) TimerEvent: {}
[184.086143] (-) TimerEvent: {}
[184.187189] (-) TimerEvent: {}
[184.288214] (-) TimerEvent: {}
[184.389225] (-) TimerEvent: {}
[184.490300] (-) TimerEvent: {}
[184.592114] (-) TimerEvent: {}
[184.693137] (-) TimerEvent: {}
[184.794178] (-) TimerEvent: {}
[184.895430] (-) TimerEvent: {}
[184.996569] (-) TimerEvent: {}
[185.097811] (-) TimerEvent: {}
[185.199579] (-) TimerEvent: {}
[185.301549] (-) TimerEvent: {}
[185.402944] (-) TimerEvent: {}
[185.647442] (-) TimerEvent: {}
[185.748375] (-) TimerEvent: {}
[185.849365] (-) TimerEvent: {}
[185.951102] (-) TimerEvent: {}
[186.052370] (-) TimerEvent: {}
[186.153581] (-) TimerEvent: {}
[186.255163] (-) TimerEvent: {}
[186.357086] (-) TimerEvent: {}
[186.458302] (-) TimerEvent: {}
[186.563142] (-) TimerEvent: {}
[186.664221] (-) TimerEvent: {}
[186.765366] (-) TimerEvent: {}
[186.866460] (-) TimerEvent: {}
[186.967573] (-) TimerEvent: {}
[187.068641] (-) TimerEvent: {}
[187.169719] (-) TimerEvent: {}
[187.270776] (-) TimerEvent: {}
[187.371762] (-) TimerEvent: {}
[187.472776] (-) TimerEvent: {}
[187.573800] (-) TimerEvent: {}
[187.674759] (-) TimerEvent: {}
[187.775787] (-) TimerEvent: {}
[187.876846] (-) TimerEvent: {}
[187.978814] (-) TimerEvent: {}
[188.080818] (-) TimerEvent: {}
[188.182725] (-) TimerEvent: {}
[188.287659] (-) TimerEvent: {}
[188.389769] (-) TimerEvent: {}
[188.492581] (-) TimerEvent: {}
[188.594386] (-) TimerEvent: {}
[188.696445] (-) TimerEvent: {}
[188.797794] (-) TimerEvent: {}
[188.899274] (-) TimerEvent: {}
[189.000511] (-) TimerEvent: {}
[189.102103] (-) TimerEvent: {}
[189.203406] (-) TimerEvent: {}
[189.304690] (-) TimerEvent: {}
[189.405944] (-) TimerEvent: {}
[189.507729] (-) TimerEvent: {}
[189.609174] (-) TimerEvent: {}
[189.710746] (-) TimerEvent: {}
[189.813581] (-) TimerEvent: {}
[189.915109] (-) TimerEvent: {}
[190.016397] (-) TimerEvent: {}
[190.117670] (-) TimerEvent: {}
[190.219114] (-) TimerEvent: {}
[190.320466] (-) TimerEvent: {}
[190.422676] (-) TimerEvent: {}
[190.523888] (-) TimerEvent: {}
[190.665163] (-) TimerEvent: {}
[190.766704] (-) TimerEvent: {}
[190.868697] (-) TimerEvent: {}
[190.969891] (-) TimerEvent: {}
[191.071224] (-) TimerEvent: {}
[191.172369] (-) TimerEvent: {}
[191.273584] (-) TimerEvent: {}
[191.375874] (-) TimerEvent: {}
[191.477512] (-) TimerEvent: {}
[191.579338] (-) TimerEvent: {}
[191.680566] (-) TimerEvent: {}
[191.782698] (-) TimerEvent: {}
[191.883853] (-) TimerEvent: {}
[191.985643] (-) TimerEvent: {}
[192.087272] (-) TimerEvent: {}
[192.188432] (-) TimerEvent: {}
[192.289582] (-) TimerEvent: {}
[192.390756] (-) TimerEvent: {}
[192.491951] (-) TimerEvent: {}
[192.593164] (-) TimerEvent: {}
[192.653312] (hdl_localization) StdoutLine: {'line': b'[ 97%] \x1b[32m\x1b[1mLinking CXX executable hdl_localization_composition\x1b[0m\n'}
[192.693384] (-) TimerEvent: {}
[192.794321] (-) TimerEvent: {}
[192.895444] (-) TimerEvent: {}
[192.996456] (-) TimerEvent: {}
[193.097465] (-) TimerEvent: {}
[193.198501] (-) TimerEvent: {}
[193.299655] (-) TimerEvent: {}
[193.401698] (-) TimerEvent: {}
[193.503483] (-) TimerEvent: {}
[193.604538] (-) TimerEvent: {}
[193.706779] (-) TimerEvent: {}
[193.808158] (-) TimerEvent: {}
[193.909186] (-) TimerEvent: {}
[194.010213] (-) TimerEvent: {}
[194.111249] (-) TimerEvent: {}
[194.212372] (-) TimerEvent: {}
[194.313356] (-) TimerEvent: {}
[194.414345] (-) TimerEvent: {}
[194.515471] (-) TimerEvent: {}
[194.616427] (-) TimerEvent: {}
[194.717554] (-) TimerEvent: {}
[194.818683] (-) TimerEvent: {}
[194.919750] (-) TimerEvent: {}
[195.020800] (-) TimerEvent: {}
[195.122070] (-) TimerEvent: {}
[195.223161] (-) TimerEvent: {}
[195.324209] (-) TimerEvent: {}
[195.425319] (-) TimerEvent: {}
[195.526380] (-) TimerEvent: {}
[195.628073] (-) TimerEvent: {}
[195.729137] (-) TimerEvent: {}
[195.830190] (-) TimerEvent: {}
[195.931428] (-) TimerEvent: {}
[196.032434] (-) TimerEvent: {}
[196.133547] (-) TimerEvent: {}
[196.235177] (-) TimerEvent: {}
[196.336771] (-) TimerEvent: {}
[196.437900] (-) TimerEvent: {}
[196.538967] (-) TimerEvent: {}
[196.639986] (-) TimerEvent: {}
[196.740964] (-) TimerEvent: {}
[196.842080] (-) TimerEvent: {}
[196.943244] (-) TimerEvent: {}
[197.044279] (-) TimerEvent: {}
[197.145315] (-) TimerEvent: {}
[197.246988] (-) TimerEvent: {}
[197.348139] (-) TimerEvent: {}
[197.449281] (-) TimerEvent: {}
[197.550346] (-) TimerEvent: {}
[197.651472] (-) TimerEvent: {}
[197.752757] (-) TimerEvent: {}
[197.853952] (-) TimerEvent: {}
[197.955979] (-) TimerEvent: {}
[198.059984] (-) TimerEvent: {}
[198.160977] (-) TimerEvent: {}
[198.262049] (-) TimerEvent: {}
[198.363193] (-) TimerEvent: {}
[198.464190] (-) TimerEvent: {}
[198.565263] (-) TimerEvent: {}
[198.666254] (-) TimerEvent: {}
[198.767337] (-) TimerEvent: {}
[198.868344] (-) TimerEvent: {}
[198.969418] (-) TimerEvent: {}
[199.070464] (-) TimerEvent: {}
[199.171535] (-) TimerEvent: {}
[199.272539] (-) TimerEvent: {}
[199.373906] (-) TimerEvent: {}
[199.475010] (-) TimerEvent: {}
[199.576027] (-) TimerEvent: {}
[199.677047] (-) TimerEvent: {}
[199.778099] (-) TimerEvent: {}
[199.879191] (-) TimerEvent: {}
[199.980284] (-) TimerEvent: {}
[200.081317] (-) TimerEvent: {}
[200.182357] (-) TimerEvent: {}
[200.283500] (-) TimerEvent: {}
[200.384582] (-) TimerEvent: {}
[200.486381] (-) TimerEvent: {}
[200.587522] (-) TimerEvent: {}
[200.688584] (-) TimerEvent: {}
[200.789703] (-) TimerEvent: {}
[200.890780] (-) TimerEvent: {}
[200.992733] (-) TimerEvent: {}
[201.093978] (-) TimerEvent: {}
[201.195183] (-) TimerEvent: {}
[201.296282] (-) TimerEvent: {}
[201.397344] (-) TimerEvent: {}
[201.498479] (-) TimerEvent: {}
[201.599568] (-) TimerEvent: {}
[201.700561] (-) TimerEvent: {}
[201.801671] (-) TimerEvent: {}
[201.902817] (-) TimerEvent: {}
[202.004104] (-) TimerEvent: {}
[202.105200] (-) TimerEvent: {}
[202.206362] (-) TimerEvent: {}
[202.307517] (-) TimerEvent: {}
[202.408596] (-) TimerEvent: {}
[202.509709] (-) TimerEvent: {}
[202.610798] (-) TimerEvent: {}
[202.711922] (-) TimerEvent: {}
[202.813077] (-) TimerEvent: {}
[202.914678] (-) TimerEvent: {}
[203.015726] (-) TimerEvent: {}
[203.116711] (-) TimerEvent: {}
[203.217710] (-) TimerEvent: {}
[203.318763] (-) TimerEvent: {}
[203.419956] (-) TimerEvent: {}
[203.520953] (-) TimerEvent: {}
[203.622018] (-) TimerEvent: {}
[203.723110] (-) TimerEvent: {}
[203.824388] (-) TimerEvent: {}
[203.925668] (-) TimerEvent: {}
[204.026789] (-) TimerEvent: {}
[204.127871] (-) TimerEvent: {}
[204.228868] (-) TimerEvent: {}
[204.329959] (-) TimerEvent: {}
[204.408768] (hdl_localization) StderrLine: {'line': b'make[2]: warning:  Clock skew detected.  Your build may be incomplete.\n'}
[204.430259] (-) TimerEvent: {}
[204.466772] (hdl_localization) StdoutLine: {'line': b'[100%] Built target hdl_localization_composition\n'}
[204.530654] (-) TimerEvent: {}
[204.631851] (-) TimerEvent: {}
[204.638791] (hdl_localization) CommandEnded: {'returncode': 0}
[204.734193] (-) TimerEvent: {}
[204.838825] (-) TimerEvent: {}
[204.939692] (-) TimerEvent: {}
[205.040841] (-) TimerEvent: {}
[205.137914] (hdl_localization) JobProgress: {'identifier': 'hdl_localization', 'progress': 'install'}
[205.160561] (hdl_localization) Command: {'cmd': ['/usr/bin/cmake', '--install', '/home/ysc/lite_cog_ros2/nav/build/hdl_localization'], 'cwd': '/home/ysc/lite_cog_ros2/nav/build/hdl_localization', 'env': OrderedDict([('GJS_DEBUG_TOPICS', 'JS ERROR;JS LOG'), ('LESSOPEN', '| /usr/bin/lesspipe %s'), ('USER', 'ysc'), ('LC_TIME', 'zh_CN.UTF-8'), ('SSH_AGENT_PID', '1904'), ('XDG_SESSION_TYPE', 'x11'), ('SHLVL', '1'), ('LD_LIBRARY_PATH', '/home/ysc/lite_cog_ros2/nav/install/hdl_global_localization/lib:/home/ysc/lite_cog_ros2/navigation2-foxy/install/nav2_rviz_plugins/lib:/home/ysc/lite_cog_ros2/navigation2-foxy/install/nav2_bt_navigator/lib:/usr/lib/aarch64-linux-gnu/gazebo-11/plugins:/opt/ros/foxy/opt/yaml_cpp_vendor/lib:/opt/ros/foxy/opt/rviz_ogre_vendor/lib:/opt/ros/foxy/lib/aarch64-linux-gnu:/opt/ros/foxy/lib:/usr/local/cuda-11.4/lib64'), ('HOME', '/home/ysc'), ('OLDPWD', '/home/ysc/lite_cog_ros2'), ('DESKTOP_SESSION', 'ubuntu'), ('ROS_PYTHON_VERSION', '3'), ('GNOME_SHELL_SESSION_MODE', 'ubuntu'), ('GTK_MODULES', 'gail:atk-bridge'), ('LC_MONETARY', 'zh_CN.UTF-8'), ('MANAGERPID', '1362'), ('DBUS_SESSION_BUS_ADDRESS', 'unix:path=/run/user/1000/bus'), ('COLORTERM', 'truecolor'), ('_colcon_cd_root', '/opt/ros/foxy/'), ('IM_CONFIG_PHASE', '1'), ('COLCON_PREFIX_PATH', '/home/ysc/lite_cog_ros2/navigation2-foxy/install'), ('ROS_DISTRO', 'foxy'), ('LOGNAME', 'ysc'), ('JOURNAL_STREAM', '8:45007'), ('_', '/usr/bin/colcon'), ('ROS_VERSION', '2'), ('XDG_SESSION_CLASS', 'user'), ('USERNAME', 'ysc'), ('TERM', 'xterm-256color'), ('GNOME_DESKTOP_SESSION_ID', 'this-is-deprecated'), ('ROS_LOCALHOST_ONLY', '0'), ('WINDOWPATH', '2'), ('PATH', '/opt/ros/foxy/bin:/usr/local/cuda-11.4/bin:/home/ysc/.local/bin:/usr/local/sbin:/usr/local/bin:/usr/sbin:/usr/bin:/sbin:/bin:/usr/games:/usr/local/games:/snap/bin'), ('SESSION_MANAGER', 'local/lite:@/tmp/.ICE-unix/2030,unix/lite:/tmp/.ICE-unix/2030'), ('INVOCATION_ID', '08227a382f5040ea9963e4e983a96096'), ('XDG_MENU_PREFIX', 'gnome-'), ('LC_ADDRESS', 'zh_CN.UTF-8'), ('GNOME_TERMINAL_SCREEN', '/org/gnome/Terminal/screen/cbad11e8_9f12_46e3_a06d_7bf9b7aeac46'), ('XDG_RUNTIME_DIR', '/run/user/1000'), ('DISPLAY', ':0'), ('LANG', 'en_US.UTF-8'), ('XDG_CURRENT_DESKTOP', 'ubuntu:GNOME'), ('LC_TELEPHONE', 'zh_CN.UTF-8'), ('XMODIFIERS', '@im=ibus'), ('XDG_SESSION_DESKTOP', 'ubuntu'), ('XAUTHORITY', '/run/user/1000/gdm/Xauthority'), ('LS_COLORS', 'rs=0:di=01;34:ln=01;36:mh=00:pi=40;33:so=01;35:do=01;35:bd=40;33;01:cd=40;33;01:or=40;31;01:mi=00:su=37;41:sg=30;43:ca=30;41:tw=30;42:ow=34;42:st=37;44:ex=01;32:*.tar=01;31:*.tgz=01;31:*.arc=01;31:*.arj=01;31:*.taz=01;31:*.lha=01;31:*.lz4=01;31:*.lzh=01;31:*.lzma=01;31:*.tlz=01;31:*.txz=01;31:*.tzo=01;31:*.t7z=01;31:*.zip=01;31:*.z=01;31:*.dz=01;31:*.gz=01;31:*.lrz=01;31:*.lz=01;31:*.lzo=01;31:*.xz=01;31:*.zst=01;31:*.tzst=01;31:*.bz2=01;31:*.bz=01;31:*.tbz=01;31:*.tbz2=01;31:*.tz=01;31:*.deb=01;31:*.rpm=01;31:*.jar=01;31:*.war=01;31:*.ear=01;31:*.sar=01;31:*.rar=01;31:*.alz=01;31:*.ace=01;31:*.zoo=01;31:*.cpio=01;31:*.7z=01;31:*.rz=01;31:*.cab=01;31:*.wim=01;31:*.swm=01;31:*.dwm=01;31:*.esd=01;31:*.jpg=01;35:*.jpeg=01;35:*.mjpg=01;35:*.mjpeg=01;35:*.gif=01;35:*.bmp=01;35:*.pbm=01;35:*.pgm=01;35:*.ppm=01;35:*.tga=01;35:*.xbm=01;35:*.xpm=01;35:*.tif=01;35:*.tiff=01;35:*.png=01;35:*.svg=01;35:*.svgz=01;35:*.mng=01;35:*.pcx=01;35:*.mov=01;35:*.mpg=01;35:*.mpeg=01;35:*.m2v=01;35:*.mkv=01;35:*.webm=01;35:*.ogm=01;35:*.mp4=01;35:*.m4v=01;35:*.mp4v=01;35:*.vob=01;35:*.qt=01;35:*.nuv=01;35:*.wmv=01;35:*.asf=01;35:*.rm=01;35:*.rmvb=01;35:*.flc=01;35:*.avi=01;35:*.fli=01;35:*.flv=01;35:*.gl=01;35:*.dl=01;35:*.xcf=01;35:*.xwd=01;35:*.yuv=01;35:*.cgm=01;35:*.emf=01;35:*.ogv=01;35:*.ogx=01;35:*.aac=00;36:*.au=00;36:*.flac=00;36:*.m4a=00;36:*.mid=00;36:*.midi=00;36:*.mka=00;36:*.mp3=00;36:*.mpc=00;36:*.ogg=00;36:*.ra=00;36:*.wav=00;36:*.oga=00;36:*.opus=00;36:*.spx=00;36:*.xspf=00;36:'), ('GNOME_TERMINAL_SERVICE', ':1.82'), ('SSH_AUTH_SOCK', '/run/user/1000/keyring/ssh'), ('ROS_DOMAIN_ID', '0'), ('AMENT_PREFIX_PATH', '/home/ysc/lite_cog_ros2/nav/install/hdl_global_localization:/home/ysc/lite_cog_ros2/navigation2-foxy/install/nav2_rviz_plugins:/home/ysc/lite_cog_ros2/navigation2-foxy/install/nav2_bt_navigator:/opt/ros/foxy'), ('SHELL', '/bin/bash'), ('LC_NAME', 'zh_CN.UTF-8'), ('QT_ACCESSIBILITY', '1'), ('GDMSESSION', 'ubuntu'), ('LESSCLOSE', '/usr/bin/lesspipe %s %s'), ('LC_MEASUREMENT', 'zh_CN.UTF-8'), ('GPG_AGENT_INFO', '/run/user/1000/gnupg/S.gpg-agent:0:1'), ('GJS_DEBUG_OUTPUT', 'stderr'), ('LC_IDENTIFICATION', 'zh_CN.UTF-8'), ('QT_IM_MODULE', 'ibus'), ('PWD', '/home/ysc/lite_cog_ros2/nav/build/hdl_localization'), ('LC_ALL', 'en_US.UTF-8'), ('XDG_CONFIG_DIRS', '/etc/xdg/xdg-ubuntu:/etc/xdg'), ('XDG_DATA_DIRS', '/usr/share/ubuntu:/usr/local/share/:/usr/share/:/var/lib/snapd/desktop'), ('PYTHONPATH', '/home/ysc/lite_cog_ros2/nav/install/hdl_global_localization/lib/python3.8/site-packages:/opt/ros/foxy/lib/python3.8/site-packages'), ('LC_NUMERIC', 'zh_CN.UTF-8'), ('LC_PAPER', 'zh_CN.UTF-8'), ('COLCON', '1'), ('VTE_VERSION', '6003'), ('CMAKE_PREFIX_PATH', '/home/ysc/lite_cog_ros2/nav/install/hdl_global_localization:/home/ysc/lite_cog_ros2/navigation2-foxy/install/nav2_rviz_plugins:/home/ysc/lite_cog_ros2/navigation2-foxy/install/nav2_bt_navigator:/opt/ros/foxy')]), 'shell': False}
[205.178754] (-) TimerEvent: {}
[205.280657] (-) TimerEvent: {}
[205.364244] (hdl_localization) StdoutLine: {'line': b'-- Install configuration: "RELEASE"\n'}
[205.371940] (hdl_localization) StdoutLine: {'line': b'-- Execute custom install script\n'}
[205.379196] (hdl_localization) StdoutLine: {'line': b'-- Up-to-date symlink: /home/ysc/lite_cog_ros2/nav/install/hdl_localization/share/ament_index/resource_index/rosidl_interfaces/hdl_localization\n'}
[205.380675] (-) TimerEvent: {}
[205.386662] (hdl_localization) StdoutLine: {'line': b'-- Up-to-date symlink: /home/ysc/lite_cog_ros2/nav/install/hdl_localization/include/hdl_localization/msg/detail/scan_matching_status__functions.h\n'}
[205.388624] (hdl_localization) StdoutLine: {'line': b'-- Up-to-date symlink: /home/ysc/lite_cog_ros2/nav/install/hdl_localization/include/hdl_localization/msg/detail/scan_matching_status__struct.h\n'}
[205.391109] (hdl_localization) StdoutLine: {'line': b'-- Up-to-date symlink: /home/ysc/lite_cog_ros2/nav/install/hdl_localization/include/hdl_localization/msg/detail/scan_matching_status__type_support.h\n'}
[205.393383] (hdl_localization) StdoutLine: {'line': b'-- Up-to-date symlink: /home/ysc/lite_cog_ros2/nav/install/hdl_localization/include/hdl_localization/msg/rosidl_generator_c__visibility_control.h\n'}
[205.395712] (hdl_localization) StdoutLine: {'line': b'-- Up-to-date symlink: /home/ysc/lite_cog_ros2/nav/install/hdl_localization/include/hdl_localization/msg/scan_matching_status.h\n'}
[205.399488] (hdl_localization) StdoutLine: {'line': b'-- Up-to-date symlink: /home/ysc/lite_cog_ros2/nav/install/hdl_localization/share/hdl_localization/environment/library_path.sh\n'}
[205.402457] (hdl_localization) StdoutLine: {'line': b'-- Up-to-date symlink: /home/ysc/lite_cog_ros2/nav/install/hdl_localization/share/hdl_localization/environment/library_path.dsv\n'}
[205.407912] (hdl_localization) StdoutLine: {'line': b'-- Up-to-date symlink: /home/ysc/lite_cog_ros2/nav/install/hdl_localization/include/hdl_localization/msg/detail/scan_matching_status__rosidl_typesupport_fastrtps_c.h\n'}
[205.409962] (hdl_localization) StdoutLine: {'line': b'-- Up-to-date symlink: /home/ysc/lite_cog_ros2/nav/install/hdl_localization/include/hdl_localization/msg/rosidl_typesupport_fastrtps_c__visibility_control.h\n'}
[205.416283] (hdl_localization) StdoutLine: {'line': b'-- Up-to-date symlink: /home/ysc/lite_cog_ros2/nav/install/hdl_localization/lib/libhdl_localization__rosidl_typesupport_fastrtps_c.so\n'}
[205.421708] (hdl_localization) StdoutLine: {'line': b'-- Up-to-date symlink: /home/ysc/lite_cog_ros2/nav/install/hdl_localization/include/hdl_localization/msg/detail/scan_matching_status__rosidl_typesupport_fastrtps_cpp.hpp\n'}
[205.423827] (hdl_localization) StdoutLine: {'line': b'-- Up-to-date symlink: /home/ysc/lite_cog_ros2/nav/install/hdl_localization/include/hdl_localization/msg/rosidl_typesupport_fastrtps_cpp__visibility_control.h\n'}
[205.428377] (hdl_localization) StdoutLine: {'line': b'-- Up-to-date symlink: /home/ysc/lite_cog_ros2/nav/install/hdl_localization/lib/libhdl_localization__rosidl_typesupport_fastrtps_cpp.so\n'}
[205.433253] (hdl_localization) StdoutLine: {'line': b'-- Up-to-date symlink: /home/ysc/lite_cog_ros2/nav/install/hdl_localization/include/hdl_localization/msg/detail/scan_matching_status__rosidl_typesupport_introspection_c.h\n'}
[205.436509] (hdl_localization) StdoutLine: {'line': b'-- Up-to-date symlink: /home/ysc/lite_cog_ros2/nav/install/hdl_localization/include/hdl_localization/msg/rosidl_typesupport_introspection_c__visibility_control.h\n'}
[205.441358] (hdl_localization) StdoutLine: {'line': b'-- Up-to-date symlink: /home/ysc/lite_cog_ros2/nav/install/hdl_localization/include/hdl_localization/msg/detail/scan_matching_status__builder.hpp\n'}
[205.443514] (hdl_localization) StdoutLine: {'line': b'-- Up-to-date symlink: /home/ysc/lite_cog_ros2/nav/install/hdl_localization/include/hdl_localization/msg/detail/scan_matching_status__struct.hpp\n'}
[205.445687] (hdl_localization) StdoutLine: {'line': b'-- Up-to-date symlink: /home/ysc/lite_cog_ros2/nav/install/hdl_localization/include/hdl_localization/msg/detail/scan_matching_status__traits.hpp\n'}
[205.447833] (hdl_localization) StdoutLine: {'line': b'-- Up-to-date symlink: /home/ysc/lite_cog_ros2/nav/install/hdl_localization/include/hdl_localization/msg/detail/scan_matching_status__type_support.hpp\n'}
[205.449880] (hdl_localization) StdoutLine: {'line': b'-- Up-to-date symlink: /home/ysc/lite_cog_ros2/nav/install/hdl_localization/include/hdl_localization/msg/rosidl_generator_cpp__visibility_control.hpp\n'}
[205.451986] (hdl_localization) StdoutLine: {'line': b'-- Up-to-date symlink: /home/ysc/lite_cog_ros2/nav/install/hdl_localization/include/hdl_localization/msg/scan_matching_status.hpp\n'}
[205.456779] (hdl_localization) StdoutLine: {'line': b'-- Up-to-date symlink: /home/ysc/lite_cog_ros2/nav/install/hdl_localization/include/hdl_localization/msg/detail/scan_matching_status__rosidl_typesupport_introspection_cpp.hpp\n'}
[205.459623] (hdl_localization) StdoutLine: {'line': b'-- Up-to-date symlink: /home/ysc/lite_cog_ros2/nav/install/hdl_localization/share/hdl_localization/environment/pythonpath.sh\n'}
[205.462422] (hdl_localization) StdoutLine: {'line': b'-- Up-to-date symlink: /home/ysc/lite_cog_ros2/nav/install/hdl_localization/share/hdl_localization/environment/pythonpath.dsv\n'}
[205.466970] (hdl_localization) StdoutLine: {'line': b'-- Up-to-date symlink: /home/ysc/lite_cog_ros2/nav/install/hdl_localization/lib/python3.8/site-packages/hdl_localization/__init__.py\n'}
[205.471551] (hdl_localization) StdoutLine: {'line': b'-- Up-to-date symlink: /home/ysc/lite_cog_ros2/nav/install/hdl_localization/lib/python3.8/site-packages/hdl_localization/msg/__init__.py\n'}
[205.473635] (hdl_localization) StdoutLine: {'line': b'-- Up-to-date symlink: /home/ysc/lite_cog_ros2/nav/install/hdl_localization/lib/python3.8/site-packages/hdl_localization/msg/_scan_matching_status.py\n'}
[205.477714] (hdl_localization) StdoutLine: {'line': b'-- Up-to-date symlink: /home/ysc/lite_cog_ros2/nav/install/hdl_localization/lib/python3.8/site-packages/hdl_localization/hdl_localization_s__rosidl_typesupport_fastrtps_c.cpython-38-aarch64-linux-gnu.so\n'}
[205.480888] (-) TimerEvent: {}
[205.482055] (hdl_localization) StdoutLine: {'line': b'-- Up-to-date symlink: /home/ysc/lite_cog_ros2/nav/install/hdl_localization/lib/python3.8/site-packages/hdl_localization/hdl_localization_s__rosidl_typesupport_introspection_c.cpython-38-aarch64-linux-gnu.so\n'}
[205.486159] (hdl_localization) StdoutLine: {'line': b'-- Up-to-date symlink: /home/ysc/lite_cog_ros2/nav/install/hdl_localization/lib/python3.8/site-packages/hdl_localization/hdl_localization_s__rosidl_typesupport_c.cpython-38-aarch64-linux-gnu.so\n'}
[205.489984] (hdl_localization) StdoutLine: {'line': b'-- Up-to-date symlink: /home/ysc/lite_cog_ros2/nav/install/hdl_localization/lib/libhdl_localization__python.so\n'}
[205.493370] (hdl_localization) StdoutLine: {'line': b'-- Up-to-date symlink: /home/ysc/lite_cog_ros2/nav/install/hdl_localization/share/hdl_localization/msg/ScanMatchingStatus.idl\n'}
[205.496110] (hdl_localization) StdoutLine: {'line': b'-- Up-to-date symlink: /home/ysc/lite_cog_ros2/nav/install/hdl_localization/share/hdl_localization/msg/ScanMatchingStatus.msg\n'}
[205.500694] (hdl_localization) StdoutLine: {'line': b'-- Up-to-date symlink: /home/ysc/lite_cog_ros2/nav/install/hdl_localization/lib/hdl_localization/hdl_localization_composition\n'}
[205.505785] (hdl_localization) StdoutLine: {'line': b'-- Symlinking: /home/ysc/lite_cog_ros2/nav/install/hdl_localization/share/hdl_localization/launch/__pycache__/lite_localization.launch.cpython-38.pyc\n'}
[205.581151] (-) TimerEvent: {}
[205.682272] (-) TimerEvent: {}
[205.709447] (hdl_localization) StdoutLine: {'line': b'-- Up-to-date symlink: /home/ysc/lite_cog_ros2/nav/install/hdl_localization/share/hdl_localization/launch/lite_localization.launch.py\n'}
[205.720766] (hdl_localization) StdoutLine: {'line': b'-- Up-to-date symlink: /home/ysc/lite_cog_ros2/nav/install/hdl_localization/include/hdl_localization/delta_estimater.hpp\n'}
[205.722137] (hdl_localization) StdoutLine: {'line': b'-- Up-to-date symlink: /home/ysc/lite_cog_ros2/nav/install/hdl_localization/include/hdl_localization/odom_system.hpp\n'}
[205.724870] (hdl_localization) StdoutLine: {'line': b'-- Up-to-date symlink: /home/ysc/lite_cog_ros2/nav/install/hdl_localization/include/hdl_localization/pose_estimator.hpp\n'}
[205.727157] (hdl_localization) StdoutLine: {'line': b'-- Up-to-date symlink: /home/ysc/lite_cog_ros2/nav/install/hdl_localization/include/hdl_localization/pose_system.hpp\n'}
[205.731751] (hdl_localization) StdoutLine: {'line': b'-- Up-to-date symlink: /home/ysc/lite_cog_ros2/nav/install/hdl_localization/include/kkl/alg/unscented_kalman_filter.hpp\n'}
[205.737544] (hdl_localization) StdoutLine: {'line': b'-- Up-to-date symlink: /home/ysc/lite_cog_ros2/nav/install/hdl_localization/lib/hdl_localization/hdl_localization_composition\n'}
[205.740954] (hdl_localization) StdoutLine: {'line': b'-- Up-to-date symlink: /home/ysc/lite_cog_ros2/nav/install/hdl_localization/share/ament_index/resource_index/package_run_dependencies/hdl_localization\n'}
[205.746881] (hdl_localization) StdoutLine: {'line': b'-- Up-to-date symlink: /home/ysc/lite_cog_ros2/nav/install/hdl_localization/share/ament_index/resource_index/parent_prefix_path/hdl_localization\n'}
[205.750390] (hdl_localization) StdoutLine: {'line': b'-- Up-to-date symlink: /home/ysc/lite_cog_ros2/nav/install/hdl_localization/share/hdl_localization/environment/ament_prefix_path.sh\n'}
[205.752913] (hdl_localization) StdoutLine: {'line': b'-- Up-to-date symlink: /home/ysc/lite_cog_ros2/nav/install/hdl_localization/share/hdl_localization/environment/ament_prefix_path.dsv\n'}
[205.755620] (hdl_localization) StdoutLine: {'line': b'-- Up-to-date symlink: /home/ysc/lite_cog_ros2/nav/install/hdl_localization/share/hdl_localization/environment/path.sh\n'}
[205.758298] (hdl_localization) StdoutLine: {'line': b'-- Up-to-date symlink: /home/ysc/lite_cog_ros2/nav/install/hdl_localization/share/hdl_localization/environment/path.dsv\n'}
[205.760963] (hdl_localization) StdoutLine: {'line': b'-- Up-to-date symlink: /home/ysc/lite_cog_ros2/nav/install/hdl_localization/share/hdl_localization/local_setup.bash\n'}
[205.763437] (hdl_localization) StdoutLine: {'line': b'-- Up-to-date symlink: /home/ysc/lite_cog_ros2/nav/install/hdl_localization/share/hdl_localization/local_setup.sh\n'}
[205.765715] (hdl_localization) StdoutLine: {'line': b'-- Up-to-date symlink: /home/ysc/lite_cog_ros2/nav/install/hdl_localization/share/hdl_localization/local_setup.zsh\n'}
[205.768347] (hdl_localization) StdoutLine: {'line': b'-- Up-to-date symlink: /home/ysc/lite_cog_ros2/nav/install/hdl_localization/share/hdl_localization/local_setup.dsv\n'}
[205.769925] (hdl_localization) StdoutLine: {'line': b'-- Symlinking: /home/ysc/lite_cog_ros2/nav/install/hdl_localization/share/hdl_localization/package.dsv\n'}
[205.782612] (-) TimerEvent: {}
[205.883769] (-) TimerEvent: {}
[205.973697] (hdl_localization) StdoutLine: {'line': b'-- Up-to-date symlink: /home/ysc/lite_cog_ros2/nav/install/hdl_localization/share/ament_index/resource_index/packages/hdl_localization\n'}
[205.978524] (hdl_localization) StdoutLine: {'line': b'-- Up-to-date symlink: /home/ysc/lite_cog_ros2/nav/install/hdl_localization/share/hdl_localization/cmake/rosidl_cmake-extras.cmake\n'}
[205.981524] (hdl_localization) StdoutLine: {'line': b'-- Up-to-date symlink: /home/ysc/lite_cog_ros2/nav/install/hdl_localization/share/hdl_localization/cmake/ament_cmake_export_dependencies-extras.cmake\n'}
[205.983892] (-) TimerEvent: {}
[205.984722] (hdl_localization) StdoutLine: {'line': b'-- Up-to-date symlink: /home/ysc/lite_cog_ros2/nav/install/hdl_localization/share/hdl_localization/cmake/ament_cmake_export_libraries-extras.cmake\n'}
[205.987433] (hdl_localization) StdoutLine: {'line': b'-- Up-to-date symlink: /home/ysc/lite_cog_ros2/nav/install/hdl_localization/share/hdl_localization/cmake/ament_cmake_export_targets-extras.cmake\n'}
[205.990038] (hdl_localization) StdoutLine: {'line': b'-- Up-to-date symlink: /home/ysc/lite_cog_ros2/nav/install/hdl_localization/share/hdl_localization/cmake/ament_cmake_export_include_directories-extras.cmake\n'}
[205.992564] (hdl_localization) StdoutLine: {'line': b'-- Up-to-date symlink: /home/ysc/lite_cog_ros2/nav/install/hdl_localization/share/hdl_localization/cmake/rosidl_cmake_export_typesupport_libraries-extras.cmake\n'}
[205.995709] (hdl_localization) StdoutLine: {'line': b'-- Up-to-date symlink: /home/ysc/lite_cog_ros2/nav/install/hdl_localization/share/hdl_localization/cmake/rosidl_cmake_export_typesupport_targets-extras.cmake\n'}
[205.998215] (hdl_localization) StdoutLine: {'line': b'-- Up-to-date symlink: /home/ysc/lite_cog_ros2/nav/install/hdl_localization/share/hdl_localization/cmake/hdl_localizationConfig.cmake\n'}
[206.000262] (hdl_localization) StdoutLine: {'line': b'-- Up-to-date symlink: /home/ysc/lite_cog_ros2/nav/install/hdl_localization/share/hdl_localization/cmake/hdl_localizationConfig-version.cmake\n'}
[206.003057] (hdl_localization) StdoutLine: {'line': b'-- Up-to-date symlink: /home/ysc/lite_cog_ros2/nav/install/hdl_localization/share/hdl_localization/package.xml\n'}
[206.007598] (hdl_localization) StdoutLine: {'line': b'-- Up-to-date: /home/ysc/lite_cog_ros2/nav/install/hdl_localization/lib/libhdl_localization__rosidl_generator_c.so\n'}
[206.011302] (hdl_localization) StdoutLine: {'line': b'-- Up-to-date: /home/ysc/lite_cog_ros2/nav/install/hdl_localization/lib/libhdl_localization__rosidl_typesupport_introspection_c.so\n'}
[206.015876] (hdl_localization) StdoutLine: {'line': b'-- Up-to-date: /home/ysc/lite_cog_ros2/nav/install/hdl_localization/lib/libhdl_localization__rosidl_typesupport_c.so\n'}
[206.019741] (hdl_localization) StdoutLine: {'line': b'-- Up-to-date: /home/ysc/lite_cog_ros2/nav/install/hdl_localization/lib/libhdl_localization__rosidl_typesupport_introspection_cpp.so\n'}
[206.023429] (hdl_localization) StdoutLine: {'line': b'-- Up-to-date: /home/ysc/lite_cog_ros2/nav/install/hdl_localization/lib/libhdl_localization__rosidl_typesupport_cpp.so\n'}
[206.084108] (-) TimerEvent: {}
[206.185046] (-) TimerEvent: {}
[206.286103] (-) TimerEvent: {}
[206.387163] (-) TimerEvent: {}
[206.488157] (-) TimerEvent: {}
[206.505150] (hdl_localization) StdoutLine: {'line': b'-- Up-to-date: /home/ysc/lite_cog_ros2/nav/install/hdl_localization/share/hdl_localization/cmake/hdl_localization__rosidl_generator_cExport.cmake\n'}
[206.506019] (hdl_localization) StdoutLine: {'line': b'-- Up-to-date: /home/ysc/lite_cog_ros2/nav/install/hdl_localization/share/hdl_localization/cmake/hdl_localization__rosidl_generator_cExport-release.cmake\n'}
[206.507674] (hdl_localization) StdoutLine: {'line': b'-- Up-to-date: /home/ysc/lite_cog_ros2/nav/install/hdl_localization/share/hdl_localization/cmake/hdl_localization__rosidl_typesupport_introspection_cExport.cmake\n'}
[206.508450] (hdl_localization) StdoutLine: {'line': b'-- Up-to-date: /home/ysc/lite_cog_ros2/nav/install/hdl_localization/share/hdl_localization/cmake/hdl_localization__rosidl_typesupport_introspection_cExport-release.cmake\n'}
[206.510647] (hdl_localization) StdoutLine: {'line': b'-- Up-to-date: /home/ysc/lite_cog_ros2/nav/install/hdl_localization/share/hdl_localization/cmake/hdl_localization__rosidl_typesupport_cExport.cmake\n'}
[206.511471] (hdl_localization) StdoutLine: {'line': b'-- Up-to-date: /home/ysc/lite_cog_ros2/nav/install/hdl_localization/share/hdl_localization/cmake/hdl_localization__rosidl_typesupport_cExport-release.cmake\n'}
[206.513522] (hdl_localization) StdoutLine: {'line': b'-- Up-to-date: /home/ysc/lite_cog_ros2/nav/install/hdl_localization/share/hdl_localization/cmake/hdl_localization__rosidl_generator_cppExport.cmake\n'}
[206.515930] (hdl_localization) StdoutLine: {'line': b'-- Up-to-date: /home/ysc/lite_cog_ros2/nav/install/hdl_localization/share/hdl_localization/cmake/hdl_localization__rosidl_typesupport_introspection_cppExport.cmake\n'}
[206.516703] (hdl_localization) StdoutLine: {'line': b'-- Up-to-date: /home/ysc/lite_cog_ros2/nav/install/hdl_localization/share/hdl_localization/cmake/hdl_localization__rosidl_typesupport_introspection_cppExport-release.cmake\n'}
[206.518728] (hdl_localization) StdoutLine: {'line': b'-- Up-to-date: /home/ysc/lite_cog_ros2/nav/install/hdl_localization/share/hdl_localization/cmake/hdl_localization__rosidl_typesupport_cppExport.cmake\n'}
[206.519393] (hdl_localization) StdoutLine: {'line': b'-- Up-to-date: /home/ysc/lite_cog_ros2/nav/install/hdl_localization/share/hdl_localization/cmake/hdl_localization__rosidl_typesupport_cppExport-release.cmake\n'}
[206.530463] (hdl_localization) CommandEnded: {'returncode': 0}
[206.588375] (-) TimerEvent: {}
[206.689503] (-) TimerEvent: {}
[206.791429] (-) TimerEvent: {}
[206.893266] (-) TimerEvent: {}
[206.995329] (-) TimerEvent: {}
[207.096298] (-) TimerEvent: {}
[207.197814] (-) TimerEvent: {}
[207.299791] (-) TimerEvent: {}
[207.331349] (hdl_localization) JobEnded: {'identifier': 'hdl_localization', 'rc': 0}
[207.340196] (-) EventReactorShutdown: {}
