[0.000000] (-) TimerEvent: {}
[0.002604] (dr_nav2) JobQueued: {'identifier': 'dr_nav2', 'dependencies': OrderedDict()}
[0.003046] (hdl_global_localization) JobQueued: {'identifier': 'hdl_global_localization', 'dependencies': OrderedDict()}
[0.003582] (late_fusion) JobQueued: {'identifier': 'late_fusion', 'dependencies': OrderedDict()}
[0.004620] (narrow_passage_controller) JobQueued: {'identifier': 'narrow_passage_controller', 'dependencies': OrderedDict()}
[0.006507] (sensor_test) JobQueued: {'identifier': 'sensor_test', 'dependencies': OrderedDict()}
[0.008157] (hdl_localization) JobQueued: {'identifier': 'hdl_localization', 'dependencies': OrderedDict([('hdl_global_localization', '/home/ysc/lite_cog_ros2/nav/src/install/hdl_global_localization')])}
[0.008571] (hdl_global_localization) JobStarted: {'identifier': 'hdl_global_localization'}
[0.087970] (dr_nav2) JobStarted: {'identifier': 'dr_nav2'}
[0.099838] (-) TimerEvent: {}
[0.141340] (late_fusion) JobStarted: {'identifier': 'late_fusion'}
[0.207192] (-) TimerEvent: {}
[0.310450] (-) TimerEvent: {}
[0.354297] (narrow_passage_controller) JobStarted: {'identifier': 'narrow_passage_controller'}
[0.413413] (-) TimerEvent: {}
[0.465276] (sensor_test) JobStarted: {'identifier': 'sensor_test'}
[0.513301] (-) TimerEvent: {}
[0.591146] (hdl_global_localization) JobProgress: {'identifier': 'hdl_global_localization', 'progress': 'cmake'}
[0.596018] (hdl_global_localization) Command: {'cmd': ['/usr/bin/cmake', '/home/ysc/lite_cog_ros2/nav/src/hdl_global_localization', '-DCMAKE_INSTALL_PREFIX=/home/ysc/lite_cog_ros2/nav/src/install/hdl_global_localization'], 'cwd': '/home/ysc/lite_cog_ros2/nav/src/build/hdl_global_localization', 'env': OrderedDict([('LESSOPEN', '| /usr/bin/lesspipe %s'), ('USER', 'ysc'), ('LC_TIME', 'zh_CN.UTF-8'), ('SSH_AGENT_PID', '1969'), ('XDG_SESSION_TYPE', 'x11'), ('SHLVL', '1'), ('LD_LIBRARY_PATH', '/usr/lib/aarch64-linux-gnu/gazebo-11/plugins:/opt/ros/foxy/opt/yaml_cpp_vendor/lib:/opt/ros/foxy/opt/rviz_ogre_vendor/lib:/opt/ros/foxy/lib/aarch64-linux-gnu:/opt/ros/foxy/lib:/usr/local/cuda-11.4/lib64:'), ('HOME', '/home/ysc'), ('DESKTOP_SESSION', 'ubuntu'), ('JETSON_L4T', '35.4.1'), ('ROS_PYTHON_VERSION', '3'), ('GNOME_SHELL_SESSION_MODE', 'ubuntu'), ('GTK_MODULES', 'gail:atk-bridge'), ('JETSON_MODEL', 'NVIDIA Jetson Xavier NX Developer Kit'), ('LC_MONETARY', 'zh_CN.UTF-8'), ('MANAGERPID', '1455'), ('DBUS_STARTER_BUS_TYPE', 'session'), ('ROS_LOG_DIR', '/home/ysc/lite_cog_ros2/system/log'), ('DBUS_SESSION_BUS_ADDRESS', 'unix:path=/run/user/1000/bus,guid=9490700c6fa999152488ef0b69425bff'), ('COLORTERM', 'truecolor'), ('_colcon_cd_root', '/opt/ros/foxy/'), ('IM_CONFIG_PHASE', '1'), ('COLCON_PREFIX_PATH', '/home/ysc/lite_cog_ros2/nav/src/install'), ('ROS_DISTRO', 'foxy'), ('LOGNAME', 'ysc'), ('JETSON_MODULE', 'NVIDIA Jetson Xavier NX'), ('JETSON_SERIAL_NUMBER', '1421125032270'), ('JOURNAL_STREAM', '8:50396'), ('_', '/usr/bin/colcon'), ('ROS_VERSION', '2'), ('JETSON_CODENAME', 'Jakku'), ('XDG_SESSION_CLASS', 'user'), ('USERNAME', 'ysc'), ('TERM', 'xterm-256color'), ('GNOME_DESKTOP_SESSION_ID', 'this-is-deprecated'), ('ROS_LOCALHOST_ONLY', '0'), ('WINDOWPATH', '2'), ('PATH', '/opt/ros/foxy/bin:/usr/local/cuda-11.4/bin:/home/ysc/.local/bin:/usr/local/sbin:/usr/local/bin:/usr/sbin:/usr/bin:/sbin:/bin:/usr/games:/usr/local/games:/snap/bin'), ('SESSION_MANAGER', 'local/lite:@/tmp/.ICE-unix/2074,unix/lite:/tmp/.ICE-unix/2074'), ('INVOCATION_ID', 'dfe74acf5258439cad30ef121e26087a'), ('XDG_MENU_PREFIX', 'gnome-'), ('LC_ADDRESS', 'zh_CN.UTF-8'), ('GNOME_TERMINAL_SCREEN', '/org/gnome/Terminal/screen/216edd38_1dc2_4ec0_a174_a9822a6e6163'), ('XDG_RUNTIME_DIR', '/run/user/1000'), ('DISPLAY', ':0'), ('LANG', 'en_US.UTF-8'), ('XDG_CURRENT_DESKTOP', 'ubuntu:GNOME'), ('LC_TELEPHONE', 'zh_CN.UTF-8'), ('RMW_IMPLEMENTATION', 'rmw_cyclonedds_cpp'), ('XMODIFIERS', '@im=ibus'), ('XDG_SESSION_DESKTOP', 'ubuntu'), ('XAUTHORITY', '/run/user/1000/gdm/Xauthority'), ('LS_COLORS', 'rs=0:di=01;34:ln=01;36:mh=00:pi=40;33:so=01;35:do=01;35:bd=40;33;01:cd=40;33;01:or=40;31;01:mi=00:su=37;41:sg=30;43:ca=30;41:tw=30;42:ow=34;42:st=37;44:ex=01;32:*.tar=01;31:*.tgz=01;31:*.arc=01;31:*.arj=01;31:*.taz=01;31:*.lha=01;31:*.lz4=01;31:*.lzh=01;31:*.lzma=01;31:*.tlz=01;31:*.txz=01;31:*.tzo=01;31:*.t7z=01;31:*.zip=01;31:*.z=01;31:*.dz=01;31:*.gz=01;31:*.lrz=01;31:*.lz=01;31:*.lzo=01;31:*.xz=01;31:*.zst=01;31:*.tzst=01;31:*.bz2=01;31:*.bz=01;31:*.tbz=01;31:*.tbz2=01;31:*.tz=01;31:*.deb=01;31:*.rpm=01;31:*.jar=01;31:*.war=01;31:*.ear=01;31:*.sar=01;31:*.rar=01;31:*.alz=01;31:*.ace=01;31:*.zoo=01;31:*.cpio=01;31:*.7z=01;31:*.rz=01;31:*.cab=01;31:*.wim=01;31:*.swm=01;31:*.dwm=01;31:*.esd=01;31:*.jpg=01;35:*.jpeg=01;35:*.mjpg=01;35:*.mjpeg=01;35:*.gif=01;35:*.bmp=01;35:*.pbm=01;35:*.pgm=01;35:*.ppm=01;35:*.tga=01;35:*.xbm=01;35:*.xpm=01;35:*.tif=01;35:*.tiff=01;35:*.png=01;35:*.svg=01;35:*.svgz=01;35:*.mng=01;35:*.pcx=01;35:*.mov=01;35:*.mpg=01;35:*.mpeg=01;35:*.m2v=01;35:*.mkv=01;35:*.webm=01;35:*.ogm=01;35:*.mp4=01;35:*.m4v=01;35:*.mp4v=01;35:*.vob=01;35:*.qt=01;35:*.nuv=01;35:*.wmv=01;35:*.asf=01;35:*.rm=01;35:*.rmvb=01;35:*.flc=01;35:*.avi=01;35:*.fli=01;35:*.flv=01;35:*.gl=01;35:*.dl=01;35:*.xcf=01;35:*.xwd=01;35:*.yuv=01;35:*.cgm=01;35:*.emf=01;35:*.ogv=01;35:*.ogx=01;35:*.aac=00;36:*.au=00;36:*.flac=00;36:*.m4a=00;36:*.mid=00;36:*.midi=00;36:*.mka=00;36:*.mp3=00;36:*.mpc=00;36:*.ogg=00;36:*.ra=00;36:*.wav=00;36:*.oga=00;36:*.opus=00;36:*.spx=00;36:*.xspf=00;36:'), ('JETSON_SOC', 'tegra194'), ('GNOME_TERMINAL_SERVICE', ':1.104'), ('SSH_AUTH_SOCK', '/run/user/1000/keyring/ssh'), ('ROS_DOMAIN_ID', '0'), ('AMENT_PREFIX_PATH', '/home/ysc/lite_cog_ros2/nav/src/install/narrow_passage_controller:/opt/ros/foxy'), ('SHELL', '/bin/bash'), ('LC_NAME', 'zh_CN.UTF-8'), ('QT_ACCESSIBILITY', '1'), ('GDMSESSION', 'ubuntu'), ('LESSCLOSE', '/usr/bin/lesspipe %s %s'), ('LC_MEASUREMENT', 'zh_CN.UTF-8'), ('GPG_AGENT_INFO', '/run/user/1000/gnupg/S.gpg-agent:0:1'), ('LC_IDENTIFICATION', 'zh_CN.UTF-8'), ('QT_IM_MODULE', 'ibus'), ('JETSON_CUDA_ARCH_BIN', '7.2'), ('PWD', '/home/ysc/lite_cog_ros2/nav/src/build/hdl_global_localization'), ('LC_ALL', 'en_US.UTF-8'), ('XDG_CONFIG_DIRS', '/etc/xdg/xdg-ubuntu:/etc/xdg'), ('DBUS_STARTER_ADDRESS', 'unix:path=/run/user/1000/bus,guid=9490700c6fa999152488ef0b69425bff'), ('XDG_DATA_DIRS', '/usr/share/ubuntu:/usr/local/share/:/usr/share/:/var/lib/snapd/desktop'), ('PYTHONPATH', '/home/ysc/lite_cog_ros2/nav/src/install/narrow_passage_controller/lib/python3.8/site-packages:/opt/ros/foxy/lib/python3.8/site-packages'), ('LC_NUMERIC', 'zh_CN.UTF-8'), ('LC_PAPER', 'zh_CN.UTF-8'), ('COLCON', '1'), ('VTE_VERSION', '6003'), ('JETSON_JETPACK', '5.1.2'), ('JETSON_P_NUMBER', 'p3668-0001'), ('CMAKE_PREFIX_PATH', '/home/ysc/lite_cog_ros2/nav/src/install/narrow_passage_controller:/opt/ros/foxy')]), 'shell': False}
[0.629457] (-) TimerEvent: {}
[0.738679] (-) TimerEvent: {}
[0.804428] (dr_nav2) JobProgress: {'identifier': 'dr_nav2', 'progress': 'cmake'}
[0.806631] (dr_nav2) Command: {'cmd': ['/usr/bin/cmake', '/home/ysc/lite_cog_ros2/nav/src/dr_nav2', '-DCMAKE_INSTALL_PREFIX=/home/ysc/lite_cog_ros2/nav/src/install/dr_nav2'], 'cwd': '/home/ysc/lite_cog_ros2/nav/src/build/dr_nav2', 'env': OrderedDict([('LESSOPEN', '| /usr/bin/lesspipe %s'), ('USER', 'ysc'), ('LC_TIME', 'zh_CN.UTF-8'), ('SSH_AGENT_PID', '1969'), ('XDG_SESSION_TYPE', 'x11'), ('SHLVL', '1'), ('LD_LIBRARY_PATH', '/usr/lib/aarch64-linux-gnu/gazebo-11/plugins:/opt/ros/foxy/opt/yaml_cpp_vendor/lib:/opt/ros/foxy/opt/rviz_ogre_vendor/lib:/opt/ros/foxy/lib/aarch64-linux-gnu:/opt/ros/foxy/lib:/usr/local/cuda-11.4/lib64:'), ('HOME', '/home/ysc'), ('DESKTOP_SESSION', 'ubuntu'), ('JETSON_L4T', '35.4.1'), ('ROS_PYTHON_VERSION', '3'), ('GNOME_SHELL_SESSION_MODE', 'ubuntu'), ('GTK_MODULES', 'gail:atk-bridge'), ('JETSON_MODEL', 'NVIDIA Jetson Xavier NX Developer Kit'), ('LC_MONETARY', 'zh_CN.UTF-8'), ('MANAGERPID', '1455'), ('DBUS_STARTER_BUS_TYPE', 'session'), ('ROS_LOG_DIR', '/home/ysc/lite_cog_ros2/system/log'), ('DBUS_SESSION_BUS_ADDRESS', 'unix:path=/run/user/1000/bus,guid=9490700c6fa999152488ef0b69425bff'), ('COLORTERM', 'truecolor'), ('_colcon_cd_root', '/opt/ros/foxy/'), ('IM_CONFIG_PHASE', '1'), ('COLCON_PREFIX_PATH', '/home/ysc/lite_cog_ros2/nav/src/install'), ('ROS_DISTRO', 'foxy'), ('LOGNAME', 'ysc'), ('JETSON_MODULE', 'NVIDIA Jetson Xavier NX'), ('JETSON_SERIAL_NUMBER', '1421125032270'), ('JOURNAL_STREAM', '8:50396'), ('_', '/usr/bin/colcon'), ('ROS_VERSION', '2'), ('JETSON_CODENAME', 'Jakku'), ('XDG_SESSION_CLASS', 'user'), ('USERNAME', 'ysc'), ('TERM', 'xterm-256color'), ('GNOME_DESKTOP_SESSION_ID', 'this-is-deprecated'), ('ROS_LOCALHOST_ONLY', '0'), ('WINDOWPATH', '2'), ('PATH', '/opt/ros/foxy/bin:/usr/local/cuda-11.4/bin:/home/ysc/.local/bin:/usr/local/sbin:/usr/local/bin:/usr/sbin:/usr/bin:/sbin:/bin:/usr/games:/usr/local/games:/snap/bin'), ('SESSION_MANAGER', 'local/lite:@/tmp/.ICE-unix/2074,unix/lite:/tmp/.ICE-unix/2074'), ('INVOCATION_ID', 'dfe74acf5258439cad30ef121e26087a'), ('XDG_MENU_PREFIX', 'gnome-'), ('LC_ADDRESS', 'zh_CN.UTF-8'), ('GNOME_TERMINAL_SCREEN', '/org/gnome/Terminal/screen/216edd38_1dc2_4ec0_a174_a9822a6e6163'), ('XDG_RUNTIME_DIR', '/run/user/1000'), ('DISPLAY', ':0'), ('LANG', 'en_US.UTF-8'), ('XDG_CURRENT_DESKTOP', 'ubuntu:GNOME'), ('LC_TELEPHONE', 'zh_CN.UTF-8'), ('RMW_IMPLEMENTATION', 'rmw_cyclonedds_cpp'), ('XMODIFIERS', '@im=ibus'), ('XDG_SESSION_DESKTOP', 'ubuntu'), ('XAUTHORITY', '/run/user/1000/gdm/Xauthority'), ('LS_COLORS', 'rs=0:di=01;34:ln=01;36:mh=00:pi=40;33:so=01;35:do=01;35:bd=40;33;01:cd=40;33;01:or=40;31;01:mi=00:su=37;41:sg=30;43:ca=30;41:tw=30;42:ow=34;42:st=37;44:ex=01;32:*.tar=01;31:*.tgz=01;31:*.arc=01;31:*.arj=01;31:*.taz=01;31:*.lha=01;31:*.lz4=01;31:*.lzh=01;31:*.lzma=01;31:*.tlz=01;31:*.txz=01;31:*.tzo=01;31:*.t7z=01;31:*.zip=01;31:*.z=01;31:*.dz=01;31:*.gz=01;31:*.lrz=01;31:*.lz=01;31:*.lzo=01;31:*.xz=01;31:*.zst=01;31:*.tzst=01;31:*.bz2=01;31:*.bz=01;31:*.tbz=01;31:*.tbz2=01;31:*.tz=01;31:*.deb=01;31:*.rpm=01;31:*.jar=01;31:*.war=01;31:*.ear=01;31:*.sar=01;31:*.rar=01;31:*.alz=01;31:*.ace=01;31:*.zoo=01;31:*.cpio=01;31:*.7z=01;31:*.rz=01;31:*.cab=01;31:*.wim=01;31:*.swm=01;31:*.dwm=01;31:*.esd=01;31:*.jpg=01;35:*.jpeg=01;35:*.mjpg=01;35:*.mjpeg=01;35:*.gif=01;35:*.bmp=01;35:*.pbm=01;35:*.pgm=01;35:*.ppm=01;35:*.tga=01;35:*.xbm=01;35:*.xpm=01;35:*.tif=01;35:*.tiff=01;35:*.png=01;35:*.svg=01;35:*.svgz=01;35:*.mng=01;35:*.pcx=01;35:*.mov=01;35:*.mpg=01;35:*.mpeg=01;35:*.m2v=01;35:*.mkv=01;35:*.webm=01;35:*.ogm=01;35:*.mp4=01;35:*.m4v=01;35:*.mp4v=01;35:*.vob=01;35:*.qt=01;35:*.nuv=01;35:*.wmv=01;35:*.asf=01;35:*.rm=01;35:*.rmvb=01;35:*.flc=01;35:*.avi=01;35:*.fli=01;35:*.flv=01;35:*.gl=01;35:*.dl=01;35:*.xcf=01;35:*.xwd=01;35:*.yuv=01;35:*.cgm=01;35:*.emf=01;35:*.ogv=01;35:*.ogx=01;35:*.aac=00;36:*.au=00;36:*.flac=00;36:*.m4a=00;36:*.mid=00;36:*.midi=00;36:*.mka=00;36:*.mp3=00;36:*.mpc=00;36:*.ogg=00;36:*.ra=00;36:*.wav=00;36:*.oga=00;36:*.opus=00;36:*.spx=00;36:*.xspf=00;36:'), ('JETSON_SOC', 'tegra194'), ('GNOME_TERMINAL_SERVICE', ':1.104'), ('SSH_AUTH_SOCK', '/run/user/1000/keyring/ssh'), ('ROS_DOMAIN_ID', '0'), ('AMENT_PREFIX_PATH', '/home/ysc/lite_cog_ros2/nav/src/install/narrow_passage_controller:/opt/ros/foxy'), ('SHELL', '/bin/bash'), ('LC_NAME', 'zh_CN.UTF-8'), ('QT_ACCESSIBILITY', '1'), ('GDMSESSION', 'ubuntu'), ('LESSCLOSE', '/usr/bin/lesspipe %s %s'), ('LC_MEASUREMENT', 'zh_CN.UTF-8'), ('GPG_AGENT_INFO', '/run/user/1000/gnupg/S.gpg-agent:0:1'), ('LC_IDENTIFICATION', 'zh_CN.UTF-8'), ('QT_IM_MODULE', 'ibus'), ('JETSON_CUDA_ARCH_BIN', '7.2'), ('PWD', '/home/ysc/lite_cog_ros2/nav/src/build/dr_nav2'), ('LC_ALL', 'en_US.UTF-8'), ('XDG_CONFIG_DIRS', '/etc/xdg/xdg-ubuntu:/etc/xdg'), ('DBUS_STARTER_ADDRESS', 'unix:path=/run/user/1000/bus,guid=9490700c6fa999152488ef0b69425bff'), ('XDG_DATA_DIRS', '/usr/share/ubuntu:/usr/local/share/:/usr/share/:/var/lib/snapd/desktop'), ('PYTHONPATH', '/home/ysc/lite_cog_ros2/nav/src/install/narrow_passage_controller/lib/python3.8/site-packages:/opt/ros/foxy/lib/python3.8/site-packages'), ('LC_NUMERIC', 'zh_CN.UTF-8'), ('LC_PAPER', 'zh_CN.UTF-8'), ('COLCON', '1'), ('VTE_VERSION', '6003'), ('JETSON_JETPACK', '5.1.2'), ('JETSON_P_NUMBER', 'p3668-0001'), ('CMAKE_PREFIX_PATH', '/home/ysc/lite_cog_ros2/nav/src/install/narrow_passage_controller:/opt/ros/foxy')]), 'shell': False}
[0.842864] (-) TimerEvent: {}
[0.946614] (-) TimerEvent: {}
[1.047669] (-) TimerEvent: {}
[1.148819] (-) TimerEvent: {}
[1.249977] (-) TimerEvent: {}
[1.351766] (-) TimerEvent: {}
[1.456159] (-) TimerEvent: {}
[1.558612] (-) TimerEvent: {}
[1.659765] (-) TimerEvent: {}
[1.761915] (-) TimerEvent: {}
[1.863036] (-) TimerEvent: {}
[1.964371] (-) TimerEvent: {}
[2.066233] (-) TimerEvent: {}
[2.167505] (-) TimerEvent: {}
[2.318450] (-) TimerEvent: {}
[2.420093] (-) TimerEvent: {}
[2.521718] (-) TimerEvent: {}
[2.626597] (-) TimerEvent: {}
[2.728363] (-) TimerEvent: {}
[2.832789] (-) TimerEvent: {}
[2.934658] (-) TimerEvent: {}
[3.041873] (-) TimerEvent: {}
[3.153876] (-) TimerEvent: {}
[3.254909] (-) TimerEvent: {}
[3.356080] (-) TimerEvent: {}
[3.457332] (-) TimerEvent: {}
[3.558447] (-) TimerEvent: {}
[3.660213] (-) TimerEvent: {}
[3.761524] (-) TimerEvent: {}
[3.862567] (-) TimerEvent: {}
[3.963672] (-) TimerEvent: {}
[4.064838] (-) TimerEvent: {}
[4.166820] (-) TimerEvent: {}
[4.269712] (-) TimerEvent: {}
[4.371005] (-) TimerEvent: {}
[4.472131] (-) TimerEvent: {}
[4.573128] (-) TimerEvent: {}
[4.674209] (-) TimerEvent: {}
[4.775379] (-) TimerEvent: {}
[4.877260] (-) TimerEvent: {}
[4.896592] (sensor_test) JobProgress: {'identifier': 'sensor_test', 'progress': 'cmake'}
[4.907671] (sensor_test) Command: {'cmd': ['/usr/bin/cmake', '/home/ysc/lite_cog_ros2/nav/src/sensor_test', '-DCMAKE_INSTALL_PREFIX=/home/ysc/lite_cog_ros2/nav/src/install/sensor_test'], 'cwd': '/home/ysc/lite_cog_ros2/nav/src/build/sensor_test', 'env': OrderedDict([('LESSOPEN', '| /usr/bin/lesspipe %s'), ('USER', 'ysc'), ('LC_TIME', 'zh_CN.UTF-8'), ('SSH_AGENT_PID', '1969'), ('XDG_SESSION_TYPE', 'x11'), ('SHLVL', '1'), ('LD_LIBRARY_PATH', '/usr/lib/aarch64-linux-gnu/gazebo-11/plugins:/opt/ros/foxy/opt/yaml_cpp_vendor/lib:/opt/ros/foxy/opt/rviz_ogre_vendor/lib:/opt/ros/foxy/lib/aarch64-linux-gnu:/opt/ros/foxy/lib:/usr/local/cuda-11.4/lib64:'), ('HOME', '/home/ysc'), ('DESKTOP_SESSION', 'ubuntu'), ('JETSON_L4T', '35.4.1'), ('ROS_PYTHON_VERSION', '3'), ('GNOME_SHELL_SESSION_MODE', 'ubuntu'), ('GTK_MODULES', 'gail:atk-bridge'), ('JETSON_MODEL', 'NVIDIA Jetson Xavier NX Developer Kit'), ('LC_MONETARY', 'zh_CN.UTF-8'), ('MANAGERPID', '1455'), ('DBUS_STARTER_BUS_TYPE', 'session'), ('ROS_LOG_DIR', '/home/ysc/lite_cog_ros2/system/log'), ('DBUS_SESSION_BUS_ADDRESS', 'unix:path=/run/user/1000/bus,guid=9490700c6fa999152488ef0b69425bff'), ('COLORTERM', 'truecolor'), ('_colcon_cd_root', '/opt/ros/foxy/'), ('IM_CONFIG_PHASE', '1'), ('COLCON_PREFIX_PATH', '/home/ysc/lite_cog_ros2/nav/src/install'), ('ROS_DISTRO', 'foxy'), ('LOGNAME', 'ysc'), ('JETSON_MODULE', 'NVIDIA Jetson Xavier NX'), ('JETSON_SERIAL_NUMBER', '1421125032270'), ('JOURNAL_STREAM', '8:50396'), ('_', '/usr/bin/colcon'), ('ROS_VERSION', '2'), ('JETSON_CODENAME', 'Jakku'), ('XDG_SESSION_CLASS', 'user'), ('USERNAME', 'ysc'), ('TERM', 'xterm-256color'), ('GNOME_DESKTOP_SESSION_ID', 'this-is-deprecated'), ('ROS_LOCALHOST_ONLY', '0'), ('WINDOWPATH', '2'), ('PATH', '/opt/ros/foxy/bin:/usr/local/cuda-11.4/bin:/home/ysc/.local/bin:/usr/local/sbin:/usr/local/bin:/usr/sbin:/usr/bin:/sbin:/bin:/usr/games:/usr/local/games:/snap/bin'), ('SESSION_MANAGER', 'local/lite:@/tmp/.ICE-unix/2074,unix/lite:/tmp/.ICE-unix/2074'), ('INVOCATION_ID', 'dfe74acf5258439cad30ef121e26087a'), ('XDG_MENU_PREFIX', 'gnome-'), ('LC_ADDRESS', 'zh_CN.UTF-8'), ('GNOME_TERMINAL_SCREEN', '/org/gnome/Terminal/screen/216edd38_1dc2_4ec0_a174_a9822a6e6163'), ('XDG_RUNTIME_DIR', '/run/user/1000'), ('DISPLAY', ':0'), ('LANG', 'en_US.UTF-8'), ('XDG_CURRENT_DESKTOP', 'ubuntu:GNOME'), ('LC_TELEPHONE', 'zh_CN.UTF-8'), ('RMW_IMPLEMENTATION', 'rmw_cyclonedds_cpp'), ('XMODIFIERS', '@im=ibus'), ('XDG_SESSION_DESKTOP', 'ubuntu'), ('XAUTHORITY', '/run/user/1000/gdm/Xauthority'), ('LS_COLORS', 'rs=0:di=01;34:ln=01;36:mh=00:pi=40;33:so=01;35:do=01;35:bd=40;33;01:cd=40;33;01:or=40;31;01:mi=00:su=37;41:sg=30;43:ca=30;41:tw=30;42:ow=34;42:st=37;44:ex=01;32:*.tar=01;31:*.tgz=01;31:*.arc=01;31:*.arj=01;31:*.taz=01;31:*.lha=01;31:*.lz4=01;31:*.lzh=01;31:*.lzma=01;31:*.tlz=01;31:*.txz=01;31:*.tzo=01;31:*.t7z=01;31:*.zip=01;31:*.z=01;31:*.dz=01;31:*.gz=01;31:*.lrz=01;31:*.lz=01;31:*.lzo=01;31:*.xz=01;31:*.zst=01;31:*.tzst=01;31:*.bz2=01;31:*.bz=01;31:*.tbz=01;31:*.tbz2=01;31:*.tz=01;31:*.deb=01;31:*.rpm=01;31:*.jar=01;31:*.war=01;31:*.ear=01;31:*.sar=01;31:*.rar=01;31:*.alz=01;31:*.ace=01;31:*.zoo=01;31:*.cpio=01;31:*.7z=01;31:*.rz=01;31:*.cab=01;31:*.wim=01;31:*.swm=01;31:*.dwm=01;31:*.esd=01;31:*.jpg=01;35:*.jpeg=01;35:*.mjpg=01;35:*.mjpeg=01;35:*.gif=01;35:*.bmp=01;35:*.pbm=01;35:*.pgm=01;35:*.ppm=01;35:*.tga=01;35:*.xbm=01;35:*.xpm=01;35:*.tif=01;35:*.tiff=01;35:*.png=01;35:*.svg=01;35:*.svgz=01;35:*.mng=01;35:*.pcx=01;35:*.mov=01;35:*.mpg=01;35:*.mpeg=01;35:*.m2v=01;35:*.mkv=01;35:*.webm=01;35:*.ogm=01;35:*.mp4=01;35:*.m4v=01;35:*.mp4v=01;35:*.vob=01;35:*.qt=01;35:*.nuv=01;35:*.wmv=01;35:*.asf=01;35:*.rm=01;35:*.rmvb=01;35:*.flc=01;35:*.avi=01;35:*.fli=01;35:*.flv=01;35:*.gl=01;35:*.dl=01;35:*.xcf=01;35:*.xwd=01;35:*.yuv=01;35:*.cgm=01;35:*.emf=01;35:*.ogv=01;35:*.ogx=01;35:*.aac=00;36:*.au=00;36:*.flac=00;36:*.m4a=00;36:*.mid=00;36:*.midi=00;36:*.mka=00;36:*.mp3=00;36:*.mpc=00;36:*.ogg=00;36:*.ra=00;36:*.wav=00;36:*.oga=00;36:*.opus=00;36:*.spx=00;36:*.xspf=00;36:'), ('JETSON_SOC', 'tegra194'), ('GNOME_TERMINAL_SERVICE', ':1.104'), ('SSH_AUTH_SOCK', '/run/user/1000/keyring/ssh'), ('ROS_DOMAIN_ID', '0'), ('AMENT_PREFIX_PATH', '/home/ysc/lite_cog_ros2/nav/src/install/narrow_passage_controller:/opt/ros/foxy'), ('SHELL', '/bin/bash'), ('LC_NAME', 'zh_CN.UTF-8'), ('QT_ACCESSIBILITY', '1'), ('GDMSESSION', 'ubuntu'), ('LESSCLOSE', '/usr/bin/lesspipe %s %s'), ('LC_MEASUREMENT', 'zh_CN.UTF-8'), ('GPG_AGENT_INFO', '/run/user/1000/gnupg/S.gpg-agent:0:1'), ('LC_IDENTIFICATION', 'zh_CN.UTF-8'), ('QT_IM_MODULE', 'ibus'), ('JETSON_CUDA_ARCH_BIN', '7.2'), ('PWD', '/home/ysc/lite_cog_ros2/nav/src/build/sensor_test'), ('LC_ALL', 'en_US.UTF-8'), ('XDG_CONFIG_DIRS', '/etc/xdg/xdg-ubuntu:/etc/xdg'), ('DBUS_STARTER_ADDRESS', 'unix:path=/run/user/1000/bus,guid=9490700c6fa999152488ef0b69425bff'), ('XDG_DATA_DIRS', '/usr/share/ubuntu:/usr/local/share/:/usr/share/:/var/lib/snapd/desktop'), ('PYTHONPATH', '/home/ysc/lite_cog_ros2/nav/src/install/narrow_passage_controller/lib/python3.8/site-packages:/opt/ros/foxy/lib/python3.8/site-packages'), ('LC_NUMERIC', 'zh_CN.UTF-8'), ('LC_PAPER', 'zh_CN.UTF-8'), ('COLCON', '1'), ('VTE_VERSION', '6003'), ('JETSON_JETPACK', '5.1.2'), ('JETSON_P_NUMBER', 'p3668-0001'), ('CMAKE_PREFIX_PATH', '/home/ysc/lite_cog_ros2/nav/src/install/narrow_passage_controller:/opt/ros/foxy')]), 'shell': False}
[4.963051] (hdl_global_localization) StdoutLine: {'line': b'-- The C compiler identification is GNU 9.4.0\n'}
[4.964158] (hdl_global_localization) StdoutLine: {'line': b'-- The CXX compiler identification is GNU 9.4.0\n'}
[4.964715] (hdl_global_localization) StdoutLine: {'line': b'-- Check for working C compiler: /usr/bin/cc\n'}
[4.977123] (-) TimerEvent: {}
[4.990337] (dr_nav2) StdoutLine: {'line': b'-- The C compiler identification is GNU 9.4.0\n'}
[4.991915] (dr_nav2) StdoutLine: {'line': b'-- The CXX compiler identification is GNU 9.4.0\n'}
[4.993639] (dr_nav2) StdoutLine: {'line': b'-- Check for working C compiler: /usr/bin/cc\n'}
[5.078357] (-) TimerEvent: {}
[5.200217] (-) TimerEvent: {}
[5.301622] (-) TimerEvent: {}
[5.407700] (-) TimerEvent: {}
[5.493957] (hdl_global_localization) StdoutLine: {'line': b'-- Check for working C compiler: /usr/bin/cc -- works\n'}
[5.509121] (-) TimerEvent: {}
[5.582708] (dr_nav2) StdoutLine: {'line': b'-- Check for working C compiler: /usr/bin/cc -- works\n'}
[5.609337] (-) TimerEvent: {}
[5.662642] (dr_nav2) StdoutLine: {'line': b'-- Detecting C compiler ABI info\n'}
[5.664571] (hdl_global_localization) StdoutLine: {'line': b'-- Detecting C compiler ABI info\n'}
[5.709572] (-) TimerEvent: {}
[5.811726] (-) TimerEvent: {}
[5.917828] (-) TimerEvent: {}
[5.990040] (sensor_test) StdoutLine: {'line': b'-- The C compiler identification is GNU 9.4.0\n'}
[6.018051] (-) TimerEvent: {}
[6.130322] (-) TimerEvent: {}
[6.231675] (-) TimerEvent: {}
[6.333174] (-) TimerEvent: {}
[6.434166] (-) TimerEvent: {}
[6.535230] (-) TimerEvent: {}
[6.636287] (-) TimerEvent: {}
[6.641355] (sensor_test) StdoutLine: {'line': b'-- The CXX compiler identification is GNU 9.4.0\n'}
[6.710064] (sensor_test) StdoutLine: {'line': b'-- Check for working C compiler: /usr/bin/cc\n'}
[6.736525] (-) TimerEvent: {}
[6.837738] (-) TimerEvent: {}
[6.938830] (-) TimerEvent: {}
[6.963520] (dr_nav2) StdoutLine: {'line': b'-- Detecting C compiler ABI info - done\n'}
[7.010359] (hdl_global_localization) StdoutLine: {'line': b'-- Detecting C compiler ABI info - done\n'}
[7.039054] (-) TimerEvent: {}
[7.140144] (-) TimerEvent: {}
[7.252337] (dr_nav2) StdoutLine: {'line': b'-- Detecting C compile features\n'}
[7.253575] (-) TimerEvent: {}
[7.255135] (dr_nav2) StdoutLine: {'line': b'-- Detecting C compile features - done\n'}
[7.256238] (hdl_global_localization) StdoutLine: {'line': b'-- Detecting C compile features\n'}
[7.256845] (hdl_global_localization) StdoutLine: {'line': b'-- Detecting C compile features - done\n'}
[7.364170] (-) TimerEvent: {}
[7.434821] (dr_nav2) StdoutLine: {'line': b'-- Check for working CXX compiler: /usr/bin/c++\n'}
[7.436639] (hdl_global_localization) StdoutLine: {'line': b'-- Check for working CXX compiler: /usr/bin/c++\n'}
[7.460978] (-) TimerEvent: {}
[7.566374] (-) TimerEvent: {}
[7.622835] (sensor_test) StdoutLine: {'line': b'-- Check for working C compiler: /usr/bin/cc -- works\n'}
[7.640723] (sensor_test) StdoutLine: {'line': b'-- Detecting C compiler ABI info\n'}
[7.669206] (-) TimerEvent: {}
[7.801160] (-) TimerEvent: {}
[7.902235] (-) TimerEvent: {}
[8.005079] (-) TimerEvent: {}
[8.109124] (-) TimerEvent: {}
[8.213835] (-) TimerEvent: {}
[8.318060] (-) TimerEvent: {}
[8.419196] (-) TimerEvent: {}
[8.520482] (-) TimerEvent: {}
[8.541715] (dr_nav2) StdoutLine: {'line': b'-- Check for working CXX compiler: /usr/bin/c++ -- works\n'}
[8.556284] (dr_nav2) StdoutLine: {'line': b'-- Detecting CXX compiler ABI info\n'}
[8.620716] (-) TimerEvent: {}
[8.648024] (hdl_global_localization) StdoutLine: {'line': b'-- Check for working CXX compiler: /usr/bin/c++ -- works\n'}
[8.667563] (hdl_global_localization) StdoutLine: {'line': b'-- Detecting CXX compiler ABI info\n'}
[8.721091] (-) TimerEvent: {}
[8.822595] (-) TimerEvent: {}
[8.849349] (sensor_test) StdoutLine: {'line': b'-- Detecting C compiler ABI info - done\n'}
[8.922913] (-) TimerEvent: {}
[8.956723] (sensor_test) StdoutLine: {'line': b'-- Detecting C compile features\n'}
[8.958665] (sensor_test) StdoutLine: {'line': b'-- Detecting C compile features - done\n'}
[8.977291] (sensor_test) StdoutLine: {'line': b'-- Check for working CXX compiler: /usr/bin/c++\n'}
[9.023286] (-) TimerEvent: {}
[9.097476] (late_fusion) Command: {'cmd': ['/usr/bin/python3', '-W', 'ignore:setup.py install is deprecated', 'setup.py', 'egg_info', '--egg-base', '../build/late_fusion', 'build', '--build-base', '/home/ysc/lite_cog_ros2/nav/src/build/late_fusion/build', 'install', '--record', '/home/ysc/lite_cog_ros2/nav/src/build/late_fusion/install.log', '--install-scripts', '$base/lib/late_fusion', '--single-version-externally-managed', 'install_data'], 'cwd': '/home/ysc/lite_cog_ros2/nav/src/late_fusion', 'env': {'LESSOPEN': '| /usr/bin/lesspipe %s', 'USER': 'ysc', 'LC_TIME': 'zh_CN.UTF-8', 'SSH_AGENT_PID': '1969', 'XDG_SESSION_TYPE': 'x11', 'SHLVL': '1', 'LD_LIBRARY_PATH': '/usr/lib/aarch64-linux-gnu/gazebo-11/plugins:/opt/ros/foxy/opt/yaml_cpp_vendor/lib:/opt/ros/foxy/opt/rviz_ogre_vendor/lib:/opt/ros/foxy/lib/aarch64-linux-gnu:/opt/ros/foxy/lib:/usr/local/cuda-11.4/lib64:', 'HOME': '/home/ysc', 'DESKTOP_SESSION': 'ubuntu', 'JETSON_L4T': '35.4.1', 'ROS_PYTHON_VERSION': '3', 'GNOME_SHELL_SESSION_MODE': 'ubuntu', 'GTK_MODULES': 'gail:atk-bridge', 'JETSON_MODEL': 'NVIDIA Jetson Xavier NX Developer Kit', 'LC_MONETARY': 'zh_CN.UTF-8', 'MANAGERPID': '1455', 'DBUS_STARTER_BUS_TYPE': 'session', 'ROS_LOG_DIR': '/home/ysc/lite_cog_ros2/system/log', 'DBUS_SESSION_BUS_ADDRESS': 'unix:path=/run/user/1000/bus,guid=9490700c6fa999152488ef0b69425bff', 'COLORTERM': 'truecolor', '_colcon_cd_root': '/opt/ros/foxy/', 'IM_CONFIG_PHASE': '1', 'COLCON_PREFIX_PATH': '/home/ysc/lite_cog_ros2/nav/src/install', 'ROS_DISTRO': 'foxy', 'LOGNAME': 'ysc', 'JETSON_MODULE': 'NVIDIA Jetson Xavier NX', 'JETSON_SERIAL_NUMBER': '1421125032270', 'JOURNAL_STREAM': '8:50396', '_': '/usr/bin/colcon', 'ROS_VERSION': '2', 'JETSON_CODENAME': 'Jakku', 'XDG_SESSION_CLASS': 'user', 'USERNAME': 'ysc', 'TERM': 'xterm-256color', 'GNOME_DESKTOP_SESSION_ID': 'this-is-deprecated', 'ROS_LOCALHOST_ONLY': '0', 'WINDOWPATH': '2', 'PATH': '/opt/ros/foxy/bin:/usr/local/cuda-11.4/bin:/home/ysc/.local/bin:/usr/local/sbin:/usr/local/bin:/usr/sbin:/usr/bin:/sbin:/bin:/usr/games:/usr/local/games:/snap/bin', 'SESSION_MANAGER': 'local/lite:@/tmp/.ICE-unix/2074,unix/lite:/tmp/.ICE-unix/2074', 'INVOCATION_ID': 'dfe74acf5258439cad30ef121e26087a', 'XDG_MENU_PREFIX': 'gnome-', 'LC_ADDRESS': 'zh_CN.UTF-8', 'GNOME_TERMINAL_SCREEN': '/org/gnome/Terminal/screen/216edd38_1dc2_4ec0_a174_a9822a6e6163', 'XDG_RUNTIME_DIR': '/run/user/1000', 'DISPLAY': ':0', 'LANG': 'en_US.UTF-8', 'XDG_CURRENT_DESKTOP': 'ubuntu:GNOME', 'LC_TELEPHONE': 'zh_CN.UTF-8', 'RMW_IMPLEMENTATION': 'rmw_cyclonedds_cpp', 'XMODIFIERS': '@im=ibus', 'XDG_SESSION_DESKTOP': 'ubuntu', 'XAUTHORITY': '/run/user/1000/gdm/Xauthority', 'LS_COLORS': 'rs=0:di=01;34:ln=01;36:mh=00:pi=40;33:so=01;35:do=01;35:bd=40;33;01:cd=40;33;01:or=40;31;01:mi=00:su=37;41:sg=30;43:ca=30;41:tw=30;42:ow=34;42:st=37;44:ex=01;32:*.tar=01;31:*.tgz=01;31:*.arc=01;31:*.arj=01;31:*.taz=01;31:*.lha=01;31:*.lz4=01;31:*.lzh=01;31:*.lzma=01;31:*.tlz=01;31:*.txz=01;31:*.tzo=01;31:*.t7z=01;31:*.zip=01;31:*.z=01;31:*.dz=01;31:*.gz=01;31:*.lrz=01;31:*.lz=01;31:*.lzo=01;31:*.xz=01;31:*.zst=01;31:*.tzst=01;31:*.bz2=01;31:*.bz=01;31:*.tbz=01;31:*.tbz2=01;31:*.tz=01;31:*.deb=01;31:*.rpm=01;31:*.jar=01;31:*.war=01;31:*.ear=01;31:*.sar=01;31:*.rar=01;31:*.alz=01;31:*.ace=01;31:*.zoo=01;31:*.cpio=01;31:*.7z=01;31:*.rz=01;31:*.cab=01;31:*.wim=01;31:*.swm=01;31:*.dwm=01;31:*.esd=01;31:*.jpg=01;35:*.jpeg=01;35:*.mjpg=01;35:*.mjpeg=01;35:*.gif=01;35:*.bmp=01;35:*.pbm=01;35:*.pgm=01;35:*.ppm=01;35:*.tga=01;35:*.xbm=01;35:*.xpm=01;35:*.tif=01;35:*.tiff=01;35:*.png=01;35:*.svg=01;35:*.svgz=01;35:*.mng=01;35:*.pcx=01;35:*.mov=01;35:*.mpg=01;35:*.mpeg=01;35:*.m2v=01;35:*.mkv=01;35:*.webm=01;35:*.ogm=01;35:*.mp4=01;35:*.m4v=01;35:*.mp4v=01;35:*.vob=01;35:*.qt=01;35:*.nuv=01;35:*.wmv=01;35:*.asf=01;35:*.rm=01;35:*.rmvb=01;35:*.flc=01;35:*.avi=01;35:*.fli=01;35:*.flv=01;35:*.gl=01;35:*.dl=01;35:*.xcf=01;35:*.xwd=01;35:*.yuv=01;35:*.cgm=01;35:*.emf=01;35:*.ogv=01;35:*.ogx=01;35:*.aac=00;36:*.au=00;36:*.flac=00;36:*.m4a=00;36:*.mid=00;36:*.midi=00;36:*.mka=00;36:*.mp3=00;36:*.mpc=00;36:*.ogg=00;36:*.ra=00;36:*.wav=00;36:*.oga=00;36:*.opus=00;36:*.spx=00;36:*.xspf=00;36:', 'JETSON_SOC': 'tegra194', 'GNOME_TERMINAL_SERVICE': ':1.104', 'SSH_AUTH_SOCK': '/run/user/1000/keyring/ssh', 'ROS_DOMAIN_ID': '0', 'AMENT_PREFIX_PATH': '/home/ysc/lite_cog_ros2/nav/src/install/narrow_passage_controller:/opt/ros/foxy', 'SHELL': '/bin/bash', 'LC_NAME': 'zh_CN.UTF-8', 'QT_ACCESSIBILITY': '1', 'GDMSESSION': 'ubuntu', 'LESSCLOSE': '/usr/bin/lesspipe %s %s', 'LC_MEASUREMENT': 'zh_CN.UTF-8', 'GPG_AGENT_INFO': '/run/user/1000/gnupg/S.gpg-agent:0:1', 'LC_IDENTIFICATION': 'zh_CN.UTF-8', 'QT_IM_MODULE': 'ibus', 'JETSON_CUDA_ARCH_BIN': '7.2', 'PWD': '/home/ysc/lite_cog_ros2/nav/src/build/late_fusion', 'LC_ALL': 'en_US.UTF-8', 'XDG_CONFIG_DIRS': '/etc/xdg/xdg-ubuntu:/etc/xdg', 'DBUS_STARTER_ADDRESS': 'unix:path=/run/user/1000/bus,guid=9490700c6fa999152488ef0b69425bff', 'XDG_DATA_DIRS': '/usr/share/ubuntu:/usr/local/share/:/usr/share/:/var/lib/snapd/desktop', 'PYTHONPATH': '/home/ysc/lite_cog_ros2/nav/src/build/late_fusion/prefix_override:/home/ysc/lite_cog_ros2/nav/src/install/late_fusion/lib/python3.8/site-packages:/home/ysc/lite_cog_ros2/nav/src/install/narrow_passage_controller/lib/python3.8/site-packages:/opt/ros/foxy/lib/python3.8/site-packages', 'LC_NUMERIC': 'zh_CN.UTF-8', 'LC_PAPER': 'zh_CN.UTF-8', 'COLCON': '1', 'VTE_VERSION': '6003', 'JETSON_JETPACK': '5.1.2', 'JETSON_P_NUMBER': 'p3668-0001'}, 'shell': False}
[9.124477] (-) TimerEvent: {}
[9.234774] (-) TimerEvent: {}
[9.337233] (-) TimerEvent: {}
[9.438387] (-) TimerEvent: {}
[9.449746] (narrow_passage_controller) Command: {'cmd': ['/usr/bin/python3', '-W', 'ignore:setup.py install is deprecated', 'setup.py', 'egg_info', '--egg-base', '../build/narrow_passage_controller', 'build', '--build-base', '/home/ysc/lite_cog_ros2/nav/src/build/narrow_passage_controller/build', 'install', '--record', '/home/ysc/lite_cog_ros2/nav/src/build/narrow_passage_controller/install.log', '--install-scripts', '$base/lib/narrow_passage_controller', '--single-version-externally-managed', 'install_data'], 'cwd': '/home/ysc/lite_cog_ros2/nav/src/narrow_passage_controller', 'env': {'LESSOPEN': '| /usr/bin/lesspipe %s', 'USER': 'ysc', 'LC_TIME': 'zh_CN.UTF-8', 'SSH_AGENT_PID': '1969', 'XDG_SESSION_TYPE': 'x11', 'SHLVL': '1', 'LD_LIBRARY_PATH': '/usr/lib/aarch64-linux-gnu/gazebo-11/plugins:/opt/ros/foxy/opt/yaml_cpp_vendor/lib:/opt/ros/foxy/opt/rviz_ogre_vendor/lib:/opt/ros/foxy/lib/aarch64-linux-gnu:/opt/ros/foxy/lib:/usr/local/cuda-11.4/lib64:', 'HOME': '/home/ysc', 'DESKTOP_SESSION': 'ubuntu', 'JETSON_L4T': '35.4.1', 'ROS_PYTHON_VERSION': '3', 'GNOME_SHELL_SESSION_MODE': 'ubuntu', 'GTK_MODULES': 'gail:atk-bridge', 'JETSON_MODEL': 'NVIDIA Jetson Xavier NX Developer Kit', 'LC_MONETARY': 'zh_CN.UTF-8', 'MANAGERPID': '1455', 'DBUS_STARTER_BUS_TYPE': 'session', 'ROS_LOG_DIR': '/home/ysc/lite_cog_ros2/system/log', 'DBUS_SESSION_BUS_ADDRESS': 'unix:path=/run/user/1000/bus,guid=9490700c6fa999152488ef0b69425bff', 'COLORTERM': 'truecolor', '_colcon_cd_root': '/opt/ros/foxy/', 'IM_CONFIG_PHASE': '1', 'COLCON_PREFIX_PATH': '/home/ysc/lite_cog_ros2/nav/src/install', 'ROS_DISTRO': 'foxy', 'LOGNAME': 'ysc', 'JETSON_MODULE': 'NVIDIA Jetson Xavier NX', 'JETSON_SERIAL_NUMBER': '1421125032270', 'JOURNAL_STREAM': '8:50396', '_': '/usr/bin/colcon', 'ROS_VERSION': '2', 'JETSON_CODENAME': 'Jakku', 'XDG_SESSION_CLASS': 'user', 'USERNAME': 'ysc', 'TERM': 'xterm-256color', 'GNOME_DESKTOP_SESSION_ID': 'this-is-deprecated', 'ROS_LOCALHOST_ONLY': '0', 'WINDOWPATH': '2', 'PATH': '/opt/ros/foxy/bin:/usr/local/cuda-11.4/bin:/home/ysc/.local/bin:/usr/local/sbin:/usr/local/bin:/usr/sbin:/usr/bin:/sbin:/bin:/usr/games:/usr/local/games:/snap/bin', 'SESSION_MANAGER': 'local/lite:@/tmp/.ICE-unix/2074,unix/lite:/tmp/.ICE-unix/2074', 'INVOCATION_ID': 'dfe74acf5258439cad30ef121e26087a', 'XDG_MENU_PREFIX': 'gnome-', 'LC_ADDRESS': 'zh_CN.UTF-8', 'GNOME_TERMINAL_SCREEN': '/org/gnome/Terminal/screen/216edd38_1dc2_4ec0_a174_a9822a6e6163', 'XDG_RUNTIME_DIR': '/run/user/1000', 'DISPLAY': ':0', 'LANG': 'en_US.UTF-8', 'XDG_CURRENT_DESKTOP': 'ubuntu:GNOME', 'LC_TELEPHONE': 'zh_CN.UTF-8', 'RMW_IMPLEMENTATION': 'rmw_cyclonedds_cpp', 'XMODIFIERS': '@im=ibus', 'XDG_SESSION_DESKTOP': 'ubuntu', 'XAUTHORITY': '/run/user/1000/gdm/Xauthority', 'LS_COLORS': 'rs=0:di=01;34:ln=01;36:mh=00:pi=40;33:so=01;35:do=01;35:bd=40;33;01:cd=40;33;01:or=40;31;01:mi=00:su=37;41:sg=30;43:ca=30;41:tw=30;42:ow=34;42:st=37;44:ex=01;32:*.tar=01;31:*.tgz=01;31:*.arc=01;31:*.arj=01;31:*.taz=01;31:*.lha=01;31:*.lz4=01;31:*.lzh=01;31:*.lzma=01;31:*.tlz=01;31:*.txz=01;31:*.tzo=01;31:*.t7z=01;31:*.zip=01;31:*.z=01;31:*.dz=01;31:*.gz=01;31:*.lrz=01;31:*.lz=01;31:*.lzo=01;31:*.xz=01;31:*.zst=01;31:*.tzst=01;31:*.bz2=01;31:*.bz=01;31:*.tbz=01;31:*.tbz2=01;31:*.tz=01;31:*.deb=01;31:*.rpm=01;31:*.jar=01;31:*.war=01;31:*.ear=01;31:*.sar=01;31:*.rar=01;31:*.alz=01;31:*.ace=01;31:*.zoo=01;31:*.cpio=01;31:*.7z=01;31:*.rz=01;31:*.cab=01;31:*.wim=01;31:*.swm=01;31:*.dwm=01;31:*.esd=01;31:*.jpg=01;35:*.jpeg=01;35:*.mjpg=01;35:*.mjpeg=01;35:*.gif=01;35:*.bmp=01;35:*.pbm=01;35:*.pgm=01;35:*.ppm=01;35:*.tga=01;35:*.xbm=01;35:*.xpm=01;35:*.tif=01;35:*.tiff=01;35:*.png=01;35:*.svg=01;35:*.svgz=01;35:*.mng=01;35:*.pcx=01;35:*.mov=01;35:*.mpg=01;35:*.mpeg=01;35:*.m2v=01;35:*.mkv=01;35:*.webm=01;35:*.ogm=01;35:*.mp4=01;35:*.m4v=01;35:*.mp4v=01;35:*.vob=01;35:*.qt=01;35:*.nuv=01;35:*.wmv=01;35:*.asf=01;35:*.rm=01;35:*.rmvb=01;35:*.flc=01;35:*.avi=01;35:*.fli=01;35:*.flv=01;35:*.gl=01;35:*.dl=01;35:*.xcf=01;35:*.xwd=01;35:*.yuv=01;35:*.cgm=01;35:*.emf=01;35:*.ogv=01;35:*.ogx=01;35:*.aac=00;36:*.au=00;36:*.flac=00;36:*.m4a=00;36:*.mid=00;36:*.midi=00;36:*.mka=00;36:*.mp3=00;36:*.mpc=00;36:*.ogg=00;36:*.ra=00;36:*.wav=00;36:*.oga=00;36:*.opus=00;36:*.spx=00;36:*.xspf=00;36:', 'JETSON_SOC': 'tegra194', 'GNOME_TERMINAL_SERVICE': ':1.104', 'SSH_AUTH_SOCK': '/run/user/1000/keyring/ssh', 'ROS_DOMAIN_ID': '0', 'AMENT_PREFIX_PATH': '/home/ysc/lite_cog_ros2/nav/src/install/narrow_passage_controller:/opt/ros/foxy', 'SHELL': '/bin/bash', 'LC_NAME': 'zh_CN.UTF-8', 'QT_ACCESSIBILITY': '1', 'GDMSESSION': 'ubuntu', 'LESSCLOSE': '/usr/bin/lesspipe %s %s', 'LC_MEASUREMENT': 'zh_CN.UTF-8', 'GPG_AGENT_INFO': '/run/user/1000/gnupg/S.gpg-agent:0:1', 'LC_IDENTIFICATION': 'zh_CN.UTF-8', 'QT_IM_MODULE': 'ibus', 'JETSON_CUDA_ARCH_BIN': '7.2', 'PWD': '/home/ysc/lite_cog_ros2/nav/src/build/narrow_passage_controller', 'LC_ALL': 'en_US.UTF-8', 'XDG_CONFIG_DIRS': '/etc/xdg/xdg-ubuntu:/etc/xdg', 'DBUS_STARTER_ADDRESS': 'unix:path=/run/user/1000/bus,guid=9490700c6fa999152488ef0b69425bff', 'XDG_DATA_DIRS': '/usr/share/ubuntu:/usr/local/share/:/usr/share/:/var/lib/snapd/desktop', 'PYTHONPATH': '/home/ysc/lite_cog_ros2/nav/src/build/narrow_passage_controller/prefix_override:/home/ysc/lite_cog_ros2/nav/src/install/narrow_passage_controller/lib/python3.8/site-packages:/home/ysc/lite_cog_ros2/nav/src/install/narrow_passage_controller/lib/python3.8/site-packages:/opt/ros/foxy/lib/python3.8/site-packages', 'LC_NUMERIC': 'zh_CN.UTF-8', 'LC_PAPER': 'zh_CN.UTF-8', 'COLCON': '1', 'VTE_VERSION': '6003', 'JETSON_JETPACK': '5.1.2', 'JETSON_P_NUMBER': 'p3668-0001'}, 'shell': False}
[9.539098] (-) TimerEvent: {}
[9.641561] (-) TimerEvent: {}
[9.734412] (dr_nav2) StdoutLine: {'line': b'-- Detecting CXX compiler ABI info - done\n'}
[9.742067] (-) TimerEvent: {}
[9.750580] (hdl_global_localization) StdoutLine: {'line': b'-- Detecting CXX compiler ABI info - done\n'}
[9.842299] (-) TimerEvent: {}
[9.862085] (hdl_global_localization) StdoutLine: {'line': b'-- Detecting CXX compile features\n'}
[9.866901] (hdl_global_localization) StdoutLine: {'line': b'-- Detecting CXX compile features - done\n'}
[9.914884] (dr_nav2) StdoutLine: {'line': b'-- Detecting CXX compile features\n'}
[9.923234] (dr_nav2) StdoutLine: {'line': b'-- Detecting CXX compile features - done\n'}
[9.942622] (-) TimerEvent: {}
[9.962399] (sensor_test) StdoutLine: {'line': b'-- Check for working CXX compiler: /usr/bin/c++ -- works\n'}
[9.984342] (sensor_test) StdoutLine: {'line': b'-- Detecting CXX compiler ABI info\n'}
[10.038547] (dr_nav2) StdoutLine: {'line': b'-- Found ament_cmake_auto: 0.9.12 (/opt/ros/foxy/share/ament_cmake_auto/cmake)\n'}
[10.042827] (-) TimerEvent: {}
[10.143845] (-) TimerEvent: {}
[10.245224] (-) TimerEvent: {}
[10.347177] (-) TimerEvent: {}
[10.448367] (-) TimerEvent: {}
[10.494106] (dr_nav2) StdoutLine: {'line': b'-- Found PythonInterp: /usr/bin/python3 (found suitable version "3.8.10", minimum required is "3") \n'}
[10.495932] (dr_nav2) StdoutLine: {'line': b'-- Using PYTHON_EXECUTABLE: /usr/bin/python3\n'}
[10.548649] (-) TimerEvent: {}
[10.553323] (hdl_global_localization) StdoutLine: {'line': b'-- Looking for pthread.h\n'}
[10.648984] (-) TimerEvent: {}
[10.750656] (-) TimerEvent: {}
[10.853111] (-) TimerEvent: {}
[10.954961] (-) TimerEvent: {}
[10.997401] (sensor_test) StdoutLine: {'line': b'-- Detecting CXX compiler ABI info - done\n'}
[11.057162] (-) TimerEvent: {}
[11.161113] (-) TimerEvent: {}
[11.175411] (sensor_test) StdoutLine: {'line': b'-- Detecting CXX compile features\n'}
[11.201096] (sensor_test) StdoutLine: {'line': b'-- Detecting CXX compile features - done\n'}
[11.210020] (sensor_test) StdoutLine: {'line': b'-- Found ament_cmake_auto: 0.9.12 (/opt/ros/foxy/share/ament_cmake_auto/cmake)\n'}
[11.265257] (-) TimerEvent: {}
[11.373141] (-) TimerEvent: {}
[11.449374] (sensor_test) StdoutLine: {'line': b'-- Found PythonInterp: /usr/bin/python3 (found suitable version "3.8.10", minimum required is "3") \n'}
[11.450573] (sensor_test) StdoutLine: {'line': b'-- Using PYTHON_EXECUTABLE: /usr/bin/python3\n'}
[11.457619] (late_fusion) StdoutLine: {'line': b'running egg_info\n'}
[11.459491] (late_fusion) StdoutLine: {'line': b'creating ../build/late_fusion/late_fusion.egg-info\n'}
[11.461287] (late_fusion) StdoutLine: {'line': b'writing ../build/late_fusion/late_fusion.egg-info/PKG-INFO\n'}
[11.462279] (late_fusion) StdoutLine: {'line': b'writing dependency_links to ../build/late_fusion/late_fusion.egg-info/dependency_links.txt\n'}
[11.464422] (late_fusion) StdoutLine: {'line': b'writing entry points to ../build/late_fusion/late_fusion.egg-info/entry_points.txt\n'}
[11.466896] (late_fusion) StdoutLine: {'line': b'writing requirements to ../build/late_fusion/late_fusion.egg-info/requires.txt\n'}
[11.467701] (late_fusion) StdoutLine: {'line': b'writing top-level names to ../build/late_fusion/late_fusion.egg-info/top_level.txt\n'}
[11.473338] (-) TimerEvent: {}
[11.479662] (late_fusion) StdoutLine: {'line': b"writing manifest file '../build/late_fusion/late_fusion.egg-info/SOURCES.txt'\n"}
[11.573582] (-) TimerEvent: {}
[11.675219] (-) TimerEvent: {}
[11.728423] (late_fusion) StdoutLine: {'line': b"reading manifest file '../build/late_fusion/late_fusion.egg-info/SOURCES.txt'\n"}
[11.732648] (late_fusion) StdoutLine: {'line': b"writing manifest file '../build/late_fusion/late_fusion.egg-info/SOURCES.txt'\n"}
[11.733909] (late_fusion) StdoutLine: {'line': b'running build\n'}
[11.734443] (late_fusion) StdoutLine: {'line': b'running build_py\n'}
[11.735186] (late_fusion) StdoutLine: {'line': b'creating /home/ysc/lite_cog_ros2/nav/src/build/late_fusion/build\n'}
[11.735958] (late_fusion) StdoutLine: {'line': b'creating /home/ysc/lite_cog_ros2/nav/src/build/late_fusion/build/lib\n'}
[11.746650] (late_fusion) StdoutLine: {'line': b'creating /home/ysc/lite_cog_ros2/nav/src/build/late_fusion/build/lib/late_fusion\n'}
[11.747574] (late_fusion) StdoutLine: {'line': b'copying late_fusion/__init__.py -> /home/ysc/lite_cog_ros2/nav/src/build/late_fusion/build/lib/late_fusion\n'}
[11.750267] (late_fusion) StdoutLine: {'line': b'copying late_fusion/late_fusion_node.py -> /home/ysc/lite_cog_ros2/nav/src/build/late_fusion/build/lib/late_fusion\n'}
[11.775461] (-) TimerEvent: {}
[11.812061] (hdl_global_localization) StdoutLine: {'line': b'-- Looking for pthread.h - found\n'}
[11.812847] (hdl_global_localization) StdoutLine: {'line': b'-- Performing Test CMAKE_HAVE_LIBC_PTHREAD\n'}
[11.875713] (-) TimerEvent: {}
[11.885353] (late_fusion) StdoutLine: {'line': b'running install\n'}
[11.893001] (late_fusion) StdoutLine: {'line': b'running install_lib\n'}
[11.907320] (late_fusion) StdoutLine: {'line': b'creating /home/ysc/lite_cog_ros2/nav/src/install/late_fusion/lib/python3.8/site-packages/late_fusion\n'}
[11.908363] (late_fusion) StdoutLine: {'line': b'copying /home/ysc/lite_cog_ros2/nav/src/build/late_fusion/build/lib/late_fusion/__init__.py -> /home/ysc/lite_cog_ros2/nav/src/install/late_fusion/lib/python3.8/site-packages/late_fusion\n'}
[11.909337] (late_fusion) StdoutLine: {'line': b'copying /home/ysc/lite_cog_ros2/nav/src/build/late_fusion/build/lib/late_fusion/late_fusion_node.py -> /home/ysc/lite_cog_ros2/nav/src/install/late_fusion/lib/python3.8/site-packages/late_fusion\n'}
[11.912742] (late_fusion) StdoutLine: {'line': b'byte-compiling /home/ysc/lite_cog_ros2/nav/src/install/late_fusion/lib/python3.8/site-packages/late_fusion/__init__.py to __init__.cpython-38.pyc\n'}
[11.937129] (late_fusion) StdoutLine: {'line': b'byte-compiling /home/ysc/lite_cog_ros2/nav/src/install/late_fusion/lib/python3.8/site-packages/late_fusion/late_fusion_node.py to late_fusion_node.cpython-38.pyc\n'}
[11.961593] (late_fusion) StdoutLine: {'line': b'running install_data\n'}
[11.975961] (-) TimerEvent: {}
[12.077671] (-) TimerEvent: {}
[12.104681] (narrow_passage_controller) StdoutLine: {'line': b'running egg_info\n'}
[12.108760] (narrow_passage_controller) StdoutLine: {'line': b'writing ../build/narrow_passage_controller/narrow_passage_controller.egg-info/PKG-INFO\n'}
[12.161895] (late_fusion) StdoutLine: {'line': b'creating /home/ysc/lite_cog_ros2/nav/src/install/late_fusion/share/ament_index\n'}
[12.199209] (-) TimerEvent: {}
[12.201057] (late_fusion) StdoutLine: {'line': b'creating /home/ysc/lite_cog_ros2/nav/src/install/late_fusion/share/ament_index/resource_index\n'}
[12.201756] (late_fusion) StdoutLine: {'line': b'creating /home/ysc/lite_cog_ros2/nav/src/install/late_fusion/share/ament_index/resource_index/packages\n'}
[12.202299] (late_fusion) StdoutLine: {'line': b'copying resource/late_fusion -> /home/ysc/lite_cog_ros2/nav/src/install/late_fusion/share/ament_index/resource_index/packages\n'}
[12.203262] (narrow_passage_controller) StdoutLine: {'line': b'writing dependency_links to ../build/narrow_passage_controller/narrow_passage_controller.egg-info/dependency_links.txt\n'}
[12.212958] (late_fusion) StdoutLine: {'line': b'copying package.xml -> /home/ysc/lite_cog_ros2/nav/src/install/late_fusion/share/late_fusion\n'}
[12.213656] (narrow_passage_controller) StdoutLine: {'line': b'writing entry points to ../build/narrow_passage_controller/narrow_passage_controller.egg-info/entry_points.txt\n'}
[12.214145] (narrow_passage_controller) StdoutLine: {'line': b'writing requirements to ../build/narrow_passage_controller/narrow_passage_controller.egg-info/requires.txt\n'}
[12.214582] (narrow_passage_controller) StdoutLine: {'line': b'writing top-level names to ../build/narrow_passage_controller/narrow_passage_controller.egg-info/top_level.txt\n'}
[12.216179] (late_fusion) StdoutLine: {'line': b'running install_egg_info\n'}
[12.223773] (late_fusion) StdoutLine: {'line': b'Copying ../build/late_fusion/late_fusion.egg-info to /home/ysc/lite_cog_ros2/nav/src/install/late_fusion/lib/python3.8/site-packages/late_fusion-0.0.1-py3.8.egg-info\n'}
[12.233035] (late_fusion) StdoutLine: {'line': b'running install_scripts\n'}
[12.299457] (-) TimerEvent: {}
[12.401073] (-) TimerEvent: {}
[12.419419] (late_fusion) StdoutLine: {'line': b'Installing fusion_node script to /home/ysc/lite_cog_ros2/nav/src/install/late_fusion/lib/late_fusion\n'}
[12.423497] (late_fusion) StdoutLine: {'line': b"writing list of installed files to '/home/ysc/lite_cog_ros2/nav/src/build/late_fusion/install.log'\n"}
[12.501315] (-) TimerEvent: {}
[12.596189] (narrow_passage_controller) StdoutLine: {'line': b"reading manifest file '../build/narrow_passage_controller/narrow_passage_controller.egg-info/SOURCES.txt'\n"}
[12.601547] (-) TimerEvent: {}
[12.603211] (narrow_passage_controller) StdoutLine: {'line': b"writing manifest file '../build/narrow_passage_controller/narrow_passage_controller.egg-info/SOURCES.txt'\n"}
[12.603923] (narrow_passage_controller) StdoutLine: {'line': b'running build\n'}
[12.604367] (narrow_passage_controller) StdoutLine: {'line': b'running build_py\n'}
[12.617921] (late_fusion) CommandEnded: {'returncode': 0}
[12.622704] (narrow_passage_controller) StdoutLine: {'line': b'running install\n'}
[12.623319] (narrow_passage_controller) StdoutLine: {'line': b'running install_lib\n'}
[12.637065] (narrow_passage_controller) StdoutLine: {'line': b'running install_data\n'}
[12.638774] (narrow_passage_controller) StdoutLine: {'line': b'running install_egg_info\n'}
[12.646918] (narrow_passage_controller) StdoutLine: {'line': b"removing '/home/ysc/lite_cog_ros2/nav/src/install/narrow_passage_controller/lib/python3.8/site-packages/narrow_passage_controller-0.0.0-py3.8.egg-info' (and everything under it)\n"}
[12.648856] (narrow_passage_controller) StdoutLine: {'line': b'Copying ../build/narrow_passage_controller/narrow_passage_controller.egg-info to /home/ysc/lite_cog_ros2/nav/src/install/narrow_passage_controller/lib/python3.8/site-packages/narrow_passage_controller-0.0.0-py3.8.egg-info\n'}
[12.673165] (narrow_passage_controller) StdoutLine: {'line': b'running install_scripts\n'}
[12.703313] (-) TimerEvent: {}
[12.727543] (late_fusion) JobEnded: {'identifier': 'late_fusion', 'rc': 0}
[12.790401] (narrow_passage_controller) StdoutLine: {'line': b'Installing depth_narrow_passage_node script to /home/ysc/lite_cog_ros2/nav/src/install/narrow_passage_controller/lib/narrow_passage_controller\n'}
[12.802213] (narrow_passage_controller) StdoutLine: {'line': b"writing list of installed files to '/home/ysc/lite_cog_ros2/nav/src/build/narrow_passage_controller/install.log'\n"}
[12.808822] (-) TimerEvent: {}
[12.911433] (-) TimerEvent: {}
[12.959778] (hdl_global_localization) StdoutLine: {'line': b'-- Performing Test CMAKE_HAVE_LIBC_PTHREAD - Failed\n'}
[12.961447] (hdl_global_localization) StdoutLine: {'line': b'-- Looking for pthread_create in pthreads\n'}
[13.026153] (narrow_passage_controller) CommandEnded: {'returncode': 0}
[13.028305] (-) TimerEvent: {}
[13.065208] (narrow_passage_controller) JobEnded: {'identifier': 'narrow_passage_controller', 'rc': 0}
[13.130220] (-) TimerEvent: {}
[13.231342] (-) TimerEvent: {}
[13.332991] (-) TimerEvent: {}
[13.434753] (-) TimerEvent: {}
[13.535858] (-) TimerEvent: {}
[13.641176] (-) TimerEvent: {}
[13.746688] (-) TimerEvent: {}
[13.832679] (hdl_global_localization) StdoutLine: {'line': b'-- Looking for pthread_create in pthreads - not found\n'}
[13.834317] (hdl_global_localization) StdoutLine: {'line': b'-- Looking for pthread_create in pthread\n'}
[13.846860] (-) TimerEvent: {}
[13.950979] (-) TimerEvent: {}
[14.053916] (-) TimerEvent: {}
[14.088565] (dr_nav2) StdoutLine: {'line': b'-- Configuring done\n'}
[14.106882] (dr_nav2) StdoutLine: {'line': b'-- Generating done\n'}
[14.117551] (dr_nav2) StdoutLine: {'line': b'-- Build files have been written to: /home/ysc/lite_cog_ros2/nav/src/build/dr_nav2\n'}
[14.154313] (dr_nav2) CommandEnded: {'returncode': 0}
[14.160425] (-) TimerEvent: {}
[14.179559] (dr_nav2) JobProgress: {'identifier': 'dr_nav2', 'progress': 'build'}
[14.182688] (dr_nav2) Command: {'cmd': ['/usr/bin/cmake', '--build', '/home/ysc/lite_cog_ros2/nav/src/build/dr_nav2', '--', '-j6', '-l6'], 'cwd': '/home/ysc/lite_cog_ros2/nav/src/build/dr_nav2', 'env': OrderedDict([('LESSOPEN', '| /usr/bin/lesspipe %s'), ('USER', 'ysc'), ('LC_TIME', 'zh_CN.UTF-8'), ('SSH_AGENT_PID', '1969'), ('XDG_SESSION_TYPE', 'x11'), ('SHLVL', '1'), ('LD_LIBRARY_PATH', '/usr/lib/aarch64-linux-gnu/gazebo-11/plugins:/opt/ros/foxy/opt/yaml_cpp_vendor/lib:/opt/ros/foxy/opt/rviz_ogre_vendor/lib:/opt/ros/foxy/lib/aarch64-linux-gnu:/opt/ros/foxy/lib:/usr/local/cuda-11.4/lib64:'), ('HOME', '/home/ysc'), ('DESKTOP_SESSION', 'ubuntu'), ('JETSON_L4T', '35.4.1'), ('ROS_PYTHON_VERSION', '3'), ('GNOME_SHELL_SESSION_MODE', 'ubuntu'), ('GTK_MODULES', 'gail:atk-bridge'), ('JETSON_MODEL', 'NVIDIA Jetson Xavier NX Developer Kit'), ('LC_MONETARY', 'zh_CN.UTF-8'), ('MANAGERPID', '1455'), ('DBUS_STARTER_BUS_TYPE', 'session'), ('ROS_LOG_DIR', '/home/ysc/lite_cog_ros2/system/log'), ('DBUS_SESSION_BUS_ADDRESS', 'unix:path=/run/user/1000/bus,guid=9490700c6fa999152488ef0b69425bff'), ('COLORTERM', 'truecolor'), ('_colcon_cd_root', '/opt/ros/foxy/'), ('IM_CONFIG_PHASE', '1'), ('COLCON_PREFIX_PATH', '/home/ysc/lite_cog_ros2/nav/src/install'), ('ROS_DISTRO', 'foxy'), ('LOGNAME', 'ysc'), ('JETSON_MODULE', 'NVIDIA Jetson Xavier NX'), ('JETSON_SERIAL_NUMBER', '1421125032270'), ('JOURNAL_STREAM', '8:50396'), ('_', '/usr/bin/colcon'), ('ROS_VERSION', '2'), ('JETSON_CODENAME', 'Jakku'), ('XDG_SESSION_CLASS', 'user'), ('USERNAME', 'ysc'), ('TERM', 'xterm-256color'), ('GNOME_DESKTOP_SESSION_ID', 'this-is-deprecated'), ('ROS_LOCALHOST_ONLY', '0'), ('WINDOWPATH', '2'), ('PATH', '/opt/ros/foxy/bin:/usr/local/cuda-11.4/bin:/home/ysc/.local/bin:/usr/local/sbin:/usr/local/bin:/usr/sbin:/usr/bin:/sbin:/bin:/usr/games:/usr/local/games:/snap/bin'), ('SESSION_MANAGER', 'local/lite:@/tmp/.ICE-unix/2074,unix/lite:/tmp/.ICE-unix/2074'), ('INVOCATION_ID', 'dfe74acf5258439cad30ef121e26087a'), ('XDG_MENU_PREFIX', 'gnome-'), ('LC_ADDRESS', 'zh_CN.UTF-8'), ('GNOME_TERMINAL_SCREEN', '/org/gnome/Terminal/screen/216edd38_1dc2_4ec0_a174_a9822a6e6163'), ('XDG_RUNTIME_DIR', '/run/user/1000'), ('DISPLAY', ':0'), ('LANG', 'en_US.UTF-8'), ('XDG_CURRENT_DESKTOP', 'ubuntu:GNOME'), ('LC_TELEPHONE', 'zh_CN.UTF-8'), ('RMW_IMPLEMENTATION', 'rmw_cyclonedds_cpp'), ('XMODIFIERS', '@im=ibus'), ('XDG_SESSION_DESKTOP', 'ubuntu'), ('XAUTHORITY', '/run/user/1000/gdm/Xauthority'), ('LS_COLORS', 'rs=0:di=01;34:ln=01;36:mh=00:pi=40;33:so=01;35:do=01;35:bd=40;33;01:cd=40;33;01:or=40;31;01:mi=00:su=37;41:sg=30;43:ca=30;41:tw=30;42:ow=34;42:st=37;44:ex=01;32:*.tar=01;31:*.tgz=01;31:*.arc=01;31:*.arj=01;31:*.taz=01;31:*.lha=01;31:*.lz4=01;31:*.lzh=01;31:*.lzma=01;31:*.tlz=01;31:*.txz=01;31:*.tzo=01;31:*.t7z=01;31:*.zip=01;31:*.z=01;31:*.dz=01;31:*.gz=01;31:*.lrz=01;31:*.lz=01;31:*.lzo=01;31:*.xz=01;31:*.zst=01;31:*.tzst=01;31:*.bz2=01;31:*.bz=01;31:*.tbz=01;31:*.tbz2=01;31:*.tz=01;31:*.deb=01;31:*.rpm=01;31:*.jar=01;31:*.war=01;31:*.ear=01;31:*.sar=01;31:*.rar=01;31:*.alz=01;31:*.ace=01;31:*.zoo=01;31:*.cpio=01;31:*.7z=01;31:*.rz=01;31:*.cab=01;31:*.wim=01;31:*.swm=01;31:*.dwm=01;31:*.esd=01;31:*.jpg=01;35:*.jpeg=01;35:*.mjpg=01;35:*.mjpeg=01;35:*.gif=01;35:*.bmp=01;35:*.pbm=01;35:*.pgm=01;35:*.ppm=01;35:*.tga=01;35:*.xbm=01;35:*.xpm=01;35:*.tif=01;35:*.tiff=01;35:*.png=01;35:*.svg=01;35:*.svgz=01;35:*.mng=01;35:*.pcx=01;35:*.mov=01;35:*.mpg=01;35:*.mpeg=01;35:*.m2v=01;35:*.mkv=01;35:*.webm=01;35:*.ogm=01;35:*.mp4=01;35:*.m4v=01;35:*.mp4v=01;35:*.vob=01;35:*.qt=01;35:*.nuv=01;35:*.wmv=01;35:*.asf=01;35:*.rm=01;35:*.rmvb=01;35:*.flc=01;35:*.avi=01;35:*.fli=01;35:*.flv=01;35:*.gl=01;35:*.dl=01;35:*.xcf=01;35:*.xwd=01;35:*.yuv=01;35:*.cgm=01;35:*.emf=01;35:*.ogv=01;35:*.ogx=01;35:*.aac=00;36:*.au=00;36:*.flac=00;36:*.m4a=00;36:*.mid=00;36:*.midi=00;36:*.mka=00;36:*.mp3=00;36:*.mpc=00;36:*.ogg=00;36:*.ra=00;36:*.wav=00;36:*.oga=00;36:*.opus=00;36:*.spx=00;36:*.xspf=00;36:'), ('JETSON_SOC', 'tegra194'), ('GNOME_TERMINAL_SERVICE', ':1.104'), ('SSH_AUTH_SOCK', '/run/user/1000/keyring/ssh'), ('ROS_DOMAIN_ID', '0'), ('AMENT_PREFIX_PATH', '/home/ysc/lite_cog_ros2/nav/src/install/narrow_passage_controller:/opt/ros/foxy'), ('SHELL', '/bin/bash'), ('LC_NAME', 'zh_CN.UTF-8'), ('QT_ACCESSIBILITY', '1'), ('GDMSESSION', 'ubuntu'), ('LESSCLOSE', '/usr/bin/lesspipe %s %s'), ('LC_MEASUREMENT', 'zh_CN.UTF-8'), ('GPG_AGENT_INFO', '/run/user/1000/gnupg/S.gpg-agent:0:1'), ('LC_IDENTIFICATION', 'zh_CN.UTF-8'), ('QT_IM_MODULE', 'ibus'), ('JETSON_CUDA_ARCH_BIN', '7.2'), ('PWD', '/home/ysc/lite_cog_ros2/nav/src/build/dr_nav2'), ('LC_ALL', 'en_US.UTF-8'), ('XDG_CONFIG_DIRS', '/etc/xdg/xdg-ubuntu:/etc/xdg'), ('DBUS_STARTER_ADDRESS', 'unix:path=/run/user/1000/bus,guid=9490700c6fa999152488ef0b69425bff'), ('XDG_DATA_DIRS', '/usr/share/ubuntu:/usr/local/share/:/usr/share/:/var/lib/snapd/desktop'), ('PYTHONPATH', '/home/ysc/lite_cog_ros2/nav/src/install/narrow_passage_controller/lib/python3.8/site-packages:/opt/ros/foxy/lib/python3.8/site-packages'), ('LC_NUMERIC', 'zh_CN.UTF-8'), ('LC_PAPER', 'zh_CN.UTF-8'), ('COLCON', '1'), ('VTE_VERSION', '6003'), ('JETSON_JETPACK', '5.1.2'), ('JETSON_P_NUMBER', 'p3668-0001'), ('CMAKE_PREFIX_PATH', '/home/ysc/lite_cog_ros2/nav/src/install/narrow_passage_controller:/opt/ros/foxy')]), 'shell': False}
[14.261762] (-) TimerEvent: {}
[14.369741] (-) TimerEvent: {}
[14.471938] (-) TimerEvent: {}
[14.483911] (dr_nav2) CommandEnded: {'returncode': 0}
[14.529651] (hdl_global_localization) StdoutLine: {'line': b'-- Looking for pthread_create in pthread - found\n'}
[14.544039] (hdl_global_localization) StdoutLine: {'line': b'-- Found Threads: TRUE  \n'}
[14.573079] (-) TimerEvent: {}
[14.676644] (-) TimerEvent: {}
[14.692178] (dr_nav2) JobProgress: {'identifier': 'dr_nav2', 'progress': 'install'}
[14.779807] (dr_nav2) Command: {'cmd': ['/usr/bin/cmake', '--install', '/home/ysc/lite_cog_ros2/nav/src/build/dr_nav2'], 'cwd': '/home/ysc/lite_cog_ros2/nav/src/build/dr_nav2', 'env': OrderedDict([('LESSOPEN', '| /usr/bin/lesspipe %s'), ('USER', 'ysc'), ('LC_TIME', 'zh_CN.UTF-8'), ('SSH_AGENT_PID', '1969'), ('XDG_SESSION_TYPE', 'x11'), ('SHLVL', '1'), ('LD_LIBRARY_PATH', '/usr/lib/aarch64-linux-gnu/gazebo-11/plugins:/opt/ros/foxy/opt/yaml_cpp_vendor/lib:/opt/ros/foxy/opt/rviz_ogre_vendor/lib:/opt/ros/foxy/lib/aarch64-linux-gnu:/opt/ros/foxy/lib:/usr/local/cuda-11.4/lib64:'), ('HOME', '/home/ysc'), ('DESKTOP_SESSION', 'ubuntu'), ('JETSON_L4T', '35.4.1'), ('ROS_PYTHON_VERSION', '3'), ('GNOME_SHELL_SESSION_MODE', 'ubuntu'), ('GTK_MODULES', 'gail:atk-bridge'), ('JETSON_MODEL', 'NVIDIA Jetson Xavier NX Developer Kit'), ('LC_MONETARY', 'zh_CN.UTF-8'), ('MANAGERPID', '1455'), ('DBUS_STARTER_BUS_TYPE', 'session'), ('ROS_LOG_DIR', '/home/ysc/lite_cog_ros2/system/log'), ('DBUS_SESSION_BUS_ADDRESS', 'unix:path=/run/user/1000/bus,guid=9490700c6fa999152488ef0b69425bff'), ('COLORTERM', 'truecolor'), ('_colcon_cd_root', '/opt/ros/foxy/'), ('IM_CONFIG_PHASE', '1'), ('COLCON_PREFIX_PATH', '/home/ysc/lite_cog_ros2/nav/src/install'), ('ROS_DISTRO', 'foxy'), ('LOGNAME', 'ysc'), ('JETSON_MODULE', 'NVIDIA Jetson Xavier NX'), ('JETSON_SERIAL_NUMBER', '1421125032270'), ('JOURNAL_STREAM', '8:50396'), ('_', '/usr/bin/colcon'), ('ROS_VERSION', '2'), ('JETSON_CODENAME', 'Jakku'), ('XDG_SESSION_CLASS', 'user'), ('USERNAME', 'ysc'), ('TERM', 'xterm-256color'), ('GNOME_DESKTOP_SESSION_ID', 'this-is-deprecated'), ('ROS_LOCALHOST_ONLY', '0'), ('WINDOWPATH', '2'), ('PATH', '/opt/ros/foxy/bin:/usr/local/cuda-11.4/bin:/home/ysc/.local/bin:/usr/local/sbin:/usr/local/bin:/usr/sbin:/usr/bin:/sbin:/bin:/usr/games:/usr/local/games:/snap/bin'), ('SESSION_MANAGER', 'local/lite:@/tmp/.ICE-unix/2074,unix/lite:/tmp/.ICE-unix/2074'), ('INVOCATION_ID', 'dfe74acf5258439cad30ef121e26087a'), ('XDG_MENU_PREFIX', 'gnome-'), ('LC_ADDRESS', 'zh_CN.UTF-8'), ('GNOME_TERMINAL_SCREEN', '/org/gnome/Terminal/screen/216edd38_1dc2_4ec0_a174_a9822a6e6163'), ('XDG_RUNTIME_DIR', '/run/user/1000'), ('DISPLAY', ':0'), ('LANG', 'en_US.UTF-8'), ('XDG_CURRENT_DESKTOP', 'ubuntu:GNOME'), ('LC_TELEPHONE', 'zh_CN.UTF-8'), ('RMW_IMPLEMENTATION', 'rmw_cyclonedds_cpp'), ('XMODIFIERS', '@im=ibus'), ('XDG_SESSION_DESKTOP', 'ubuntu'), ('XAUTHORITY', '/run/user/1000/gdm/Xauthority'), ('LS_COLORS', 'rs=0:di=01;34:ln=01;36:mh=00:pi=40;33:so=01;35:do=01;35:bd=40;33;01:cd=40;33;01:or=40;31;01:mi=00:su=37;41:sg=30;43:ca=30;41:tw=30;42:ow=34;42:st=37;44:ex=01;32:*.tar=01;31:*.tgz=01;31:*.arc=01;31:*.arj=01;31:*.taz=01;31:*.lha=01;31:*.lz4=01;31:*.lzh=01;31:*.lzma=01;31:*.tlz=01;31:*.txz=01;31:*.tzo=01;31:*.t7z=01;31:*.zip=01;31:*.z=01;31:*.dz=01;31:*.gz=01;31:*.lrz=01;31:*.lz=01;31:*.lzo=01;31:*.xz=01;31:*.zst=01;31:*.tzst=01;31:*.bz2=01;31:*.bz=01;31:*.tbz=01;31:*.tbz2=01;31:*.tz=01;31:*.deb=01;31:*.rpm=01;31:*.jar=01;31:*.war=01;31:*.ear=01;31:*.sar=01;31:*.rar=01;31:*.alz=01;31:*.ace=01;31:*.zoo=01;31:*.cpio=01;31:*.7z=01;31:*.rz=01;31:*.cab=01;31:*.wim=01;31:*.swm=01;31:*.dwm=01;31:*.esd=01;31:*.jpg=01;35:*.jpeg=01;35:*.mjpg=01;35:*.mjpeg=01;35:*.gif=01;35:*.bmp=01;35:*.pbm=01;35:*.pgm=01;35:*.ppm=01;35:*.tga=01;35:*.xbm=01;35:*.xpm=01;35:*.tif=01;35:*.tiff=01;35:*.png=01;35:*.svg=01;35:*.svgz=01;35:*.mng=01;35:*.pcx=01;35:*.mov=01;35:*.mpg=01;35:*.mpeg=01;35:*.m2v=01;35:*.mkv=01;35:*.webm=01;35:*.ogm=01;35:*.mp4=01;35:*.m4v=01;35:*.mp4v=01;35:*.vob=01;35:*.qt=01;35:*.nuv=01;35:*.wmv=01;35:*.asf=01;35:*.rm=01;35:*.rmvb=01;35:*.flc=01;35:*.avi=01;35:*.fli=01;35:*.flv=01;35:*.gl=01;35:*.dl=01;35:*.xcf=01;35:*.xwd=01;35:*.yuv=01;35:*.cgm=01;35:*.emf=01;35:*.ogv=01;35:*.ogx=01;35:*.aac=00;36:*.au=00;36:*.flac=00;36:*.m4a=00;36:*.mid=00;36:*.midi=00;36:*.mka=00;36:*.mp3=00;36:*.mpc=00;36:*.ogg=00;36:*.ra=00;36:*.wav=00;36:*.oga=00;36:*.opus=00;36:*.spx=00;36:*.xspf=00;36:'), ('JETSON_SOC', 'tegra194'), ('GNOME_TERMINAL_SERVICE', ':1.104'), ('SSH_AUTH_SOCK', '/run/user/1000/keyring/ssh'), ('ROS_DOMAIN_ID', '0'), ('AMENT_PREFIX_PATH', '/home/ysc/lite_cog_ros2/nav/src/install/narrow_passage_controller:/opt/ros/foxy'), ('SHELL', '/bin/bash'), ('LC_NAME', 'zh_CN.UTF-8'), ('QT_ACCESSIBILITY', '1'), ('GDMSESSION', 'ubuntu'), ('LESSCLOSE', '/usr/bin/lesspipe %s %s'), ('LC_MEASUREMENT', 'zh_CN.UTF-8'), ('GPG_AGENT_INFO', '/run/user/1000/gnupg/S.gpg-agent:0:1'), ('LC_IDENTIFICATION', 'zh_CN.UTF-8'), ('QT_IM_MODULE', 'ibus'), ('JETSON_CUDA_ARCH_BIN', '7.2'), ('PWD', '/home/ysc/lite_cog_ros2/nav/src/build/dr_nav2'), ('LC_ALL', 'en_US.UTF-8'), ('XDG_CONFIG_DIRS', '/etc/xdg/xdg-ubuntu:/etc/xdg'), ('DBUS_STARTER_ADDRESS', 'unix:path=/run/user/1000/bus,guid=9490700c6fa999152488ef0b69425bff'), ('XDG_DATA_DIRS', '/usr/share/ubuntu:/usr/local/share/:/usr/share/:/var/lib/snapd/desktop'), ('PYTHONPATH', '/home/ysc/lite_cog_ros2/nav/src/install/narrow_passage_controller/lib/python3.8/site-packages:/opt/ros/foxy/lib/python3.8/site-packages'), ('LC_NUMERIC', 'zh_CN.UTF-8'), ('LC_PAPER', 'zh_CN.UTF-8'), ('COLCON', '1'), ('VTE_VERSION', '6003'), ('JETSON_JETPACK', '5.1.2'), ('JETSON_P_NUMBER', 'p3668-0001'), ('CMAKE_PREFIX_PATH', '/home/ysc/lite_cog_ros2/nav/src/install/narrow_passage_controller:/opt/ros/foxy')]), 'shell': False}
[14.799500] (-) TimerEvent: {}
[14.863056] (dr_nav2) StdoutLine: {'line': b'-- Install configuration: ""\n'}
[14.866769] (dr_nav2) StdoutLine: {'line': b'-- Installing: /home/ysc/lite_cog_ros2/nav/src/install/dr_nav2/share/dr_nav2/config\n'}
[14.869009] (dr_nav2) StdoutLine: {'line': b'-- Installing: /home/ysc/lite_cog_ros2/nav/src/install/dr_nav2/share/dr_nav2/config/lite_nav2.yaml\n'}
[14.871219] (dr_nav2) StdoutLine: {'line': b'-- Installing: /home/ysc/lite_cog_ros2/nav/src/install/dr_nav2/share/dr_nav2/config/lite_nav2\xe8\x9e\x8d\xe5\x90\x88\xe5\xa4\xb1\xe8\xb4\xa5\xe7\x89\x88\xe6\x9c\xac\xe5\xa4\x87\xe4\xbb\xbd.yaml\n'}
[14.898051] (-) TimerEvent: {}
[14.913217] (dr_nav2) StdoutLine: {'line': b'-- Installing: /home/ysc/lite_cog_ros2/nav/src/install/dr_nav2/share/dr_nav2/config/lite_nav2\xe8\x9e\x8d\xe5\x90\x88\xe7\xac\xac2\xe7\x89\x88\xe6\x9c\xac\xe5\xa4\x87\xe4\xbb\xbd.yaml\n'}
[14.915830] (dr_nav2) StdoutLine: {'line': b'-- Installing: /home/ysc/lite_cog_ros2/nav/src/install/dr_nav2/share/dr_nav2/config/lite_nav2\xe8\x9e\x8d\xe5\x90\x88\xe7\xac\xac\xe4\xb8\x80\xe7\x89\x88\xe6\x9c\xac\xe5\xa4\x87\xe4\xbb\xbd.yaml\n'}
[14.917591] (dr_nav2) StdoutLine: {'line': b'-- Installing: /home/ysc/lite_cog_ros2/nav/src/install/dr_nav2/share/dr_nav2/config/lite_nav2\xe8\x9e\x8d\xe5\x90\x88\xe5\xa4\xb1\xe8\xb4\xa5\xe7\x89\x88\xe6\x9c\xac2\xe5\xa4\x87\xe4\xbb\xbd.yaml\n'}
[14.919940] (dr_nav2) StdoutLine: {'line': b'-- Installing: /home/ysc/lite_cog_ros2/nav/src/install/dr_nav2/share/dr_nav2/launch\n'}
[14.921069] (dr_nav2) StdoutLine: {'line': b'-- Installing: /home/ysc/lite_cog_ros2/nav/src/install/dr_nav2/share/dr_nav2/launch/dr_nav2.launch.py\n'}
[14.923086] (dr_nav2) StdoutLine: {'line': b'-- Installing: /home/ysc/lite_cog_ros2/nav/src/install/dr_nav2/share/dr_nav2/rviz\n'}
[14.925256] (dr_nav2) StdoutLine: {'line': b'-- Installing: /home/ysc/lite_cog_ros2/nav/src/install/dr_nav2/share/dr_nav2/rviz/dr_nav2.rviz\n'}
[14.927120] (dr_nav2) StdoutLine: {'line': b'-- Installing: /home/ysc/lite_cog_ros2/nav/src/install/dr_nav2/share/ament_index/resource_index/package_run_dependencies/dr_nav2\n'}
[14.929089] (dr_nav2) StdoutLine: {'line': b'-- Installing: /home/ysc/lite_cog_ros2/nav/src/install/dr_nav2/share/ament_index/resource_index/parent_prefix_path/dr_nav2\n'}
[14.930933] (dr_nav2) StdoutLine: {'line': b'-- Installing: /home/ysc/lite_cog_ros2/nav/src/install/dr_nav2/share/dr_nav2/environment/ament_prefix_path.sh\n'}
[14.933119] (dr_nav2) StdoutLine: {'line': b'-- Installing: /home/ysc/lite_cog_ros2/nav/src/install/dr_nav2/share/dr_nav2/environment/ament_prefix_path.dsv\n'}
[14.945179] (dr_nav2) StdoutLine: {'line': b'-- Installing: /home/ysc/lite_cog_ros2/nav/src/install/dr_nav2/share/dr_nav2/environment/path.sh\n'}
[14.946175] (dr_nav2) StdoutLine: {'line': b'-- Installing: /home/ysc/lite_cog_ros2/nav/src/install/dr_nav2/share/dr_nav2/environment/path.dsv\n'}
[14.946841] (dr_nav2) StdoutLine: {'line': b'-- Installing: /home/ysc/lite_cog_ros2/nav/src/install/dr_nav2/share/dr_nav2/local_setup.bash\n'}
[14.947547] (dr_nav2) StdoutLine: {'line': b'-- Installing: /home/ysc/lite_cog_ros2/nav/src/install/dr_nav2/share/dr_nav2/local_setup.sh\n'}
[14.952712] (dr_nav2) StdoutLine: {'line': b'-- Installing: /home/ysc/lite_cog_ros2/nav/src/install/dr_nav2/share/dr_nav2/local_setup.zsh\n'}
[14.958645] (dr_nav2) StdoutLine: {'line': b'-- Installing: /home/ysc/lite_cog_ros2/nav/src/install/dr_nav2/share/dr_nav2/local_setup.dsv\n'}
[14.960434] (dr_nav2) StdoutLine: {'line': b'-- Installing: /home/ysc/lite_cog_ros2/nav/src/install/dr_nav2/share/dr_nav2/package.dsv\n'}
[14.962968] (dr_nav2) StdoutLine: {'line': b'-- Installing: /home/ysc/lite_cog_ros2/nav/src/install/dr_nav2/share/ament_index/resource_index/packages/dr_nav2\n'}
[14.965163] (dr_nav2) StdoutLine: {'line': b'-- Installing: /home/ysc/lite_cog_ros2/nav/src/install/dr_nav2/share/dr_nav2/cmake/dr_nav2Config.cmake\n'}
[14.966611] (dr_nav2) StdoutLine: {'line': b'-- Installing: /home/ysc/lite_cog_ros2/nav/src/install/dr_nav2/share/dr_nav2/cmake/dr_nav2Config-version.cmake\n'}
[14.968377] (dr_nav2) StdoutLine: {'line': b'-- Installing: /home/ysc/lite_cog_ros2/nav/src/install/dr_nav2/share/dr_nav2/package.xml\n'}
[14.994322] (dr_nav2) CommandEnded: {'returncode': 0}
[14.998600] (-) TimerEvent: {}
[15.100214] (-) TimerEvent: {}
[15.105357] (hdl_global_localization) StdoutLine: {'line': b'-- Found CUDA: /usr/local/cuda-11.4 (found suitable exact version "11.4") \n'}
[15.208172] (-) TimerEvent: {}
[15.290910] (dr_nav2) JobEnded: {'identifier': 'dr_nav2', 'rc': 0}
[15.305317] (-) TimerEvent: {}
[15.406426] (-) TimerEvent: {}
[15.507634] (-) TimerEvent: {}
[15.608649] (-) TimerEvent: {}
[15.706337] (hdl_global_localization) StdoutLine: {'line': b'-- Found OpenCV: /usr/local (found version "4.2.0") \n'}
[15.708924] (-) TimerEvent: {}
[15.809908] (-) TimerEvent: {}
[15.892182] (sensor_test) StdoutLine: {'line': b'-- Using all available rosidl_typesupport_c: rosidl_typesupport_fastrtps_c;rosidl_typesupport_introspection_c\n'}
[15.910411] (-) TimerEvent: {}
[16.011399] (-) TimerEvent: {}
[16.112498] (-) TimerEvent: {}
[16.214055] (-) TimerEvent: {}
[16.243975] (sensor_test) StdoutLine: {'line': b'-- Found rosidl_adapter: 1.3.1 (/opt/ros/foxy/share/rosidl_adapter/cmake)\n'}
[16.314441] (-) TimerEvent: {}
[16.415541] (-) TimerEvent: {}
[16.516566] (-) TimerEvent: {}
[16.617792] (-) TimerEvent: {}
[16.718731] (-) TimerEvent: {}
[16.821137] (-) TimerEvent: {}
[16.922351] (-) TimerEvent: {}
[17.024404] (-) TimerEvent: {}
[17.126465] (-) TimerEvent: {}
[17.227850] (-) TimerEvent: {}
[17.353323] (-) TimerEvent: {}
[17.454509] (-) TimerEvent: {}
[17.555641] (-) TimerEvent: {}
[17.658578] (-) TimerEvent: {}
[17.760140] (-) TimerEvent: {}
[17.862321] (-) TimerEvent: {}
[17.895880] (sensor_test) StdoutLine: {'line': b'-- Found OpenSSL: /usr/lib/aarch64-linux-gnu/libcrypto.so (found version "1.1.1f")  \n'}
[17.962699] (-) TimerEvent: {}
[18.065822] (-) TimerEvent: {}
[18.111714] (sensor_test) StdoutLine: {'line': b'-- Found FastRTPS: /opt/ros/foxy/include  \n'}
[18.170531] (-) TimerEvent: {}
[18.272155] (-) TimerEvent: {}
[18.373750] (-) TimerEvent: {}
[18.417196] (hdl_global_localization) StdoutLine: {'line': b'-- Found OpenMP_C: -fopenmp (found version "4.5") \n'}
[18.474363] (-) TimerEvent: {}
[18.576028] (-) TimerEvent: {}
[18.677287] (-) TimerEvent: {}
[18.778440] (-) TimerEvent: {}
[18.879506] (-) TimerEvent: {}
[18.981011] (-) TimerEvent: {}
[19.082061] (-) TimerEvent: {}
[19.183149] (-) TimerEvent: {}
[19.284991] (-) TimerEvent: {}
[19.387201] (-) TimerEvent: {}
[19.443309] (hdl_global_localization) StdoutLine: {'line': b'-- Found OpenMP_CXX: -fopenmp (found version "4.5") \n'}
[19.448649] (hdl_global_localization) StdoutLine: {'line': b'-- Found OpenMP: TRUE (found version "4.5")  \n'}
[19.461827] (hdl_global_localization) StdoutLine: {'line': b'-- Found ament_cmake_auto: 0.9.12 (/opt/ros/foxy/share/ament_cmake_auto/cmake)\n'}
[19.487454] (-) TimerEvent: {}
[19.588562] (-) TimerEvent: {}
[19.655441] (hdl_global_localization) StdoutLine: {'line': b'-- Found PythonInterp: /usr/bin/python3 (found suitable version "3.8.10", minimum required is "3") \n'}
[19.657626] (hdl_global_localization) StdoutLine: {'line': b'-- Using PYTHON_EXECUTABLE: /usr/bin/python3\n'}
[19.689033] (-) TimerEvent: {}
[19.790310] (-) TimerEvent: {}
[19.892173] (-) TimerEvent: {}
[19.994136] (-) TimerEvent: {}
[20.064452] (sensor_test) StdoutLine: {'line': b'-- Using all available rosidl_typesupport_cpp: rosidl_typesupport_fastrtps_cpp;rosidl_typesupport_introspection_cpp\n'}
[20.094468] (-) TimerEvent: {}
[20.195548] (-) TimerEvent: {}
[20.297159] (-) TimerEvent: {}
[20.398731] (-) TimerEvent: {}
[20.499716] (-) TimerEvent: {}
[20.600829] (-) TimerEvent: {}
[20.701988] (-) TimerEvent: {}
[20.802894] (-) TimerEvent: {}
[20.903930] (-) TimerEvent: {}
[21.005112] (-) TimerEvent: {}
[21.106184] (-) TimerEvent: {}
[21.207598] (-) TimerEvent: {}
[21.310928] (-) TimerEvent: {}
[21.411927] (-) TimerEvent: {}
[21.513109] (-) TimerEvent: {}
[21.615563] (-) TimerEvent: {}
[21.717053] (-) TimerEvent: {}
[21.818591] (-) TimerEvent: {}
[21.839265] (hdl_global_localization) StdoutLine: {'line': b'-- Using all available rosidl_typesupport_c: rosidl_typesupport_fastrtps_c;rosidl_typesupport_introspection_c\n'}
[21.888652] (hdl_global_localization) StdoutLine: {'line': b'-- Found rosidl_adapter: 1.3.1 (/opt/ros/foxy/share/rosidl_adapter/cmake)\n'}
[21.918779] (-) TimerEvent: {}
[22.019839] (-) TimerEvent: {}
[22.075442] (sensor_test) StdoutLine: {'line': b'-- Found rmw_implementation_cmake: 1.0.4 (/opt/ros/foxy/share/rmw_implementation_cmake/cmake)\n'}
[22.098515] (sensor_test) StdoutLine: {'line': b"-- Using RMW implementation 'rmw_cyclonedds_cpp' as default\n"}
[22.105105] (sensor_test) StdoutLine: {'line': b'-- Looking for pthread.h\n'}
[22.120189] (-) TimerEvent: {}
[22.221649] (-) TimerEvent: {}
[22.322890] (-) TimerEvent: {}
[22.424072] (-) TimerEvent: {}
[22.525334] (-) TimerEvent: {}
[22.627268] (-) TimerEvent: {}
[22.639276] (hdl_global_localization) StdoutLine: {'line': b'-- Found OpenSSL: /usr/lib/aarch64-linux-gnu/libcrypto.so (found version "1.1.1f")  \n'}
[22.727531] (-) TimerEvent: {}
[22.829458] (-) TimerEvent: {}
[22.834149] (hdl_global_localization) StdoutLine: {'line': b'-- Found FastRTPS: /opt/ros/foxy/include  \n'}
[22.836851] (sensor_test) StdoutLine: {'line': b'-- Looking for pthread.h - found\n'}
[22.839855] (sensor_test) StdoutLine: {'line': b'-- Performing Test CMAKE_HAVE_LIBC_PTHREAD\n'}
[22.929695] (-) TimerEvent: {}
[23.030803] (-) TimerEvent: {}
[23.131867] (-) TimerEvent: {}
[23.232976] (-) TimerEvent: {}
[23.337172] (-) TimerEvent: {}
[23.425148] (hdl_global_localization) StdoutLine: {'line': b'-- Using all available rosidl_typesupport_cpp: rosidl_typesupport_fastrtps_cpp;rosidl_typesupport_introspection_cpp\n'}
[23.437509] (-) TimerEvent: {}
[23.539841] (-) TimerEvent: {}
[23.641075] (-) TimerEvent: {}
[23.668263] (sensor_test) StdoutLine: {'line': b'-- Performing Test CMAKE_HAVE_LIBC_PTHREAD - Failed\n'}
[23.673102] (sensor_test) StdoutLine: {'line': b'-- Looking for pthread_create in pthreads\n'}
[23.745227] (-) TimerEvent: {}
[23.829579] (hdl_global_localization) StdoutLine: {'line': b'-- Found rmw_implementation_cmake: 1.0.4 (/opt/ros/foxy/share/rmw_implementation_cmake/cmake)\n'}
[23.838392] (hdl_global_localization) StdoutLine: {'line': b"-- Using RMW implementation 'rmw_cyclonedds_cpp' as default\n"}
[23.846546] (-) TimerEvent: {}
[23.950235] (-) TimerEvent: {}
[24.051367] (-) TimerEvent: {}
[24.152434] (-) TimerEvent: {}
[24.251801] (sensor_test) StdoutLine: {'line': b'-- Looking for pthread_create in pthreads - not found\n'}
[24.252616] (-) TimerEvent: {}
[24.254130] (sensor_test) StdoutLine: {'line': b'-- Looking for pthread_create in pthread\n'}
[24.354977] (-) TimerEvent: {}
[24.456153] (-) TimerEvent: {}
[24.557315] (-) TimerEvent: {}
[24.661178] (-) TimerEvent: {}
[24.763501] (-) TimerEvent: {}
[24.865861] (-) TimerEvent: {}
[24.902638] (sensor_test) StdoutLine: {'line': b'-- Looking for pthread_create in pthread - found\n'}
[24.910765] (sensor_test) StdoutLine: {'line': b'-- Found Threads: TRUE  \n'}
[24.966123] (-) TimerEvent: {}
[25.067283] (-) TimerEvent: {}
[25.169124] (-) TimerEvent: {}
[25.270204] (-) TimerEvent: {}
[25.372120] (-) TimerEvent: {}
[25.474908] (-) TimerEvent: {}
[25.576242] (-) TimerEvent: {}
[25.677681] (-) TimerEvent: {}
[25.779085] (-) TimerEvent: {}
[25.881256] (-) TimerEvent: {}
[25.982660] (-) TimerEvent: {}
[26.083693] (-) TimerEvent: {}
[26.184740] (-) TimerEvent: {}
[26.285919] (-) TimerEvent: {}
[26.387557] (-) TimerEvent: {}
[26.489611] (-) TimerEvent: {}
[26.591145] (-) TimerEvent: {}
[26.692337] (-) TimerEvent: {}
[26.793577] (-) TimerEvent: {}
[26.894635] (-) TimerEvent: {}
[26.995724] (-) TimerEvent: {}
[27.097021] (-) TimerEvent: {}
[27.198683] (-) TimerEvent: {}
[27.300310] (-) TimerEvent: {}
[27.401408] (-) TimerEvent: {}
[27.502433] (-) TimerEvent: {}
[27.603453] (-) TimerEvent: {}
[27.704655] (-) TimerEvent: {}
[27.805824] (-) TimerEvent: {}
[27.906786] (-) TimerEvent: {}
[28.007771] (-) TimerEvent: {}
[28.108742] (-) TimerEvent: {}
[28.209783] (-) TimerEvent: {}
[28.261006] (sensor_test) StdoutLine: {'line': b'-- Configuring done\n'}
[28.310014] (-) TimerEvent: {}
[28.412186] (-) TimerEvent: {}
[28.481079] (sensor_test) StdoutLine: {'line': b'-- Generating done\n'}
[28.490352] (sensor_test) StdoutLine: {'line': b'-- Build files have been written to: /home/ysc/lite_cog_ros2/nav/src/build/sensor_test\n'}
[28.513362] (-) TimerEvent: {}
[28.550975] (sensor_test) CommandEnded: {'returncode': 0}
[28.567084] (sensor_test) JobProgress: {'identifier': 'sensor_test', 'progress': 'build'}
[28.569472] (sensor_test) Command: {'cmd': ['/usr/bin/cmake', '--build', '/home/ysc/lite_cog_ros2/nav/src/build/sensor_test', '--', '-j6', '-l6'], 'cwd': '/home/ysc/lite_cog_ros2/nav/src/build/sensor_test', 'env': OrderedDict([('LESSOPEN', '| /usr/bin/lesspipe %s'), ('USER', 'ysc'), ('LC_TIME', 'zh_CN.UTF-8'), ('SSH_AGENT_PID', '1969'), ('XDG_SESSION_TYPE', 'x11'), ('SHLVL', '1'), ('LD_LIBRARY_PATH', '/usr/lib/aarch64-linux-gnu/gazebo-11/plugins:/opt/ros/foxy/opt/yaml_cpp_vendor/lib:/opt/ros/foxy/opt/rviz_ogre_vendor/lib:/opt/ros/foxy/lib/aarch64-linux-gnu:/opt/ros/foxy/lib:/usr/local/cuda-11.4/lib64:'), ('HOME', '/home/ysc'), ('DESKTOP_SESSION', 'ubuntu'), ('JETSON_L4T', '35.4.1'), ('ROS_PYTHON_VERSION', '3'), ('GNOME_SHELL_SESSION_MODE', 'ubuntu'), ('GTK_MODULES', 'gail:atk-bridge'), ('JETSON_MODEL', 'NVIDIA Jetson Xavier NX Developer Kit'), ('LC_MONETARY', 'zh_CN.UTF-8'), ('MANAGERPID', '1455'), ('DBUS_STARTER_BUS_TYPE', 'session'), ('ROS_LOG_DIR', '/home/ysc/lite_cog_ros2/system/log'), ('DBUS_SESSION_BUS_ADDRESS', 'unix:path=/run/user/1000/bus,guid=9490700c6fa999152488ef0b69425bff'), ('COLORTERM', 'truecolor'), ('_colcon_cd_root', '/opt/ros/foxy/'), ('IM_CONFIG_PHASE', '1'), ('COLCON_PREFIX_PATH', '/home/ysc/lite_cog_ros2/nav/src/install'), ('ROS_DISTRO', 'foxy'), ('LOGNAME', 'ysc'), ('JETSON_MODULE', 'NVIDIA Jetson Xavier NX'), ('JETSON_SERIAL_NUMBER', '1421125032270'), ('JOURNAL_STREAM', '8:50396'), ('_', '/usr/bin/colcon'), ('ROS_VERSION', '2'), ('JETSON_CODENAME', 'Jakku'), ('XDG_SESSION_CLASS', 'user'), ('USERNAME', 'ysc'), ('TERM', 'xterm-256color'), ('GNOME_DESKTOP_SESSION_ID', 'this-is-deprecated'), ('ROS_LOCALHOST_ONLY', '0'), ('WINDOWPATH', '2'), ('PATH', '/opt/ros/foxy/bin:/usr/local/cuda-11.4/bin:/home/ysc/.local/bin:/usr/local/sbin:/usr/local/bin:/usr/sbin:/usr/bin:/sbin:/bin:/usr/games:/usr/local/games:/snap/bin'), ('SESSION_MANAGER', 'local/lite:@/tmp/.ICE-unix/2074,unix/lite:/tmp/.ICE-unix/2074'), ('INVOCATION_ID', 'dfe74acf5258439cad30ef121e26087a'), ('XDG_MENU_PREFIX', 'gnome-'), ('LC_ADDRESS', 'zh_CN.UTF-8'), ('GNOME_TERMINAL_SCREEN', '/org/gnome/Terminal/screen/216edd38_1dc2_4ec0_a174_a9822a6e6163'), ('XDG_RUNTIME_DIR', '/run/user/1000'), ('DISPLAY', ':0'), ('LANG', 'en_US.UTF-8'), ('XDG_CURRENT_DESKTOP', 'ubuntu:GNOME'), ('LC_TELEPHONE', 'zh_CN.UTF-8'), ('RMW_IMPLEMENTATION', 'rmw_cyclonedds_cpp'), ('XMODIFIERS', '@im=ibus'), ('XDG_SESSION_DESKTOP', 'ubuntu'), ('XAUTHORITY', '/run/user/1000/gdm/Xauthority'), ('LS_COLORS', 'rs=0:di=01;34:ln=01;36:mh=00:pi=40;33:so=01;35:do=01;35:bd=40;33;01:cd=40;33;01:or=40;31;01:mi=00:su=37;41:sg=30;43:ca=30;41:tw=30;42:ow=34;42:st=37;44:ex=01;32:*.tar=01;31:*.tgz=01;31:*.arc=01;31:*.arj=01;31:*.taz=01;31:*.lha=01;31:*.lz4=01;31:*.lzh=01;31:*.lzma=01;31:*.tlz=01;31:*.txz=01;31:*.tzo=01;31:*.t7z=01;31:*.zip=01;31:*.z=01;31:*.dz=01;31:*.gz=01;31:*.lrz=01;31:*.lz=01;31:*.lzo=01;31:*.xz=01;31:*.zst=01;31:*.tzst=01;31:*.bz2=01;31:*.bz=01;31:*.tbz=01;31:*.tbz2=01;31:*.tz=01;31:*.deb=01;31:*.rpm=01;31:*.jar=01;31:*.war=01;31:*.ear=01;31:*.sar=01;31:*.rar=01;31:*.alz=01;31:*.ace=01;31:*.zoo=01;31:*.cpio=01;31:*.7z=01;31:*.rz=01;31:*.cab=01;31:*.wim=01;31:*.swm=01;31:*.dwm=01;31:*.esd=01;31:*.jpg=01;35:*.jpeg=01;35:*.mjpg=01;35:*.mjpeg=01;35:*.gif=01;35:*.bmp=01;35:*.pbm=01;35:*.pgm=01;35:*.ppm=01;35:*.tga=01;35:*.xbm=01;35:*.xpm=01;35:*.tif=01;35:*.tiff=01;35:*.png=01;35:*.svg=01;35:*.svgz=01;35:*.mng=01;35:*.pcx=01;35:*.mov=01;35:*.mpg=01;35:*.mpeg=01;35:*.m2v=01;35:*.mkv=01;35:*.webm=01;35:*.ogm=01;35:*.mp4=01;35:*.m4v=01;35:*.mp4v=01;35:*.vob=01;35:*.qt=01;35:*.nuv=01;35:*.wmv=01;35:*.asf=01;35:*.rm=01;35:*.rmvb=01;35:*.flc=01;35:*.avi=01;35:*.fli=01;35:*.flv=01;35:*.gl=01;35:*.dl=01;35:*.xcf=01;35:*.xwd=01;35:*.yuv=01;35:*.cgm=01;35:*.emf=01;35:*.ogv=01;35:*.ogx=01;35:*.aac=00;36:*.au=00;36:*.flac=00;36:*.m4a=00;36:*.mid=00;36:*.midi=00;36:*.mka=00;36:*.mp3=00;36:*.mpc=00;36:*.ogg=00;36:*.ra=00;36:*.wav=00;36:*.oga=00;36:*.opus=00;36:*.spx=00;36:*.xspf=00;36:'), ('JETSON_SOC', 'tegra194'), ('GNOME_TERMINAL_SERVICE', ':1.104'), ('SSH_AUTH_SOCK', '/run/user/1000/keyring/ssh'), ('ROS_DOMAIN_ID', '0'), ('AMENT_PREFIX_PATH', '/home/ysc/lite_cog_ros2/nav/src/install/narrow_passage_controller:/opt/ros/foxy'), ('SHELL', '/bin/bash'), ('LC_NAME', 'zh_CN.UTF-8'), ('QT_ACCESSIBILITY', '1'), ('GDMSESSION', 'ubuntu'), ('LESSCLOSE', '/usr/bin/lesspipe %s %s'), ('LC_MEASUREMENT', 'zh_CN.UTF-8'), ('GPG_AGENT_INFO', '/run/user/1000/gnupg/S.gpg-agent:0:1'), ('LC_IDENTIFICATION', 'zh_CN.UTF-8'), ('QT_IM_MODULE', 'ibus'), ('JETSON_CUDA_ARCH_BIN', '7.2'), ('PWD', '/home/ysc/lite_cog_ros2/nav/src/build/sensor_test'), ('LC_ALL', 'en_US.UTF-8'), ('XDG_CONFIG_DIRS', '/etc/xdg/xdg-ubuntu:/etc/xdg'), ('DBUS_STARTER_ADDRESS', 'unix:path=/run/user/1000/bus,guid=9490700c6fa999152488ef0b69425bff'), ('XDG_DATA_DIRS', '/usr/share/ubuntu:/usr/local/share/:/usr/share/:/var/lib/snapd/desktop'), ('PYTHONPATH', '/home/ysc/lite_cog_ros2/nav/src/install/narrow_passage_controller/lib/python3.8/site-packages:/opt/ros/foxy/lib/python3.8/site-packages'), ('LC_NUMERIC', 'zh_CN.UTF-8'), ('LC_PAPER', 'zh_CN.UTF-8'), ('COLCON', '1'), ('VTE_VERSION', '6003'), ('JETSON_JETPACK', '5.1.2'), ('JETSON_P_NUMBER', 'p3668-0001'), ('CMAKE_PREFIX_PATH', '/home/ysc/lite_cog_ros2/nav/src/install/narrow_passage_controller:/opt/ros/foxy')]), 'shell': False}
[28.613686] (-) TimerEvent: {}
[28.718608] (-) TimerEvent: {}
[28.819579] (-) TimerEvent: {}
[28.862367] (sensor_test) StdoutLine: {'line': b'\x1b[35m\x1b[1mScanning dependencies of target sensor_test\x1b[0m\n'}
[28.919870] (-) TimerEvent: {}
[29.020942] (-) TimerEvent: {}
[29.125164] (-) TimerEvent: {}
[29.226243] (-) TimerEvent: {}
[29.328755] (-) TimerEvent: {}
[29.431009] (-) TimerEvent: {}
[29.491293] (hdl_global_localization) StdoutLine: {'line': b'-- Found eigen3_cmake_module: 0.1.1 (/opt/ros/foxy/share/eigen3_cmake_module/cmake)\n'}
[29.519956] (hdl_global_localization) StdoutLine: {'line': b'-- Found Eigen3: TRUE (found version "3.3.7") \n'}
[29.531303] (-) TimerEvent: {}
[29.564605] (sensor_test) StdoutLine: {'line': b'[ 50%] \x1b[32mBuilding CXX object CMakeFiles/sensor_test.dir/src/sensor_test.cpp.o\x1b[0m\n'}
[29.631548] (-) TimerEvent: {}
[29.732688] (-) TimerEvent: {}
[29.834414] (-) TimerEvent: {}
[29.936071] (-) TimerEvent: {}
[30.038981] (-) TimerEvent: {}
[30.140330] (-) TimerEvent: {}
[30.241982] (-) TimerEvent: {}
[30.343048] (-) TimerEvent: {}
[30.445080] (-) TimerEvent: {}
[30.546336] (-) TimerEvent: {}
[30.647593] (-) TimerEvent: {}
[30.748571] (-) TimerEvent: {}
[30.849910] (-) TimerEvent: {}
[30.951095] (-) TimerEvent: {}
[31.053466] (-) TimerEvent: {}
[31.154918] (-) TimerEvent: {}
[31.256228] (-) TimerEvent: {}
[31.357339] (-) TimerEvent: {}
[31.459338] (-) TimerEvent: {}
[31.560504] (-) TimerEvent: {}
[31.661712] (-) TimerEvent: {}
[31.762902] (-) TimerEvent: {}
[31.864579] (-) TimerEvent: {}
[31.965863] (-) TimerEvent: {}
[32.068071] (-) TimerEvent: {}
[32.169526] (-) TimerEvent: {}
[32.271042] (-) TimerEvent: {}
[32.340488] (hdl_global_localization) StdoutLine: {'line': b"-- Checking for module 'eigen3'\n"}
[32.371306] (-) TimerEvent: {}
[32.472620] (-) TimerEvent: {}
[32.575051] (-) TimerEvent: {}
[32.630179] (hdl_global_localization) StdoutLine: {'line': b'--   Found eigen3, version 3.3.7\n'}
[32.675311] (-) TimerEvent: {}
[32.776407] (-) TimerEvent: {}
[32.880342] (-) TimerEvent: {}
[32.981507] (-) TimerEvent: {}
[33.082573] (-) TimerEvent: {}
[33.185134] (-) TimerEvent: {}
[33.190725] (hdl_global_localization) StdoutLine: {'line': b'-- Found Eigen: /usr/include/eigen3 (Required is at least version "3.1") \n'}
[33.191880] (hdl_global_localization) StdoutLine: {'line': b'-- Eigen found (include: /usr/include/eigen3, version: 3.3.7)\n'}
[33.285420] (-) TimerEvent: {}
[33.386819] (-) TimerEvent: {}
[33.489269] (-) TimerEvent: {}
[33.590400] (-) TimerEvent: {}
[33.692115] (-) TimerEvent: {}
[33.796400] (-) TimerEvent: {}
[33.897490] (-) TimerEvent: {}
[33.998535] (-) TimerEvent: {}
[34.099658] (-) TimerEvent: {}
[34.200749] (-) TimerEvent: {}
[34.302104] (-) TimerEvent: {}
[34.404463] (-) TimerEvent: {}
[34.495221] (hdl_global_localization) StdoutLine: {'line': b"-- Checking for module 'flann'\n"}
[34.504734] (-) TimerEvent: {}
[34.605856] (-) TimerEvent: {}
[34.707078] (-) TimerEvent: {}
[34.801873] (hdl_global_localization) StdoutLine: {'line': b'--   Found flann, version 1.9.1\n'}
[34.807301] (-) TimerEvent: {}
[34.908416] (-) TimerEvent: {}
[35.010399] (-) TimerEvent: {}
[35.111665] (-) TimerEvent: {}
[35.212690] (-) TimerEvent: {}
[35.313916] (-) TimerEvent: {}
[35.409693] (hdl_global_localization) StdoutLine: {'line': b'-- Found FLANN: /usr/lib/aarch64-linux-gnu/libflann_cpp.so  \n'}
[35.414188] (-) TimerEvent: {}
[35.516490] (-) TimerEvent: {}
[35.617689] (-) TimerEvent: {}
[35.718860] (-) TimerEvent: {}
[35.819895] (-) TimerEvent: {}
[35.920961] (-) TimerEvent: {}
[36.023113] (-) TimerEvent: {}
[36.125070] (-) TimerEvent: {}
[36.226161] (-) TimerEvent: {}
[36.327205] (-) TimerEvent: {}
[36.428241] (-) TimerEvent: {}
[36.433027] (hdl_global_localization) StdoutLine: {'line': b'-- The imported target "vtkParseOGLExt" references the file\n'}
[36.433942] (hdl_global_localization) StdoutLine: {'line': b'   "/usr/bin/vtkParseOGLExt-7.1"\n'}
[36.434499] (hdl_global_localization) StdoutLine: {'line': b'but this file does not exist.  Possible reasons include:\n'}
[36.434959] (hdl_global_localization) StdoutLine: {'line': b'* The file was deleted, renamed, or moved to another location.\n'}
[36.435414] (hdl_global_localization) StdoutLine: {'line': b'* An install or uninstall procedure did not complete successfully.\n'}
[36.435854] (hdl_global_localization) StdoutLine: {'line': b'* The installation package was faulty and contained\n'}
[36.436231] (hdl_global_localization) StdoutLine: {'line': b'   "/usr/lib/cmake/vtk-7.1/VTKTargets.cmake"\n'}
[36.436721] (hdl_global_localization) StdoutLine: {'line': b'but not all the files it references.\n'}
[36.437841] (hdl_global_localization) StdoutLine: {'line': b'\n'}
[36.442632] (hdl_global_localization) StdoutLine: {'line': b'-- The imported target "vtkRenderingPythonTkWidgets" references the file\n'}
[36.444571] (hdl_global_localization) StdoutLine: {'line': b'   "/usr/lib/aarch64-linux-gnu/libvtkRenderingPythonTkWidgets.so"\n'}
[36.445251] (hdl_global_localization) StdoutLine: {'line': b'but this file does not exist.  Possible reasons include:\n'}
[36.445810] (hdl_global_localization) StdoutLine: {'line': b'* The file was deleted, renamed, or moved to another location.\n'}
[36.446353] (hdl_global_localization) StdoutLine: {'line': b'* An install or uninstall procedure did not complete successfully.\n'}
[36.447300] (hdl_global_localization) StdoutLine: {'line': b'* The installation package was faulty and contained\n'}
[36.447787] (hdl_global_localization) StdoutLine: {'line': b'   "/usr/lib/cmake/vtk-7.1/VTKTargets.cmake"\n'}
[36.448709] (hdl_global_localization) StdoutLine: {'line': b'but not all the files it references.\n'}
[36.449756] (hdl_global_localization) StdoutLine: {'line': b'\n'}
[36.450251] (hdl_global_localization) StdoutLine: {'line': b'-- The imported target "vtk" references the file\n'}
[36.450701] (hdl_global_localization) StdoutLine: {'line': b'   "/usr/bin/vtk"\n'}
[36.451145] (hdl_global_localization) StdoutLine: {'line': b'but this file does not exist.  Possible reasons include:\n'}
[36.451541] (hdl_global_localization) StdoutLine: {'line': b'* The file was deleted, renamed, or moved to another location.\n'}
[36.451916] (hdl_global_localization) StdoutLine: {'line': b'* An install or uninstall procedure did not complete successfully.\n'}
[36.452326] (hdl_global_localization) StdoutLine: {'line': b'* The installation package was faulty and contained\n'}
[36.452782] (hdl_global_localization) StdoutLine: {'line': b'   "/usr/lib/cmake/vtk-7.1/VTKTargets.cmake"\n'}
[36.453297] (hdl_global_localization) StdoutLine: {'line': b'but not all the files it references.\n'}
[36.453736] (hdl_global_localization) StdoutLine: {'line': b'\n'}
[36.454177] (hdl_global_localization) StdoutLine: {'line': b'-- The imported target "pvtk" references the file\n'}
[36.454543] (hdl_global_localization) StdoutLine: {'line': b'   "/usr/bin/pvtk"\n'}
[36.454954] (hdl_global_localization) StdoutLine: {'line': b'but this file does not exist.  Possible reasons include:\n'}
[36.455369] (hdl_global_localization) StdoutLine: {'line': b'* The file was deleted, renamed, or moved to another location.\n'}
[36.455734] (hdl_global_localization) StdoutLine: {'line': b'* An install or uninstall procedure did not complete successfully.\n'}
[36.456169] (hdl_global_localization) StdoutLine: {'line': b'* The installation package was faulty and contained\n'}
[36.456563] (hdl_global_localization) StdoutLine: {'line': b'   "/usr/lib/cmake/vtk-7.1/VTKTargets.cmake"\n'}
[36.457246] (hdl_global_localization) StdoutLine: {'line': b'but not all the files it references.\n'}
[36.460168] (hdl_global_localization) StdoutLine: {'line': b'\n'}
[36.528464] (-) TimerEvent: {}
[36.629757] (-) TimerEvent: {}
[36.730883] (-) TimerEvent: {}
[36.804674] (hdl_global_localization) StdoutLine: {'line': b"-- Checking for module 'libusb-1.0'\n"}
[36.831114] (-) TimerEvent: {}
[36.932249] (-) TimerEvent: {}
[37.033411] (-) TimerEvent: {}
[37.113468] (hdl_global_localization) StdoutLine: {'line': b'--   Found libusb-1.0, version 1.0.23\n'}
[37.133700] (-) TimerEvent: {}
[37.234926] (-) TimerEvent: {}
[37.336020] (-) TimerEvent: {}
[37.437149] (-) TimerEvent: {}
[37.586890] (-) TimerEvent: {}
[37.679836] (hdl_global_localization) StdoutLine: {'line': b'-- Found USB_10: /usr/lib/aarch64-linux-gnu/libusb-1.0.so  \n'}
[37.687191] (-) TimerEvent: {}
[37.788460] (-) TimerEvent: {}
[37.889867] (-) TimerEvent: {}
[37.990911] (-) TimerEvent: {}
[38.092668] (-) TimerEvent: {}
[38.193878] (-) TimerEvent: {}
[38.295334] (-) TimerEvent: {}
[38.396503] (-) TimerEvent: {}
[38.497817] (-) TimerEvent: {}
[38.569368] (hdl_global_localization) StdoutLine: {'line': b'-- OpenNI found (include: /usr/include/ni, lib: /usr/lib/libOpenNI.so)\n'}
[38.598119] (-) TimerEvent: {}
[38.699300] (-) TimerEvent: {}
[38.800679] (-) TimerEvent: {}
[38.903524] (-) TimerEvent: {}
[39.004611] (-) TimerEvent: {}
[39.106091] (-) TimerEvent: {}
[39.207282] (-) TimerEvent: {}
[39.308585] (-) TimerEvent: {}
[39.411681] (-) TimerEvent: {}
[39.512972] (-) TimerEvent: {}
[39.614091] (-) TimerEvent: {}
[39.653797] (hdl_global_localization) StdoutLine: {'line': b'-- OpenNI2 found (include: /usr/include/openni2, lib: /usr/lib/libOpenNI2.so)\n'}
[39.714363] (-) TimerEvent: {}
[39.758055] (hdl_global_localization) StdoutLine: {'line': b'-- Found libusb-1.0: /usr/include  \n'}
[39.813576] (hdl_global_localization) StdoutLine: {'line': b'-- OpenNI found (include: /usr/include/ni, lib: /usr/lib/libOpenNI.so)\n'}
[39.814470] (-) TimerEvent: {}
[39.865288] (hdl_global_localization) StdoutLine: {'line': b'-- OpenNI2 found (include: /usr/include/openni2, lib: /usr/lib/libOpenNI2.so)\n'}
[39.915239] (-) TimerEvent: {}
[40.027174] (-) TimerEvent: {}
[40.129431] (-) TimerEvent: {}
[40.230769] (-) TimerEvent: {}
[40.248573] (hdl_global_localization) StdoutLine: {'line': b'-- Found Qhull: optimized;/usr/lib/aarch64-linux-gnu/libqhull.so;debug;/usr/lib/aarch64-linux-gnu/libqhull.so  \n'}
[40.249988] (hdl_global_localization) StdoutLine: {'line': b'-- QHULL found (include: /usr/include, lib: optimized;/usr/lib/aarch64-linux-gnu/libqhull.so;debug;/usr/lib/aarch64-linux-gnu/libqhull.so)\n'}
[40.305905] (hdl_global_localization) StdoutLine: {'line': b'-- OpenNI found (include: /usr/include/ni, lib: /usr/lib/libOpenNI.so)\n'}
[40.331023] (-) TimerEvent: {}
[40.416938] (hdl_global_localization) StdoutLine: {'line': b'-- Found PCL_COMMON: /usr/lib/aarch64-linux-gnu/libpcl_common.so  \n'}
[40.429500] (hdl_global_localization) StdoutLine: {'line': b'-- Found PCL_KDTREE: /usr/lib/aarch64-linux-gnu/libpcl_kdtree.so  \n'}
[40.431273] (-) TimerEvent: {}
[40.438866] (hdl_global_localization) StdoutLine: {'line': b'-- Found PCL_OCTREE: /usr/lib/aarch64-linux-gnu/libpcl_octree.so  \n'}
[40.453383] (hdl_global_localization) StdoutLine: {'line': b'-- Found PCL_SEARCH: /usr/lib/aarch64-linux-gnu/libpcl_search.so  \n'}
[40.470737] (hdl_global_localization) StdoutLine: {'line': b'-- Found PCL_SAMPLE_CONSENSUS: /usr/lib/aarch64-linux-gnu/libpcl_sample_consensus.so  \n'}
[40.484642] (hdl_global_localization) StdoutLine: {'line': b'-- Found PCL_FILTERS: /usr/lib/aarch64-linux-gnu/libpcl_filters.so  \n'}
[40.493745] (hdl_global_localization) StdoutLine: {'line': b'-- Found PCL_2D: /usr/include/pcl-1.10  \n'}
[40.499721] (hdl_global_localization) StdoutLine: {'line': b'-- Found PCL_GEOMETRY: /usr/include/pcl-1.10  \n'}
[40.511602] (hdl_global_localization) StdoutLine: {'line': b'-- Found PCL_IO: /usr/lib/aarch64-linux-gnu/libpcl_io.so  \n'}
[40.521627] (hdl_global_localization) StdoutLine: {'line': b'-- Found PCL_FEATURES: /usr/lib/aarch64-linux-gnu/libpcl_features.so  \n'}
[40.531574] (-) TimerEvent: {}
[40.532846] (hdl_global_localization) StdoutLine: {'line': b'-- Found PCL_ML: /usr/lib/aarch64-linux-gnu/libpcl_ml.so  \n'}
[40.542033] (hdl_global_localization) StdoutLine: {'line': b'-- Found PCL_SEGMENTATION: /usr/lib/aarch64-linux-gnu/libpcl_segmentation.so  \n'}
[40.551500] (hdl_global_localization) StdoutLine: {'line': b'-- Found PCL_VISUALIZATION: /usr/lib/aarch64-linux-gnu/libpcl_visualization.so  \n'}
[40.566509] (hdl_global_localization) StdoutLine: {'line': b'-- Found PCL_SURFACE: /usr/lib/aarch64-linux-gnu/libpcl_surface.so  \n'}
[40.572410] (hdl_global_localization) StdoutLine: {'line': b'-- Found PCL_REGISTRATION: /usr/lib/aarch64-linux-gnu/libpcl_registration.so  \n'}
[40.586263] (hdl_global_localization) StdoutLine: {'line': b'-- Found PCL_KEYPOINTS: /usr/lib/aarch64-linux-gnu/libpcl_keypoints.so  \n'}
[40.607237] (hdl_global_localization) StdoutLine: {'line': b'-- Found PCL_TRACKING: /usr/lib/aarch64-linux-gnu/libpcl_tracking.so  \n'}
[40.621878] (hdl_global_localization) StdoutLine: {'line': b'-- Found PCL_RECOGNITION: /usr/lib/aarch64-linux-gnu/libpcl_recognition.so  \n'}
[40.631842] (-) TimerEvent: {}
[40.635823] (hdl_global_localization) StdoutLine: {'line': b'-- Found PCL_STEREO: /usr/lib/aarch64-linux-gnu/libpcl_stereo.so  \n'}
[40.637159] (sensor_test) StderrLine: {'line': b'\x1b[01m\x1b[K/home/ysc/lite_cog_ros2/nav/src/sensor_test/src/sensor_test.cpp:\x1b[m\x1b[K In member function \xe2\x80\x98\x1b[01m\x1b[Kvoid SensorTest::imuCallback(sensor_msgs::msg::Imu_<std::allocator<void> >::SharedPtr)\x1b[m\x1b[K\xe2\x80\x99:\n'}
[40.637866] (sensor_test) StderrLine: {'line': b'\x1b[01m\x1b[K/home/ysc/lite_cog_ros2/nav/src/sensor_test/src/sensor_test.cpp:24:61:\x1b[m\x1b[K \x1b[01;35m\x1b[Kwarning: \x1b[m\x1b[Kunused parameter \xe2\x80\x98\x1b[01m\x1b[Kmsg\x1b[m\x1b[K\xe2\x80\x99 [\x1b[01;35m\x1b[K-Wunused-parameter\x1b[m\x1b[K]\n'}
[40.638284] (sensor_test) StderrLine: {'line': b'   24 |     void imuCallback(\x1b[01;35m\x1b[Kconst sensor_msgs::msg::Imu::SharedPtr msg\x1b[m\x1b[K)\n'}
[40.638681] (sensor_test) StderrLine: {'line': b'      |                      \x1b[01;35m\x1b[K~~~~~~~~~~~~~~~~~~~~~~~~~~~~~~~~~~~~~~~^~~\x1b[m\x1b[K\n'}
[40.649212] (hdl_global_localization) StdoutLine: {'line': b'-- Found PCL_APPS: /usr/lib/aarch64-linux-gnu/libpcl_apps.so  \n'}
[40.650790] (sensor_test) StderrLine: {'line': b'\x1b[01m\x1b[K/home/ysc/lite_cog_ros2/nav/src/sensor_test/src/sensor_test.cpp:\x1b[m\x1b[K In member function \xe2\x80\x98\x1b[01m\x1b[Kvoid SensorTest::lidarCallback(sensor_msgs::msg::PointCloud2_<std::allocator<void> >::SharedPtr)\x1b[m\x1b[K\xe2\x80\x99:\n'}
[40.651925] (sensor_test) StderrLine: {'line': b'\x1b[01m\x1b[K/home/ysc/lite_cog_ros2/nav/src/sensor_test/src/sensor_test.cpp:29:71:\x1b[m\x1b[K \x1b[01;35m\x1b[Kwarning: \x1b[m\x1b[Kunused parameter \xe2\x80\x98\x1b[01m\x1b[Kmsg\x1b[m\x1b[K\xe2\x80\x99 [\x1b[01;35m\x1b[K-Wunused-parameter\x1b[m\x1b[K]\n'}
[40.653473] (sensor_test) StderrLine: {'line': b'   29 |     void lidarCallback(\x1b[01;35m\x1b[Kconst sensor_msgs::msg::PointCloud2::SharedPtr msg\x1b[m\x1b[K)\n'}
[40.654058] (sensor_test) StderrLine: {'line': b'      |                        \x1b[01;35m\x1b[K~~~~~~~~~~~~~~~~~~~~~~~~~~~~~~~~~~~~~~~~~~~~~~~^~~\x1b[m\x1b[K\n'}
[40.654495] (sensor_test) StderrLine: {'line': b'\x1b[01m\x1b[K/home/ysc/lite_cog_ros2/nav/src/sensor_test/src/sensor_test.cpp:\x1b[m\x1b[K In member function \xe2\x80\x98\x1b[01m\x1b[Kvoid SensorTest::realsenseCallback(sensor_msgs::msg::PointCloud2_<std::allocator<void> >::SharedPtr)\x1b[m\x1b[K\xe2\x80\x99:\n'}
[40.654892] (sensor_test) StderrLine: {'line': b'\x1b[01m\x1b[K/home/ysc/lite_cog_ros2/nav/src/sensor_test/src/sensor_test.cpp:34:75:\x1b[m\x1b[K \x1b[01;35m\x1b[Kwarning: \x1b[m\x1b[Kunused parameter \xe2\x80\x98\x1b[01m\x1b[Kmsg\x1b[m\x1b[K\xe2\x80\x99 [\x1b[01;35m\x1b[K-Wunused-parameter\x1b[m\x1b[K]\n'}
[40.655303] (sensor_test) StderrLine: {'line': b'   34 |     void realsenseCallback(\x1b[01;35m\x1b[Kconst sensor_msgs::msg::PointCloud2::SharedPtr msg\x1b[m\x1b[K)\n'}
[40.655672] (sensor_test) StderrLine: {'line': b'      |                            \x1b[01;35m\x1b[K~~~~~~~~~~~~~~~~~~~~~~~~~~~~~~~~~~~~~~~~~~~~~~~^~~\x1b[m\x1b[K\n'}
[40.660564] (hdl_global_localization) StdoutLine: {'line': b'-- Found PCL_IN_HAND_SCANNER: /usr/include/pcl-1.10  \n'}
[40.732157] (-) TimerEvent: {}
[40.811276] (hdl_global_localization) StdoutLine: {'line': b'-- Found PCL_POINT_CLOUD_EDITOR: /usr/include/pcl-1.10  \n'}
[40.820659] (hdl_global_localization) StdoutLine: {'line': b'-- Found PCL_OUTOFCORE: /usr/lib/aarch64-linux-gnu/libpcl_outofcore.so  \n'}
[40.832306] (hdl_global_localization) StdoutLine: {'line': b'-- Found PCL_PEOPLE: /usr/lib/aarch64-linux-gnu/libpcl_people.so  \n'}
[40.833544] (-) TimerEvent: {}
[40.935232] (-) TimerEvent: {}
[41.037043] (-) TimerEvent: {}
[41.138163] (-) TimerEvent: {}
[41.240090] (-) TimerEvent: {}
[41.341980] (-) TimerEvent: {}
[41.443310] (-) TimerEvent: {}
[41.544633] (-) TimerEvent: {}
[41.646275] (-) TimerEvent: {}
[41.747654] (-) TimerEvent: {}
[41.849020] (-) TimerEvent: {}
[41.950531] (-) TimerEvent: {}
[42.051810] (-) TimerEvent: {}
[42.153056] (-) TimerEvent: {}
[42.254139] (-) TimerEvent: {}
[42.356173] (-) TimerEvent: {}
[42.457681] (-) TimerEvent: {}
[42.689687] (-) TimerEvent: {}
[42.791316] (-) TimerEvent: {}
[42.813407] (hdl_global_localization) StdoutLine: {'line': b'-- Using the multi-header code from /home/ysc/lite_cog_ros2/nav/src/hdl_global_localization/thirdparty/json/include/\n'}
[42.891583] (-) TimerEvent: {}
[42.992802] (-) TimerEvent: {}
[43.094078] (-) TimerEvent: {}
[43.159508] (hdl_global_localization) StdoutLine: {'line': b'-- Found PythonInterp: /usr/bin/python3 (found version "3.8.10") \n'}
[43.195371] (-) TimerEvent: {}
[43.296331] (-) TimerEvent: {}
[43.397606] (-) TimerEvent: {}
[43.498699] (-) TimerEvent: {}
[43.600385] (-) TimerEvent: {}
[43.701651] (-) TimerEvent: {}
[43.802754] (-) TimerEvent: {}
[43.904465] (-) TimerEvent: {}
[44.006068] (-) TimerEvent: {}
[44.107182] (-) TimerEvent: {}
[44.209561] (-) TimerEvent: {}
[44.311279] (-) TimerEvent: {}
[44.412341] (-) TimerEvent: {}
[44.513739] (-) TimerEvent: {}
[44.615506] (-) TimerEvent: {}
[44.716805] (-) TimerEvent: {}
[44.818091] (-) TimerEvent: {}
[44.919376] (-) TimerEvent: {}
[45.020410] (-) TimerEvent: {}
[45.122025] (-) TimerEvent: {}
[45.223178] (-) TimerEvent: {}
[45.324251] (-) TimerEvent: {}
[45.425301] (-) TimerEvent: {}
[45.470195] (hdl_global_localization) StdoutLine: {'line': b'-- Found ament_cmake_ros: 0.9.2 (/opt/ros/foxy/share/ament_cmake_ros/cmake)\n'}
[45.525560] (-) TimerEvent: {}
[45.626580] (-) TimerEvent: {}
[45.727627] (-) TimerEvent: {}
[45.828836] (-) TimerEvent: {}
[45.930009] (-) TimerEvent: {}
[46.031236] (-) TimerEvent: {}
[46.132586] (-) TimerEvent: {}
[46.235406] (-) TimerEvent: {}
[46.336589] (-) TimerEvent: {}
[46.441301] (-) TimerEvent: {}
[46.543087] (-) TimerEvent: {}
[46.644183] (-) TimerEvent: {}
[46.746240] (-) TimerEvent: {}
[46.849234] (-) TimerEvent: {}
[46.952042] (-) TimerEvent: {}
[47.053478] (-) TimerEvent: {}
[47.155373] (-) TimerEvent: {}
[47.262769] (-) TimerEvent: {}
[47.365565] (-) TimerEvent: {}
[47.466678] (-) TimerEvent: {}
[47.719127] (-) TimerEvent: {}
[47.820247] (-) TimerEvent: {}
[47.921886] (-) TimerEvent: {}
[48.023538] (-) TimerEvent: {}
[48.124805] (-) TimerEvent: {}
[48.226128] (-) TimerEvent: {}
[48.327300] (-) TimerEvent: {}
[48.428578] (-) TimerEvent: {}
[48.529825] (-) TimerEvent: {}
[48.630987] (-) TimerEvent: {}
[48.732256] (-) TimerEvent: {}
[48.835437] (-) TimerEvent: {}
[48.936460] (-) TimerEvent: {}
[49.037660] (-) TimerEvent: {}
[49.138757] (-) TimerEvent: {}
[49.233860] (hdl_global_localization) StdoutLine: {'line': b'-- Using all available rosidl_typesupport_c: rosidl_typesupport_fastrtps_c;rosidl_typesupport_introspection_c\n'}
[49.239060] (-) TimerEvent: {}
[49.341504] (-) TimerEvent: {}
[49.442800] (-) TimerEvent: {}
[49.545922] (-) TimerEvent: {}
[49.648265] (-) TimerEvent: {}
[49.749342] (-) TimerEvent: {}
[49.851617] (-) TimerEvent: {}
[49.953473] (-) TimerEvent: {}
[50.054550] (-) TimerEvent: {}
[50.155591] (-) TimerEvent: {}
[50.256817] (-) TimerEvent: {}
[50.359188] (-) TimerEvent: {}
[50.460575] (-) TimerEvent: {}
[50.563345] (-) TimerEvent: {}
[50.665511] (-) TimerEvent: {}
[50.766608] (-) TimerEvent: {}
[50.868008] (-) TimerEvent: {}
[50.970839] (-) TimerEvent: {}
[51.073186] (-) TimerEvent: {}
[51.174147] (-) TimerEvent: {}
[51.273556] (hdl_global_localization) StdoutLine: {'line': b'-- Using all available rosidl_typesupport_cpp: rosidl_typesupport_fastrtps_cpp;rosidl_typesupport_introspection_cpp\n'}
[51.274650] (-) TimerEvent: {}
[51.376252] (-) TimerEvent: {}
[51.477781] (-) TimerEvent: {}
[51.579317] (-) TimerEvent: {}
[51.609011] (hdl_global_localization) StdoutLine: {'line': b'-- Found PythonInterp: /usr/bin/python3 (found suitable version "3.8.10", minimum required is "3.5") \n'}
[51.679737] (-) TimerEvent: {}
[51.766946] (hdl_global_localization) StdoutLine: {'line': b'-- Found python_cmake_module: 0.8.1 (/opt/ros/foxy/share/python_cmake_module/cmake)\n'}
[51.779983] (-) TimerEvent: {}
[51.881170] (-) TimerEvent: {}
[51.982483] (-) TimerEvent: {}
[52.083452] (-) TimerEvent: {}
[52.184494] (-) TimerEvent: {}
[52.261947] (hdl_global_localization) StdoutLine: {'line': b'-- Found PythonLibs: /usr/lib/aarch64-linux-gnu/libpython3.8.so (found suitable version "3.8.10", minimum required is "3.5") \n'}
[52.263117] (hdl_global_localization) StdoutLine: {'line': b'-- Using PYTHON_EXECUTABLE: /usr/bin/python3\n'}
[52.263665] (hdl_global_localization) StdoutLine: {'line': b'-- Using PYTHON_INCLUDE_DIRS: /usr/include/python3.8\n'}
[52.264088] (hdl_global_localization) StdoutLine: {'line': b'-- Using PYTHON_LIBRARIES: /usr/lib/aarch64-linux-gnu/libpython3.8.so\n'}
[52.284981] (-) TimerEvent: {}
[52.386120] (-) TimerEvent: {}
[52.427403] (hdl_global_localization) StdoutLine: {'line': b'-- Found PythonExtra: .so  \n'}
[52.486402] (-) TimerEvent: {}
[52.587505] (-) TimerEvent: {}
[52.735062] (-) TimerEvent: {}
[52.836313] (-) TimerEvent: {}
[52.941310] (-) TimerEvent: {}
[53.042327] (-) TimerEvent: {}
[53.145192] (-) TimerEvent: {}
[53.246277] (-) TimerEvent: {}
[53.347462] (-) TimerEvent: {}
[53.449382] (-) TimerEvent: {}
[53.550454] (-) TimerEvent: {}
[53.651877] (-) TimerEvent: {}
[53.753216] (-) TimerEvent: {}
[53.854387] (-) TimerEvent: {}
[53.955555] (-) TimerEvent: {}
[54.057257] (-) TimerEvent: {}
[54.163343] (-) TimerEvent: {}
[54.265198] (-) TimerEvent: {}
[54.366569] (-) TimerEvent: {}
[54.412782] (hdl_global_localization) StdoutLine: {'line': b'-- Configuring done\n'}
[54.466804] (-) TimerEvent: {}
[54.567827] (-) TimerEvent: {}
[54.669130] (-) TimerEvent: {}
[54.770136] (-) TimerEvent: {}
[54.872170] (-) TimerEvent: {}
[54.975531] (-) TimerEvent: {}
[55.076696] (-) TimerEvent: {}
[55.177832] (-) TimerEvent: {}
[55.280755] (-) TimerEvent: {}
[55.385346] (-) TimerEvent: {}
[55.486496] (-) TimerEvent: {}
[55.588810] (-) TimerEvent: {}
[55.691807] (-) TimerEvent: {}
[55.793164] (-) TimerEvent: {}
[55.896626] (-) TimerEvent: {}
[56.000822] (-) TimerEvent: {}
[56.102527] (-) TimerEvent: {}
[56.204925] (-) TimerEvent: {}
[56.306422] (-) TimerEvent: {}
[56.407624] (-) TimerEvent: {}
[56.509267] (-) TimerEvent: {}
[56.610443] (-) TimerEvent: {}
[56.711657] (-) TimerEvent: {}
[56.813413] (-) TimerEvent: {}
[56.914502] (-) TimerEvent: {}
[57.015748] (-) TimerEvent: {}
[57.117058] (-) TimerEvent: {}
[57.218431] (-) TimerEvent: {}
[57.320476] (-) TimerEvent: {}
[57.421767] (-) TimerEvent: {}
[57.522937] (-) TimerEvent: {}
[57.603523] (hdl_global_localization) StdoutLine: {'line': b'-- Generating done\n'}
[57.626173] (-) TimerEvent: {}
[57.649138] (hdl_global_localization) StdoutLine: {'line': b'-- Build files have been written to: /home/ysc/lite_cog_ros2/nav/src/build/hdl_global_localization\n'}
[57.729163] (-) TimerEvent: {}
[57.792831] (hdl_global_localization) CommandEnded: {'returncode': 0}
[57.804437] (hdl_global_localization) JobProgress: {'identifier': 'hdl_global_localization', 'progress': 'build'}
[57.808728] (hdl_global_localization) Command: {'cmd': ['/usr/bin/cmake', '--build', '/home/ysc/lite_cog_ros2/nav/src/build/hdl_global_localization', '--', '-j6', '-l6'], 'cwd': '/home/ysc/lite_cog_ros2/nav/src/build/hdl_global_localization', 'env': OrderedDict([('LESSOPEN', '| /usr/bin/lesspipe %s'), ('USER', 'ysc'), ('LC_TIME', 'zh_CN.UTF-8'), ('SSH_AGENT_PID', '1969'), ('XDG_SESSION_TYPE', 'x11'), ('SHLVL', '1'), ('LD_LIBRARY_PATH', '/usr/lib/aarch64-linux-gnu/gazebo-11/plugins:/opt/ros/foxy/opt/yaml_cpp_vendor/lib:/opt/ros/foxy/opt/rviz_ogre_vendor/lib:/opt/ros/foxy/lib/aarch64-linux-gnu:/opt/ros/foxy/lib:/usr/local/cuda-11.4/lib64:'), ('HOME', '/home/ysc'), ('DESKTOP_SESSION', 'ubuntu'), ('JETSON_L4T', '35.4.1'), ('ROS_PYTHON_VERSION', '3'), ('GNOME_SHELL_SESSION_MODE', 'ubuntu'), ('GTK_MODULES', 'gail:atk-bridge'), ('JETSON_MODEL', 'NVIDIA Jetson Xavier NX Developer Kit'), ('LC_MONETARY', 'zh_CN.UTF-8'), ('MANAGERPID', '1455'), ('DBUS_STARTER_BUS_TYPE', 'session'), ('ROS_LOG_DIR', '/home/ysc/lite_cog_ros2/system/log'), ('DBUS_SESSION_BUS_ADDRESS', 'unix:path=/run/user/1000/bus,guid=9490700c6fa999152488ef0b69425bff'), ('COLORTERM', 'truecolor'), ('_colcon_cd_root', '/opt/ros/foxy/'), ('IM_CONFIG_PHASE', '1'), ('COLCON_PREFIX_PATH', '/home/ysc/lite_cog_ros2/nav/src/install'), ('ROS_DISTRO', 'foxy'), ('LOGNAME', 'ysc'), ('JETSON_MODULE', 'NVIDIA Jetson Xavier NX'), ('JETSON_SERIAL_NUMBER', '1421125032270'), ('JOURNAL_STREAM', '8:50396'), ('_', '/usr/bin/colcon'), ('ROS_VERSION', '2'), ('JETSON_CODENAME', 'Jakku'), ('XDG_SESSION_CLASS', 'user'), ('USERNAME', 'ysc'), ('TERM', 'xterm-256color'), ('GNOME_DESKTOP_SESSION_ID', 'this-is-deprecated'), ('ROS_LOCALHOST_ONLY', '0'), ('WINDOWPATH', '2'), ('PATH', '/opt/ros/foxy/bin:/usr/local/cuda-11.4/bin:/home/ysc/.local/bin:/usr/local/sbin:/usr/local/bin:/usr/sbin:/usr/bin:/sbin:/bin:/usr/games:/usr/local/games:/snap/bin'), ('SESSION_MANAGER', 'local/lite:@/tmp/.ICE-unix/2074,unix/lite:/tmp/.ICE-unix/2074'), ('INVOCATION_ID', 'dfe74acf5258439cad30ef121e26087a'), ('XDG_MENU_PREFIX', 'gnome-'), ('LC_ADDRESS', 'zh_CN.UTF-8'), ('GNOME_TERMINAL_SCREEN', '/org/gnome/Terminal/screen/216edd38_1dc2_4ec0_a174_a9822a6e6163'), ('XDG_RUNTIME_DIR', '/run/user/1000'), ('DISPLAY', ':0'), ('LANG', 'en_US.UTF-8'), ('XDG_CURRENT_DESKTOP', 'ubuntu:GNOME'), ('LC_TELEPHONE', 'zh_CN.UTF-8'), ('RMW_IMPLEMENTATION', 'rmw_cyclonedds_cpp'), ('XMODIFIERS', '@im=ibus'), ('XDG_SESSION_DESKTOP', 'ubuntu'), ('XAUTHORITY', '/run/user/1000/gdm/Xauthority'), ('LS_COLORS', 'rs=0:di=01;34:ln=01;36:mh=00:pi=40;33:so=01;35:do=01;35:bd=40;33;01:cd=40;33;01:or=40;31;01:mi=00:su=37;41:sg=30;43:ca=30;41:tw=30;42:ow=34;42:st=37;44:ex=01;32:*.tar=01;31:*.tgz=01;31:*.arc=01;31:*.arj=01;31:*.taz=01;31:*.lha=01;31:*.lz4=01;31:*.lzh=01;31:*.lzma=01;31:*.tlz=01;31:*.txz=01;31:*.tzo=01;31:*.t7z=01;31:*.zip=01;31:*.z=01;31:*.dz=01;31:*.gz=01;31:*.lrz=01;31:*.lz=01;31:*.lzo=01;31:*.xz=01;31:*.zst=01;31:*.tzst=01;31:*.bz2=01;31:*.bz=01;31:*.tbz=01;31:*.tbz2=01;31:*.tz=01;31:*.deb=01;31:*.rpm=01;31:*.jar=01;31:*.war=01;31:*.ear=01;31:*.sar=01;31:*.rar=01;31:*.alz=01;31:*.ace=01;31:*.zoo=01;31:*.cpio=01;31:*.7z=01;31:*.rz=01;31:*.cab=01;31:*.wim=01;31:*.swm=01;31:*.dwm=01;31:*.esd=01;31:*.jpg=01;35:*.jpeg=01;35:*.mjpg=01;35:*.mjpeg=01;35:*.gif=01;35:*.bmp=01;35:*.pbm=01;35:*.pgm=01;35:*.ppm=01;35:*.tga=01;35:*.xbm=01;35:*.xpm=01;35:*.tif=01;35:*.tiff=01;35:*.png=01;35:*.svg=01;35:*.svgz=01;35:*.mng=01;35:*.pcx=01;35:*.mov=01;35:*.mpg=01;35:*.mpeg=01;35:*.m2v=01;35:*.mkv=01;35:*.webm=01;35:*.ogm=01;35:*.mp4=01;35:*.m4v=01;35:*.mp4v=01;35:*.vob=01;35:*.qt=01;35:*.nuv=01;35:*.wmv=01;35:*.asf=01;35:*.rm=01;35:*.rmvb=01;35:*.flc=01;35:*.avi=01;35:*.fli=01;35:*.flv=01;35:*.gl=01;35:*.dl=01;35:*.xcf=01;35:*.xwd=01;35:*.yuv=01;35:*.cgm=01;35:*.emf=01;35:*.ogv=01;35:*.ogx=01;35:*.aac=00;36:*.au=00;36:*.flac=00;36:*.m4a=00;36:*.mid=00;36:*.midi=00;36:*.mka=00;36:*.mp3=00;36:*.mpc=00;36:*.ogg=00;36:*.ra=00;36:*.wav=00;36:*.oga=00;36:*.opus=00;36:*.spx=00;36:*.xspf=00;36:'), ('JETSON_SOC', 'tegra194'), ('GNOME_TERMINAL_SERVICE', ':1.104'), ('SSH_AUTH_SOCK', '/run/user/1000/keyring/ssh'), ('ROS_DOMAIN_ID', '0'), ('AMENT_PREFIX_PATH', '/home/ysc/lite_cog_ros2/nav/src/install/narrow_passage_controller:/opt/ros/foxy'), ('SHELL', '/bin/bash'), ('LC_NAME', 'zh_CN.UTF-8'), ('QT_ACCESSIBILITY', '1'), ('GDMSESSION', 'ubuntu'), ('LESSCLOSE', '/usr/bin/lesspipe %s %s'), ('LC_MEASUREMENT', 'zh_CN.UTF-8'), ('GPG_AGENT_INFO', '/run/user/1000/gnupg/S.gpg-agent:0:1'), ('LC_IDENTIFICATION', 'zh_CN.UTF-8'), ('QT_IM_MODULE', 'ibus'), ('JETSON_CUDA_ARCH_BIN', '7.2'), ('PWD', '/home/ysc/lite_cog_ros2/nav/src/build/hdl_global_localization'), ('LC_ALL', 'en_US.UTF-8'), ('XDG_CONFIG_DIRS', '/etc/xdg/xdg-ubuntu:/etc/xdg'), ('DBUS_STARTER_ADDRESS', 'unix:path=/run/user/1000/bus,guid=9490700c6fa999152488ef0b69425bff'), ('XDG_DATA_DIRS', '/usr/share/ubuntu:/usr/local/share/:/usr/share/:/var/lib/snapd/desktop'), ('PYTHONPATH', '/home/ysc/lite_cog_ros2/nav/src/install/narrow_passage_controller/lib/python3.8/site-packages:/opt/ros/foxy/lib/python3.8/site-packages'), ('LC_NUMERIC', 'zh_CN.UTF-8'), ('LC_PAPER', 'zh_CN.UTF-8'), ('COLCON', '1'), ('VTE_VERSION', '6003'), ('JETSON_JETPACK', '5.1.2'), ('JETSON_P_NUMBER', 'p3668-0001'), ('CMAKE_PREFIX_PATH', '/home/ysc/lite_cog_ros2/nav/src/install/narrow_passage_controller:/opt/ros/foxy')]), 'shell': False}
[57.831839] (-) TimerEvent: {}
[57.934217] (-) TimerEvent: {}
[58.036397] (-) TimerEvent: {}
[58.138208] (-) TimerEvent: {}
[58.179070] (hdl_global_localization) StdoutLine: {'line': b'\x1b[35m\x1b[1mScanning dependencies of target hdl_global_localization_engines\x1b[0m\n'}
[58.183962] (hdl_global_localization) StdoutLine: {'line': b'\x1b[35m\x1b[1mScanning dependencies of target hdl_global_localization__cpp\x1b[0m\n'}
[58.189557] (hdl_global_localization) StdoutLine: {'line': b'[  1%] \x1b[34m\x1b[1mGenerating C code for ROS interfaces\x1b[0m\n'}
[58.238547] (-) TimerEvent: {}
[58.327714] (hdl_global_localization) StdoutLine: {'line': b'[  3%] \x1b[34m\x1b[1mGenerating C++ code for ROS interfaces\x1b[0m\n'}
[58.338805] (-) TimerEvent: {}
[58.439907] (-) TimerEvent: {}
[58.541654] (-) TimerEvent: {}
[58.643129] (-) TimerEvent: {}
[58.798227] (-) TimerEvent: {}
[58.899226] (-) TimerEvent: {}
[59.002064] (-) TimerEvent: {}
[59.103711] (-) TimerEvent: {}
[59.205780] (-) TimerEvent: {}
[59.349034] (-) TimerEvent: {}
[59.450045] (-) TimerEvent: {}
[59.557520] (-) TimerEvent: {}
[59.658574] (-) TimerEvent: {}
[59.759511] (-) TimerEvent: {}
[59.860570] (-) TimerEvent: {}
[59.961868] (-) TimerEvent: {}
[60.062906] (-) TimerEvent: {}
[60.164032] (-) TimerEvent: {}
[60.265542] (-) TimerEvent: {}
[60.367015] (-) TimerEvent: {}
[60.468118] (-) TimerEvent: {}
[60.573365] (-) TimerEvent: {}
[60.674548] (-) TimerEvent: {}
[60.777124] (-) TimerEvent: {}
[60.879245] (-) TimerEvent: {}
[60.980173] (-) TimerEvent: {}
[61.085489] (-) TimerEvent: {}
[61.197095] (-) TimerEvent: {}
[61.298208] (-) TimerEvent: {}
[61.402292] (-) TimerEvent: {}
[61.504413] (-) TimerEvent: {}
[61.610947] (-) TimerEvent: {}
[61.715746] (-) TimerEvent: {}
[61.826382] (-) TimerEvent: {}
[61.927486] (-) TimerEvent: {}
[62.046169] (-) TimerEvent: {}
[62.145593] (hdl_global_localization) StdoutLine: {'line': b'[  3%] Built target hdl_global_localization__cpp\n'}
[62.146502] (-) TimerEvent: {}
[62.248521] (-) TimerEvent: {}
[62.284546] (hdl_global_localization) StdoutLine: {'line': b'[  5%] \x1b[34m\x1b[1mGenerating C++ type support dispatch for ROS interfaces\x1b[0m\n'}
[62.312625] (hdl_global_localization) StdoutLine: {'line': b'\x1b[35m\x1b[1mScanning dependencies of target hdl_global_localization__rosidl_generator_c\x1b[0m\n'}
[62.340140] (hdl_global_localization) StdoutLine: {'line': b'[  6%] \x1b[34m\x1b[1mGenerating C++ type support for eProsima Fast-RTPS\x1b[0m\n'}
[62.345210] (hdl_global_localization) StdoutLine: {'line': b'[  8%] \x1b[34m\x1b[1mGenerating C++ introspection for ROS interfaces\x1b[0m\n'}
[62.349497] (-) TimerEvent: {}
[62.453307] (-) TimerEvent: {}
[62.562935] (-) TimerEvent: {}
[62.589386] (hdl_global_localization) StdoutLine: {'line': b'[ 10%] \x1b[32mBuilding C object CMakeFiles/hdl_global_localization__rosidl_generator_c.dir/rosidl_generator_c/hdl_global_localization/srv/detail/query_global_localization__functions.c.o\x1b[0m\n'}
[62.630973] (hdl_global_localization) StdoutLine: {'line': b'[ 12%] \x1b[32mBuilding C object CMakeFiles/hdl_global_localization__rosidl_generator_c.dir/rosidl_generator_c/hdl_global_localization/srv/detail/set_global_localization_engine__functions.c.o\x1b[0m\n'}
[62.665447] (-) TimerEvent: {}
[62.769146] (-) TimerEvent: {}
[62.874198] (-) TimerEvent: {}
[62.977101] (-) TimerEvent: {}
[63.078234] (-) TimerEvent: {}
[63.179614] (-) TimerEvent: {}
[63.280604] (-) TimerEvent: {}
[63.381809] (-) TimerEvent: {}
[63.483558] (-) TimerEvent: {}
[63.587827] (-) TimerEvent: {}
[63.596765] (hdl_global_localization) StdoutLine: {'line': b'[ 13%] \x1b[32mBuilding C object CMakeFiles/hdl_global_localization__rosidl_generator_c.dir/rosidl_generator_c/hdl_global_localization/srv/detail/set_global_map__functions.c.o\x1b[0m\n'}
[63.693318] (hdl_global_localization) StdoutLine: {'line': b'[ 15%] \x1b[32mBuilding CXX object CMakeFiles/hdl_global_localization_engines.dir/src/hdl_global_localization/util/config.cpp.o\x1b[0m\n'}
[63.694135] (-) TimerEvent: {}
[63.794909] (-) TimerEvent: {}
[63.897145] (-) TimerEvent: {}
[63.998052] (-) TimerEvent: {}
[64.099738] (-) TimerEvent: {}
[64.104148] (hdl_global_localization) StdoutLine: {'line': b'[ 17%] \x1b[32mBuilding CXX object CMakeFiles/hdl_global_localization_engines.dir/src/hdl_global_localization/bbs/bbs_localization.cpp.o\x1b[0m\n'}
[64.201129] (-) TimerEvent: {}
[64.313130] (-) TimerEvent: {}
[64.425650] (-) TimerEvent: {}
[64.533220] (-) TimerEvent: {}
[64.645200] (-) TimerEvent: {}
[64.729152] (hdl_global_localization) StdoutLine: {'line': b'[ 18%] \x1b[32m\x1b[1mLinking C shared library libhdl_global_localization__rosidl_generator_c.so\x1b[0m\n'}
[64.745412] (-) TimerEvent: {}
[64.847192] (-) TimerEvent: {}
[64.951684] (-) TimerEvent: {}
[65.077015] (-) TimerEvent: {}
[65.179111] (-) TimerEvent: {}
[65.280974] (-) TimerEvent: {}
[65.382464] (-) TimerEvent: {}
[65.438366] (hdl_global_localization) StdoutLine: {'line': b'[ 18%] Built target hdl_global_localization__rosidl_generator_c\n'}
[65.482698] (-) TimerEvent: {}
[65.584239] (-) TimerEvent: {}
[65.646958] (hdl_global_localization) StdoutLine: {'line': b'[ 20%] \x1b[34m\x1b[1mGenerating C introspection for ROS interfaces\x1b[0m\n'}
[65.684482] (-) TimerEvent: {}
[65.786805] (-) TimerEvent: {}
[65.887889] (-) TimerEvent: {}
[66.001472] (-) TimerEvent: {}
[66.102975] (-) TimerEvent: {}
[66.204471] (-) TimerEvent: {}
[66.317579] (-) TimerEvent: {}
[66.419093] (-) TimerEvent: {}
[66.520582] (-) TimerEvent: {}
[66.586659] (hdl_global_localization) StdoutLine: {'line': b'\x1b[35m\x1b[1mScanning dependencies of target hdl_global_localization__rosidl_typesupport_cpp\x1b[0m\n'}
[66.626040] (-) TimerEvent: {}
[66.732207] (-) TimerEvent: {}
[66.833950] (-) TimerEvent: {}
[66.935140] (-) TimerEvent: {}
[66.969228] (hdl_global_localization) StdoutLine: {'line': b'\x1b[35m\x1b[1mScanning dependencies of target hdl_global_localization__rosidl_typesupport_introspection_cpp\x1b[0m\n'}
[67.041179] (-) TimerEvent: {}
[67.063900] (hdl_global_localization) StdoutLine: {'line': b'[ 22%] \x1b[32mBuilding CXX object CMakeFiles/hdl_global_localization__rosidl_typesupport_cpp.dir/rosidl_typesupport_cpp/hdl_global_localization/srv/query_global_localization__type_support.cpp.o\x1b[0m\n'}
[67.141440] (-) TimerEvent: {}
[67.152933] (hdl_global_localization) StdoutLine: {'line': b'\x1b[35m\x1b[1mScanning dependencies of target hdl_global_localization__rosidl_typesupport_fastrtps_cpp\x1b[0m\n'}
[67.241974] (-) TimerEvent: {}
[67.343596] (-) TimerEvent: {}
[67.379548] (hdl_global_localization) StdoutLine: {'line': b'[ 24%] \x1b[32mBuilding CXX object CMakeFiles/hdl_global_localization__rosidl_typesupport_introspection_cpp.dir/rosidl_typesupport_introspection_cpp/hdl_global_localization/srv/detail/query_global_localization__type_support.cpp.o\x1b[0m\n'}
[67.444523] (-) TimerEvent: {}
[67.546346] (-) TimerEvent: {}
[67.647376] (-) TimerEvent: {}
[67.842000] (-) TimerEvent: {}
[67.943074] (-) TimerEvent: {}
[68.044670] (-) TimerEvent: {}
[68.133457] (hdl_global_localization) StdoutLine: {'line': b'[ 25%] \x1b[32mBuilding CXX object CMakeFiles/hdl_global_localization__rosidl_typesupport_fastrtps_cpp.dir/rosidl_typesupport_fastrtps_cpp/hdl_global_localization/srv/detail/dds_fastrtps/query_global_localization__type_support.cpp.o\x1b[0m\n'}
[68.145026] (-) TimerEvent: {}
[68.247050] (-) TimerEvent: {}
[68.349323] (-) TimerEvent: {}
[68.455856] (-) TimerEvent: {}
[68.559379] (-) TimerEvent: {}
[68.661135] (-) TimerEvent: {}
[68.762661] (-) TimerEvent: {}
[68.864342] (-) TimerEvent: {}
[68.965996] (-) TimerEvent: {}
[69.067671] (-) TimerEvent: {}
[69.169420] (-) TimerEvent: {}
[69.271098] (-) TimerEvent: {}
[69.375616] (-) TimerEvent: {}
[69.478924] (-) TimerEvent: {}
[69.581094] (-) TimerEvent: {}
[69.690528] (-) TimerEvent: {}
[69.793627] (-) TimerEvent: {}
[69.911662] (-) TimerEvent: {}
[70.012326] (hdl_global_localization) StdoutLine: {'line': b'\x1b[35m\x1b[1mScanning dependencies of target hdl_global_localization__rosidl_typesupport_introspection_c\x1b[0m\n'}
[70.013612] (-) TimerEvent: {}
[70.114867] (-) TimerEvent: {}
[70.215989] (-) TimerEvent: {}
[70.321159] (-) TimerEvent: {}
[70.422524] (-) TimerEvent: {}
[70.523916] (-) TimerEvent: {}
[70.625106] (-) TimerEvent: {}
[70.726302] (-) TimerEvent: {}
[70.736655] (hdl_global_localization) StdoutLine: {'line': b'[ 27%] \x1b[32mBuilding C object CMakeFiles/hdl_global_localization__rosidl_typesupport_introspection_c.dir/rosidl_typesupport_introspection_c/hdl_global_localization/srv/detail/query_global_localization__type_support.c.o\x1b[0m\n'}
[70.826621] (-) TimerEvent: {}
[70.927103] (hdl_global_localization) StdoutLine: {'line': b'[ 29%] \x1b[32mBuilding CXX object CMakeFiles/hdl_global_localization__rosidl_typesupport_cpp.dir/rosidl_typesupport_cpp/hdl_global_localization/srv/set_global_localization_engine__type_support.cpp.o\x1b[0m\n'}
[70.927885] (-) TimerEvent: {}
[71.028838] (-) TimerEvent: {}
[71.130134] (-) TimerEvent: {}
[71.231256] (-) TimerEvent: {}
[71.332368] (-) TimerEvent: {}
[71.433536] (-) TimerEvent: {}
[71.561579] (-) TimerEvent: {}
[71.669323] (-) TimerEvent: {}
[71.692081] (hdl_global_localization) StdoutLine: {'line': b'[ 31%] \x1b[32mBuilding C object CMakeFiles/hdl_global_localization__rosidl_typesupport_introspection_c.dir/rosidl_typesupport_introspection_c/hdl_global_localization/srv/detail/set_global_localization_engine__type_support.c.o\x1b[0m\n'}
[71.769626] (-) TimerEvent: {}
[71.877184] (-) TimerEvent: {}
[71.989141] (-) TimerEvent: {}
[72.093193] (-) TimerEvent: {}
[72.197203] (-) TimerEvent: {}
[72.305127] (-) TimerEvent: {}
[72.411462] (-) TimerEvent: {}
[72.512834] (-) TimerEvent: {}
[72.614167] (-) TimerEvent: {}
[72.833544] (hdl_global_localization) StdoutLine: {'line': b'[ 32%] \x1b[32mBuilding C object CMakeFiles/hdl_global_localization__rosidl_typesupport_introspection_c.dir/rosidl_typesupport_introspection_c/hdl_global_localization/srv/detail/set_global_map__type_support.c.o\x1b[0m\n'}
[72.853739] (-) TimerEvent: {}
[72.955011] (-) TimerEvent: {}
[73.057228] (-) TimerEvent: {}
[73.158846] (-) TimerEvent: {}
[73.260000] (-) TimerEvent: {}
[73.361714] (-) TimerEvent: {}
[73.465366] (-) TimerEvent: {}
[73.574520] (-) TimerEvent: {}
[73.677289] (-) TimerEvent: {}
[73.778389] (-) TimerEvent: {}
[73.837988] (hdl_global_localization) StdoutLine: {'line': b'[ 34%] \x1b[32mBuilding CXX object CMakeFiles/hdl_global_localization__rosidl_typesupport_introspection_cpp.dir/rosidl_typesupport_introspection_cpp/hdl_global_localization/srv/detail/set_global_localization_engine__type_support.cpp.o\x1b[0m\n'}
[73.855253] (hdl_global_localization) StdoutLine: {'line': b'[ 36%] \x1b[32m\x1b[1mLinking C shared library libhdl_global_localization__rosidl_typesupport_introspection_c.so\x1b[0m\n'}
[73.878652] (-) TimerEvent: {}
[73.979745] (-) TimerEvent: {}
[74.081595] (-) TimerEvent: {}
[74.183326] (-) TimerEvent: {}
[74.285069] (-) TimerEvent: {}
[74.386820] (-) TimerEvent: {}
[74.488621] (-) TimerEvent: {}
[74.590382] (-) TimerEvent: {}
[74.606858] (hdl_global_localization) StdoutLine: {'line': b'[ 36%] Built target hdl_global_localization__rosidl_typesupport_introspection_c\n'}
[74.690649] (-) TimerEvent: {}
[74.792434] (-) TimerEvent: {}
[74.894091] (-) TimerEvent: {}
[74.995675] (-) TimerEvent: {}
[75.098171] (-) TimerEvent: {}
[75.202022] (-) TimerEvent: {}
[75.303816] (-) TimerEvent: {}
[75.406777] (-) TimerEvent: {}
[75.508283] (-) TimerEvent: {}
[75.610050] (-) TimerEvent: {}
[75.657636] (hdl_global_localization) StdoutLine: {'line': b'[ 37%] \x1b[32mBuilding CXX object CMakeFiles/hdl_global_localization__rosidl_typesupport_cpp.dir/rosidl_typesupport_cpp/hdl_global_localization/srv/set_global_map__type_support.cpp.o\x1b[0m\n'}
[75.710327] (-) TimerEvent: {}
[75.812044] (-) TimerEvent: {}
[75.913782] (-) TimerEvent: {}
[75.951150] (hdl_global_localization) StdoutLine: {'line': b'[ 39%] \x1b[32mBuilding CXX object CMakeFiles/hdl_global_localization__rosidl_typesupport_fastrtps_cpp.dir/rosidl_typesupport_fastrtps_cpp/hdl_global_localization/srv/detail/dds_fastrtps/set_global_localization_engine__type_support.cpp.o\x1b[0m\n'}
[76.014040] (-) TimerEvent: {}
[76.117466] (-) TimerEvent: {}
[76.218747] (-) TimerEvent: {}
[76.338073] (-) TimerEvent: {}
[76.441390] (-) TimerEvent: {}
[76.549337] (-) TimerEvent: {}
[76.655879] (-) TimerEvent: {}
[76.758073] (-) TimerEvent: {}
[76.861510] (-) TimerEvent: {}
[76.971698] (-) TimerEvent: {}
[77.076039] (-) TimerEvent: {}
[77.180855] (-) TimerEvent: {}
[77.289290] (-) TimerEvent: {}
[77.390376] (-) TimerEvent: {}
[77.501136] (-) TimerEvent: {}
[77.605275] (-) TimerEvent: {}
[77.723013] (-) TimerEvent: {}
[77.906913] (-) TimerEvent: {}
[78.008126] (-) TimerEvent: {}
[78.109371] (-) TimerEvent: {}
[78.210548] (-) TimerEvent: {}
[78.313039] (-) TimerEvent: {}
[78.383512] (hdl_global_localization) StdoutLine: {'line': b'[ 41%] \x1b[32mBuilding CXX object CMakeFiles/hdl_global_localization__rosidl_typesupport_introspection_cpp.dir/rosidl_typesupport_introspection_cpp/hdl_global_localization/srv/detail/set_global_map__type_support.cpp.o\x1b[0m\n'}
[78.416778] (-) TimerEvent: {}
[78.519431] (-) TimerEvent: {}
[78.620520] (-) TimerEvent: {}
[78.721957] (-) TimerEvent: {}
[78.823058] (-) TimerEvent: {}
[78.921370] (hdl_global_localization) StdoutLine: {'line': b'[ 43%] \x1b[32m\x1b[1mLinking CXX shared library libhdl_global_localization__rosidl_typesupport_cpp.so\x1b[0m\n'}
[78.925441] (-) TimerEvent: {}
[79.085894] (-) TimerEvent: {}
[79.200399] (-) TimerEvent: {}
[79.305674] (-) TimerEvent: {}
[79.418271] (-) TimerEvent: {}
[79.542221] (-) TimerEvent: {}
[79.643223] (-) TimerEvent: {}
[79.744258] (-) TimerEvent: {}
[79.845300] (-) TimerEvent: {}
[79.946370] (-) TimerEvent: {}
[80.047431] (-) TimerEvent: {}
[80.128699] (hdl_global_localization) StdoutLine: {'line': b'[ 43%] Built target hdl_global_localization__rosidl_typesupport_cpp\n'}
[80.147736] (-) TimerEvent: {}
[80.249500] (-) TimerEvent: {}
[80.351242] (-) TimerEvent: {}
[80.452983] (-) TimerEvent: {}
[80.554012] (-) TimerEvent: {}
[80.655406] (-) TimerEvent: {}
[80.757190] (-) TimerEvent: {}
[80.858294] (-) TimerEvent: {}
[80.959433] (-) TimerEvent: {}
[81.064989] (-) TimerEvent: {}
[81.166047] (-) TimerEvent: {}
[81.267155] (-) TimerEvent: {}
[81.369647] (-) TimerEvent: {}
[81.470704] (-) TimerEvent: {}
[81.576190] (-) TimerEvent: {}
[81.677400] (-) TimerEvent: {}
[81.778446] (-) TimerEvent: {}
[81.879840] (-) TimerEvent: {}
[81.981690] (-) TimerEvent: {}
[82.084516] (-) TimerEvent: {}
[82.187462] (-) TimerEvent: {}
[82.204660] (hdl_global_localization) StdoutLine: {'line': b'[ 44%] \x1b[32m\x1b[1mLinking CXX shared library libhdl_global_localization__rosidl_typesupport_introspection_cpp.so\x1b[0m\n'}
[82.235410] (hdl_global_localization) StdoutLine: {'line': b'[ 46%] \x1b[32mBuilding CXX object CMakeFiles/hdl_global_localization__rosidl_typesupport_fastrtps_cpp.dir/rosidl_typesupport_fastrtps_cpp/hdl_global_localization/srv/detail/dds_fastrtps/set_global_map__type_support.cpp.o\x1b[0m\n'}
[82.287850] (-) TimerEvent: {}
[82.389568] (-) TimerEvent: {}
[82.492758] (-) TimerEvent: {}
[82.596982] (-) TimerEvent: {}
[82.699515] (-) TimerEvent: {}
[82.801413] (-) TimerEvent: {}
[82.903788] (-) TimerEvent: {}
[83.057187] (-) TimerEvent: {}
[83.194126] (-) TimerEvent: {}
[83.297298] (-) TimerEvent: {}
[83.398430] (-) TimerEvent: {}
[83.499333] (hdl_global_localization) StdoutLine: {'line': b'[ 46%] Built target hdl_global_localization__rosidl_typesupport_introspection_cpp\n'}
[83.501392] (-) TimerEvent: {}
[83.602265] (-) TimerEvent: {}
[83.703308] (-) TimerEvent: {}
[83.805497] (-) TimerEvent: {}
[83.917784] (-) TimerEvent: {}
[84.018899] (-) TimerEvent: {}
[84.120044] (-) TimerEvent: {}
[84.221950] (-) TimerEvent: {}
[84.323222] (-) TimerEvent: {}
[84.424301] (-) TimerEvent: {}
[84.526116] (-) TimerEvent: {}
[84.627258] (-) TimerEvent: {}
[84.728698] (-) TimerEvent: {}
[84.837148] (-) TimerEvent: {}
[84.939834] (-) TimerEvent: {}
[85.041758] (-) TimerEvent: {}
[85.143410] (-) TimerEvent: {}
[85.245199] (-) TimerEvent: {}
[85.353126] (-) TimerEvent: {}
[85.455738] (-) TimerEvent: {}
[85.556706] (-) TimerEvent: {}
[85.658360] (-) TimerEvent: {}
[85.759533] (-) TimerEvent: {}
[85.861825] (-) TimerEvent: {}
[85.964019] (-) TimerEvent: {}
[86.069094] (-) TimerEvent: {}
[86.170699] (-) TimerEvent: {}
[86.272274] (-) TimerEvent: {}
[86.374155] (-) TimerEvent: {}
[86.475337] (-) TimerEvent: {}
[86.576377] (-) TimerEvent: {}
[86.683542] (-) TimerEvent: {}
[86.786649] (-) TimerEvent: {}
[86.893155] (-) TimerEvent: {}
[86.997131] (-) TimerEvent: {}
[87.101115] (-) TimerEvent: {}
[87.202098] (hdl_global_localization) StdoutLine: {'line': b'[ 48%] \x1b[32m\x1b[1mLinking CXX shared library libhdl_global_localization__rosidl_typesupport_fastrtps_cpp.so\x1b[0m\n'}
[87.202958] (-) TimerEvent: {}
[87.322839] (-) TimerEvent: {}
[87.424237] (-) TimerEvent: {}
[87.525911] (-) TimerEvent: {}
[87.629042] (-) TimerEvent: {}
[87.733195] (-) TimerEvent: {}
[87.835747] (-) TimerEvent: {}
[87.936838] (-) TimerEvent: {}
[88.039118] (-) TimerEvent: {}
[88.187929] (-) TimerEvent: {}
[88.292783] (-) TimerEvent: {}
[88.396152] (-) TimerEvent: {}
[88.497432] (-) TimerEvent: {}
[88.598383] (-) TimerEvent: {}
[88.700540] (-) TimerEvent: {}
[88.801782] (-) TimerEvent: {}
[88.904660] (-) TimerEvent: {}
[88.917398] (hdl_global_localization) StdoutLine: {'line': b'[ 48%] Built target hdl_global_localization__rosidl_typesupport_fastrtps_cpp\n'}
[89.005032] (-) TimerEvent: {}
[89.106699] (-) TimerEvent: {}
[89.208341] (-) TimerEvent: {}
[89.310539] (-) TimerEvent: {}
[89.415808] (-) TimerEvent: {}
[89.517037] (-) TimerEvent: {}
[89.618768] (-) TimerEvent: {}
[89.720319] (-) TimerEvent: {}
[89.821547] (-) TimerEvent: {}
[89.922635] (-) TimerEvent: {}
[90.028318] (-) TimerEvent: {}
[90.135632] (-) TimerEvent: {}
[90.237700] (-) TimerEvent: {}
[90.339377] (-) TimerEvent: {}
[90.441111] (-) TimerEvent: {}
[90.542817] (-) TimerEvent: {}
[90.645696] (-) TimerEvent: {}
[90.749365] (-) TimerEvent: {}
[90.851250] (-) TimerEvent: {}
[90.953275] (-) TimerEvent: {}
[91.057042] (-) TimerEvent: {}
[91.158758] (-) TimerEvent: {}
[91.261404] (-) TimerEvent: {}
[91.362561] (-) TimerEvent: {}
[91.463833] (-) TimerEvent: {}
[91.565015] (-) TimerEvent: {}
[91.673486] (-) TimerEvent: {}
[91.775760] (-) TimerEvent: {}
[91.879339] (-) TimerEvent: {}
[91.980754] (-) TimerEvent: {}
[92.081889] (-) TimerEvent: {}
[92.182915] (-) TimerEvent: {}
[92.284025] (-) TimerEvent: {}
[92.386484] (-) TimerEvent: {}
[92.487814] (-) TimerEvent: {}
[92.609462] (-) TimerEvent: {}
[92.718090] (-) TimerEvent: {}
[92.819146] (-) TimerEvent: {}
[92.923112] (-) TimerEvent: {}
[93.025918] (-) TimerEvent: {}
[93.126905] (-) TimerEvent: {}
[93.299070] (-) TimerEvent: {}
[93.400811] (-) TimerEvent: {}
[93.502062] (-) TimerEvent: {}
[93.603543] (-) TimerEvent: {}
[93.705228] (-) TimerEvent: {}
[93.806254] (-) TimerEvent: {}
[93.907827] (-) TimerEvent: {}
[94.011719] (-) TimerEvent: {}
[94.121628] (-) TimerEvent: {}
[94.224145] (-) TimerEvent: {}
[94.325308] (-) TimerEvent: {}
[94.426619] (-) TimerEvent: {}
[94.528936] (-) TimerEvent: {}
[94.630013] (-) TimerEvent: {}
[94.733311] (-) TimerEvent: {}
[94.837151] (-) TimerEvent: {}
[94.941093] (-) TimerEvent: {}
[95.042299] (-) TimerEvent: {}
[95.143367] (-) TimerEvent: {}
[95.244380] (-) TimerEvent: {}
[95.345538] (-) TimerEvent: {}
[95.447177] (-) TimerEvent: {}
[95.548442] (-) TimerEvent: {}
[95.650789] (-) TimerEvent: {}
[95.751889] (-) TimerEvent: {}
[95.853156] (-) TimerEvent: {}
[95.954215] (-) TimerEvent: {}
[96.055330] (-) TimerEvent: {}
[96.156336] (-) TimerEvent: {}
[96.257482] (-) TimerEvent: {}
[96.358829] (-) TimerEvent: {}
[96.459887] (-) TimerEvent: {}
[96.563799] (-) TimerEvent: {}
[96.665347] (-) TimerEvent: {}
[96.767361] (-) TimerEvent: {}
[96.869131] (-) TimerEvent: {}
[96.975139] (-) TimerEvent: {}
[97.076843] (-) TimerEvent: {}
[97.180791] (-) TimerEvent: {}
[97.282415] (-) TimerEvent: {}
[97.383674] (-) TimerEvent: {}
[97.484837] (-) TimerEvent: {}
[97.586772] (-) TimerEvent: {}
[97.688087] (-) TimerEvent: {}
[97.791098] (-) TimerEvent: {}
[97.893446] (-) TimerEvent: {}
[97.995961] (-) TimerEvent: {}
[98.097652] (-) TimerEvent: {}
[98.198710] (-) TimerEvent: {}
[98.346051] (-) TimerEvent: {}
[98.447040] (-) TimerEvent: {}
[98.548245] (-) TimerEvent: {}
[98.650644] (-) TimerEvent: {}
[98.763524] (-) TimerEvent: {}
[98.870878] (-) TimerEvent: {}
[98.972522] (-) TimerEvent: {}
[99.073914] (-) TimerEvent: {}
[99.178598] (-) TimerEvent: {}
[99.286200] (-) TimerEvent: {}
[99.388310] (-) TimerEvent: {}
[99.490054] (-) TimerEvent: {}
[99.591288] (-) TimerEvent: {}
[99.692808] (-) TimerEvent: {}
[99.794384] (-) TimerEvent: {}
[99.900257] (-) TimerEvent: {}
[100.003092] (-) TimerEvent: {}
[100.105708] (-) TimerEvent: {}
[100.207564] (-) TimerEvent: {}
[100.316482] (-) TimerEvent: {}
[100.418787] (-) TimerEvent: {}
[100.519801] (-) TimerEvent: {}
[100.621023] (-) TimerEvent: {}
[100.722259] (-) TimerEvent: {}
[100.824048] (-) TimerEvent: {}
[100.925132] (-) TimerEvent: {}
[101.027735] (-) TimerEvent: {}
[101.130123] (-) TimerEvent: {}
[101.231816] (-) TimerEvent: {}
[101.333621] (-) TimerEvent: {}
[101.434681] (-) TimerEvent: {}
[101.536126] (-) TimerEvent: {}
[101.637901] (-) TimerEvent: {}
[101.746777] (-) TimerEvent: {}
[101.853196] (-) TimerEvent: {}
[101.954909] (-) TimerEvent: {}
[102.056624] (-) TimerEvent: {}
[102.160099] (-) TimerEvent: {}
[102.263615] (-) TimerEvent: {}
[102.364968] (-) TimerEvent: {}
[102.466587] (-) TimerEvent: {}
[102.567651] (-) TimerEvent: {}
[102.668950] (-) TimerEvent: {}
[102.771575] (-) TimerEvent: {}
[102.872688] (-) TimerEvent: {}
[102.974496] (-) TimerEvent: {}
[103.076123] (-) TimerEvent: {}
[103.177910] (-) TimerEvent: {}
[103.279568] (-) TimerEvent: {}
[103.450211] (-) TimerEvent: {}
[103.551895] (-) TimerEvent: {}
[103.653050] (-) TimerEvent: {}
[103.754082] (-) TimerEvent: {}
[103.855290] (-) TimerEvent: {}
[103.956317] (-) TimerEvent: {}
[104.057661] (-) TimerEvent: {}
[104.095475] (sensor_test) StdoutLine: {'line': b'[100%] \x1b[32m\x1b[1mLinking CXX executable sensor_test\x1b[0m\n'}
[104.158841] (-) TimerEvent: {}
[104.260832] (-) TimerEvent: {}
[104.362187] (-) TimerEvent: {}
[104.463881] (-) TimerEvent: {}
[104.566401] (-) TimerEvent: {}
[104.668325] (-) TimerEvent: {}
[104.769492] (-) TimerEvent: {}
[104.871623] (-) TimerEvent: {}
[104.972654] (-) TimerEvent: {}
[105.073936] (-) TimerEvent: {}
[105.175002] (-) TimerEvent: {}
[105.276443] (-) TimerEvent: {}
[105.378762] (-) TimerEvent: {}
[105.480160] (-) TimerEvent: {}
[105.561077] (sensor_test) StdoutLine: {'line': b'[100%] Built target sensor_test\n'}
[105.580514] (-) TimerEvent: {}
[105.681663] (-) TimerEvent: {}
[105.725124] (sensor_test) CommandEnded: {'returncode': 0}
[105.782703] (-) TimerEvent: {}
[105.886727] (-) TimerEvent: {}
[105.987776] (-) TimerEvent: {}
[106.005279] (sensor_test) JobProgress: {'identifier': 'sensor_test', 'progress': 'install'}
[106.007426] (sensor_test) Command: {'cmd': ['/usr/bin/cmake', '--install', '/home/ysc/lite_cog_ros2/nav/src/build/sensor_test'], 'cwd': '/home/ysc/lite_cog_ros2/nav/src/build/sensor_test', 'env': OrderedDict([('LESSOPEN', '| /usr/bin/lesspipe %s'), ('USER', 'ysc'), ('LC_TIME', 'zh_CN.UTF-8'), ('SSH_AGENT_PID', '1969'), ('XDG_SESSION_TYPE', 'x11'), ('SHLVL', '1'), ('LD_LIBRARY_PATH', '/usr/lib/aarch64-linux-gnu/gazebo-11/plugins:/opt/ros/foxy/opt/yaml_cpp_vendor/lib:/opt/ros/foxy/opt/rviz_ogre_vendor/lib:/opt/ros/foxy/lib/aarch64-linux-gnu:/opt/ros/foxy/lib:/usr/local/cuda-11.4/lib64:'), ('HOME', '/home/ysc'), ('DESKTOP_SESSION', 'ubuntu'), ('JETSON_L4T', '35.4.1'), ('ROS_PYTHON_VERSION', '3'), ('GNOME_SHELL_SESSION_MODE', 'ubuntu'), ('GTK_MODULES', 'gail:atk-bridge'), ('JETSON_MODEL', 'NVIDIA Jetson Xavier NX Developer Kit'), ('LC_MONETARY', 'zh_CN.UTF-8'), ('MANAGERPID', '1455'), ('DBUS_STARTER_BUS_TYPE', 'session'), ('ROS_LOG_DIR', '/home/ysc/lite_cog_ros2/system/log'), ('DBUS_SESSION_BUS_ADDRESS', 'unix:path=/run/user/1000/bus,guid=9490700c6fa999152488ef0b69425bff'), ('COLORTERM', 'truecolor'), ('_colcon_cd_root', '/opt/ros/foxy/'), ('IM_CONFIG_PHASE', '1'), ('COLCON_PREFIX_PATH', '/home/ysc/lite_cog_ros2/nav/src/install'), ('ROS_DISTRO', 'foxy'), ('LOGNAME', 'ysc'), ('JETSON_MODULE', 'NVIDIA Jetson Xavier NX'), ('JETSON_SERIAL_NUMBER', '1421125032270'), ('JOURNAL_STREAM', '8:50396'), ('_', '/usr/bin/colcon'), ('ROS_VERSION', '2'), ('JETSON_CODENAME', 'Jakku'), ('XDG_SESSION_CLASS', 'user'), ('USERNAME', 'ysc'), ('TERM', 'xterm-256color'), ('GNOME_DESKTOP_SESSION_ID', 'this-is-deprecated'), ('ROS_LOCALHOST_ONLY', '0'), ('WINDOWPATH', '2'), ('PATH', '/opt/ros/foxy/bin:/usr/local/cuda-11.4/bin:/home/ysc/.local/bin:/usr/local/sbin:/usr/local/bin:/usr/sbin:/usr/bin:/sbin:/bin:/usr/games:/usr/local/games:/snap/bin'), ('SESSION_MANAGER', 'local/lite:@/tmp/.ICE-unix/2074,unix/lite:/tmp/.ICE-unix/2074'), ('INVOCATION_ID', 'dfe74acf5258439cad30ef121e26087a'), ('XDG_MENU_PREFIX', 'gnome-'), ('LC_ADDRESS', 'zh_CN.UTF-8'), ('GNOME_TERMINAL_SCREEN', '/org/gnome/Terminal/screen/216edd38_1dc2_4ec0_a174_a9822a6e6163'), ('XDG_RUNTIME_DIR', '/run/user/1000'), ('DISPLAY', ':0'), ('LANG', 'en_US.UTF-8'), ('XDG_CURRENT_DESKTOP', 'ubuntu:GNOME'), ('LC_TELEPHONE', 'zh_CN.UTF-8'), ('RMW_IMPLEMENTATION', 'rmw_cyclonedds_cpp'), ('XMODIFIERS', '@im=ibus'), ('XDG_SESSION_DESKTOP', 'ubuntu'), ('XAUTHORITY', '/run/user/1000/gdm/Xauthority'), ('LS_COLORS', 'rs=0:di=01;34:ln=01;36:mh=00:pi=40;33:so=01;35:do=01;35:bd=40;33;01:cd=40;33;01:or=40;31;01:mi=00:su=37;41:sg=30;43:ca=30;41:tw=30;42:ow=34;42:st=37;44:ex=01;32:*.tar=01;31:*.tgz=01;31:*.arc=01;31:*.arj=01;31:*.taz=01;31:*.lha=01;31:*.lz4=01;31:*.lzh=01;31:*.lzma=01;31:*.tlz=01;31:*.txz=01;31:*.tzo=01;31:*.t7z=01;31:*.zip=01;31:*.z=01;31:*.dz=01;31:*.gz=01;31:*.lrz=01;31:*.lz=01;31:*.lzo=01;31:*.xz=01;31:*.zst=01;31:*.tzst=01;31:*.bz2=01;31:*.bz=01;31:*.tbz=01;31:*.tbz2=01;31:*.tz=01;31:*.deb=01;31:*.rpm=01;31:*.jar=01;31:*.war=01;31:*.ear=01;31:*.sar=01;31:*.rar=01;31:*.alz=01;31:*.ace=01;31:*.zoo=01;31:*.cpio=01;31:*.7z=01;31:*.rz=01;31:*.cab=01;31:*.wim=01;31:*.swm=01;31:*.dwm=01;31:*.esd=01;31:*.jpg=01;35:*.jpeg=01;35:*.mjpg=01;35:*.mjpeg=01;35:*.gif=01;35:*.bmp=01;35:*.pbm=01;35:*.pgm=01;35:*.ppm=01;35:*.tga=01;35:*.xbm=01;35:*.xpm=01;35:*.tif=01;35:*.tiff=01;35:*.png=01;35:*.svg=01;35:*.svgz=01;35:*.mng=01;35:*.pcx=01;35:*.mov=01;35:*.mpg=01;35:*.mpeg=01;35:*.m2v=01;35:*.mkv=01;35:*.webm=01;35:*.ogm=01;35:*.mp4=01;35:*.m4v=01;35:*.mp4v=01;35:*.vob=01;35:*.qt=01;35:*.nuv=01;35:*.wmv=01;35:*.asf=01;35:*.rm=01;35:*.rmvb=01;35:*.flc=01;35:*.avi=01;35:*.fli=01;35:*.flv=01;35:*.gl=01;35:*.dl=01;35:*.xcf=01;35:*.xwd=01;35:*.yuv=01;35:*.cgm=01;35:*.emf=01;35:*.ogv=01;35:*.ogx=01;35:*.aac=00;36:*.au=00;36:*.flac=00;36:*.m4a=00;36:*.mid=00;36:*.midi=00;36:*.mka=00;36:*.mp3=00;36:*.mpc=00;36:*.ogg=00;36:*.ra=00;36:*.wav=00;36:*.oga=00;36:*.opus=00;36:*.spx=00;36:*.xspf=00;36:'), ('JETSON_SOC', 'tegra194'), ('GNOME_TERMINAL_SERVICE', ':1.104'), ('SSH_AUTH_SOCK', '/run/user/1000/keyring/ssh'), ('ROS_DOMAIN_ID', '0'), ('AMENT_PREFIX_PATH', '/home/ysc/lite_cog_ros2/nav/src/install/narrow_passage_controller:/opt/ros/foxy'), ('SHELL', '/bin/bash'), ('LC_NAME', 'zh_CN.UTF-8'), ('QT_ACCESSIBILITY', '1'), ('GDMSESSION', 'ubuntu'), ('LESSCLOSE', '/usr/bin/lesspipe %s %s'), ('LC_MEASUREMENT', 'zh_CN.UTF-8'), ('GPG_AGENT_INFO', '/run/user/1000/gnupg/S.gpg-agent:0:1'), ('LC_IDENTIFICATION', 'zh_CN.UTF-8'), ('QT_IM_MODULE', 'ibus'), ('JETSON_CUDA_ARCH_BIN', '7.2'), ('PWD', '/home/ysc/lite_cog_ros2/nav/src/build/sensor_test'), ('LC_ALL', 'en_US.UTF-8'), ('XDG_CONFIG_DIRS', '/etc/xdg/xdg-ubuntu:/etc/xdg'), ('DBUS_STARTER_ADDRESS', 'unix:path=/run/user/1000/bus,guid=9490700c6fa999152488ef0b69425bff'), ('XDG_DATA_DIRS', '/usr/share/ubuntu:/usr/local/share/:/usr/share/:/var/lib/snapd/desktop'), ('PYTHONPATH', '/home/ysc/lite_cog_ros2/nav/src/install/narrow_passage_controller/lib/python3.8/site-packages:/opt/ros/foxy/lib/python3.8/site-packages'), ('LC_NUMERIC', 'zh_CN.UTF-8'), ('LC_PAPER', 'zh_CN.UTF-8'), ('COLCON', '1'), ('VTE_VERSION', '6003'), ('JETSON_JETPACK', '5.1.2'), ('JETSON_P_NUMBER', 'p3668-0001'), ('CMAKE_PREFIX_PATH', '/home/ysc/lite_cog_ros2/nav/src/install/narrow_passage_controller:/opt/ros/foxy')]), 'shell': False}
[106.088383] (-) TimerEvent: {}
[106.109769] (sensor_test) StdoutLine: {'line': b'-- Install configuration: "RELEASE"\n'}
[106.194533] (-) TimerEvent: {}
[106.273327] (sensor_test) StdoutLine: {'line': b'-- Installing: /home/ysc/lite_cog_ros2/nav/src/install/sensor_test/lib/sensor_test/sensor_test\n'}
[106.277990] (sensor_test) StdoutLine: {'line': b'-- Set runtime path of "/home/ysc/lite_cog_ros2/nav/src/install/sensor_test/lib/sensor_test/sensor_test" to ""\n'}
[106.280170] (sensor_test) StdoutLine: {'line': b'-- Up-to-date: /home/ysc/lite_cog_ros2/nav/src/install/sensor_test/lib/sensor_test/sensor_test\n'}
[106.283498] (sensor_test) StdoutLine: {'line': b'-- Installing: /home/ysc/lite_cog_ros2/nav/src/install/sensor_test/share/ament_index/resource_index/package_run_dependencies/sensor_test\n'}
[106.285611] (sensor_test) StdoutLine: {'line': b'-- Installing: /home/ysc/lite_cog_ros2/nav/src/install/sensor_test/share/ament_index/resource_index/parent_prefix_path/sensor_test\n'}
[106.287915] (sensor_test) StdoutLine: {'line': b'-- Installing: /home/ysc/lite_cog_ros2/nav/src/install/sensor_test/share/sensor_test/environment/ament_prefix_path.sh\n'}
[106.289793] (sensor_test) StdoutLine: {'line': b'-- Installing: /home/ysc/lite_cog_ros2/nav/src/install/sensor_test/share/sensor_test/environment/ament_prefix_path.dsv\n'}
[106.294824] (-) TimerEvent: {}
[106.295722] (sensor_test) StdoutLine: {'line': b'-- Installing: /home/ysc/lite_cog_ros2/nav/src/install/sensor_test/share/sensor_test/environment/path.sh\n'}
[106.298100] (sensor_test) StdoutLine: {'line': b'-- Installing: /home/ysc/lite_cog_ros2/nav/src/install/sensor_test/share/sensor_test/environment/path.dsv\n'}
[106.298695] (sensor_test) StdoutLine: {'line': b'-- Installing: /home/ysc/lite_cog_ros2/nav/src/install/sensor_test/share/sensor_test/local_setup.bash\n'}
[106.299196] (sensor_test) StdoutLine: {'line': b'-- Installing: /home/ysc/lite_cog_ros2/nav/src/install/sensor_test/share/sensor_test/local_setup.sh\n'}
[106.299664] (sensor_test) StdoutLine: {'line': b'-- Installing: /home/ysc/lite_cog_ros2/nav/src/install/sensor_test/share/sensor_test/local_setup.zsh\n'}
[106.301078] (sensor_test) StdoutLine: {'line': b'-- Installing: /home/ysc/lite_cog_ros2/nav/src/install/sensor_test/share/sensor_test/local_setup.dsv\n'}
[106.301998] (sensor_test) StdoutLine: {'line': b'-- Installing: /home/ysc/lite_cog_ros2/nav/src/install/sensor_test/share/sensor_test/package.dsv\n'}
[106.302601] (sensor_test) StdoutLine: {'line': b'-- Installing: /home/ysc/lite_cog_ros2/nav/src/install/sensor_test/share/ament_index/resource_index/packages/sensor_test\n'}
[106.303324] (sensor_test) StdoutLine: {'line': b'-- Installing: /home/ysc/lite_cog_ros2/nav/src/install/sensor_test/share/sensor_test/cmake/ament_cmake_export_dependencies-extras.cmake\n'}
[106.304320] (sensor_test) StdoutLine: {'line': b'-- Installing: /home/ysc/lite_cog_ros2/nav/src/install/sensor_test/share/sensor_test/cmake/sensor_testConfig.cmake\n'}
[106.305225] (sensor_test) StdoutLine: {'line': b'-- Installing: /home/ysc/lite_cog_ros2/nav/src/install/sensor_test/share/sensor_test/cmake/sensor_testConfig-version.cmake\n'}
[106.309634] (sensor_test) StdoutLine: {'line': b'-- Installing: /home/ysc/lite_cog_ros2/nav/src/install/sensor_test/share/sensor_test/package.xml\n'}
[106.318197] (sensor_test) CommandEnded: {'returncode': 0}
[106.401493] (-) TimerEvent: {}
[106.503469] (-) TimerEvent: {}
[106.610332] (-) TimerEvent: {}
[106.716530] (-) TimerEvent: {}
[106.818857] (-) TimerEvent: {}
[106.931057] (-) TimerEvent: {}
[107.010560] (sensor_test) JobEnded: {'identifier': 'sensor_test', 'rc': 0}
[107.031266] (-) TimerEvent: {}
[107.132686] (-) TimerEvent: {}
[107.235762] (-) TimerEvent: {}
[107.337135] (-) TimerEvent: {}
[107.439191] (-) TimerEvent: {}
[107.541182] (-) TimerEvent: {}
[107.643907] (-) TimerEvent: {}
[107.745180] (-) TimerEvent: {}
[107.847118] (-) TimerEvent: {}
[107.949362] (-) TimerEvent: {}
[108.051343] (-) TimerEvent: {}
[108.152663] (-) TimerEvent: {}
[108.254191] (-) TimerEvent: {}
[108.485790] (-) TimerEvent: {}
[108.589148] (-) TimerEvent: {}
[108.690474] (-) TimerEvent: {}
[108.792855] (-) TimerEvent: {}
[108.893943] (-) TimerEvent: {}
[108.996339] (-) TimerEvent: {}
[109.098325] (-) TimerEvent: {}
[109.201262] (-) TimerEvent: {}
[109.303075] (-) TimerEvent: {}
[109.405276] (-) TimerEvent: {}
[109.507473] (-) TimerEvent: {}
[109.608527] (-) TimerEvent: {}
[109.710023] (-) TimerEvent: {}
[109.821086] (-) TimerEvent: {}
[109.924029] (-) TimerEvent: {}
[110.025315] (-) TimerEvent: {}
[110.126527] (-) TimerEvent: {}
[110.228506] (-) TimerEvent: {}
[110.331334] (-) TimerEvent: {}
[110.432345] (-) TimerEvent: {}
[110.534715] (-) TimerEvent: {}
[110.637728] (-) TimerEvent: {}
[110.738748] (-) TimerEvent: {}
[110.841179] (-) TimerEvent: {}
[110.944188] (-) TimerEvent: {}
[111.046600] (-) TimerEvent: {}
[111.147803] (-) TimerEvent: {}
[111.251643] (-) TimerEvent: {}
[111.354792] (-) TimerEvent: {}
[111.456336] (-) TimerEvent: {}
[111.557451] (-) TimerEvent: {}
[111.659276] (-) TimerEvent: {}
[111.760333] (-) TimerEvent: {}
[111.861814] (-) TimerEvent: {}
[111.963440] (-) TimerEvent: {}
[112.064523] (-) TimerEvent: {}
[112.165605] (-) TimerEvent: {}
[112.268045] (-) TimerEvent: {}
[112.370863] (-) TimerEvent: {}
[112.475983] (-) TimerEvent: {}
[112.577056] (-) TimerEvent: {}
[112.678835] (-) TimerEvent: {}
[112.780003] (-) TimerEvent: {}
[112.881184] (-) TimerEvent: {}
[112.983794] (-) TimerEvent: {}
[113.085015] (-) TimerEvent: {}
[113.186115] (-) TimerEvent: {}
[113.287286] (-) TimerEvent: {}
[113.482554] (-) TimerEvent: {}
[113.583621] (-) TimerEvent: {}
[113.688271] (-) TimerEvent: {}
[113.789433] (-) TimerEvent: {}
[113.890615] (-) TimerEvent: {}
[113.991802] (-) TimerEvent: {}
[114.093053] (-) TimerEvent: {}
[114.194130] (-) TimerEvent: {}
[114.296781] (-) TimerEvent: {}
[114.399000] (-) TimerEvent: {}
[114.500032] (-) TimerEvent: {}
[114.601216] (-) TimerEvent: {}
[114.702256] (-) TimerEvent: {}
[114.803637] (-) TimerEvent: {}
[114.905770] (-) TimerEvent: {}
[115.008265] (-) TimerEvent: {}
[115.109321] (-) TimerEvent: {}
[115.210274] (-) TimerEvent: {}
[115.311754] (-) TimerEvent: {}
[115.413610] (-) TimerEvent: {}
[115.514797] (-) TimerEvent: {}
[115.616837] (-) TimerEvent: {}
[115.719769] (-) TimerEvent: {}
[115.820857] (-) TimerEvent: {}
[115.921906] (-) TimerEvent: {}
[116.023570] (-) TimerEvent: {}
[116.127321] (-) TimerEvent: {}
[116.228324] (-) TimerEvent: {}
[116.331004] (-) TimerEvent: {}
[116.432048] (-) TimerEvent: {}
[116.533520] (-) TimerEvent: {}
[116.634589] (-) TimerEvent: {}
[116.735597] (-) TimerEvent: {}
[116.836531] (-) TimerEvent: {}
[116.938133] (-) TimerEvent: {}
[117.040032] (-) TimerEvent: {}
[117.141718] (-) TimerEvent: {}
[117.242975] (-) TimerEvent: {}
[117.344088] (-) TimerEvent: {}
[117.446521] (-) TimerEvent: {}
[117.547687] (-) TimerEvent: {}
[117.649056] (-) TimerEvent: {}
[117.750889] (-) TimerEvent: {}
[117.852081] (-) TimerEvent: {}
[117.953142] (-) TimerEvent: {}
[118.056785] (-) TimerEvent: {}
[118.158683] (-) TimerEvent: {}
[118.259902] (-) TimerEvent: {}
[118.482976] (-) TimerEvent: {}
[118.585060] (-) TimerEvent: {}
[118.686505] (-) TimerEvent: {}
[118.788629] (-) TimerEvent: {}
[118.889778] (-) TimerEvent: {}
[118.990780] (-) TimerEvent: {}
[119.093178] (-) TimerEvent: {}
[119.194275] (-) TimerEvent: {}
[119.296763] (-) TimerEvent: {}
[119.397881] (-) TimerEvent: {}
[119.499013] (-) TimerEvent: {}
[119.600542] (-) TimerEvent: {}
[119.701769] (-) TimerEvent: {}
[119.802896] (-) TimerEvent: {}
[119.903945] (-) TimerEvent: {}
[120.006263] (-) TimerEvent: {}
[120.108134] (-) TimerEvent: {}
[120.209492] (-) TimerEvent: {}
[120.310584] (-) TimerEvent: {}
[120.411701] (-) TimerEvent: {}
[120.512812] (-) TimerEvent: {}
[120.614188] (-) TimerEvent: {}
[120.715630] (-) TimerEvent: {}
[120.816811] (-) TimerEvent: {}
[120.918435] (-) TimerEvent: {}
[121.019904] (-) TimerEvent: {}
[121.121067] (-) TimerEvent: {}
[121.222058] (-) TimerEvent: {}
[121.323190] (-) TimerEvent: {}
[121.424315] (-) TimerEvent: {}
[121.525615] (-) TimerEvent: {}
[121.626745] (-) TimerEvent: {}
[121.727796] (-) TimerEvent: {}
[121.751751] (hdl_global_localization) StdoutLine: {'line': b'[ 50%] \x1b[32mBuilding CXX object CMakeFiles/hdl_global_localization_engines.dir/src/hdl_global_localization/engines/global_localization_bbs.cpp.o\x1b[0m\n'}
[121.828010] (-) TimerEvent: {}
[121.929199] (-) TimerEvent: {}
[122.030194] (-) TimerEvent: {}
[122.131271] (-) TimerEvent: {}
[122.232557] (-) TimerEvent: {}
[122.334393] (-) TimerEvent: {}
[122.436388] (-) TimerEvent: {}
[122.537611] (-) TimerEvent: {}
[122.639540] (-) TimerEvent: {}
[122.742059] (-) TimerEvent: {}
[122.843325] (-) TimerEvent: {}
[122.944508] (-) TimerEvent: {}
[123.045764] (-) TimerEvent: {}
[123.146857] (-) TimerEvent: {}
[123.248058] (-) TimerEvent: {}
[123.350197] (-) TimerEvent: {}
[123.495101] (-) TimerEvent: {}
[123.596370] (-) TimerEvent: {}
[123.697771] (-) TimerEvent: {}
[123.798795] (-) TimerEvent: {}
[123.901035] (-) TimerEvent: {}
[124.002160] (-) TimerEvent: {}
[124.103173] (-) TimerEvent: {}
[124.204520] (-) TimerEvent: {}
[124.305761] (-) TimerEvent: {}
[124.406889] (-) TimerEvent: {}
[124.507976] (-) TimerEvent: {}
[124.609268] (-) TimerEvent: {}
[124.710290] (-) TimerEvent: {}
[124.811379] (-) TimerEvent: {}
[124.912378] (-) TimerEvent: {}
[125.013464] (-) TimerEvent: {}
[125.114574] (-) TimerEvent: {}
[125.215676] (-) TimerEvent: {}
[125.316787] (-) TimerEvent: {}
[125.418285] (-) TimerEvent: {}
[125.519560] (-) TimerEvent: {}
[125.620655] (-) TimerEvent: {}
[125.721894] (-) TimerEvent: {}
[125.822910] (-) TimerEvent: {}
[125.924245] (-) TimerEvent: {}
[126.025576] (-) TimerEvent: {}
[126.126771] (-) TimerEvent: {}
[126.227853] (-) TimerEvent: {}
[126.329223] (-) TimerEvent: {}
[126.430422] (-) TimerEvent: {}
[126.531572] (-) TimerEvent: {}
[126.632805] (-) TimerEvent: {}
[126.733925] (-) TimerEvent: {}
[126.834979] (-) TimerEvent: {}
[126.936042] (-) TimerEvent: {}
[127.037089] (-) TimerEvent: {}
[127.138212] (-) TimerEvent: {}
[127.239246] (-) TimerEvent: {}
[127.340254] (-) TimerEvent: {}
[127.441508] (-) TimerEvent: {}
[127.542602] (-) TimerEvent: {}
[127.643839] (-) TimerEvent: {}
[127.745759] (-) TimerEvent: {}
[127.846816] (-) TimerEvent: {}
[127.947964] (-) TimerEvent: {}
[128.049981] (-) TimerEvent: {}
[128.152746] (-) TimerEvent: {}
[128.255244] (-) TimerEvent: {}
[128.357223] (-) TimerEvent: {}
[128.458264] (-) TimerEvent: {}
[128.561987] (-) TimerEvent: {}
[128.663514] (-) TimerEvent: {}
[128.764786] (-) TimerEvent: {}
[128.866328] (-) TimerEvent: {}
[128.967774] (-) TimerEvent: {}
[129.068855] (-) TimerEvent: {}
[129.170661] (-) TimerEvent: {}
[129.273119] (-) TimerEvent: {}
[129.374690] (-) TimerEvent: {}
[129.475776] (-) TimerEvent: {}
[129.576967] (-) TimerEvent: {}
[129.678123] (-) TimerEvent: {}
[129.779132] (-) TimerEvent: {}
[129.880289] (-) TimerEvent: {}
[129.982082] (-) TimerEvent: {}
[130.083153] (-) TimerEvent: {}
[130.184175] (-) TimerEvent: {}
[130.285374] (-) TimerEvent: {}
[130.386970] (-) TimerEvent: {}
[130.488180] (-) TimerEvent: {}
[130.589521] (-) TimerEvent: {}
[130.695955] (-) TimerEvent: {}
[130.797019] (-) TimerEvent: {}
[130.898067] (-) TimerEvent: {}
[130.999239] (-) TimerEvent: {}
[131.100402] (-) TimerEvent: {}
[131.201616] (-) TimerEvent: {}
[131.302710] (-) TimerEvent: {}
[131.404265] (-) TimerEvent: {}
[131.505799] (-) TimerEvent: {}
[131.607845] (-) TimerEvent: {}
[131.709177] (-) TimerEvent: {}
[131.810948] (-) TimerEvent: {}
[131.912483] (-) TimerEvent: {}
[132.013523] (-) TimerEvent: {}
[132.114533] (-) TimerEvent: {}
[132.217080] (-) TimerEvent: {}
[132.318112] (-) TimerEvent: {}
[132.420312] (-) TimerEvent: {}
[132.521893] (-) TimerEvent: {}
[132.623481] (-) TimerEvent: {}
[132.725114] (-) TimerEvent: {}
[132.826744] (-) TimerEvent: {}
[132.927927] (-) TimerEvent: {}
[133.029150] (-) TimerEvent: {}
[133.130681] (-) TimerEvent: {}
[133.231713] (-) TimerEvent: {}
[133.333014] (-) TimerEvent: {}
[133.434875] (-) TimerEvent: {}
[133.535876] (-) TimerEvent: {}
[133.636950] (-) TimerEvent: {}
[133.737920] (-) TimerEvent: {}
[133.839143] (-) TimerEvent: {}
[133.940407] (-) TimerEvent: {}
[134.041594] (-) TimerEvent: {}
[134.142639] (-) TimerEvent: {}
[134.243954] (-) TimerEvent: {}
[134.345221] (-) TimerEvent: {}
[134.446195] (-) TimerEvent: {}
[134.547139] (-) TimerEvent: {}
[134.648516] (-) TimerEvent: {}
[134.749666] (-) TimerEvent: {}
[134.850775] (-) TimerEvent: {}
[134.952998] (-) TimerEvent: {}
[135.054060] (-) TimerEvent: {}
[135.155101] (-) TimerEvent: {}
[135.256226] (-) TimerEvent: {}
[135.357503] (-) TimerEvent: {}
[135.459100] (-) TimerEvent: {}
[135.560698] (-) TimerEvent: {}
[135.662558] (-) TimerEvent: {}
[135.763770] (-) TimerEvent: {}
[135.866232] (-) TimerEvent: {}
[135.967242] (-) TimerEvent: {}
[136.068228] (-) TimerEvent: {}
[136.169289] (-) TimerEvent: {}
[136.271083] (-) TimerEvent: {}
[136.372054] (-) TimerEvent: {}
[136.474193] (-) TimerEvent: {}
[136.575368] (-) TimerEvent: {}
[136.677078] (-) TimerEvent: {}
[136.778094] (-) TimerEvent: {}
[136.879193] (-) TimerEvent: {}
[136.981245] (-) TimerEvent: {}
[137.082309] (-) TimerEvent: {}
[137.183371] (-) TimerEvent: {}
[137.284500] (-) TimerEvent: {}
[137.386172] (-) TimerEvent: {}
[137.487533] (-) TimerEvent: {}
[137.589130] (-) TimerEvent: {}
[137.692821] (-) TimerEvent: {}
[137.793901] (-) TimerEvent: {}
[137.895033] (-) TimerEvent: {}
[137.996788] (-) TimerEvent: {}
[138.098051] (-) TimerEvent: {}
[138.199191] (-) TimerEvent: {}
[138.300325] (-) TimerEvent: {}
[138.402043] (-) TimerEvent: {}
[138.502963] (-) TimerEvent: {}
[138.604098] (-) TimerEvent: {}
[138.705355] (-) TimerEvent: {}
[138.806350] (-) TimerEvent: {}
[138.907311] (-) TimerEvent: {}
[139.008723] (-) TimerEvent: {}
[139.109865] (-) TimerEvent: {}
[139.211045] (-) TimerEvent: {}
[139.312120] (-) TimerEvent: {}
[139.413314] (-) TimerEvent: {}
[139.514353] (-) TimerEvent: {}
[139.615434] (-) TimerEvent: {}
[139.718596] (-) TimerEvent: {}
[139.820365] (-) TimerEvent: {}
[139.922507] (-) TimerEvent: {}
[140.024438] (-) TimerEvent: {}
[140.127115] (-) TimerEvent: {}
[140.228139] (-) TimerEvent: {}
[140.329201] (-) TimerEvent: {}
[140.430973] (-) TimerEvent: {}
[140.532076] (-) TimerEvent: {}
[140.633096] (-) TimerEvent: {}
[140.734199] (-) TimerEvent: {}
[140.887828] (-) TimerEvent: {}
[140.990707] (-) TimerEvent: {}
[141.091810] (-) TimerEvent: {}
[141.192980] (-) TimerEvent: {}
[141.293911] (-) TimerEvent: {}
[141.395886] (-) TimerEvent: {}
[141.497688] (-) TimerEvent: {}
[141.598655] (-) TimerEvent: {}
[141.699704] (-) TimerEvent: {}
[141.800765] (-) TimerEvent: {}
[141.901944] (-) TimerEvent: {}
[142.003017] (-) TimerEvent: {}
[142.103968] (-) TimerEvent: {}
[142.205297] (-) TimerEvent: {}
[142.307007] (-) TimerEvent: {}
[142.408294] (-) TimerEvent: {}
[142.510512] (-) TimerEvent: {}
[142.611719] (-) TimerEvent: {}
[142.713156] (-) TimerEvent: {}
[142.814210] (-) TimerEvent: {}
[142.915386] (-) TimerEvent: {}
[143.016517] (-) TimerEvent: {}
[143.117753] (-) TimerEvent: {}
[143.218880] (-) TimerEvent: {}
[143.320233] (-) TimerEvent: {}
[143.421558] (-) TimerEvent: {}
[143.522574] (-) TimerEvent: {}
[143.623556] (-) TimerEvent: {}
[143.724701] (-) TimerEvent: {}
[143.825921] (-) TimerEvent: {}
[143.927020] (-) TimerEvent: {}
[144.028034] (-) TimerEvent: {}
[144.129108] (-) TimerEvent: {}
[144.230222] (-) TimerEvent: {}
[144.333016] (-) TimerEvent: {}
[144.434276] (-) TimerEvent: {}
[144.535945] (-) TimerEvent: {}
[144.637180] (-) TimerEvent: {}
[144.738175] (-) TimerEvent: {}
[144.839160] (-) TimerEvent: {}
[144.940298] (-) TimerEvent: {}
[145.041535] (-) TimerEvent: {}
[145.142495] (-) TimerEvent: {}
[145.243528] (-) TimerEvent: {}
[145.344803] (-) TimerEvent: {}
[145.446261] (-) TimerEvent: {}
[145.547336] (-) TimerEvent: {}
[145.648314] (-) TimerEvent: {}
[145.749339] (-) TimerEvent: {}
[145.850413] (-) TimerEvent: {}
[145.999187] (-) TimerEvent: {}
[146.101215] (-) TimerEvent: {}
[146.202648] (-) TimerEvent: {}
[146.303690] (-) TimerEvent: {}
[146.404830] (-) TimerEvent: {}
[146.507793] (-) TimerEvent: {}
[146.608785] (-) TimerEvent: {}
[146.709895] (-) TimerEvent: {}
[146.810927] (-) TimerEvent: {}
[146.911959] (-) TimerEvent: {}
[147.013100] (-) TimerEvent: {}
[147.114125] (-) TimerEvent: {}
[147.215094] (-) TimerEvent: {}
[147.316046] (-) TimerEvent: {}
[147.417155] (-) TimerEvent: {}
[147.518134] (-) TimerEvent: {}
[147.619239] (-) TimerEvent: {}
[147.720490] (-) TimerEvent: {}
[147.822137] (-) TimerEvent: {}
[147.923331] (-) TimerEvent: {}
[148.024986] (-) TimerEvent: {}
[148.126796] (-) TimerEvent: {}
[148.228215] (-) TimerEvent: {}
[148.330603] (-) TimerEvent: {}
[148.431684] (-) TimerEvent: {}
[148.532684] (-) TimerEvent: {}
[148.633709] (-) TimerEvent: {}
[148.735501] (-) TimerEvent: {}
[148.836554] (-) TimerEvent: {}
[148.937666] (-) TimerEvent: {}
[149.038664] (-) TimerEvent: {}
[149.140597] (-) TimerEvent: {}
[149.241758] (-) TimerEvent: {}
[149.342964] (-) TimerEvent: {}
[149.444086] (-) TimerEvent: {}
[149.545500] (-) TimerEvent: {}
[149.647263] (-) TimerEvent: {}
[149.748517] (-) TimerEvent: {}
[149.853732] (-) TimerEvent: {}
[149.956306] (-) TimerEvent: {}
[150.057988] (-) TimerEvent: {}
[150.159013] (-) TimerEvent: {}
[150.260063] (-) TimerEvent: {}
[150.362455] (-) TimerEvent: {}
[150.463455] (-) TimerEvent: {}
[150.564471] (-) TimerEvent: {}
[150.666178] (-) TimerEvent: {}
[150.767307] (-) TimerEvent: {}
[150.868566] (-) TimerEvent: {}
[150.969786] (-) TimerEvent: {}
[151.117130] (-) TimerEvent: {}
[151.218167] (-) TimerEvent: {}
[151.319279] (-) TimerEvent: {}
[151.420307] (-) TimerEvent: {}
[151.521523] (-) TimerEvent: {}
[151.624238] (-) TimerEvent: {}
[151.726033] (-) TimerEvent: {}
[151.827087] (-) TimerEvent: {}
[151.928135] (-) TimerEvent: {}
[152.029159] (-) TimerEvent: {}
[152.130344] (-) TimerEvent: {}
[152.231730] (-) TimerEvent: {}
[152.333069] (-) TimerEvent: {}
[152.434380] (-) TimerEvent: {}
[152.536560] (-) TimerEvent: {}
[152.637982] (-) TimerEvent: {}
[152.739059] (-) TimerEvent: {}
[152.840124] (-) TimerEvent: {}
[152.941129] (-) TimerEvent: {}
[153.042115] (-) TimerEvent: {}
[153.143030] (-) TimerEvent: {}
[153.244138] (-) TimerEvent: {}
[153.346965] (-) TimerEvent: {}
[153.448022] (-) TimerEvent: {}
[153.549147] (-) TimerEvent: {}
[153.650195] (-) TimerEvent: {}
[153.751122] (-) TimerEvent: {}
[153.852142] (-) TimerEvent: {}
[153.954108] (-) TimerEvent: {}
[154.056552] (-) TimerEvent: {}
[154.157805] (-) TimerEvent: {}
[154.258932] (-) TimerEvent: {}
[154.360172] (-) TimerEvent: {}
[154.461247] (-) TimerEvent: {}
[154.562377] (-) TimerEvent: {}
[154.663293] (-) TimerEvent: {}
[154.764503] (-) TimerEvent: {}
[154.867590] (-) TimerEvent: {}
[154.969190] (-) TimerEvent: {}
[155.071763] (-) TimerEvent: {}
[155.172977] (-) TimerEvent: {}
[155.274053] (-) TimerEvent: {}
[155.375182] (-) TimerEvent: {}
[155.476427] (-) TimerEvent: {}
[155.580626] (-) TimerEvent: {}
[155.682100] (-) TimerEvent: {}
[155.783065] (-) TimerEvent: {}
[155.883964] (-) TimerEvent: {}
[155.985484] (-) TimerEvent: {}
[156.086585] (-) TimerEvent: {}
[156.233026] (-) TimerEvent: {}
[156.334036] (-) TimerEvent: {}
[156.435001] (-) TimerEvent: {}
[156.536022] (-) TimerEvent: {}
[156.637146] (-) TimerEvent: {}
[156.738212] (-) TimerEvent: {}
[156.839202] (-) TimerEvent: {}
[156.940304] (-) TimerEvent: {}
[157.041425] (-) TimerEvent: {}
[157.142705] (-) TimerEvent: {}
[157.243657] (-) TimerEvent: {}
[157.344565] (-) TimerEvent: {}
[157.447387] (-) TimerEvent: {}
[157.549454] (-) TimerEvent: {}
[157.651115] (-) TimerEvent: {}
[157.752239] (-) TimerEvent: {}
[157.853440] (-) TimerEvent: {}
[157.954903] (-) TimerEvent: {}
[158.057191] (-) TimerEvent: {}
[158.158346] (-) TimerEvent: {}
[158.259696] (-) TimerEvent: {}
[158.360940] (-) TimerEvent: {}
[158.461905] (-) TimerEvent: {}
[158.563880] (-) TimerEvent: {}
[158.665636] (-) TimerEvent: {}
[158.766755] (-) TimerEvent: {}
[158.867751] (-) TimerEvent: {}
[158.970320] (-) TimerEvent: {}
[159.072491] (-) TimerEvent: {}
[159.173658] (-) TimerEvent: {}
[159.274835] (-) TimerEvent: {}
[159.376766] (-) TimerEvent: {}
[159.478163] (-) TimerEvent: {}
[159.579329] (-) TimerEvent: {}
[159.680631] (-) TimerEvent: {}
[159.782896] (-) TimerEvent: {}
[159.884113] (-) TimerEvent: {}
[159.985434] (-) TimerEvent: {}
[160.086925] (-) TimerEvent: {}
[160.187991] (-) TimerEvent: {}
[160.289266] (-) TimerEvent: {}
[160.390245] (-) TimerEvent: {}
[160.491255] (-) TimerEvent: {}
[160.592501] (-) TimerEvent: {}
[160.693665] (-) TimerEvent: {}
[160.797059] (-) TimerEvent: {}
[160.898188] (-) TimerEvent: {}
[160.999244] (-) TimerEvent: {}
[161.100349] (-) TimerEvent: {}
[161.201549] (-) TimerEvent: {}
[161.345739] (-) TimerEvent: {}
[161.446884] (-) TimerEvent: {}
[161.547894] (-) TimerEvent: {}
[161.649019] (-) TimerEvent: {}
[161.750182] (-) TimerEvent: {}
[161.851388] (-) TimerEvent: {}
[161.953320] (-) TimerEvent: {}
[162.054517] (-) TimerEvent: {}
[162.158639] (-) TimerEvent: {}
[162.259578] (-) TimerEvent: {}
[162.360615] (-) TimerEvent: {}
[162.461702] (-) TimerEvent: {}
[162.562760] (-) TimerEvent: {}
[162.665339] (-) TimerEvent: {}
[162.767100] (-) TimerEvent: {}
[162.868051] (-) TimerEvent: {}
[162.969135] (-) TimerEvent: {}
[163.070253] (-) TimerEvent: {}
[163.171903] (-) TimerEvent: {}
[163.273416] (-) TimerEvent: {}
[163.374435] (-) TimerEvent: {}
[163.475430] (-) TimerEvent: {}
[163.576757] (-) TimerEvent: {}
[163.678418] (-) TimerEvent: {}
[163.779778] (-) TimerEvent: {}
[163.881199] (-) TimerEvent: {}
[163.983586] (-) TimerEvent: {}
[164.085266] (-) TimerEvent: {}
[164.186932] (-) TimerEvent: {}
[164.288255] (-) TimerEvent: {}
[164.389472] (-) TimerEvent: {}
[164.490912] (-) TimerEvent: {}
[164.592653] (-) TimerEvent: {}
[164.693776] (-) TimerEvent: {}
[164.794853] (-) TimerEvent: {}
[164.895928] (-) TimerEvent: {}
[164.997137] (-) TimerEvent: {}
[165.098516] (-) TimerEvent: {}
[165.199632] (-) TimerEvent: {}
[165.300578] (-) TimerEvent: {}
[165.401713] (-) TimerEvent: {}
[165.502733] (-) TimerEvent: {}
[165.603879] (-) TimerEvent: {}
[165.704964] (-) TimerEvent: {}
[165.806057] (-) TimerEvent: {}
[165.907215] (-) TimerEvent: {}
[166.009772] (-) TimerEvent: {}
[166.110850] (-) TimerEvent: {}
[166.211937] (-) TimerEvent: {}
[166.313125] (-) TimerEvent: {}
[166.414155] (-) TimerEvent: {}
[166.515314] (-) TimerEvent: {}
[166.617042] (-) TimerEvent: {}
[166.718151] (-) TimerEvent: {}
[166.819338] (-) TimerEvent: {}
[166.922132] (-) TimerEvent: {}
[167.023217] (-) TimerEvent: {}
[167.124226] (-) TimerEvent: {}
[167.225797] (-) TimerEvent: {}
[167.326853] (-) TimerEvent: {}
[167.428096] (-) TimerEvent: {}
[167.529391] (-) TimerEvent: {}
[167.630419] (-) TimerEvent: {}
[167.731483] (-) TimerEvent: {}
[167.833164] (-) TimerEvent: {}
[167.934142] (-) TimerEvent: {}
[168.035922] (-) TimerEvent: {}
[168.138233] (-) TimerEvent: {}
[168.239704] (-) TimerEvent: {}
[168.341730] (-) TimerEvent: {}
[168.443287] (-) TimerEvent: {}
[168.544581] (-) TimerEvent: {}
[168.646221] (-) TimerEvent: {}
[168.747488] (-) TimerEvent: {}
[168.849058] (-) TimerEvent: {}
[168.950808] (-) TimerEvent: {}
[169.051878] (-) TimerEvent: {}
[169.153066] (-) TimerEvent: {}
[169.254745] (-) TimerEvent: {}
[169.355889] (-) TimerEvent: {}
[169.456993] (-) TimerEvent: {}
[169.558031] (-) TimerEvent: {}
[169.659045] (-) TimerEvent: {}
[169.760109] (-) TimerEvent: {}
[169.861174] (-) TimerEvent: {}
[169.962110] (-) TimerEvent: {}
[170.063228] (-) TimerEvent: {}
[170.206775] (-) TimerEvent: {}
[170.307825] (-) TimerEvent: {}
[170.408767] (-) TimerEvent: {}
[170.509795] (-) TimerEvent: {}
[170.610755] (-) TimerEvent: {}
[170.711967] (-) TimerEvent: {}
[170.813100] (-) TimerEvent: {}
[170.914236] (-) TimerEvent: {}
[171.015412] (-) TimerEvent: {}
[171.116372] (-) TimerEvent: {}
[171.225129] (-) TimerEvent: {}
[171.332014] (-) TimerEvent: {}
[171.433067] (-) TimerEvent: {}
[171.534071] (-) TimerEvent: {}
[171.635722] (-) TimerEvent: {}
[171.736707] (-) TimerEvent: {}
[171.837783] (-) TimerEvent: {}
[171.938940] (-) TimerEvent: {}
[172.039991] (-) TimerEvent: {}
[172.141278] (-) TimerEvent: {}
[172.242244] (-) TimerEvent: {}
[172.343468] (-) TimerEvent: {}
[172.444452] (-) TimerEvent: {}
[172.545846] (-) TimerEvent: {}
[172.649087] (-) TimerEvent: {}
[172.750145] (-) TimerEvent: {}
[172.851077] (-) TimerEvent: {}
[172.952437] (-) TimerEvent: {}
[173.053509] (-) TimerEvent: {}
[173.154906] (-) TimerEvent: {}
[173.256171] (-) TimerEvent: {}
[173.357872] (-) TimerEvent: {}
[173.458992] (-) TimerEvent: {}
[173.561871] (-) TimerEvent: {}
[173.662860] (-) TimerEvent: {}
[173.764195] (-) TimerEvent: {}
[173.865908] (-) TimerEvent: {}
[173.967023] (-) TimerEvent: {}
[174.068170] (-) TimerEvent: {}
[174.169686] (-) TimerEvent: {}
[174.270834] (-) TimerEvent: {}
[174.371926] (-) TimerEvent: {}
[174.473077] (-) TimerEvent: {}
[174.574086] (-) TimerEvent: {}
[174.675281] (-) TimerEvent: {}
[174.777685] (-) TimerEvent: {}
[174.878897] (-) TimerEvent: {}
[174.980089] (-) TimerEvent: {}
[175.081555] (-) TimerEvent: {}
[175.183176] (-) TimerEvent: {}
[175.328345] (-) TimerEvent: {}
[175.430608] (-) TimerEvent: {}
[175.532174] (-) TimerEvent: {}
[175.633282] (-) TimerEvent: {}
[175.734278] (-) TimerEvent: {}
[175.835577] (-) TimerEvent: {}
[175.936800] (-) TimerEvent: {}
[176.038188] (-) TimerEvent: {}
[176.139160] (-) TimerEvent: {}
[176.240763] (-) TimerEvent: {}
[176.342221] (-) TimerEvent: {}
[176.443450] (-) TimerEvent: {}
[176.544420] (-) TimerEvent: {}
[176.645670] (-) TimerEvent: {}
[176.747056] (-) TimerEvent: {}
[176.848166] (-) TimerEvent: {}
[176.949242] (-) TimerEvent: {}
[177.050300] (-) TimerEvent: {}
[177.151718] (-) TimerEvent: {}
[177.253209] (-) TimerEvent: {}
[177.354994] (-) TimerEvent: {}
[177.456339] (-) TimerEvent: {}
[177.557645] (-) TimerEvent: {}
[177.659154] (-) TimerEvent: {}
[177.760450] (-) TimerEvent: {}
[177.862186] (-) TimerEvent: {}
[177.963828] (-) TimerEvent: {}
[178.064837] (-) TimerEvent: {}
[178.166071] (-) TimerEvent: {}
[178.267310] (-) TimerEvent: {}
[178.369365] (-) TimerEvent: {}
[178.471534] (-) TimerEvent: {}
[178.572712] (-) TimerEvent: {}
[178.674526] (-) TimerEvent: {}
[178.776070] (-) TimerEvent: {}
[178.878656] (-) TimerEvent: {}
[178.979893] (-) TimerEvent: {}
[179.081097] (-) TimerEvent: {}
[179.182335] (-) TimerEvent: {}
[179.283687] (-) TimerEvent: {}
[179.385016] (-) TimerEvent: {}
[179.486370] (-) TimerEvent: {}
[179.587893] (-) TimerEvent: {}
[179.689166] (-) TimerEvent: {}
[179.790716] (-) TimerEvent: {}
[179.891819] (-) TimerEvent: {}
[179.993214] (-) TimerEvent: {}
[180.094189] (-) TimerEvent: {}
[180.195135] (-) TimerEvent: {}
[180.296296] (-) TimerEvent: {}
[180.441716] (-) TimerEvent: {}
[180.542939] (-) TimerEvent: {}
[180.644056] (-) TimerEvent: {}
[180.745166] (-) TimerEvent: {}
[180.847405] (-) TimerEvent: {}
[180.948519] (-) TimerEvent: {}
[181.049754] (-) TimerEvent: {}
[181.150966] (-) TimerEvent: {}
[181.252218] (-) TimerEvent: {}
[181.353436] (-) TimerEvent: {}
[181.454535] (-) TimerEvent: {}
[181.555832] (-) TimerEvent: {}
[181.657112] (-) TimerEvent: {}
[181.758100] (-) TimerEvent: {}
[181.859337] (-) TimerEvent: {}
[181.960644] (-) TimerEvent: {}
[182.061762] (-) TimerEvent: {}
[182.162803] (-) TimerEvent: {}
[182.263694] (-) TimerEvent: {}
[182.364592] (-) TimerEvent: {}
[182.466286] (-) TimerEvent: {}
[182.567863] (-) TimerEvent: {}
[182.669221] (-) TimerEvent: {}
[182.770254] (-) TimerEvent: {}
[182.872073] (-) TimerEvent: {}
[182.973181] (-) TimerEvent: {}
[183.074650] (-) TimerEvent: {}
[183.175666] (-) TimerEvent: {}
[183.277116] (-) TimerEvent: {}
[183.378501] (-) TimerEvent: {}
[183.479627] (-) TimerEvent: {}
[183.580744] (-) TimerEvent: {}
[183.682481] (-) TimerEvent: {}
[183.783788] (-) TimerEvent: {}
[183.885227] (-) TimerEvent: {}
[183.986498] (-) TimerEvent: {}
[184.087481] (-) TimerEvent: {}
[184.188714] (-) TimerEvent: {}
[184.290084] (-) TimerEvent: {}
[184.391082] (-) TimerEvent: {}
[184.492116] (-) TimerEvent: {}
[184.593675] (-) TimerEvent: {}
[184.695031] (-) TimerEvent: {}
[184.796186] (-) TimerEvent: {}
[184.897410] (-) TimerEvent: {}
[184.998505] (-) TimerEvent: {}
[185.099518] (-) TimerEvent: {}
[185.200720] (-) TimerEvent: {}
[185.301792] (-) TimerEvent: {}
[185.542034] (-) TimerEvent: {}
[185.643220] (-) TimerEvent: {}
[185.745166] (-) TimerEvent: {}
[185.846551] (-) TimerEvent: {}
[185.948414] (-) TimerEvent: {}
[186.049705] (-) TimerEvent: {}
[186.151287] (-) TimerEvent: {}
[186.252675] (-) TimerEvent: {}
[186.354125] (-) TimerEvent: {}
[186.455364] (-) TimerEvent: {}
[186.556423] (-) TimerEvent: {}
[186.657963] (-) TimerEvent: {}
[186.759256] (-) TimerEvent: {}
[186.861486] (-) TimerEvent: {}
[186.962561] (-) TimerEvent: {}
[187.063551] (-) TimerEvent: {}
[187.164651] (-) TimerEvent: {}
[187.266188] (-) TimerEvent: {}
[187.367273] (-) TimerEvent: {}
[187.468462] (-) TimerEvent: {}
[187.569691] (-) TimerEvent: {}
[187.670758] (-) TimerEvent: {}
[187.771904] (-) TimerEvent: {}
[187.873048] (-) TimerEvent: {}
[187.974025] (-) TimerEvent: {}
[188.074996] (-) TimerEvent: {}
[188.176087] (-) TimerEvent: {}
[188.277532] (-) TimerEvent: {}
[188.379152] (-) TimerEvent: {}
[188.480301] (-) TimerEvent: {}
[188.581650] (-) TimerEvent: {}
[188.682824] (-) TimerEvent: {}
[188.785407] (-) TimerEvent: {}
[188.886451] (-) TimerEvent: {}
[188.987574] (-) TimerEvent: {}
[189.088748] (-) TimerEvent: {}
[189.189957] (-) TimerEvent: {}
[189.291648] (-) TimerEvent: {}
[189.392726] (-) TimerEvent: {}
[189.493774] (-) TimerEvent: {}
[189.594853] (-) TimerEvent: {}
[189.696027] (-) TimerEvent: {}
[189.797487] (-) TimerEvent: {}
[189.898814] (-) TimerEvent: {}
[190.000550] (-) TimerEvent: {}
[190.101691] (-) TimerEvent: {}
[190.202677] (-) TimerEvent: {}
[190.303874] (-) TimerEvent: {}
[190.406369] (-) TimerEvent: {}
[190.507523] (-) TimerEvent: {}
[190.609202] (-) TimerEvent: {}
[190.710503] (-) TimerEvent: {}
[190.811543] (-) TimerEvent: {}
[190.912508] (-) TimerEvent: {}
[191.013526] (-) TimerEvent: {}
[191.114519] (-) TimerEvent: {}
[191.217175] (-) TimerEvent: {}
[191.318289] (-) TimerEvent: {}
[191.421130] (-) TimerEvent: {}
[191.522347] (-) TimerEvent: {}
[191.623295] (-) TimerEvent: {}
[191.724482] (-) TimerEvent: {}
[191.826820] (-) TimerEvent: {}
[191.927871] (-) TimerEvent: {}
[192.029634] (-) TimerEvent: {}
[192.131322] (-) TimerEvent: {}
[192.232388] (-) TimerEvent: {}
[192.333929] (-) TimerEvent: {}
[192.436144] (-) TimerEvent: {}
[192.537308] (-) TimerEvent: {}
[192.638888] (-) TimerEvent: {}
[192.721033] (hdl_global_localization) StdoutLine: {'line': b'[ 51%] \x1b[32mBuilding CXX object CMakeFiles/hdl_global_localization_engines.dir/src/hdl_global_localization/engines/global_localization_fpfh_ransac.cpp.o\x1b[0m\n'}
[192.722528] (hdl_global_localization) StdoutLine: {'line': b'[ 53%] \x1b[32mBuilding CXX object CMakeFiles/hdl_global_localization_engines.dir/src/hdl_global_localization/ransac/voxelset.cpp.o\x1b[0m\n'}
[192.736153] (hdl_global_localization) StdoutLine: {'line': b'[ 55%] \x1b[32mBuilding CXX object CMakeFiles/hdl_global_localization_engines.dir/src/hdl_global_localization/ransac/ransac_pose_estimation.cpp.o\x1b[0m\n'}
[192.739074] (-) TimerEvent: {}
[192.840690] (-) TimerEvent: {}
[192.941788] (-) TimerEvent: {}
[193.045160] (-) TimerEvent: {}
[193.147221] (-) TimerEvent: {}
[193.249882] (-) TimerEvent: {}
[193.350831] (-) TimerEvent: {}
[193.452118] (-) TimerEvent: {}
[193.553142] (-) TimerEvent: {}
[193.654689] (-) TimerEvent: {}
[193.757795] (-) TimerEvent: {}
[193.858843] (-) TimerEvent: {}
[193.960260] (-) TimerEvent: {}
[194.062993] (-) TimerEvent: {}
[194.164656] (-) TimerEvent: {}
[194.267142] (-) TimerEvent: {}
[194.371116] (-) TimerEvent: {}
[194.472674] (-) TimerEvent: {}
[194.573819] (-) TimerEvent: {}
[194.675276] (-) TimerEvent: {}
[194.776648] (-) TimerEvent: {}
[194.878167] (-) TimerEvent: {}
[194.980302] (-) TimerEvent: {}
[195.082289] (-) TimerEvent: {}
[195.183500] (-) TimerEvent: {}
[195.284599] (-) TimerEvent: {}
[195.386733] (-) TimerEvent: {}
[195.488186] (-) TimerEvent: {}
[195.634547] (-) TimerEvent: {}
[195.736636] (-) TimerEvent: {}
[195.846460] (-) TimerEvent: {}
[195.948055] (-) TimerEvent: {}
[196.049601] (-) TimerEvent: {}
[196.152407] (-) TimerEvent: {}
[196.254066] (-) TimerEvent: {}
[196.357196] (-) TimerEvent: {}
[196.459936] (-) TimerEvent: {}
[196.561281] (-) TimerEvent: {}
[196.662946] (-) TimerEvent: {}
[196.766342] (-) TimerEvent: {}
[196.868157] (-) TimerEvent: {}
[196.969663] (-) TimerEvent: {}
[197.071234] (-) TimerEvent: {}
[197.177662] (-) TimerEvent: {}
[197.278739] (-) TimerEvent: {}
[197.380035] (-) TimerEvent: {}
[197.481231] (-) TimerEvent: {}
[197.583094] (-) TimerEvent: {}
[197.684465] (-) TimerEvent: {}
[197.800658] (-) TimerEvent: {}
[197.909045] (-) TimerEvent: {}
[198.013826] (-) TimerEvent: {}
[198.116080] (-) TimerEvent: {}
[198.217730] (-) TimerEvent: {}
[198.319951] (-) TimerEvent: {}
[198.423377] (-) TimerEvent: {}
[198.524622] (-) TimerEvent: {}
[198.625734] (-) TimerEvent: {}
[198.726738] (-) TimerEvent: {}
[198.828474] (-) TimerEvent: {}
[198.931871] (-) TimerEvent: {}
[199.033065] (-) TimerEvent: {}
[199.134130] (-) TimerEvent: {}
[199.235969] (-) TimerEvent: {}
[199.338033] (-) TimerEvent: {}
[199.439335] (-) TimerEvent: {}
[199.540380] (-) TimerEvent: {}
[199.641578] (-) TimerEvent: {}
[199.742772] (-) TimerEvent: {}
[199.843931] (-) TimerEvent: {}
[199.946307] (-) TimerEvent: {}
[200.047570] (-) TimerEvent: {}
[200.148769] (-) TimerEvent: {}
[200.250155] (-) TimerEvent: {}
[200.352362] (-) TimerEvent: {}
[200.453534] (-) TimerEvent: {}
[200.554601] (-) TimerEvent: {}
[200.657244] (-) TimerEvent: {}
[200.758950] (-) TimerEvent: {}
[200.860399] (-) TimerEvent: {}
[200.961724] (-) TimerEvent: {}
[201.062800] (-) TimerEvent: {}
[201.164625] (-) TimerEvent: {}
[201.268663] (-) TimerEvent: {}
[201.374500] (-) TimerEvent: {}
[201.477084] (-) TimerEvent: {}
[201.578090] (-) TimerEvent: {}
[201.679982] (-) TimerEvent: {}
[201.783892] (-) TimerEvent: {}
[201.888064] (-) TimerEvent: {}
[201.989333] (-) TimerEvent: {}
[202.091679] (-) TimerEvent: {}
[202.195877] (-) TimerEvent: {}
[202.299498] (-) TimerEvent: {}
[202.400527] (-) TimerEvent: {}
[202.501934] (-) TimerEvent: {}
[202.606223] (-) TimerEvent: {}
[202.707373] (-) TimerEvent: {}
[202.808458] (-) TimerEvent: {}
[202.909935] (-) TimerEvent: {}
[203.011569] (-) TimerEvent: {}
[203.113398] (-) TimerEvent: {}
[203.214361] (-) TimerEvent: {}
[203.326494] (-) TimerEvent: {}
[203.429939] (-) TimerEvent: {}
[203.530956] (-) TimerEvent: {}
[203.632106] (-) TimerEvent: {}
[203.733528] (-) TimerEvent: {}
[203.834626] (-) TimerEvent: {}
[203.935829] (-) TimerEvent: {}
[204.036918] (-) TimerEvent: {}
[204.144603] (-) TimerEvent: {}
[204.248373] (-) TimerEvent: {}
[204.349488] (-) TimerEvent: {}
[204.450525] (-) TimerEvent: {}
[204.563355] (-) TimerEvent: {}
[204.669224] (-) TimerEvent: {}
[204.770315] (-) TimerEvent: {}
[204.873685] (-) TimerEvent: {}
[204.977524] (-) TimerEvent: {}
[205.078982] (-) TimerEvent: {}
[205.180061] (-) TimerEvent: {}
[205.281678] (-) TimerEvent: {}
[205.382798] (-) TimerEvent: {}
[205.484248] (-) TimerEvent: {}
[205.730095] (-) TimerEvent: {}
[205.833966] (-) TimerEvent: {}
[205.934947] (-) TimerEvent: {}
[206.036075] (-) TimerEvent: {}
[206.137406] (-) TimerEvent: {}
[206.239071] (-) TimerEvent: {}
[206.341442] (-) TimerEvent: {}
[206.442627] (-) TimerEvent: {}
[206.544291] (-) TimerEvent: {}
[206.646968] (-) TimerEvent: {}
[206.750341] (-) TimerEvent: {}
[206.851566] (-) TimerEvent: {}
[206.953117] (-) TimerEvent: {}
[207.054958] (-) TimerEvent: {}
[207.156128] (-) TimerEvent: {}
[207.257705] (-) TimerEvent: {}
[207.360484] (-) TimerEvent: {}
[207.461903] (-) TimerEvent: {}
[207.562863] (-) TimerEvent: {}
[207.663868] (-) TimerEvent: {}
[207.767462] (-) TimerEvent: {}
[207.869226] (-) TimerEvent: {}
[207.975270] (-) TimerEvent: {}
[208.077186] (-) TimerEvent: {}
[208.179366] (-) TimerEvent: {}
[208.280374] (-) TimerEvent: {}
[208.382408] (-) TimerEvent: {}
[208.483642] (-) TimerEvent: {}
[208.586379] (-) TimerEvent: {}
[208.687474] (-) TimerEvent: {}
[208.788692] (-) TimerEvent: {}
[208.891020] (-) TimerEvent: {}
[208.992742] (-) TimerEvent: {}
[209.094434] (-) TimerEvent: {}
[209.196156] (-) TimerEvent: {}
[209.297293] (-) TimerEvent: {}
[209.398943] (-) TimerEvent: {}
[209.500182] (-) TimerEvent: {}
[209.602169] (-) TimerEvent: {}
[209.703639] (-) TimerEvent: {}
[209.805518] (-) TimerEvent: {}
[209.906538] (-) TimerEvent: {}
[210.007952] (-) TimerEvent: {}
[210.109222] (-) TimerEvent: {}
[210.213139] (-) TimerEvent: {}
[210.314238] (-) TimerEvent: {}
[210.419454] (-) TimerEvent: {}
[210.543733] (-) TimerEvent: {}
[210.741650] (-) TimerEvent: {}
[210.844023] (-) TimerEvent: {}
[210.945584] (-) TimerEvent: {}
[211.046564] (-) TimerEvent: {}
[211.147751] (-) TimerEvent: {}
[211.249281] (-) TimerEvent: {}
[211.350780] (-) TimerEvent: {}
[211.452116] (-) TimerEvent: {}
[211.553559] (-) TimerEvent: {}
[211.655035] (-) TimerEvent: {}
[211.756439] (-) TimerEvent: {}
[211.857839] (-) TimerEvent: {}
[211.958915] (-) TimerEvent: {}
[212.061675] (-) TimerEvent: {}
[212.163335] (-) TimerEvent: {}
[212.265185] (-) TimerEvent: {}
[212.367017] (-) TimerEvent: {}
[212.468231] (-) TimerEvent: {}
[212.570026] (-) TimerEvent: {}
[212.671259] (-) TimerEvent: {}
[212.773168] (-) TimerEvent: {}
[212.874228] (-) TimerEvent: {}
[212.975516] (-) TimerEvent: {}
[213.077625] (-) TimerEvent: {}
[213.178708] (-) TimerEvent: {}
[213.281031] (-) TimerEvent: {}
[213.382338] (-) TimerEvent: {}
[213.483625] (-) TimerEvent: {}
[213.584974] (-) TimerEvent: {}
[213.686976] (-) TimerEvent: {}
[213.788039] (-) TimerEvent: {}
[213.892445] (-) TimerEvent: {}
[213.993722] (-) TimerEvent: {}
[214.096712] (-) TimerEvent: {}
[214.198025] (-) TimerEvent: {}
[214.299178] (-) TimerEvent: {}
[214.400239] (-) TimerEvent: {}
[214.501447] (-) TimerEvent: {}
[214.602571] (-) TimerEvent: {}
[214.704420] (-) TimerEvent: {}
[214.805564] (-) TimerEvent: {}
[214.909770] (-) TimerEvent: {}
[215.012181] (-) TimerEvent: {}
[215.113359] (-) TimerEvent: {}
[215.216806] (-) TimerEvent: {}
[215.318512] (-) TimerEvent: {}
[215.421848] (-) TimerEvent: {}
[215.524307] (-) TimerEvent: {}
[215.757112] (-) TimerEvent: {}
[215.858210] (-) TimerEvent: {}
[215.959273] (-) TimerEvent: {}
[216.060761] (-) TimerEvent: {}
[216.161893] (-) TimerEvent: {}
[216.263330] (-) TimerEvent: {}
[216.365075] (-) TimerEvent: {}
[216.469000] (-) TimerEvent: {}
[216.573218] (-) TimerEvent: {}
[216.674857] (-) TimerEvent: {}
[216.777071] (-) TimerEvent: {}
[216.879419] (-) TimerEvent: {}
[216.980542] (-) TimerEvent: {}
[217.084465] (-) TimerEvent: {}
[217.186523] (-) TimerEvent: {}
[217.289635] (-) TimerEvent: {}
[217.390967] (-) TimerEvent: {}
[217.493241] (-) TimerEvent: {}
[217.597215] (-) TimerEvent: {}
[217.698435] (-) TimerEvent: {}
[217.800160] (-) TimerEvent: {}
[217.901276] (-) TimerEvent: {}
[218.002346] (-) TimerEvent: {}
[218.103479] (-) TimerEvent: {}
[218.204841] (-) TimerEvent: {}
[218.306142] (-) TimerEvent: {}
[218.408078] (-) TimerEvent: {}
[218.509116] (-) TimerEvent: {}
[218.610209] (-) TimerEvent: {}
[218.711266] (-) TimerEvent: {}
[218.812352] (-) TimerEvent: {}
[218.914075] (-) TimerEvent: {}
[219.015333] (-) TimerEvent: {}
[219.117146] (-) TimerEvent: {}
[219.218402] (-) TimerEvent: {}
[219.319670] (-) TimerEvent: {}
[219.421101] (-) TimerEvent: {}
[219.522336] (-) TimerEvent: {}
[219.623367] (-) TimerEvent: {}
[219.724672] (-) TimerEvent: {}
[219.826725] (-) TimerEvent: {}
[219.928273] (-) TimerEvent: {}
[220.029679] (-) TimerEvent: {}
[220.133585] (-) TimerEvent: {}
[220.236958] (-) TimerEvent: {}
[220.338149] (-) TimerEvent: {}
[220.439307] (-) TimerEvent: {}
[220.544098] (-) TimerEvent: {}
[220.766720] (-) TimerEvent: {}
[220.867914] (-) TimerEvent: {}
[220.969709] (-) TimerEvent: {}
[221.070862] (-) TimerEvent: {}
[221.171944] (-) TimerEvent: {}
[221.273846] (-) TimerEvent: {}
[221.374993] (-) TimerEvent: {}
[221.477565] (-) TimerEvent: {}
[221.579416] (-) TimerEvent: {}
[221.681204] (-) TimerEvent: {}
[221.783016] (-) TimerEvent: {}
[221.885515] (-) TimerEvent: {}
[221.986713] (-) TimerEvent: {}
[222.087816] (-) TimerEvent: {}
[222.189547] (-) TimerEvent: {}
[222.291068] (-) TimerEvent: {}
[222.392554] (-) TimerEvent: {}
[222.493758] (-) TimerEvent: {}
[222.595401] (-) TimerEvent: {}
[222.696629] (-) TimerEvent: {}
[222.798200] (-) TimerEvent: {}
[222.899365] (-) TimerEvent: {}
[223.000535] (-) TimerEvent: {}
[223.103266] (-) TimerEvent: {}
[223.205633] (-) TimerEvent: {}
[223.307015] (-) TimerEvent: {}
[223.408825] (-) TimerEvent: {}
[223.510511] (-) TimerEvent: {}
[223.612428] (-) TimerEvent: {}
[223.718408] (-) TimerEvent: {}
[223.820129] (-) TimerEvent: {}
[223.921729] (-) TimerEvent: {}
[224.022699] (-) TimerEvent: {}
[224.123934] (-) TimerEvent: {}
[224.225265] (-) TimerEvent: {}
[224.326386] (-) TimerEvent: {}
[224.427742] (-) TimerEvent: {}
[224.529048] (-) TimerEvent: {}
[224.630155] (-) TimerEvent: {}
[224.731187] (-) TimerEvent: {}
[224.832412] (-) TimerEvent: {}
[224.933635] (-) TimerEvent: {}
[225.034733] (-) TimerEvent: {}
[225.137466] (-) TimerEvent: {}
[225.239042] (-) TimerEvent: {}
[225.340552] (-) TimerEvent: {}
[225.442481] (-) TimerEvent: {}
[225.544344] (-) TimerEvent: {}
[225.645897] (-) TimerEvent: {}
[225.789772] (-) TimerEvent: {}
[225.892540] (-) TimerEvent: {}
[225.994578] (-) TimerEvent: {}
[226.095583] (-) TimerEvent: {}
[226.197813] (-) TimerEvent: {}
[226.311263] (-) TimerEvent: {}
[226.421748] (-) TimerEvent: {}
[226.522900] (-) TimerEvent: {}
[226.623945] (-) TimerEvent: {}
[226.726783] (-) TimerEvent: {}
[226.830548] (-) TimerEvent: {}
[226.938042] (-) TimerEvent: {}
[227.039351] (-) TimerEvent: {}
[227.141250] (-) TimerEvent: {}
[227.242784] (-) TimerEvent: {}
[227.345026] (-) TimerEvent: {}
[227.448264] (-) TimerEvent: {}
[227.551556] (-) TimerEvent: {}
[227.653807] (-) TimerEvent: {}
[227.755044] (-) TimerEvent: {}
[227.856152] (-) TimerEvent: {}
[227.957281] (-) TimerEvent: {}
[228.059980] (-) TimerEvent: {}
[228.162484] (-) TimerEvent: {}
[228.264542] (-) TimerEvent: {}
[228.366903] (-) TimerEvent: {}
[228.468080] (-) TimerEvent: {}
[228.569391] (-) TimerEvent: {}
[228.673325] (-) TimerEvent: {}
[228.777211] (-) TimerEvent: {}
[228.879675] (-) TimerEvent: {}
[228.987376] (-) TimerEvent: {}
[229.089017] (-) TimerEvent: {}
[229.191011] (-) TimerEvent: {}
[229.292133] (-) TimerEvent: {}
[229.396236] (-) TimerEvent: {}
[229.497794] (-) TimerEvent: {}
[229.598978] (-) TimerEvent: {}
[229.700281] (-) TimerEvent: {}
[229.801897] (-) TimerEvent: {}
[229.903165] (-) TimerEvent: {}
[230.004992] (-) TimerEvent: {}
[230.106351] (-) TimerEvent: {}
[230.209038] (-) TimerEvent: {}
[230.310085] (-) TimerEvent: {}
[230.411253] (-) TimerEvent: {}
[230.512537] (-) TimerEvent: {}
[230.614190] (-) TimerEvent: {}
[230.802608] (-) TimerEvent: {}
[230.903638] (-) TimerEvent: {}
[231.004807] (-) TimerEvent: {}
[231.109080] (-) TimerEvent: {}
[231.210005] (-) TimerEvent: {}
[231.311362] (-) TimerEvent: {}
[231.412351] (-) TimerEvent: {}
[231.513448] (-) TimerEvent: {}
[231.614944] (-) TimerEvent: {}
[231.716272] (-) TimerEvent: {}
[231.818857] (-) TimerEvent: {}
[231.920497] (-) TimerEvent: {}
[232.022147] (-) TimerEvent: {}
[232.123211] (-) TimerEvent: {}
[232.224321] (-) TimerEvent: {}
[232.325333] (-) TimerEvent: {}
[232.426331] (-) TimerEvent: {}
[232.527428] (-) TimerEvent: {}
[232.630521] (-) TimerEvent: {}
[232.732059] (-) TimerEvent: {}
[232.833733] (-) TimerEvent: {}
[232.935293] (-) TimerEvent: {}
[233.036735] (-) TimerEvent: {}
[233.137989] (-) TimerEvent: {}
[233.261424] (-) TimerEvent: {}
[233.363046] (-) TimerEvent: {}
[233.464220] (-) TimerEvent: {}
[233.565523] (-) TimerEvent: {}
[233.666878] (-) TimerEvent: {}
[233.772344] (-) TimerEvent: {}
[233.874311] (-) TimerEvent: {}
[233.975417] (-) TimerEvent: {}
[234.081390] (-) TimerEvent: {}
[234.184596] (-) TimerEvent: {}
[234.294471] (-) TimerEvent: {}
[234.396139] (-) TimerEvent: {}
[234.500364] (-) TimerEvent: {}
[234.608364] (-) TimerEvent: {}
[234.709566] (-) TimerEvent: {}
[234.810652] (-) TimerEvent: {}
[234.914717] (-) TimerEvent: {}
[235.015833] (-) TimerEvent: {}
[235.117095] (-) TimerEvent: {}
[235.218393] (-) TimerEvent: {}
[235.322303] (-) TimerEvent: {}
[235.423356] (-) TimerEvent: {}
[235.529436] (-) TimerEvent: {}
[235.630348] (-) TimerEvent: {}
[235.816651] (-) TimerEvent: {}
[235.917967] (-) TimerEvent: {}
[236.019599] (-) TimerEvent: {}
[236.122160] (-) TimerEvent: {}
[236.225441] (-) TimerEvent: {}
[236.328334] (-) TimerEvent: {}
[236.430275] (-) TimerEvent: {}
[236.533984] (-) TimerEvent: {}
[236.635135] (-) TimerEvent: {}
[236.748119] (-) TimerEvent: {}
[236.853696] (-) TimerEvent: {}
[236.954829] (-) TimerEvent: {}
[237.057107] (-) TimerEvent: {}
[237.158946] (-) TimerEvent: {}
[237.264060] (-) TimerEvent: {}
[237.365243] (-) TimerEvent: {}
[237.466511] (-) TimerEvent: {}
[237.568728] (-) TimerEvent: {}
[237.715000] (-) TimerEvent: {}
[237.817151] (-) TimerEvent: {}
[237.918741] (-) TimerEvent: {}
[238.020295] (-) TimerEvent: {}
[238.122759] (-) TimerEvent: {}
[238.229629] (-) TimerEvent: {}
[238.338257] (-) TimerEvent: {}
[238.442136] (-) TimerEvent: {}
[238.544108] (-) TimerEvent: {}
[238.645144] (-) TimerEvent: {}
[238.753206] (-) TimerEvent: {}
[238.865382] (-) TimerEvent: {}
[238.971026] (-) TimerEvent: {}
[239.081062] (-) TimerEvent: {}
[239.182539] (-) TimerEvent: {}
[239.283576] (-) TimerEvent: {}
[239.386745] (-) TimerEvent: {}
[239.487937] (-) TimerEvent: {}
[239.589171] (-) TimerEvent: {}
[239.690556] (-) TimerEvent: {}
[239.791911] (-) TimerEvent: {}
[239.894328] (-) TimerEvent: {}
[239.996982] (-) TimerEvent: {}
[240.099380] (-) TimerEvent: {}
[240.201407] (-) TimerEvent: {}
[240.302738] (-) TimerEvent: {}
[240.404096] (-) TimerEvent: {}
[240.506882] (-) TimerEvent: {}
[240.608237] (-) TimerEvent: {}
[240.711489] (-) TimerEvent: {}
[240.875336] (-) TimerEvent: {}
[240.977254] (-) TimerEvent: {}
[241.078702] (-) TimerEvent: {}
[241.180023] (-) TimerEvent: {}
[241.281543] (-) TimerEvent: {}
[241.382585] (-) TimerEvent: {}
[241.483634] (-) TimerEvent: {}
[241.584776] (-) TimerEvent: {}
[241.685911] (-) TimerEvent: {}
[241.789352] (-) TimerEvent: {}
[241.890297] (-) TimerEvent: {}
[241.992819] (-) TimerEvent: {}
[242.094263] (-) TimerEvent: {}
[242.196160] (-) TimerEvent: {}
[242.297538] (-) TimerEvent: {}
[242.399270] (-) TimerEvent: {}
[242.500492] (-) TimerEvent: {}
[242.602511] (-) TimerEvent: {}
[242.704257] (-) TimerEvent: {}
[242.806538] (-) TimerEvent: {}
[242.909197] (-) TimerEvent: {}
[243.010925] (-) TimerEvent: {}
[243.113253] (-) TimerEvent: {}
[243.215149] (-) TimerEvent: {}
[243.317618] (-) TimerEvent: {}
[243.418783] (-) TimerEvent: {}
[243.520287] (-) TimerEvent: {}
[243.622106] (-) TimerEvent: {}
[243.723552] (-) TimerEvent: {}
[243.824834] (-) TimerEvent: {}
[243.927484] (-) TimerEvent: {}
[244.029154] (-) TimerEvent: {}
[244.130170] (-) TimerEvent: {}
[244.232721] (-) TimerEvent: {}
[244.334408] (-) TimerEvent: {}
[244.437621] (-) TimerEvent: {}
[244.539088] (-) TimerEvent: {}
[244.641298] (-) TimerEvent: {}
[244.742905] (-) TimerEvent: {}
[244.844090] (-) TimerEvent: {}
[244.945316] (-) TimerEvent: {}
[245.048064] (-) TimerEvent: {}
[245.149971] (-) TimerEvent: {}
[245.251460] (-) TimerEvent: {}
[245.353297] (-) TimerEvent: {}
[245.455250] (-) TimerEvent: {}
[245.556248] (-) TimerEvent: {}
[245.659405] (-) TimerEvent: {}
[245.883659] (-) TimerEvent: {}
[245.984798] (-) TimerEvent: {}
[246.086137] (-) TimerEvent: {}
[246.187330] (-) TimerEvent: {}
[246.288806] (-) TimerEvent: {}
[246.390770] (-) TimerEvent: {}
[246.491964] (-) TimerEvent: {}
[246.593138] (-) TimerEvent: {}
[246.694289] (-) TimerEvent: {}
[246.795499] (-) TimerEvent: {}
[246.897945] (-) TimerEvent: {}
[246.999226] (-) TimerEvent: {}
[247.100945] (-) TimerEvent: {}
[247.203399] (-) TimerEvent: {}
[247.305359] (-) TimerEvent: {}
[247.409145] (-) TimerEvent: {}
[247.514948] (-) TimerEvent: {}
[247.617781] (-) TimerEvent: {}
[247.718934] (-) TimerEvent: {}
[247.824155] (-) TimerEvent: {}
[247.925471] (-) TimerEvent: {}
[248.026957] (-) TimerEvent: {}
[248.128654] (-) TimerEvent: {}
[248.230157] (-) TimerEvent: {}
[248.331482] (-) TimerEvent: {}
[248.433697] (-) TimerEvent: {}
[248.534722] (-) TimerEvent: {}
[248.635831] (-) TimerEvent: {}
[248.737525] (-) TimerEvent: {}
[248.843579] (-) TimerEvent: {}
[248.944586] (-) TimerEvent: {}
[249.045897] (-) TimerEvent: {}
[249.147068] (-) TimerEvent: {}
[249.248317] (-) TimerEvent: {}
[249.350268] (-) TimerEvent: {}
[249.452078] (-) TimerEvent: {}
[249.553348] (-) TimerEvent: {}
[249.654927] (-) TimerEvent: {}
[249.755922] (-) TimerEvent: {}
[249.857873] (-) TimerEvent: {}
[249.959711] (-) TimerEvent: {}
[250.060751] (-) TimerEvent: {}
[250.161828] (-) TimerEvent: {}
[250.263316] (-) TimerEvent: {}
[250.364546] (-) TimerEvent: {}
[250.465636] (-) TimerEvent: {}
[250.566746] (-) TimerEvent: {}
[250.667873] (-) TimerEvent: {}
[250.895598] (-) TimerEvent: {}
[250.996739] (-) TimerEvent: {}
[251.097948] (-) TimerEvent: {}
[251.199089] (-) TimerEvent: {}
[251.300259] (-) TimerEvent: {}
[251.401608] (-) TimerEvent: {}
[251.502794] (-) TimerEvent: {}
[251.603979] (-) TimerEvent: {}
[251.705147] (-) TimerEvent: {}
[251.806164] (-) TimerEvent: {}
[251.907196] (-) TimerEvent: {}
[252.008364] (-) TimerEvent: {}
[252.110567] (-) TimerEvent: {}
[252.211692] (-) TimerEvent: {}
[252.312694] (-) TimerEvent: {}
[252.413894] (-) TimerEvent: {}
[252.514888] (-) TimerEvent: {}
[252.615908] (-) TimerEvent: {}
[252.717823] (-) TimerEvent: {}
[252.818913] (-) TimerEvent: {}
[252.919976] (-) TimerEvent: {}
[253.021086] (-) TimerEvent: {}
[253.122140] (-) TimerEvent: {}
[253.223249] (-) TimerEvent: {}
[253.324332] (-) TimerEvent: {}
[253.425462] (-) TimerEvent: {}
[253.526442] (-) TimerEvent: {}
[253.627510] (-) TimerEvent: {}
[253.728577] (-) TimerEvent: {}
[253.830457] (-) TimerEvent: {}
[253.932029] (-) TimerEvent: {}
[254.033093] (-) TimerEvent: {}
[254.134368] (-) TimerEvent: {}
[254.235492] (-) TimerEvent: {}
[254.336568] (-) TimerEvent: {}
[254.438695] (-) TimerEvent: {}
[254.540448] (-) TimerEvent: {}
[254.641692] (-) TimerEvent: {}
[254.742987] (-) TimerEvent: {}
[254.844041] (-) TimerEvent: {}
[254.945204] (-) TimerEvent: {}
[255.046381] (-) TimerEvent: {}
[255.147943] (-) TimerEvent: {}
[255.249421] (-) TimerEvent: {}
[255.351129] (-) TimerEvent: {}
[255.452688] (-) TimerEvent: {}
[255.554448] (-) TimerEvent: {}
[255.655828] (-) TimerEvent: {}
[255.899333] (-) TimerEvent: {}
[256.001204] (-) TimerEvent: {}
[256.103560] (-) TimerEvent: {}
[256.205111] (-) TimerEvent: {}
[256.307050] (-) TimerEvent: {}
[256.408785] (-) TimerEvent: {}
[256.510364] (-) TimerEvent: {}
[256.613012] (-) TimerEvent: {}
[256.715138] (-) TimerEvent: {}
[256.816488] (-) TimerEvent: {}
[256.917966] (-) TimerEvent: {}
[257.019129] (-) TimerEvent: {}
[257.120297] (-) TimerEvent: {}
[257.221659] (-) TimerEvent: {}
[257.322767] (-) TimerEvent: {}
[257.424072] (-) TimerEvent: {}
[257.525644] (-) TimerEvent: {}
[257.627458] (-) TimerEvent: {}
[257.728960] (-) TimerEvent: {}
[257.830213] (-) TimerEvent: {}
[257.934463] (-) TimerEvent: {}
[258.036575] (-) TimerEvent: {}
[258.138196] (-) TimerEvent: {}
[258.240752] (-) TimerEvent: {}
[258.343007] (-) TimerEvent: {}
[258.443974] (-) TimerEvent: {}
[258.545232] (-) TimerEvent: {}
[258.647118] (-) TimerEvent: {}
[258.748147] (-) TimerEvent: {}
[258.849497] (-) TimerEvent: {}
[258.950704] (-) TimerEvent: {}
[259.051827] (-) TimerEvent: {}
[259.153071] (-) TimerEvent: {}
[259.254246] (-) TimerEvent: {}
[259.355376] (-) TimerEvent: {}
[259.456723] (-) TimerEvent: {}
[259.558045] (-) TimerEvent: {}
[259.659630] (-) TimerEvent: {}
[259.760689] (-) TimerEvent: {}
[259.861866] (-) TimerEvent: {}
[259.962998] (-) TimerEvent: {}
[260.065249] (-) TimerEvent: {}
[260.166533] (-) TimerEvent: {}
[260.267811] (-) TimerEvent: {}
[260.369953] (-) TimerEvent: {}
[260.472412] (-) TimerEvent: {}
[260.574138] (-) TimerEvent: {}
[260.675258] (-) TimerEvent: {}
[260.900510] (-) TimerEvent: {}
[261.002081] (-) TimerEvent: {}
[261.103086] (-) TimerEvent: {}
[261.204130] (-) TimerEvent: {}
[261.305350] (-) TimerEvent: {}
[261.406479] (-) TimerEvent: {}
[261.507659] (-) TimerEvent: {}
[261.608596] (-) TimerEvent: {}
[261.709866] (-) TimerEvent: {}
[261.812326] (-) TimerEvent: {}
[261.913450] (-) TimerEvent: {}
[262.014589] (-) TimerEvent: {}
[262.116924] (-) TimerEvent: {}
[262.217995] (-) TimerEvent: {}
[262.319167] (-) TimerEvent: {}
[262.420146] (-) TimerEvent: {}
[262.521292] (-) TimerEvent: {}
[262.622435] (-) TimerEvent: {}
[262.724215] (-) TimerEvent: {}
[262.825419] (-) TimerEvent: {}
[262.926499] (-) TimerEvent: {}
[263.027538] (-) TimerEvent: {}
[263.128649] (-) TimerEvent: {}
[263.229935] (-) TimerEvent: {}
[263.331601] (-) TimerEvent: {}
[263.432723] (-) TimerEvent: {}
[263.533841] (-) TimerEvent: {}
[263.634868] (-) TimerEvent: {}
[263.735952] (-) TimerEvent: {}
[263.838064] (-) TimerEvent: {}
[263.940027] (-) TimerEvent: {}
[264.041302] (-) TimerEvent: {}
[264.143457] (-) TimerEvent: {}
[264.244516] (-) TimerEvent: {}
[264.348397] (-) TimerEvent: {}
[264.450129] (-) TimerEvent: {}
[264.551568] (-) TimerEvent: {}
[264.653781] (-) TimerEvent: {}
[264.754897] (-) TimerEvent: {}
[264.856040] (-) TimerEvent: {}
[264.957770] (-) TimerEvent: {}
[265.058759] (-) TimerEvent: {}
[265.159821] (-) TimerEvent: {}
[265.260839] (-) TimerEvent: {}
[265.362342] (-) TimerEvent: {}
[265.448158] (hdl_global_localization) StdoutLine: {'line': b'[ 56%] \x1b[32m\x1b[1mLinking CXX shared library libhdl_global_localization_engines.so\x1b[0m\n'}
[265.462589] (-) TimerEvent: {}
[265.563777] (-) TimerEvent: {}
[265.664728] (-) TimerEvent: {}
[265.766083] (-) TimerEvent: {}
[265.867203] (-) TimerEvent: {}
[265.970641] (-) TimerEvent: {}
[266.071911] (-) TimerEvent: {}
[266.173767] (-) TimerEvent: {}
[266.275535] (-) TimerEvent: {}
[266.377143] (-) TimerEvent: {}
[266.478140] (-) TimerEvent: {}
[266.579193] (-) TimerEvent: {}
[266.680086] (-) TimerEvent: {}
[266.781225] (-) TimerEvent: {}
[266.882253] (-) TimerEvent: {}
[266.983263] (-) TimerEvent: {}
[267.084328] (-) TimerEvent: {}
[267.185472] (-) TimerEvent: {}
[267.286863] (-) TimerEvent: {}
[267.387903] (-) TimerEvent: {}
[267.489058] (-) TimerEvent: {}
[267.590116] (-) TimerEvent: {}
[267.691251] (-) TimerEvent: {}
[267.793117] (-) TimerEvent: {}
[267.894450] (-) TimerEvent: {}
[267.995687] (-) TimerEvent: {}
[268.096856] (-) TimerEvent: {}
[268.198148] (-) TimerEvent: {}
[268.300066] (-) TimerEvent: {}
[268.401235] (-) TimerEvent: {}
[268.502446] (-) TimerEvent: {}
[268.603586] (-) TimerEvent: {}
[268.705382] (-) TimerEvent: {}
[268.806964] (-) TimerEvent: {}
[268.908053] (-) TimerEvent: {}
[269.010867] (-) TimerEvent: {}
[269.112146] (-) TimerEvent: {}
[269.213632] (-) TimerEvent: {}
[269.314913] (-) TimerEvent: {}
[269.416037] (-) TimerEvent: {}
[269.518080] (-) TimerEvent: {}
[269.619708] (-) TimerEvent: {}
[269.720765] (-) TimerEvent: {}
[269.821924] (-) TimerEvent: {}
[269.923298] (-) TimerEvent: {}
[270.024389] (-) TimerEvent: {}
[270.125747] (-) TimerEvent: {}
[270.226961] (-) TimerEvent: {}
[270.327969] (-) TimerEvent: {}
[270.429080] (-) TimerEvent: {}
[270.530190] (-) TimerEvent: {}
[270.631398] (-) TimerEvent: {}
[270.732481] (-) TimerEvent: {}
[270.833969] (-) TimerEvent: {}
[270.935059] (-) TimerEvent: {}
[271.036167] (-) TimerEvent: {}
[271.137466] (-) TimerEvent: {}
[271.238422] (-) TimerEvent: {}
[271.339515] (-) TimerEvent: {}
[271.441566] (-) TimerEvent: {}
[271.543212] (-) TimerEvent: {}
[271.644285] (-) TimerEvent: {}
[271.745317] (-) TimerEvent: {}
[271.846335] (-) TimerEvent: {}
[271.947317] (-) TimerEvent: {}
[272.048400] (-) TimerEvent: {}
[272.149555] (-) TimerEvent: {}
[272.250514] (-) TimerEvent: {}
[272.351897] (-) TimerEvent: {}
[272.453160] (-) TimerEvent: {}
[272.554311] (-) TimerEvent: {}
[272.655515] (-) TimerEvent: {}
[272.756630] (-) TimerEvent: {}
[272.857857] (-) TimerEvent: {}
[272.958900] (-) TimerEvent: {}
[273.060073] (-) TimerEvent: {}
[273.161658] (-) TimerEvent: {}
[273.263147] (-) TimerEvent: {}
[273.364265] (-) TimerEvent: {}
[273.465676] (-) TimerEvent: {}
[273.567053] (-) TimerEvent: {}
[273.669297] (-) TimerEvent: {}
[273.770648] (-) TimerEvent: {}
[273.875401] (-) TimerEvent: {}
[273.977178] (-) TimerEvent: {}
[274.078201] (-) TimerEvent: {}
[274.179145] (-) TimerEvent: {}
[274.280163] (-) TimerEvent: {}
[274.381185] (-) TimerEvent: {}
[274.482208] (-) TimerEvent: {}
[274.583266] (-) TimerEvent: {}
[274.684264] (-) TimerEvent: {}
[274.785354] (-) TimerEvent: {}
[274.887835] (-) TimerEvent: {}
[274.988982] (-) TimerEvent: {}
[275.090140] (-) TimerEvent: {}
[275.191711] (-) TimerEvent: {}
[275.292733] (-) TimerEvent: {}
[275.393859] (-) TimerEvent: {}
[275.494953] (-) TimerEvent: {}
[275.596024] (-) TimerEvent: {}
[275.697105] (-) TimerEvent: {}
[275.798198] (-) TimerEvent: {}
[275.899642] (-) TimerEvent: {}
[276.010312] (-) TimerEvent: {}
[276.111442] (-) TimerEvent: {}
[276.212776] (-) TimerEvent: {}
[276.313876] (-) TimerEvent: {}
[276.414938] (-) TimerEvent: {}
[276.516124] (-) TimerEvent: {}
[276.618384] (-) TimerEvent: {}
[276.719478] (-) TimerEvent: {}
[276.820455] (-) TimerEvent: {}
[276.921506] (-) TimerEvent: {}
[277.022561] (-) TimerEvent: {}
[277.123701] (-) TimerEvent: {}
[277.224744] (-) TimerEvent: {}
[277.326043] (-) TimerEvent: {}
[277.427210] (-) TimerEvent: {}
[277.528715] (-) TimerEvent: {}
[277.629818] (-) TimerEvent: {}
[277.730929] (-) TimerEvent: {}
[277.832017] (-) TimerEvent: {}
[277.933134] (-) TimerEvent: {}
[278.034276] (-) TimerEvent: {}
[278.135363] (-) TimerEvent: {}
[278.236519] (-) TimerEvent: {}
[278.337772] (-) TimerEvent: {}
[278.438817] (-) TimerEvent: {}
[278.539941] (-) TimerEvent: {}
[278.641689] (-) TimerEvent: {}
[278.743327] (-) TimerEvent: {}
[278.845043] (-) TimerEvent: {}
[278.946634] (-) TimerEvent: {}
[279.048354] (-) TimerEvent: {}
[279.149621] (-) TimerEvent: {}
[279.251004] (-) TimerEvent: {}
[279.352259] (-) TimerEvent: {}
[279.453591] (-) TimerEvent: {}
[279.554693] (-) TimerEvent: {}
[279.655835] (-) TimerEvent: {}
[279.757254] (-) TimerEvent: {}
[279.858881] (-) TimerEvent: {}
[279.960036] (-) TimerEvent: {}
[280.061124] (-) TimerEvent: {}
[280.162173] (-) TimerEvent: {}
[280.263301] (-) TimerEvent: {}
[280.364317] (-) TimerEvent: {}
[280.465512] (-) TimerEvent: {}
[280.566548] (-) TimerEvent: {}
[280.667661] (-) TimerEvent: {}
[280.768670] (-) TimerEvent: {}
[280.869879] (-) TimerEvent: {}
[280.970986] (-) TimerEvent: {}
[281.071946] (-) TimerEvent: {}
[281.173342] (-) TimerEvent: {}
[281.274337] (-) TimerEvent: {}
[281.375384] (-) TimerEvent: {}
[281.476389] (-) TimerEvent: {}
[281.577583] (-) TimerEvent: {}
[281.678782] (-) TimerEvent: {}
[281.779969] (-) TimerEvent: {}
[281.881145] (-) TimerEvent: {}
[281.982314] (-) TimerEvent: {}
[282.083318] (-) TimerEvent: {}
[282.184512] (-) TimerEvent: {}
[282.285686] (-) TimerEvent: {}
[282.386791] (-) TimerEvent: {}
[282.487991] (-) TimerEvent: {}
[282.589294] (-) TimerEvent: {}
[282.690269] (-) TimerEvent: {}
[282.791348] (-) TimerEvent: {}
[282.892505] (-) TimerEvent: {}
[282.993747] (-) TimerEvent: {}
[283.094889] (-) TimerEvent: {}
[283.195944] (-) TimerEvent: {}
[283.297098] (-) TimerEvent: {}
[283.398830] (-) TimerEvent: {}
[283.499958] (-) TimerEvent: {}
[283.601091] (-) TimerEvent: {}
[283.702935] (-) TimerEvent: {}
[283.804588] (-) TimerEvent: {}
[283.906775] (-) TimerEvent: {}
[284.008378] (-) TimerEvent: {}
[284.109886] (-) TimerEvent: {}
[284.211588] (-) TimerEvent: {}
[284.312957] (-) TimerEvent: {}
[284.414296] (-) TimerEvent: {}
[284.515400] (-) TimerEvent: {}
[284.616481] (-) TimerEvent: {}
[284.717927] (-) TimerEvent: {}
[284.819541] (-) TimerEvent: {}
[284.921176] (-) TimerEvent: {}
[285.022287] (-) TimerEvent: {}
[285.123284] (-) TimerEvent: {}
[285.224503] (-) TimerEvent: {}
[285.325911] (-) TimerEvent: {}
[285.426967] (-) TimerEvent: {}
[285.528001] (-) TimerEvent: {}
[285.629180] (-) TimerEvent: {}
[285.730433] (-) TimerEvent: {}
[285.831520] (-) TimerEvent: {}
[285.932665] (-) TimerEvent: {}
[286.033876] (-) TimerEvent: {}
[286.134932] (-) TimerEvent: {}
[286.235918] (-) TimerEvent: {}
[286.337265] (-) TimerEvent: {}
[286.438463] (-) TimerEvent: {}
[286.539906] (-) TimerEvent: {}
[286.641132] (-) TimerEvent: {}
[286.742449] (-) TimerEvent: {}
[286.843728] (-) TimerEvent: {}
[286.945080] (-) TimerEvent: {}
[287.046307] (-) TimerEvent: {}
[287.147403] (-) TimerEvent: {}
[287.248994] (-) TimerEvent: {}
[287.351558] (-) TimerEvent: {}
[287.452608] (-) TimerEvent: {}
[287.553712] (-) TimerEvent: {}
[287.654597] (-) TimerEvent: {}
[287.755591] (-) TimerEvent: {}
[287.857443] (-) TimerEvent: {}
[287.958524] (-) TimerEvent: {}
[288.059860] (-) TimerEvent: {}
[288.161059] (-) TimerEvent: {}
[288.262160] (-) TimerEvent: {}
[288.363130] (-) TimerEvent: {}
[288.464150] (-) TimerEvent: {}
[288.565454] (-) TimerEvent: {}
[288.666380] (-) TimerEvent: {}
[288.767301] (-) TimerEvent: {}
[288.868414] (-) TimerEvent: {}
[288.969558] (-) TimerEvent: {}
[289.070616] (-) TimerEvent: {}
[289.171684] (-) TimerEvent: {}
[289.273271] (-) TimerEvent: {}
[289.374828] (-) TimerEvent: {}
[289.477455] (-) TimerEvent: {}
[289.578453] (-) TimerEvent: {}
[289.679461] (-) TimerEvent: {}
[289.781122] (-) TimerEvent: {}
[289.882732] (-) TimerEvent: {}
[289.983768] (-) TimerEvent: {}
[290.085187] (-) TimerEvent: {}
[290.186641] (-) TimerEvent: {}
[290.288098] (-) TimerEvent: {}
[290.390279] (-) TimerEvent: {}
[290.491391] (-) TimerEvent: {}
[290.593185] (-) TimerEvent: {}
[290.694872] (-) TimerEvent: {}
[290.795893] (-) TimerEvent: {}
[290.898243] (-) TimerEvent: {}
[290.999369] (-) TimerEvent: {}
[291.100444] (-) TimerEvent: {}
[291.201676] (-) TimerEvent: {}
[291.302994] (-) TimerEvent: {}
[291.404118] (-) TimerEvent: {}
[291.505433] (-) TimerEvent: {}
[291.606932] (-) TimerEvent: {}
[291.708691] (-) TimerEvent: {}
[291.809863] (-) TimerEvent: {}
[291.910854] (-) TimerEvent: {}
[292.012139] (-) TimerEvent: {}
[292.113313] (-) TimerEvent: {}
[292.214477] (-) TimerEvent: {}
[292.315425] (-) TimerEvent: {}
[292.416523] (-) TimerEvent: {}
[292.517850] (-) TimerEvent: {}
[292.618814] (-) TimerEvent: {}
[292.719881] (-) TimerEvent: {}
[292.821029] (-) TimerEvent: {}
[292.923231] (-) TimerEvent: {}
[293.024412] (-) TimerEvent: {}
[293.126811] (-) TimerEvent: {}
[293.228436] (-) TimerEvent: {}
[293.275196] (hdl_global_localization) StdoutLine: {'line': b'[ 56%] Built target hdl_global_localization_engines\n'}
[293.328704] (-) TimerEvent: {}
[293.429900] (-) TimerEvent: {}
[293.491506] (hdl_global_localization) StdoutLine: {'line': b'[ 58%] \x1b[34m\x1b[1mGenerating C type support dispatch for ROS interfaces\x1b[0m\n'}
[293.499364] (hdl_global_localization) StdoutLine: {'line': b'[ 60%] \x1b[34m\x1b[1mGenerating C type support for eProsima Fast-RTPS\x1b[0m\n'}
[293.530265] (-) TimerEvent: {}
[293.631304] (-) TimerEvent: {}
[293.732399] (-) TimerEvent: {}
[293.833436] (-) TimerEvent: {}
[293.934589] (-) TimerEvent: {}
[294.037143] (-) TimerEvent: {}
[294.139202] (-) TimerEvent: {}
[294.240431] (-) TimerEvent: {}
[294.341733] (-) TimerEvent: {}
[294.442840] (-) TimerEvent: {}
[294.544100] (-) TimerEvent: {}
[294.645184] (-) TimerEvent: {}
[294.746211] (-) TimerEvent: {}
[294.853144] (-) TimerEvent: {}
[294.954737] (-) TimerEvent: {}
[295.056938] (-) TimerEvent: {}
[295.157999] (-) TimerEvent: {}
[295.259001] (-) TimerEvent: {}
[295.360419] (-) TimerEvent: {}
[295.461980] (-) TimerEvent: {}
[295.563352] (-) TimerEvent: {}
[295.669173] (-) TimerEvent: {}
[295.771057] (-) TimerEvent: {}
[295.872092] (-) TimerEvent: {}
[295.973238] (-) TimerEvent: {}
[296.084066] (-) TimerEvent: {}
[296.185121] (-) TimerEvent: {}
[296.286267] (-) TimerEvent: {}
[296.387201] (-) TimerEvent: {}
[296.488608] (-) TimerEvent: {}
[296.590739] (-) TimerEvent: {}
[296.691756] (-) TimerEvent: {}
[296.793163] (-) TimerEvent: {}
[296.894185] (-) TimerEvent: {}
[296.951555] (hdl_global_localization) StdoutLine: {'line': b'\x1b[35m\x1b[1mScanning dependencies of target hdl_global_localization__rosidl_typesupport_c\x1b[0m\n'}
[296.994415] (-) TimerEvent: {}
[297.096494] (-) TimerEvent: {}
[297.101472] (hdl_global_localization) StdoutLine: {'line': b'[ 62%] \x1b[32mBuilding CXX object CMakeFiles/hdl_global_localization__rosidl_typesupport_c.dir/rosidl_typesupport_c/hdl_global_localization/srv/query_global_localization__type_support.cpp.o\x1b[0m\n'}
[297.102289] (hdl_global_localization) StdoutLine: {'line': b'[ 63%] \x1b[32mBuilding CXX object CMakeFiles/hdl_global_localization__rosidl_typesupport_c.dir/rosidl_typesupport_c/hdl_global_localization/srv/set_global_map__type_support.cpp.o\x1b[0m\n'}
[297.125065] (hdl_global_localization) StdoutLine: {'line': b'[ 65%] \x1b[32mBuilding CXX object CMakeFiles/hdl_global_localization__rosidl_typesupport_c.dir/rosidl_typesupport_c/hdl_global_localization/srv/set_global_localization_engine__type_support.cpp.o\x1b[0m\n'}
[297.196751] (-) TimerEvent: {}
[297.298823] (-) TimerEvent: {}
[297.400231] (-) TimerEvent: {}
[297.501380] (-) TimerEvent: {}
[297.528603] (hdl_global_localization) StdoutLine: {'line': b'[ 67%] \x1b[32m\x1b[1mLinking CXX shared library libhdl_global_localization__rosidl_typesupport_c.so\x1b[0m\n'}
[297.602075] (-) TimerEvent: {}
[297.675019] (hdl_global_localization) StdoutLine: {'line': b'\x1b[35m\x1b[1mScanning dependencies of target hdl_global_localization__rosidl_typesupport_fastrtps_c\x1b[0m\n'}
[297.702644] (-) TimerEvent: {}
[297.804496] (-) TimerEvent: {}
[297.905822] (-) TimerEvent: {}
[297.925454] (hdl_global_localization) StdoutLine: {'line': b'[ 67%] Built target hdl_global_localization__rosidl_typesupport_c\n'}
[298.006094] (-) TimerEvent: {}
[298.107265] (-) TimerEvent: {}
[298.208286] (-) TimerEvent: {}
[298.310805] (-) TimerEvent: {}
[298.377164] (hdl_global_localization) StdoutLine: {'line': b'[ 68%] \x1b[32mBuilding CXX object CMakeFiles/hdl_global_localization__rosidl_typesupport_fastrtps_c.dir/rosidl_typesupport_fastrtps_c/hdl_global_localization/srv/detail/set_global_map__type_support_c.cpp.o\x1b[0m\n'}
[298.382646] (hdl_global_localization) StdoutLine: {'line': b'[ 70%] \x1b[32mBuilding CXX object CMakeFiles/hdl_global_localization__rosidl_typesupport_fastrtps_c.dir/rosidl_typesupport_fastrtps_c/hdl_global_localization/srv/detail/query_global_localization__type_support_c.cpp.o\x1b[0m\n'}
[298.399590] (hdl_global_localization) StdoutLine: {'line': b'[ 72%] \x1b[32mBuilding CXX object CMakeFiles/hdl_global_localization__rosidl_typesupport_fastrtps_c.dir/rosidl_typesupport_fastrtps_c/hdl_global_localization/srv/detail/set_global_localization_engine__type_support_c.cpp.o\x1b[0m\n'}
[298.411071] (-) TimerEvent: {}
[298.512192] (-) TimerEvent: {}
[298.613309] (-) TimerEvent: {}
[298.714380] (-) TimerEvent: {}
[298.935803] (-) TimerEvent: {}
[299.037149] (-) TimerEvent: {}
[299.138245] (-) TimerEvent: {}
[299.239271] (-) TimerEvent: {}
[299.340388] (-) TimerEvent: {}
[299.441761] (-) TimerEvent: {}
[299.542813] (-) TimerEvent: {}
[299.644047] (-) TimerEvent: {}
[299.749706] (-) TimerEvent: {}
[299.857421] (-) TimerEvent: {}
[299.958820] (-) TimerEvent: {}
[300.062734] (-) TimerEvent: {}
[300.164164] (-) TimerEvent: {}
[300.266061] (-) TimerEvent: {}
[300.367098] (-) TimerEvent: {}
[300.468268] (-) TimerEvent: {}
[300.570659] (-) TimerEvent: {}
[300.671940] (-) TimerEvent: {}
[300.773047] (-) TimerEvent: {}
[300.874566] (-) TimerEvent: {}
[300.977115] (-) TimerEvent: {}
[301.081179] (-) TimerEvent: {}
[301.182189] (-) TimerEvent: {}
[301.283265] (-) TimerEvent: {}
[301.348723] (hdl_global_localization) StdoutLine: {'line': b'[ 74%] \x1b[32m\x1b[1mLinking CXX shared library libhdl_global_localization__rosidl_typesupport_fastrtps_c.so\x1b[0m\n'}
[301.383543] (-) TimerEvent: {}
[301.484542] (-) TimerEvent: {}
[301.585836] (-) TimerEvent: {}
[301.687151] (-) TimerEvent: {}
[301.788535] (-) TimerEvent: {}
[301.889692] (-) TimerEvent: {}
[301.990730] (-) TimerEvent: {}
[302.091858] (-) TimerEvent: {}
[302.193315] (-) TimerEvent: {}
[302.293186] (hdl_global_localization) StdoutLine: {'line': b'[ 74%] Built target hdl_global_localization__rosidl_typesupport_fastrtps_c\n'}
[302.294108] (-) TimerEvent: {}
[302.394976] (-) TimerEvent: {}
[302.496452] (-) TimerEvent: {}
[302.598277] (-) TimerEvent: {}
[302.640989] (hdl_global_localization) StdoutLine: {'line': b'\x1b[35m\x1b[1mScanning dependencies of target hdl_global_localization\x1b[0m\n'}
[302.698548] (-) TimerEvent: {}
[302.726545] (hdl_global_localization) StdoutLine: {'line': b'[ 74%] Built target hdl_global_localization\n'}
[302.798818] (-) TimerEvent: {}
[302.899801] (-) TimerEvent: {}
[303.000791] (-) TimerEvent: {}
[303.095834] (hdl_global_localization) StdoutLine: {'line': b'\x1b[35m\x1b[1mScanning dependencies of target hdl_global_localization_test\x1b[0m\n'}
[303.096655] (hdl_global_localization) StdoutLine: {'line': b'\x1b[35m\x1b[1mScanning dependencies of target hdl_global_localization_node\x1b[0m\n'}
[303.097204] (hdl_global_localization) StdoutLine: {'line': b'\x1b[35m\x1b[1mScanning dependencies of target hdl_global_localization__py\x1b[0m\n'}
[303.101076] (-) TimerEvent: {}
[303.187141] (hdl_global_localization) StdoutLine: {'line': b'[ 75%] \x1b[34m\x1b[1mGenerating Python code for ROS interfaces\x1b[0m\n'}
[303.201333] (-) TimerEvent: {}
[303.302362] (-) TimerEvent: {}
[303.403485] (-) TimerEvent: {}
[303.505496] (-) TimerEvent: {}
[303.606570] (-) TimerEvent: {}
[303.708301] (-) TimerEvent: {}
[303.817238] (-) TimerEvent: {}
[303.918414] (-) TimerEvent: {}
[304.019515] (-) TimerEvent: {}
[304.120496] (-) TimerEvent: {}
[304.221541] (-) TimerEvent: {}
[304.322574] (-) TimerEvent: {}
[304.424515] (-) TimerEvent: {}
[304.525621] (-) TimerEvent: {}
[304.628216] (-) TimerEvent: {}
[304.729574] (-) TimerEvent: {}
[304.830795] (-) TimerEvent: {}
[304.932014] (-) TimerEvent: {}
[304.973543] (hdl_global_localization) StdoutLine: {'line': b'[ 77%] \x1b[32mBuilding CXX object CMakeFiles/hdl_global_localization_node.dir/src/hdl_global_localization_node_ros2.cpp.o\x1b[0m\n'}
[305.010022] (hdl_global_localization) StdoutLine: {'line': b'[ 79%] \x1b[32mBuilding CXX object CMakeFiles/hdl_global_localization_test.dir/src/hdl_global_localization_test_ros2.cpp.o\x1b[0m\n'}
[305.032827] (-) TimerEvent: {}
[305.135011] (-) TimerEvent: {}
[305.236355] (-) TimerEvent: {}
[305.340342] (-) TimerEvent: {}
[305.441965] (-) TimerEvent: {}
[305.543867] (-) TimerEvent: {}
[305.645750] (-) TimerEvent: {}
[305.747050] (-) TimerEvent: {}
[305.849787] (-) TimerEvent: {}
[305.951125] (-) TimerEvent: {}
[306.052143] (-) TimerEvent: {}
[306.155224] (-) TimerEvent: {}
[306.256513] (-) TimerEvent: {}
[306.358986] (-) TimerEvent: {}
[306.460602] (-) TimerEvent: {}
[306.561955] (-) TimerEvent: {}
[306.664757] (-) TimerEvent: {}
[306.768966] (-) TimerEvent: {}
[306.869923] (-) TimerEvent: {}
[306.973055] (-) TimerEvent: {}
[307.074066] (-) TimerEvent: {}
[307.175108] (-) TimerEvent: {}
[307.276168] (-) TimerEvent: {}
[307.377433] (-) TimerEvent: {}
[307.478601] (-) TimerEvent: {}
[307.579581] (-) TimerEvent: {}
[307.680500] (-) TimerEvent: {}
[307.781637] (-) TimerEvent: {}
[307.882703] (-) TimerEvent: {}
[307.983778] (-) TimerEvent: {}
[308.086035] (-) TimerEvent: {}
[308.189369] (-) TimerEvent: {}
[308.290747] (-) TimerEvent: {}
[308.393153] (-) TimerEvent: {}
[308.494703] (-) TimerEvent: {}
[308.595831] (-) TimerEvent: {}
[308.697712] (-) TimerEvent: {}
[308.799007] (-) TimerEvent: {}
[308.989452] (-) TimerEvent: {}
[309.093605] (-) TimerEvent: {}
[309.194701] (-) TimerEvent: {}
[309.295651] (-) TimerEvent: {}
[309.396603] (-) TimerEvent: {}
[309.497907] (-) TimerEvent: {}
[309.599348] (-) TimerEvent: {}
[309.706458] (-) TimerEvent: {}
[309.808685] (-) TimerEvent: {}
[309.910587] (-) TimerEvent: {}
[310.012377] (-) TimerEvent: {}
[310.121161] (-) TimerEvent: {}
[310.235429] (-) TimerEvent: {}
[310.338918] (-) TimerEvent: {}
[310.439919] (-) TimerEvent: {}
[310.476348] (hdl_global_localization) StdoutLine: {'line': b'[ 79%] Built target hdl_global_localization__py\n'}
[310.540166] (-) TimerEvent: {}
[310.641411] (-) TimerEvent: {}
[310.743118] (-) TimerEvent: {}
[310.748616] (hdl_global_localization) StdoutLine: {'line': b'\x1b[35m\x1b[1mScanning dependencies of target hdl_global_localization__python\x1b[0m\n'}
[310.843743] (-) TimerEvent: {}
[310.945664] (-) TimerEvent: {}
[311.046641] (-) TimerEvent: {}
[311.147662] (-) TimerEvent: {}
[311.248742] (-) TimerEvent: {}
[311.293581] (hdl_global_localization) StdoutLine: {'line': b'[ 81%] \x1b[32mBuilding C object CMakeFiles/hdl_global_localization__python.dir/rosidl_generator_py/hdl_global_localization/srv/_set_global_localization_engine_s.c.o\x1b[0m\n'}
[311.345177] (hdl_global_localization) StdoutLine: {'line': b'[ 82%] \x1b[32mBuilding C object CMakeFiles/hdl_global_localization__python.dir/rosidl_generator_py/hdl_global_localization/srv/_query_global_localization_s.c.o\x1b[0m\n'}
[311.349216] (-) TimerEvent: {}
[311.450499] (-) TimerEvent: {}
[311.552023] (-) TimerEvent: {}
[311.653175] (-) TimerEvent: {}
[311.761284] (-) TimerEvent: {}
[311.864076] (-) TimerEvent: {}
[311.966441] (-) TimerEvent: {}
[312.073167] (-) TimerEvent: {}
[312.186380] (-) TimerEvent: {}
[312.290047] (-) TimerEvent: {}
[312.391066] (-) TimerEvent: {}
[312.493720] (-) TimerEvent: {}
[312.595433] (-) TimerEvent: {}
[312.696482] (-) TimerEvent: {}
[312.738599] (hdl_global_localization) StdoutLine: {'line': b'[ 84%] \x1b[32mBuilding C object CMakeFiles/hdl_global_localization__python.dir/rosidl_generator_py/hdl_global_localization/srv/_set_global_map_s.c.o\x1b[0m\n'}
[312.796719] (-) TimerEvent: {}
[312.904693] (-) TimerEvent: {}
[313.005817] (-) TimerEvent: {}
[313.107023] (-) TimerEvent: {}
[313.208092] (-) TimerEvent: {}
[313.309169] (-) TimerEvent: {}
[313.410364] (-) TimerEvent: {}
[313.512064] (-) TimerEvent: {}
[313.613726] (-) TimerEvent: {}
[313.714740] (-) TimerEvent: {}
[313.815847] (-) TimerEvent: {}
[313.897095] (hdl_global_localization) StdoutLine: {'line': b'[ 86%] \x1b[32m\x1b[1mLinking C shared library rosidl_generator_py/hdl_global_localization/libhdl_global_localization__python.so\x1b[0m\n'}
[313.916203] (-) TimerEvent: {}
[314.019323] (-) TimerEvent: {}
[314.120670] (-) TimerEvent: {}
[314.224086] (-) TimerEvent: {}
[314.325501] (-) TimerEvent: {}
[314.425215] (hdl_global_localization) StdoutLine: {'line': b'[ 86%] Built target hdl_global_localization__python\n'}
[314.426024] (-) TimerEvent: {}
[314.527078] (-) TimerEvent: {}
[314.636530] (-) TimerEvent: {}
[314.739388] (-) TimerEvent: {}
[314.788609] (hdl_global_localization) StdoutLine: {'line': b'\x1b[35m\x1b[1mScanning dependencies of target hdl_global_localization__rosidl_typesupport_c__pyext\x1b[0m\n'}
[314.839744] (-) TimerEvent: {}
[314.941207] (-) TimerEvent: {}
[315.045736] (-) TimerEvent: {}
[315.147818] (-) TimerEvent: {}
[315.210236] (hdl_global_localization) StdoutLine: {'line': b'[ 87%] \x1b[32mBuilding C object CMakeFiles/hdl_global_localization__rosidl_typesupport_c__pyext.dir/rosidl_generator_py/hdl_global_localization/_hdl_global_localization_s.ep.rosidl_typesupport_c.c.o\x1b[0m\n'}
[315.249198] (-) TimerEvent: {}
[315.350169] (-) TimerEvent: {}
[315.454943] (-) TimerEvent: {}
[315.555966] (-) TimerEvent: {}
[315.657041] (-) TimerEvent: {}
[315.758091] (-) TimerEvent: {}
[315.861188] (-) TimerEvent: {}
[315.962975] (-) TimerEvent: {}
[316.064028] (-) TimerEvent: {}
[316.098846] (hdl_global_localization) StdoutLine: {'line': b'[ 89%] \x1b[32m\x1b[1mLinking C shared library rosidl_generator_py/hdl_global_localization/hdl_global_localization_s__rosidl_typesupport_c.cpython-38-aarch64-linux-gnu.so\x1b[0m\n'}
[316.164284] (-) TimerEvent: {}
[316.265859] (-) TimerEvent: {}
[316.369400] (-) TimerEvent: {}
[316.470578] (-) TimerEvent: {}
[316.572388] (-) TimerEvent: {}
[316.595418] (hdl_global_localization) StdoutLine: {'line': b'[ 89%] Built target hdl_global_localization__rosidl_typesupport_c__pyext\n'}
[316.674370] (-) TimerEvent: {}
[316.776034] (-) TimerEvent: {}
[316.878305] (-) TimerEvent: {}
[316.980791] (hdl_global_localization) StdoutLine: {'line': b'\x1b[35m\x1b[1mScanning dependencies of target hdl_global_localization__rosidl_typesupport_fastrtps_c__pyext\x1b[0m\n'}
[316.989982] (-) TimerEvent: {}
[317.091156] (-) TimerEvent: {}
[317.192251] (-) TimerEvent: {}
[317.265083] (hdl_global_localization) StdoutLine: {'line': b'[ 91%] \x1b[32mBuilding C object CMakeFiles/hdl_global_localization__rosidl_typesupport_fastrtps_c__pyext.dir/rosidl_generator_py/hdl_global_localization/_hdl_global_localization_s.ep.rosidl_typesupport_fastrtps_c.c.o\x1b[0m\n'}
[317.293710] (-) TimerEvent: {}
[317.394921] (-) TimerEvent: {}
[317.496059] (-) TimerEvent: {}
[317.604335] (-) TimerEvent: {}
[317.705682] (-) TimerEvent: {}
[317.807092] (-) TimerEvent: {}
[317.909793] (-) TimerEvent: {}
[318.012671] (-) TimerEvent: {}
[318.115564] (-) TimerEvent: {}
[318.218013] (-) TimerEvent: {}
[318.292657] (hdl_global_localization) StdoutLine: {'line': b'[ 93%] \x1b[32m\x1b[1mLinking CXX shared library rosidl_generator_py/hdl_global_localization/hdl_global_localization_s__rosidl_typesupport_fastrtps_c.cpython-38-aarch64-linux-gnu.so\x1b[0m\n'}
[318.318292] (-) TimerEvent: {}
[318.419586] (-) TimerEvent: {}
[318.520678] (-) TimerEvent: {}
[318.622469] (-) TimerEvent: {}
[318.723468] (-) TimerEvent: {}
[318.824483] (-) TimerEvent: {}
[318.995787] (hdl_global_localization) StdoutLine: {'line': b'[ 93%] Built target hdl_global_localization__rosidl_typesupport_fastrtps_c__pyext\n'}
[318.996759] (-) TimerEvent: {}
[319.106656] (-) TimerEvent: {}
[319.228515] (-) TimerEvent: {}
[319.331284] (-) TimerEvent: {}
[319.369196] (hdl_global_localization) StdoutLine: {'line': b'\x1b[35m\x1b[1mScanning dependencies of target hdl_global_localization__rosidl_typesupport_introspection_c__pyext\x1b[0m\n'}
[319.432384] (-) TimerEvent: {}
[319.535756] (-) TimerEvent: {}
[319.627239] (hdl_global_localization) StdoutLine: {'line': b'[ 94%] \x1b[32mBuilding C object CMakeFiles/hdl_global_localization__rosidl_typesupport_introspection_c__pyext.dir/rosidl_generator_py/hdl_global_localization/_hdl_global_localization_s.ep.rosidl_typesupport_introspection_c.c.o\x1b[0m\n'}
[319.637212] (-) TimerEvent: {}
[319.739886] (-) TimerEvent: {}
[319.841452] (-) TimerEvent: {}
[319.942537] (-) TimerEvent: {}
[320.043568] (-) TimerEvent: {}
[320.144673] (-) TimerEvent: {}
[320.245895] (-) TimerEvent: {}
[320.349115] (-) TimerEvent: {}
[320.457164] (-) TimerEvent: {}
[320.561216] (-) TimerEvent: {}
[320.568786] (hdl_global_localization) StdoutLine: {'line': b'[ 96%] \x1b[32m\x1b[1mLinking C shared library rosidl_generator_py/hdl_global_localization/hdl_global_localization_s__rosidl_typesupport_introspection_c.cpython-38-aarch64-linux-gnu.so\x1b[0m\n'}
[320.661532] (-) TimerEvent: {}
[320.765449] (-) TimerEvent: {}
[320.867103] (-) TimerEvent: {}
[320.970677] (-) TimerEvent: {}
[321.071909] (-) TimerEvent: {}
[321.151804] (hdl_global_localization) StdoutLine: {'line': b'[ 96%] Built target hdl_global_localization__rosidl_typesupport_introspection_c__pyext\n'}
[321.172162] (-) TimerEvent: {}
[321.275289] (-) TimerEvent: {}
[321.376378] (-) TimerEvent: {}
[321.477700] (-) TimerEvent: {}
[321.578817] (-) TimerEvent: {}
[321.679824] (-) TimerEvent: {}
[321.785562] (-) TimerEvent: {}
[321.887939] (-) TimerEvent: {}
[321.994229] (-) TimerEvent: {}
[322.096413] (-) TimerEvent: {}
[322.197449] (-) TimerEvent: {}
[322.299058] (-) TimerEvent: {}
[322.400476] (-) TimerEvent: {}
[322.501889] (-) TimerEvent: {}
[322.604741] (-) TimerEvent: {}
[322.705908] (-) TimerEvent: {}
[322.807299] (-) TimerEvent: {}
[322.908371] (-) TimerEvent: {}
[323.009997] (-) TimerEvent: {}
[323.111367] (-) TimerEvent: {}
[323.213401] (-) TimerEvent: {}
[323.315541] (-) TimerEvent: {}
[323.416476] (-) TimerEvent: {}
[323.517669] (-) TimerEvent: {}
[323.618705] (-) TimerEvent: {}
[323.723667] (-) TimerEvent: {}
[323.824733] (-) TimerEvent: {}
[324.011008] (-) TimerEvent: {}
[324.113563] (-) TimerEvent: {}
[324.215923] (-) TimerEvent: {}
[324.317074] (-) TimerEvent: {}
[324.419318] (-) TimerEvent: {}
[324.520309] (-) TimerEvent: {}
[324.621459] (-) TimerEvent: {}
[324.723201] (-) TimerEvent: {}
[324.824305] (-) TimerEvent: {}
[324.925390] (-) TimerEvent: {}
[325.026497] (-) TimerEvent: {}
[325.127786] (-) TimerEvent: {}
[325.230026] (-) TimerEvent: {}
[325.331218] (-) TimerEvent: {}
[325.433808] (-) TimerEvent: {}
[325.536223] (-) TimerEvent: {}
[325.644362] (-) TimerEvent: {}
[325.746086] (-) TimerEvent: {}
[325.849145] (-) TimerEvent: {}
[325.950233] (-) TimerEvent: {}
[326.051219] (-) TimerEvent: {}
[326.152283] (-) TimerEvent: {}
[326.253627] (-) TimerEvent: {}
[326.354719] (-) TimerEvent: {}
[326.455963] (-) TimerEvent: {}
[326.557306] (-) TimerEvent: {}
[326.658391] (-) TimerEvent: {}
[326.760449] (-) TimerEvent: {}
[326.862052] (-) TimerEvent: {}
[326.963521] (-) TimerEvent: {}
[327.065766] (-) TimerEvent: {}
[327.167522] (-) TimerEvent: {}
[327.269447] (-) TimerEvent: {}
[327.370808] (-) TimerEvent: {}
[327.472010] (-) TimerEvent: {}
[327.573113] (-) TimerEvent: {}
[327.674197] (-) TimerEvent: {}
[327.775292] (-) TimerEvent: {}
[327.876443] (-) TimerEvent: {}
[327.977759] (-) TimerEvent: {}
[328.078796] (-) TimerEvent: {}
[328.179876] (-) TimerEvent: {}
[328.280988] (-) TimerEvent: {}
[328.382069] (-) TimerEvent: {}
[328.483507] (-) TimerEvent: {}
[328.584734] (-) TimerEvent: {}
[328.686058] (-) TimerEvent: {}
[328.787852] (-) TimerEvent: {}
[328.889122] (-) TimerEvent: {}
[329.139428] (-) TimerEvent: {}
[329.240636] (-) TimerEvent: {}
[329.342413] (-) TimerEvent: {}
[329.444301] (-) TimerEvent: {}
[329.545486] (-) TimerEvent: {}
[329.646550] (-) TimerEvent: {}
[329.747780] (-) TimerEvent: {}
[329.848957] (-) TimerEvent: {}
[329.950401] (-) TimerEvent: {}
[330.052149] (-) TimerEvent: {}
[330.153527] (-) TimerEvent: {}
[330.254634] (-) TimerEvent: {}
[330.355660] (-) TimerEvent: {}
[330.456776] (-) TimerEvent: {}
[330.558037] (-) TimerEvent: {}
[330.659292] (-) TimerEvent: {}
[330.761096] (-) TimerEvent: {}
[330.864167] (-) TimerEvent: {}
[330.966535] (-) TimerEvent: {}
[331.069122] (-) TimerEvent: {}
[331.170472] (-) TimerEvent: {}
[331.273169] (-) TimerEvent: {}
[331.375852] (-) TimerEvent: {}
[331.477150] (-) TimerEvent: {}
[331.579931] (-) TimerEvent: {}
[331.681615] (-) TimerEvent: {}
[331.782907] (-) TimerEvent: {}
[331.883963] (-) TimerEvent: {}
[331.985069] (-) TimerEvent: {}
[332.086532] (-) TimerEvent: {}
[332.189069] (-) TimerEvent: {}
[332.291123] (-) TimerEvent: {}
[332.392150] (-) TimerEvent: {}
[332.493224] (-) TimerEvent: {}
[332.594215] (-) TimerEvent: {}
[332.695214] (-) TimerEvent: {}
[332.796340] (-) TimerEvent: {}
[332.897890] (-) TimerEvent: {}
[332.998991] (-) TimerEvent: {}
[333.100068] (-) TimerEvent: {}
[333.201114] (-) TimerEvent: {}
[333.305600] (-) TimerEvent: {}
[333.408846] (-) TimerEvent: {}
[333.509926] (-) TimerEvent: {}
[333.611107] (-) TimerEvent: {}
[333.712141] (-) TimerEvent: {}
[333.813267] (-) TimerEvent: {}
[333.914402] (-) TimerEvent: {}
[334.015480] (-) TimerEvent: {}
[334.164081] (-) TimerEvent: {}
[334.265263] (-) TimerEvent: {}
[334.366200] (-) TimerEvent: {}
[334.468090] (-) TimerEvent: {}
[334.569186] (-) TimerEvent: {}
[334.670385] (-) TimerEvent: {}
[334.771520] (-) TimerEvent: {}
[334.872676] (-) TimerEvent: {}
[334.974498] (-) TimerEvent: {}
[335.075684] (-) TimerEvent: {}
[335.177599] (-) TimerEvent: {}
[335.278663] (-) TimerEvent: {}
[335.379842] (-) TimerEvent: {}
[335.481447] (-) TimerEvent: {}
[335.583859] (-) TimerEvent: {}
[335.685056] (-) TimerEvent: {}
[335.787377] (-) TimerEvent: {}
[335.888852] (-) TimerEvent: {}
[335.990420] (-) TimerEvent: {}
[336.091956] (-) TimerEvent: {}
[336.193807] (-) TimerEvent: {}
[336.295450] (-) TimerEvent: {}
[336.396999] (-) TimerEvent: {}
[336.498664] (-) TimerEvent: {}
[336.600106] (-) TimerEvent: {}
[336.701551] (-) TimerEvent: {}
[336.803360] (-) TimerEvent: {}
[336.904691] (-) TimerEvent: {}
[337.006449] (-) TimerEvent: {}
[337.108116] (-) TimerEvent: {}
[337.211112] (-) TimerEvent: {}
[337.313110] (-) TimerEvent: {}
[337.415530] (-) TimerEvent: {}
[337.517009] (-) TimerEvent: {}
[337.618308] (-) TimerEvent: {}
[337.719644] (-) TimerEvent: {}
[337.820840] (-) TimerEvent: {}
[337.922877] (-) TimerEvent: {}
[338.024020] (-) TimerEvent: {}
[338.125238] (-) TimerEvent: {}
[338.227238] (-) TimerEvent: {}
[338.329540] (-) TimerEvent: {}
[338.430611] (-) TimerEvent: {}
[338.531952] (-) TimerEvent: {}
[338.634139] (-) TimerEvent: {}
[338.735168] (-) TimerEvent: {}
[338.836201] (-) TimerEvent: {}
[338.937580] (-) TimerEvent: {}
[339.038938] (-) TimerEvent: {}
[339.140786] (-) TimerEvent: {}
[339.285371] (-) TimerEvent: {}
[339.386432] (-) TimerEvent: {}
[339.487583] (-) TimerEvent: {}
[339.588564] (-) TimerEvent: {}
[339.689593] (-) TimerEvent: {}
[339.790638] (-) TimerEvent: {}
[339.892099] (-) TimerEvent: {}
[339.994065] (-) TimerEvent: {}
[340.095832] (-) TimerEvent: {}
[340.197350] (-) TimerEvent: {}
[340.298916] (-) TimerEvent: {}
[340.400739] (-) TimerEvent: {}
[340.502597] (-) TimerEvent: {}
[340.603622] (-) TimerEvent: {}
[340.704812] (-) TimerEvent: {}
[340.805986] (-) TimerEvent: {}
[340.906963] (-) TimerEvent: {}
[341.008279] (-) TimerEvent: {}
[341.110097] (-) TimerEvent: {}
[341.211003] (-) TimerEvent: {}
[341.313237] (-) TimerEvent: {}
[341.414893] (-) TimerEvent: {}
[341.516120] (-) TimerEvent: {}
[341.617453] (-) TimerEvent: {}
[341.721511] (-) TimerEvent: {}
[341.826291] (-) TimerEvent: {}
[341.928346] (-) TimerEvent: {}
[342.030096] (-) TimerEvent: {}
[342.131778] (-) TimerEvent: {}
[342.233030] (-) TimerEvent: {}
[342.334193] (-) TimerEvent: {}
[342.435874] (-) TimerEvent: {}
[342.537069] (-) TimerEvent: {}
[342.638215] (-) TimerEvent: {}
[342.739939] (-) TimerEvent: {}
[342.841128] (-) TimerEvent: {}
[342.942271] (-) TimerEvent: {}
[343.043469] (-) TimerEvent: {}
[343.144552] (-) TimerEvent: {}
[343.247599] (-) TimerEvent: {}
[343.349541] (-) TimerEvent: {}
[343.451829] (-) TimerEvent: {}
[343.553271] (-) TimerEvent: {}
[343.654919] (-) TimerEvent: {}
[343.756256] (-) TimerEvent: {}
[343.858002] (-) TimerEvent: {}
[343.959356] (-) TimerEvent: {}
[344.061347] (-) TimerEvent: {}
[344.162489] (-) TimerEvent: {}
[344.308463] (-) TimerEvent: {}
[344.410187] (-) TimerEvent: {}
[344.511416] (-) TimerEvent: {}
[344.612602] (-) TimerEvent: {}
[344.714190] (-) TimerEvent: {}
[344.815605] (-) TimerEvent: {}
[344.919320] (-) TimerEvent: {}
[345.020445] (-) TimerEvent: {}
[345.125152] (-) TimerEvent: {}
[345.226724] (-) TimerEvent: {}
[345.328478] (-) TimerEvent: {}
[345.431796] (-) TimerEvent: {}
[345.534458] (-) TimerEvent: {}
[345.636157] (-) TimerEvent: {}
[345.737373] (-) TimerEvent: {}
[345.838470] (-) TimerEvent: {}
[345.940706] (-) TimerEvent: {}
[346.041762] (-) TimerEvent: {}
[346.143457] (-) TimerEvent: {}
[346.244532] (-) TimerEvent: {}
[346.345626] (-) TimerEvent: {}
[346.446693] (-) TimerEvent: {}
[346.548338] (-) TimerEvent: {}
[346.649459] (-) TimerEvent: {}
[346.750609] (-) TimerEvent: {}
[346.851919] (-) TimerEvent: {}
[346.954498] (-) TimerEvent: {}
[347.055789] (-) TimerEvent: {}
[347.157904] (-) TimerEvent: {}
[347.260735] (-) TimerEvent: {}
[347.369104] (-) TimerEvent: {}
[347.490283] (-) TimerEvent: {}
[347.593724] (-) TimerEvent: {}
[347.695072] (-) TimerEvent: {}
[347.796622] (-) TimerEvent: {}
[347.898760] (-) TimerEvent: {}
[348.000089] (-) TimerEvent: {}
[348.101435] (-) TimerEvent: {}
[348.202545] (-) TimerEvent: {}
[348.304457] (-) TimerEvent: {}
[348.405645] (-) TimerEvent: {}
[348.507093] (-) TimerEvent: {}
[348.524316] (hdl_global_localization) StdoutLine: {'line': b'[ 98%] \x1b[32m\x1b[1mLinking CXX executable hdl_global_localization_test\x1b[0m\n'}
[348.607377] (-) TimerEvent: {}
[348.708497] (-) TimerEvent: {}
[348.809585] (-) TimerEvent: {}
[348.911100] (-) TimerEvent: {}
[349.014797] (-) TimerEvent: {}
[349.115850] (-) TimerEvent: {}
[349.217517] (-) TimerEvent: {}
[349.318631] (-) TimerEvent: {}
[349.466406] (-) TimerEvent: {}
[349.568448] (-) TimerEvent: {}
[349.669918] (-) TimerEvent: {}
[349.771658] (-) TimerEvent: {}
[349.872648] (-) TimerEvent: {}
[349.974241] (-) TimerEvent: {}
[350.075484] (-) TimerEvent: {}
[350.176748] (-) TimerEvent: {}
[350.278282] (-) TimerEvent: {}
[350.379397] (-) TimerEvent: {}
[350.480755] (-) TimerEvent: {}
[350.582409] (-) TimerEvent: {}
[350.683923] (-) TimerEvent: {}
[350.785683] (-) TimerEvent: {}
[350.890826] (-) TimerEvent: {}
[350.995557] (-) TimerEvent: {}
[351.096852] (-) TimerEvent: {}
[351.198557] (-) TimerEvent: {}
[351.299928] (-) TimerEvent: {}
[351.401180] (-) TimerEvent: {}
[351.502389] (-) TimerEvent: {}
[351.605368] (-) TimerEvent: {}
[351.707572] (-) TimerEvent: {}
[351.809175] (-) TimerEvent: {}
[351.910127] (-) TimerEvent: {}
[352.012133] (-) TimerEvent: {}
[352.114175] (-) TimerEvent: {}
[352.215300] (-) TimerEvent: {}
[352.317636] (-) TimerEvent: {}
[352.419155] (-) TimerEvent: {}
[352.521362] (-) TimerEvent: {}
[352.624469] (-) TimerEvent: {}
[352.725741] (-) TimerEvent: {}
[352.826802] (-) TimerEvent: {}
[352.877201] (hdl_global_localization) StdoutLine: {'line': b'[ 98%] Built target hdl_global_localization_test\n'}
[352.927060] (-) TimerEvent: {}
[353.028642] (-) TimerEvent: {}
[353.129742] (-) TimerEvent: {}
[353.230725] (-) TimerEvent: {}
[353.331889] (-) TimerEvent: {}
[353.433846] (-) TimerEvent: {}
[353.535211] (-) TimerEvent: {}
[353.636370] (-) TimerEvent: {}
[353.738589] (-) TimerEvent: {}
[353.839938] (-) TimerEvent: {}
[353.941568] (-) TimerEvent: {}
[354.043683] (-) TimerEvent: {}
[354.145420] (-) TimerEvent: {}
[354.246581] (-) TimerEvent: {}
[354.350164] (-) TimerEvent: {}
[354.451833] (-) TimerEvent: {}
[354.554741] (-) TimerEvent: {}
[354.655935] (-) TimerEvent: {}
[354.757523] (-) TimerEvent: {}
[354.858709] (-) TimerEvent: {}
[354.960083] (-) TimerEvent: {}
[355.061503] (-) TimerEvent: {}
[355.162578] (-) TimerEvent: {}
[355.263593] (-) TimerEvent: {}
[355.364635] (-) TimerEvent: {}
[355.465747] (-) TimerEvent: {}
[355.566799] (-) TimerEvent: {}
[355.667876] (-) TimerEvent: {}
[355.768999] (-) TimerEvent: {}
[355.870044] (-) TimerEvent: {}
[355.971373] (-) TimerEvent: {}
[356.072331] (-) TimerEvent: {}
[356.173922] (-) TimerEvent: {}
[356.274871] (-) TimerEvent: {}
[356.376239] (-) TimerEvent: {}
[356.477679] (-) TimerEvent: {}
[356.579309] (-) TimerEvent: {}
[356.680368] (-) TimerEvent: {}
[356.781812] (-) TimerEvent: {}
[356.883994] (-) TimerEvent: {}
[356.985307] (-) TimerEvent: {}
[357.086242] (-) TimerEvent: {}
[357.187242] (-) TimerEvent: {}
[357.288341] (-) TimerEvent: {}
[357.389806] (-) TimerEvent: {}
[357.490809] (-) TimerEvent: {}
[357.591961] (-) TimerEvent: {}
[357.694195] (-) TimerEvent: {}
[357.795218] (-) TimerEvent: {}
[357.896318] (-) TimerEvent: {}
[357.998044] (-) TimerEvent: {}
[358.099266] (-) TimerEvent: {}
[358.200360] (-) TimerEvent: {}
[358.301823] (-) TimerEvent: {}
[358.404147] (-) TimerEvent: {}
[358.505111] (-) TimerEvent: {}
[358.606204] (-) TimerEvent: {}
[358.707219] (-) TimerEvent: {}
[358.809236] (-) TimerEvent: {}
[358.910306] (-) TimerEvent: {}
[359.011654] (-) TimerEvent: {}
[359.066270] (hdl_global_localization) StdoutLine: {'line': b'[100%] \x1b[32m\x1b[1mLinking CXX executable hdl_global_localization_node\x1b[0m\n'}
[359.111892] (-) TimerEvent: {}
[359.213193] (-) TimerEvent: {}
[359.314230] (-) TimerEvent: {}
[359.418892] (-) TimerEvent: {}
[359.599034] (-) TimerEvent: {}
[359.700201] (-) TimerEvent: {}
[359.801542] (-) TimerEvent: {}
[359.903182] (-) TimerEvent: {}
[360.004774] (-) TimerEvent: {}
[360.106883] (-) TimerEvent: {}
[360.208062] (-) TimerEvent: {}
[360.309421] (-) TimerEvent: {}
[360.410483] (-) TimerEvent: {}
[360.511975] (-) TimerEvent: {}
[360.613147] (-) TimerEvent: {}
[360.714158] (-) TimerEvent: {}
[360.815242] (-) TimerEvent: {}
[360.916369] (-) TimerEvent: {}
[361.017504] (-) TimerEvent: {}
[361.119997] (-) TimerEvent: {}
[361.222367] (-) TimerEvent: {}
[361.324289] (-) TimerEvent: {}
[361.425482] (-) TimerEvent: {}
[361.527122] (-) TimerEvent: {}
[361.628856] (-) TimerEvent: {}
[361.730080] (-) TimerEvent: {}
[361.832067] (-) TimerEvent: {}
[361.934289] (-) TimerEvent: {}
[362.035554] (-) TimerEvent: {}
[362.137152] (-) TimerEvent: {}
[362.238430] (-) TimerEvent: {}
[362.339484] (-) TimerEvent: {}
[362.440577] (-) TimerEvent: {}
[362.543761] (-) TimerEvent: {}
[362.644978] (-) TimerEvent: {}
[362.746581] (-) TimerEvent: {}
[362.849257] (-) TimerEvent: {}
[362.950896] (-) TimerEvent: {}
[363.052018] (-) TimerEvent: {}
[363.153827] (-) TimerEvent: {}
[363.255126] (-) TimerEvent: {}
[363.356460] (-) TimerEvent: {}
[363.459268] (-) TimerEvent: {}
[363.561146] (-) TimerEvent: {}
[363.662677] (-) TimerEvent: {}
[363.763724] (-) TimerEvent: {}
[363.864782] (-) TimerEvent: {}
[363.967391] (-) TimerEvent: {}
[364.068485] (-) TimerEvent: {}
[364.169759] (-) TimerEvent: {}
[364.270902] (-) TimerEvent: {}
[364.372346] (-) TimerEvent: {}
[364.473440] (-) TimerEvent: {}
[364.718854] (-) TimerEvent: {}
[364.823583] (-) TimerEvent: {}
[364.925042] (-) TimerEvent: {}
[365.026113] (-) TimerEvent: {}
[365.127124] (-) TimerEvent: {}
[365.228124] (-) TimerEvent: {}
[365.329254] (-) TimerEvent: {}
[365.430379] (-) TimerEvent: {}
[365.531481] (-) TimerEvent: {}
[365.632745] (-) TimerEvent: {}
[365.735020] (-) TimerEvent: {}
[365.836210] (-) TimerEvent: {}
[365.937649] (-) TimerEvent: {}
[366.038839] (-) TimerEvent: {}
[366.100732] (hdl_global_localization) StdoutLine: {'line': b'[100%] Built target hdl_global_localization_node\n'}
[366.139077] (-) TimerEvent: {}
[366.240197] (-) TimerEvent: {}
[366.274910] (hdl_global_localization) CommandEnded: {'returncode': 0}
[366.341236] (-) TimerEvent: {}
[366.444114] (-) TimerEvent: {}
[366.545064] (-) TimerEvent: {}
[366.646084] (-) TimerEvent: {}
[366.747292] (-) TimerEvent: {}
[366.849249] (-) TimerEvent: {}
[366.951077] (-) TimerEvent: {}
[367.052775] (-) TimerEvent: {}
[367.130251] (hdl_global_localization) JobProgress: {'identifier': 'hdl_global_localization', 'progress': 'install'}
[367.142811] (hdl_global_localization) Command: {'cmd': ['/usr/bin/cmake', '--install', '/home/ysc/lite_cog_ros2/nav/src/build/hdl_global_localization'], 'cwd': '/home/ysc/lite_cog_ros2/nav/src/build/hdl_global_localization', 'env': OrderedDict([('LESSOPEN', '| /usr/bin/lesspipe %s'), ('USER', 'ysc'), ('LC_TIME', 'zh_CN.UTF-8'), ('SSH_AGENT_PID', '1969'), ('XDG_SESSION_TYPE', 'x11'), ('SHLVL', '1'), ('LD_LIBRARY_PATH', '/usr/lib/aarch64-linux-gnu/gazebo-11/plugins:/opt/ros/foxy/opt/yaml_cpp_vendor/lib:/opt/ros/foxy/opt/rviz_ogre_vendor/lib:/opt/ros/foxy/lib/aarch64-linux-gnu:/opt/ros/foxy/lib:/usr/local/cuda-11.4/lib64:'), ('HOME', '/home/ysc'), ('DESKTOP_SESSION', 'ubuntu'), ('JETSON_L4T', '35.4.1'), ('ROS_PYTHON_VERSION', '3'), ('GNOME_SHELL_SESSION_MODE', 'ubuntu'), ('GTK_MODULES', 'gail:atk-bridge'), ('JETSON_MODEL', 'NVIDIA Jetson Xavier NX Developer Kit'), ('LC_MONETARY', 'zh_CN.UTF-8'), ('MANAGERPID', '1455'), ('DBUS_STARTER_BUS_TYPE', 'session'), ('ROS_LOG_DIR', '/home/ysc/lite_cog_ros2/system/log'), ('DBUS_SESSION_BUS_ADDRESS', 'unix:path=/run/user/1000/bus,guid=9490700c6fa999152488ef0b69425bff'), ('COLORTERM', 'truecolor'), ('_colcon_cd_root', '/opt/ros/foxy/'), ('IM_CONFIG_PHASE', '1'), ('COLCON_PREFIX_PATH', '/home/ysc/lite_cog_ros2/nav/src/install'), ('ROS_DISTRO', 'foxy'), ('LOGNAME', 'ysc'), ('JETSON_MODULE', 'NVIDIA Jetson Xavier NX'), ('JETSON_SERIAL_NUMBER', '1421125032270'), ('JOURNAL_STREAM', '8:50396'), ('_', '/usr/bin/colcon'), ('ROS_VERSION', '2'), ('JETSON_CODENAME', 'Jakku'), ('XDG_SESSION_CLASS', 'user'), ('USERNAME', 'ysc'), ('TERM', 'xterm-256color'), ('GNOME_DESKTOP_SESSION_ID', 'this-is-deprecated'), ('ROS_LOCALHOST_ONLY', '0'), ('WINDOWPATH', '2'), ('PATH', '/opt/ros/foxy/bin:/usr/local/cuda-11.4/bin:/home/ysc/.local/bin:/usr/local/sbin:/usr/local/bin:/usr/sbin:/usr/bin:/sbin:/bin:/usr/games:/usr/local/games:/snap/bin'), ('SESSION_MANAGER', 'local/lite:@/tmp/.ICE-unix/2074,unix/lite:/tmp/.ICE-unix/2074'), ('INVOCATION_ID', 'dfe74acf5258439cad30ef121e26087a'), ('XDG_MENU_PREFIX', 'gnome-'), ('LC_ADDRESS', 'zh_CN.UTF-8'), ('GNOME_TERMINAL_SCREEN', '/org/gnome/Terminal/screen/216edd38_1dc2_4ec0_a174_a9822a6e6163'), ('XDG_RUNTIME_DIR', '/run/user/1000'), ('DISPLAY', ':0'), ('LANG', 'en_US.UTF-8'), ('XDG_CURRENT_DESKTOP', 'ubuntu:GNOME'), ('LC_TELEPHONE', 'zh_CN.UTF-8'), ('RMW_IMPLEMENTATION', 'rmw_cyclonedds_cpp'), ('XMODIFIERS', '@im=ibus'), ('XDG_SESSION_DESKTOP', 'ubuntu'), ('XAUTHORITY', '/run/user/1000/gdm/Xauthority'), ('LS_COLORS', 'rs=0:di=01;34:ln=01;36:mh=00:pi=40;33:so=01;35:do=01;35:bd=40;33;01:cd=40;33;01:or=40;31;01:mi=00:su=37;41:sg=30;43:ca=30;41:tw=30;42:ow=34;42:st=37;44:ex=01;32:*.tar=01;31:*.tgz=01;31:*.arc=01;31:*.arj=01;31:*.taz=01;31:*.lha=01;31:*.lz4=01;31:*.lzh=01;31:*.lzma=01;31:*.tlz=01;31:*.txz=01;31:*.tzo=01;31:*.t7z=01;31:*.zip=01;31:*.z=01;31:*.dz=01;31:*.gz=01;31:*.lrz=01;31:*.lz=01;31:*.lzo=01;31:*.xz=01;31:*.zst=01;31:*.tzst=01;31:*.bz2=01;31:*.bz=01;31:*.tbz=01;31:*.tbz2=01;31:*.tz=01;31:*.deb=01;31:*.rpm=01;31:*.jar=01;31:*.war=01;31:*.ear=01;31:*.sar=01;31:*.rar=01;31:*.alz=01;31:*.ace=01;31:*.zoo=01;31:*.cpio=01;31:*.7z=01;31:*.rz=01;31:*.cab=01;31:*.wim=01;31:*.swm=01;31:*.dwm=01;31:*.esd=01;31:*.jpg=01;35:*.jpeg=01;35:*.mjpg=01;35:*.mjpeg=01;35:*.gif=01;35:*.bmp=01;35:*.pbm=01;35:*.pgm=01;35:*.ppm=01;35:*.tga=01;35:*.xbm=01;35:*.xpm=01;35:*.tif=01;35:*.tiff=01;35:*.png=01;35:*.svg=01;35:*.svgz=01;35:*.mng=01;35:*.pcx=01;35:*.mov=01;35:*.mpg=01;35:*.mpeg=01;35:*.m2v=01;35:*.mkv=01;35:*.webm=01;35:*.ogm=01;35:*.mp4=01;35:*.m4v=01;35:*.mp4v=01;35:*.vob=01;35:*.qt=01;35:*.nuv=01;35:*.wmv=01;35:*.asf=01;35:*.rm=01;35:*.rmvb=01;35:*.flc=01;35:*.avi=01;35:*.fli=01;35:*.flv=01;35:*.gl=01;35:*.dl=01;35:*.xcf=01;35:*.xwd=01;35:*.yuv=01;35:*.cgm=01;35:*.emf=01;35:*.ogv=01;35:*.ogx=01;35:*.aac=00;36:*.au=00;36:*.flac=00;36:*.m4a=00;36:*.mid=00;36:*.midi=00;36:*.mka=00;36:*.mp3=00;36:*.mpc=00;36:*.ogg=00;36:*.ra=00;36:*.wav=00;36:*.oga=00;36:*.opus=00;36:*.spx=00;36:*.xspf=00;36:'), ('JETSON_SOC', 'tegra194'), ('GNOME_TERMINAL_SERVICE', ':1.104'), ('SSH_AUTH_SOCK', '/run/user/1000/keyring/ssh'), ('ROS_DOMAIN_ID', '0'), ('AMENT_PREFIX_PATH', '/home/ysc/lite_cog_ros2/nav/src/install/narrow_passage_controller:/opt/ros/foxy'), ('SHELL', '/bin/bash'), ('LC_NAME', 'zh_CN.UTF-8'), ('QT_ACCESSIBILITY', '1'), ('GDMSESSION', 'ubuntu'), ('LESSCLOSE', '/usr/bin/lesspipe %s %s'), ('LC_MEASUREMENT', 'zh_CN.UTF-8'), ('GPG_AGENT_INFO', '/run/user/1000/gnupg/S.gpg-agent:0:1'), ('LC_IDENTIFICATION', 'zh_CN.UTF-8'), ('QT_IM_MODULE', 'ibus'), ('JETSON_CUDA_ARCH_BIN', '7.2'), ('PWD', '/home/ysc/lite_cog_ros2/nav/src/build/hdl_global_localization'), ('LC_ALL', 'en_US.UTF-8'), ('XDG_CONFIG_DIRS', '/etc/xdg/xdg-ubuntu:/etc/xdg'), ('DBUS_STARTER_ADDRESS', 'unix:path=/run/user/1000/bus,guid=9490700c6fa999152488ef0b69425bff'), ('XDG_DATA_DIRS', '/usr/share/ubuntu:/usr/local/share/:/usr/share/:/var/lib/snapd/desktop'), ('PYTHONPATH', '/home/ysc/lite_cog_ros2/nav/src/install/narrow_passage_controller/lib/python3.8/site-packages:/opt/ros/foxy/lib/python3.8/site-packages'), ('LC_NUMERIC', 'zh_CN.UTF-8'), ('LC_PAPER', 'zh_CN.UTF-8'), ('COLCON', '1'), ('VTE_VERSION', '6003'), ('JETSON_JETPACK', '5.1.2'), ('JETSON_P_NUMBER', 'p3668-0001'), ('CMAKE_PREFIX_PATH', '/home/ysc/lite_cog_ros2/nav/src/install/narrow_passage_controller:/opt/ros/foxy')]), 'shell': False}
[367.163963] (-) TimerEvent: {}
[367.266968] (-) TimerEvent: {}
[367.345644] (hdl_global_localization) StdoutLine: {'line': b'-- Install configuration: ""\n'}
[367.348802] (hdl_global_localization) StdoutLine: {'line': b'-- Installing: /home/ysc/lite_cog_ros2/nav/src/install/hdl_global_localization/share/ament_index/resource_index/rosidl_interfaces/hdl_global_localization\n'}
[367.352431] (hdl_global_localization) StdoutLine: {'line': b'-- Installing: /home/ysc/lite_cog_ros2/nav/src/install/hdl_global_localization/include/hdl_global_localization\n'}
[367.355495] (hdl_global_localization) StdoutLine: {'line': b'-- Installing: /home/ysc/lite_cog_ros2/nav/src/install/hdl_global_localization/include/hdl_global_localization/msg\n'}
[367.356384] (hdl_global_localization) StdoutLine: {'line': b'-- Installing: /home/ysc/lite_cog_ros2/nav/src/install/hdl_global_localization/include/hdl_global_localization/msg/rosidl_generator_c__visibility_control.h\n'}
[367.357299] (hdl_global_localization) StdoutLine: {'line': b'-- Installing: /home/ysc/lite_cog_ros2/nav/src/install/hdl_global_localization/include/hdl_global_localization/srv\n'}
[367.359163] (hdl_global_localization) StdoutLine: {'line': b'-- Installing: /home/ysc/lite_cog_ros2/nav/src/install/hdl_global_localization/include/hdl_global_localization/srv/query_global_localization.h\n'}
[367.360157] (hdl_global_localization) StdoutLine: {'line': b'-- Installing: /home/ysc/lite_cog_ros2/nav/src/install/hdl_global_localization/include/hdl_global_localization/srv/detail\n'}
[367.361177] (hdl_global_localization) StdoutLine: {'line': b'-- Installing: /home/ysc/lite_cog_ros2/nav/src/install/hdl_global_localization/include/hdl_global_localization/srv/detail/query_global_localization__type_support.h\n'}
[367.361972] (hdl_global_localization) StdoutLine: {'line': b'-- Installing: /home/ysc/lite_cog_ros2/nav/src/install/hdl_global_localization/include/hdl_global_localization/srv/detail/set_global_localization_engine__struct.h\n'}
[367.363002] (hdl_global_localization) StdoutLine: {'line': b'-- Installing: /home/ysc/lite_cog_ros2/nav/src/install/hdl_global_localization/include/hdl_global_localization/srv/detail/set_global_map__struct.h\n'}
[367.364204] (hdl_global_localization) StdoutLine: {'line': b'-- Installing: /home/ysc/lite_cog_ros2/nav/src/install/hdl_global_localization/include/hdl_global_localization/srv/detail/query_global_localization__functions.h\n'}
[367.365149] (hdl_global_localization) StdoutLine: {'line': b'-- Installing: /home/ysc/lite_cog_ros2/nav/src/install/hdl_global_localization/include/hdl_global_localization/srv/detail/set_global_localization_engine__functions.c\n'}
[367.365912] (hdl_global_localization) StdoutLine: {'line': b'-- Installing: /home/ysc/lite_cog_ros2/nav/src/install/hdl_global_localization/include/hdl_global_localization/srv/detail/query_global_localization__functions.c\n'}
[367.366528] (hdl_global_localization) StdoutLine: {'line': b'-- Installing: /home/ysc/lite_cog_ros2/nav/src/install/hdl_global_localization/include/hdl_global_localization/srv/detail/set_global_localization_engine__type_support.h\n'}
[367.366987] (-) TimerEvent: {}
[367.367670] (hdl_global_localization) StdoutLine: {'line': b'-- Installing: /home/ysc/lite_cog_ros2/nav/src/install/hdl_global_localization/include/hdl_global_localization/srv/detail/query_global_localization__struct.h\n'}
[367.368265] (hdl_global_localization) StdoutLine: {'line': b'-- Installing: /home/ysc/lite_cog_ros2/nav/src/install/hdl_global_localization/include/hdl_global_localization/srv/detail/set_global_localization_engine__functions.h\n'}
[367.369559] (hdl_global_localization) StdoutLine: {'line': b'-- Installing: /home/ysc/lite_cog_ros2/nav/src/install/hdl_global_localization/include/hdl_global_localization/srv/detail/set_global_map__type_support.h\n'}
[367.370200] (hdl_global_localization) StdoutLine: {'line': b'-- Installing: /home/ysc/lite_cog_ros2/nav/src/install/hdl_global_localization/include/hdl_global_localization/srv/detail/set_global_map__functions.c\n'}
[367.370646] (hdl_global_localization) StdoutLine: {'line': b'-- Installing: /home/ysc/lite_cog_ros2/nav/src/install/hdl_global_localization/include/hdl_global_localization/srv/detail/set_global_map__functions.h\n'}
[367.371004] (hdl_global_localization) StdoutLine: {'line': b'-- Installing: /home/ysc/lite_cog_ros2/nav/src/install/hdl_global_localization/include/hdl_global_localization/srv/set_global_map.h\n'}
[367.372944] (hdl_global_localization) StdoutLine: {'line': b'-- Installing: /home/ysc/lite_cog_ros2/nav/src/install/hdl_global_localization/include/hdl_global_localization/srv/set_global_localization_engine.h\n'}
[367.373422] (hdl_global_localization) StdoutLine: {'line': b'-- Installing: /home/ysc/lite_cog_ros2/nav/src/install/hdl_global_localization/share/hdl_global_localization/environment/library_path.sh\n'}
[367.467282] (-) TimerEvent: {}
[367.513644] (hdl_global_localization) StdoutLine: {'line': b'-- Installing: /home/ysc/lite_cog_ros2/nav/src/install/hdl_global_localization/share/hdl_global_localization/environment/library_path.dsv\n'}
[367.516017] (hdl_global_localization) StdoutLine: {'line': b'-- Installing: /home/ysc/lite_cog_ros2/nav/src/install/hdl_global_localization/lib/libhdl_global_localization__rosidl_generator_c.so\n'}
[367.527718] (hdl_global_localization) StdoutLine: {'line': b'-- Set runtime path of "/home/ysc/lite_cog_ros2/nav/src/install/hdl_global_localization/lib/libhdl_global_localization__rosidl_generator_c.so" to ""\n'}
[367.530209] (hdl_global_localization) StdoutLine: {'line': b'-- Up-to-date: /home/ysc/lite_cog_ros2/nav/src/install/hdl_global_localization/include/hdl_global_localization\n'}
[367.533991] (hdl_global_localization) StdoutLine: {'line': b'-- Up-to-date: /home/ysc/lite_cog_ros2/nav/src/install/hdl_global_localization/include/hdl_global_localization/msg\n'}
[367.535567] (hdl_global_localization) StdoutLine: {'line': b'-- Installing: /home/ysc/lite_cog_ros2/nav/src/install/hdl_global_localization/include/hdl_global_localization/msg/rosidl_typesupport_fastrtps_c__visibility_control.h\n'}
[367.536125] (hdl_global_localization) StdoutLine: {'line': b'-- Up-to-date: /home/ysc/lite_cog_ros2/nav/src/install/hdl_global_localization/include/hdl_global_localization/srv\n'}
[367.537291] (hdl_global_localization) StdoutLine: {'line': b'-- Up-to-date: /home/ysc/lite_cog_ros2/nav/src/install/hdl_global_localization/include/hdl_global_localization/srv/detail\n'}
[367.537826] (hdl_global_localization) StdoutLine: {'line': b'-- Installing: /home/ysc/lite_cog_ros2/nav/src/install/hdl_global_localization/include/hdl_global_localization/srv/detail/query_global_localization__rosidl_typesupport_fastrtps_c.h\n'}
[367.538578] (hdl_global_localization) StdoutLine: {'line': b'-- Installing: /home/ysc/lite_cog_ros2/nav/src/install/hdl_global_localization/include/hdl_global_localization/srv/detail/set_global_localization_engine__rosidl_typesupport_fastrtps_c.h\n'}
[367.539529] (hdl_global_localization) StdoutLine: {'line': b'-- Installing: /home/ysc/lite_cog_ros2/nav/src/install/hdl_global_localization/include/hdl_global_localization/srv/detail/set_global_map__rosidl_typesupport_fastrtps_c.h\n'}
[367.540439] (hdl_global_localization) StdoutLine: {'line': b'-- Installing: /home/ysc/lite_cog_ros2/nav/src/install/hdl_global_localization/lib/libhdl_global_localization__rosidl_typesupport_fastrtps_c.so\n'}
[367.541154] (hdl_global_localization) StdoutLine: {'line': b'-- Set runtime path of "/home/ysc/lite_cog_ros2/nav/src/install/hdl_global_localization/lib/libhdl_global_localization__rosidl_typesupport_fastrtps_c.so" to ""\n'}
[367.541927] (hdl_global_localization) StdoutLine: {'line': b'-- Up-to-date: /home/ysc/lite_cog_ros2/nav/src/install/hdl_global_localization/include/hdl_global_localization\n'}
[367.542678] (hdl_global_localization) StdoutLine: {'line': b'-- Up-to-date: /home/ysc/lite_cog_ros2/nav/src/install/hdl_global_localization/include/hdl_global_localization/msg\n'}
[367.543923] (hdl_global_localization) StdoutLine: {'line': b'-- Installing: /home/ysc/lite_cog_ros2/nav/src/install/hdl_global_localization/include/hdl_global_localization/msg/rosidl_typesupport_fastrtps_cpp__visibility_control.h\n'}
[367.545200] (hdl_global_localization) StdoutLine: {'line': b'-- Up-to-date: /home/ysc/lite_cog_ros2/nav/src/install/hdl_global_localization/include/hdl_global_localization/srv\n'}
[367.545735] (hdl_global_localization) StdoutLine: {'line': b'-- Up-to-date: /home/ysc/lite_cog_ros2/nav/src/install/hdl_global_localization/include/hdl_global_localization/srv/detail\n'}
[367.546486] (hdl_global_localization) StdoutLine: {'line': b'-- Installing: /home/ysc/lite_cog_ros2/nav/src/install/hdl_global_localization/include/hdl_global_localization/srv/detail/set_global_localization_engine__rosidl_typesupport_fastrtps_cpp.hpp\n'}
[367.547233] (hdl_global_localization) StdoutLine: {'line': b'-- Installing: /home/ysc/lite_cog_ros2/nav/src/install/hdl_global_localization/include/hdl_global_localization/srv/detail/dds_fastrtps\n'}
[367.547931] (hdl_global_localization) StdoutLine: {'line': b'-- Installing: /home/ysc/lite_cog_ros2/nav/src/install/hdl_global_localization/include/hdl_global_localization/srv/detail/set_global_map__rosidl_typesupport_fastrtps_cpp.hpp\n'}
[367.550725] (hdl_global_localization) StdoutLine: {'line': b'-- Installing: /home/ysc/lite_cog_ros2/nav/src/install/hdl_global_localization/include/hdl_global_localization/srv/detail/query_global_localization__rosidl_typesupport_fastrtps_cpp.hpp\n'}
[367.551329] (hdl_global_localization) StdoutLine: {'line': b'-- Installing: /home/ysc/lite_cog_ros2/nav/src/install/hdl_global_localization/lib/libhdl_global_localization__rosidl_typesupport_fastrtps_cpp.so\n'}
[367.553168] (hdl_global_localization) StdoutLine: {'line': b'-- Set runtime path of "/home/ysc/lite_cog_ros2/nav/src/install/hdl_global_localization/lib/libhdl_global_localization__rosidl_typesupport_fastrtps_cpp.so" to ""\n'}
[367.554173] (hdl_global_localization) StdoutLine: {'line': b'-- Up-to-date: /home/ysc/lite_cog_ros2/nav/src/install/hdl_global_localization/include/hdl_global_localization\n'}
[367.554960] (hdl_global_localization) StdoutLine: {'line': b'-- Up-to-date: /home/ysc/lite_cog_ros2/nav/src/install/hdl_global_localization/include/hdl_global_localization/msg\n'}
[367.555453] (hdl_global_localization) StdoutLine: {'line': b'-- Installing: /home/ysc/lite_cog_ros2/nav/src/install/hdl_global_localization/include/hdl_global_localization/msg/rosidl_typesupport_introspection_c__visibility_control.h\n'}
[367.556510] (hdl_global_localization) StdoutLine: {'line': b'-- Up-to-date: /home/ysc/lite_cog_ros2/nav/src/install/hdl_global_localization/include/hdl_global_localization/srv\n'}
[367.557067] (hdl_global_localization) StdoutLine: {'line': b'-- Up-to-date: /home/ysc/lite_cog_ros2/nav/src/install/hdl_global_localization/include/hdl_global_localization/srv/detail\n'}
[367.557726] (hdl_global_localization) StdoutLine: {'line': b'-- Installing: /home/ysc/lite_cog_ros2/nav/src/install/hdl_global_localization/include/hdl_global_localization/srv/detail/set_global_localization_engine__type_support.c\n'}
[367.558137] (hdl_global_localization) StdoutLine: {'line': b'-- Installing: /home/ysc/lite_cog_ros2/nav/src/install/hdl_global_localization/include/hdl_global_localization/srv/detail/query_global_localization__rosidl_typesupport_introspection_c.h\n'}
[367.559358] (hdl_global_localization) StdoutLine: {'line': b'-- Installing: /home/ysc/lite_cog_ros2/nav/src/install/hdl_global_localization/include/hdl_global_localization/srv/detail/set_global_localization_engine__rosidl_typesupport_introspection_c.h\n'}
[367.560694] (hdl_global_localization) StdoutLine: {'line': b'-- Installing: /home/ysc/lite_cog_ros2/nav/src/install/hdl_global_localization/include/hdl_global_localization/srv/detail/query_global_localization__type_support.c\n'}
[367.561642] (hdl_global_localization) StdoutLine: {'line': b'-- Installing: /home/ysc/lite_cog_ros2/nav/src/install/hdl_global_localization/include/hdl_global_localization/srv/detail/set_global_map__rosidl_typesupport_introspection_c.h\n'}
[367.562372] (hdl_global_localization) StdoutLine: {'line': b'-- Installing: /home/ysc/lite_cog_ros2/nav/src/install/hdl_global_localization/include/hdl_global_localization/srv/detail/set_global_map__type_support.c\n'}
[367.564159] (hdl_global_localization) StdoutLine: {'line': b'-- Installing: /home/ysc/lite_cog_ros2/nav/src/install/hdl_global_localization/lib/libhdl_global_localization__rosidl_typesupport_introspection_c.so\n'}
[367.567479] (-) TimerEvent: {}
[367.569703] (hdl_global_localization) StdoutLine: {'line': b'-- Set runtime path of "/home/ysc/lite_cog_ros2/nav/src/install/hdl_global_localization/lib/libhdl_global_localization__rosidl_typesupport_introspection_c.so" to ""\n'}
[367.570385] (hdl_global_localization) StdoutLine: {'line': b'-- Installing: /home/ysc/lite_cog_ros2/nav/src/install/hdl_global_localization/lib/libhdl_global_localization__rosidl_typesupport_c.so\n'}
[367.572497] (hdl_global_localization) StdoutLine: {'line': b'-- Set runtime path of "/home/ysc/lite_cog_ros2/nav/src/install/hdl_global_localization/lib/libhdl_global_localization__rosidl_typesupport_c.so" to ""\n'}
[367.573470] (hdl_global_localization) StdoutLine: {'line': b'-- Up-to-date: /home/ysc/lite_cog_ros2/nav/src/install/hdl_global_localization/include/hdl_global_localization\n'}
[367.574221] (hdl_global_localization) StdoutLine: {'line': b'-- Up-to-date: /home/ysc/lite_cog_ros2/nav/src/install/hdl_global_localization/include/hdl_global_localization/msg\n'}
[367.574638] (hdl_global_localization) StdoutLine: {'line': b'-- Installing: /home/ysc/lite_cog_ros2/nav/src/install/hdl_global_localization/include/hdl_global_localization/msg/rosidl_generator_cpp__visibility_control.hpp\n'}
[367.575474] (hdl_global_localization) StdoutLine: {'line': b'-- Up-to-date: /home/ysc/lite_cog_ros2/nav/src/install/hdl_global_localization/include/hdl_global_localization/srv\n'}
[367.576027] (hdl_global_localization) StdoutLine: {'line': b'-- Installing: /home/ysc/lite_cog_ros2/nav/src/install/hdl_global_localization/include/hdl_global_localization/srv/query_global_localization.hpp\n'}
[367.576996] (hdl_global_localization) StdoutLine: {'line': b'-- Installing: /home/ysc/lite_cog_ros2/nav/src/install/hdl_global_localization/include/hdl_global_localization/srv/set_global_map.hpp\n'}
[367.577565] (hdl_global_localization) StdoutLine: {'line': b'-- Up-to-date: /home/ysc/lite_cog_ros2/nav/src/install/hdl_global_localization/include/hdl_global_localization/srv/detail\n'}
[367.577964] (hdl_global_localization) StdoutLine: {'line': b'-- Installing: /home/ysc/lite_cog_ros2/nav/src/install/hdl_global_localization/include/hdl_global_localization/srv/detail/set_global_localization_engine__builder.hpp\n'}
[367.578584] (hdl_global_localization) StdoutLine: {'line': b'-- Installing: /home/ysc/lite_cog_ros2/nav/src/install/hdl_global_localization/include/hdl_global_localization/srv/detail/set_global_map__builder.hpp\n'}
[367.579083] (hdl_global_localization) StdoutLine: {'line': b'-- Installing: /home/ysc/lite_cog_ros2/nav/src/install/hdl_global_localization/include/hdl_global_localization/srv/detail/query_global_localization__builder.hpp\n'}
[367.579770] (hdl_global_localization) StdoutLine: {'line': b'-- Installing: /home/ysc/lite_cog_ros2/nav/src/install/hdl_global_localization/include/hdl_global_localization/srv/detail/query_global_localization__traits.hpp\n'}
[367.580568] (hdl_global_localization) StdoutLine: {'line': b'-- Installing: /home/ysc/lite_cog_ros2/nav/src/install/hdl_global_localization/include/hdl_global_localization/srv/detail/set_global_map__type_support.hpp\n'}
[367.581581] (hdl_global_localization) StdoutLine: {'line': b'-- Installing: /home/ysc/lite_cog_ros2/nav/src/install/hdl_global_localization/include/hdl_global_localization/srv/detail/set_global_map__struct.hpp\n'}
[367.582324] (hdl_global_localization) StdoutLine: {'line': b'-- Installing: /home/ysc/lite_cog_ros2/nav/src/install/hdl_global_localization/include/hdl_global_localization/srv/detail/query_global_localization__struct.hpp\n'}
[367.583138] (hdl_global_localization) StdoutLine: {'line': b'-- Installing: /home/ysc/lite_cog_ros2/nav/src/install/hdl_global_localization/include/hdl_global_localization/srv/detail/set_global_localization_engine__struct.hpp\n'}
[367.583991] (hdl_global_localization) StdoutLine: {'line': b'-- Installing: /home/ysc/lite_cog_ros2/nav/src/install/hdl_global_localization/include/hdl_global_localization/srv/detail/set_global_map__traits.hpp\n'}
[367.584777] (hdl_global_localization) StdoutLine: {'line': b'-- Installing: /home/ysc/lite_cog_ros2/nav/src/install/hdl_global_localization/include/hdl_global_localization/srv/detail/query_global_localization__type_support.hpp\n'}
[367.585706] (hdl_global_localization) StdoutLine: {'line': b'-- Installing: /home/ysc/lite_cog_ros2/nav/src/install/hdl_global_localization/include/hdl_global_localization/srv/detail/set_global_localization_engine__type_support.hpp\n'}
[367.586527] (hdl_global_localization) StdoutLine: {'line': b'-- Installing: /home/ysc/lite_cog_ros2/nav/src/install/hdl_global_localization/include/hdl_global_localization/srv/detail/set_global_localization_engine__traits.hpp\n'}
[367.587358] (hdl_global_localization) StdoutLine: {'line': b'-- Installing: /home/ysc/lite_cog_ros2/nav/src/install/hdl_global_localization/include/hdl_global_localization/srv/set_global_localization_engine.hpp\n'}
[367.588532] (hdl_global_localization) StdoutLine: {'line': b'-- Up-to-date: /home/ysc/lite_cog_ros2/nav/src/install/hdl_global_localization/include/hdl_global_localization\n'}
[367.589665] (hdl_global_localization) StdoutLine: {'line': b'-- Up-to-date: /home/ysc/lite_cog_ros2/nav/src/install/hdl_global_localization/include/hdl_global_localization/srv\n'}
[367.590180] (hdl_global_localization) StdoutLine: {'line': b'-- Up-to-date: /home/ysc/lite_cog_ros2/nav/src/install/hdl_global_localization/include/hdl_global_localization/srv/detail\n'}
[367.590858] (hdl_global_localization) StdoutLine: {'line': b'-- Installing: /home/ysc/lite_cog_ros2/nav/src/install/hdl_global_localization/include/hdl_global_localization/srv/detail/set_global_map__type_support.cpp\n'}
[367.591339] (hdl_global_localization) StdoutLine: {'line': b'-- Installing: /home/ysc/lite_cog_ros2/nav/src/install/hdl_global_localization/include/hdl_global_localization/srv/detail/query_global_localization__rosidl_typesupport_introspection_cpp.hpp\n'}
[367.668258] (-) TimerEvent: {}
[367.732977] (hdl_global_localization) StdoutLine: {'line': b'-- Installing: /home/ysc/lite_cog_ros2/nav/src/install/hdl_global_localization/include/hdl_global_localization/srv/detail/query_global_localization__type_support.cpp\n'}
[367.734618] (hdl_global_localization) StdoutLine: {'line': b'-- Installing: /home/ysc/lite_cog_ros2/nav/src/install/hdl_global_localization/include/hdl_global_localization/srv/detail/set_global_map__rosidl_typesupport_introspection_cpp.hpp\n'}
[367.736713] (hdl_global_localization) StdoutLine: {'line': b'-- Installing: /home/ysc/lite_cog_ros2/nav/src/install/hdl_global_localization/include/hdl_global_localization/srv/detail/set_global_localization_engine__rosidl_typesupport_introspection_cpp.hpp\n'}
[367.740564] (hdl_global_localization) StdoutLine: {'line': b'-- Installing: /home/ysc/lite_cog_ros2/nav/src/install/hdl_global_localization/include/hdl_global_localization/srv/detail/set_global_localization_engine__type_support.cpp\n'}
[367.741603] (hdl_global_localization) StdoutLine: {'line': b'-- Installing: /home/ysc/lite_cog_ros2/nav/src/install/hdl_global_localization/lib/libhdl_global_localization__rosidl_typesupport_introspection_cpp.so\n'}
[367.745792] (hdl_global_localization) StdoutLine: {'line': b'-- Set runtime path of "/home/ysc/lite_cog_ros2/nav/src/install/hdl_global_localization/lib/libhdl_global_localization__rosidl_typesupport_introspection_cpp.so" to ""\n'}
[367.747092] (hdl_global_localization) StdoutLine: {'line': b'-- Installing: /home/ysc/lite_cog_ros2/nav/src/install/hdl_global_localization/lib/libhdl_global_localization__rosidl_typesupport_cpp.so\n'}
[367.750097] (hdl_global_localization) StdoutLine: {'line': b'-- Set runtime path of "/home/ysc/lite_cog_ros2/nav/src/install/hdl_global_localization/lib/libhdl_global_localization__rosidl_typesupport_cpp.so" to ""\n'}
[367.751103] (hdl_global_localization) StdoutLine: {'line': b'-- Installing: /home/ysc/lite_cog_ros2/nav/src/install/hdl_global_localization/share/hdl_global_localization/environment/pythonpath.sh\n'}
[367.768459] (-) TimerEvent: {}
[367.869570] (-) TimerEvent: {}
[367.893013] (hdl_global_localization) StdoutLine: {'line': b'-- Installing: /home/ysc/lite_cog_ros2/nav/src/install/hdl_global_localization/share/hdl_global_localization/environment/pythonpath.dsv\n'}
[367.895820] (hdl_global_localization) StdoutLine: {'line': b'-- Installing: /home/ysc/lite_cog_ros2/nav/src/install/hdl_global_localization/lib/python3.8/site-packages/hdl_global_localization/__init__.py\n'}
[367.969823] (-) TimerEvent: {}
[368.070994] (-) TimerEvent: {}
[368.172231] (-) TimerEvent: {}
[368.259985] (hdl_global_localization) StdoutLine: {'line': b"Compiling '/home/ysc/lite_cog_ros2/nav/src/install/hdl_global_localization/lib/python3.8/site-packages/hdl_global_localization/__init__.py'...\n"}
[368.272524] (-) TimerEvent: {}
[368.282568] (hdl_global_localization) StdoutLine: {'line': b'-- Installing: /home/ysc/lite_cog_ros2/nav/src/install/hdl_global_localization/lib/python3.8/site-packages/hdl_global_localization/srv\n'}
[368.285191] (hdl_global_localization) StdoutLine: {'line': b'-- Installing: /home/ysc/lite_cog_ros2/nav/src/install/hdl_global_localization/lib/python3.8/site-packages/hdl_global_localization/srv/_set_global_localization_engine.py\n'}
[368.286207] (hdl_global_localization) StdoutLine: {'line': b'-- Installing: /home/ysc/lite_cog_ros2/nav/src/install/hdl_global_localization/lib/python3.8/site-packages/hdl_global_localization/srv/__init__.py\n'}
[368.287176] (hdl_global_localization) StdoutLine: {'line': b'-- Installing: /home/ysc/lite_cog_ros2/nav/src/install/hdl_global_localization/lib/python3.8/site-packages/hdl_global_localization/srv/_query_global_localization_s.c\n'}
[368.289313] (hdl_global_localization) StdoutLine: {'line': b'-- Installing: /home/ysc/lite_cog_ros2/nav/src/install/hdl_global_localization/lib/python3.8/site-packages/hdl_global_localization/srv/_set_global_map_s.c\n'}
[368.290065] (hdl_global_localization) StdoutLine: {'line': b'-- Installing: /home/ysc/lite_cog_ros2/nav/src/install/hdl_global_localization/lib/python3.8/site-packages/hdl_global_localization/srv/_set_global_localization_engine_s.c\n'}
[368.290777] (hdl_global_localization) StdoutLine: {'line': b'-- Installing: /home/ysc/lite_cog_ros2/nav/src/install/hdl_global_localization/lib/python3.8/site-packages/hdl_global_localization/srv/_set_global_map.py\n'}
[368.292037] (hdl_global_localization) StdoutLine: {'line': b'-- Installing: /home/ysc/lite_cog_ros2/nav/src/install/hdl_global_localization/lib/python3.8/site-packages/hdl_global_localization/srv/_query_global_localization.py\n'}
[368.372841] (-) TimerEvent: {}
[368.439868] (hdl_global_localization) StdoutLine: {'line': b'-- Installing: /home/ysc/lite_cog_ros2/nav/src/install/hdl_global_localization/lib/python3.8/site-packages/hdl_global_localization/hdl_global_localization_s__rosidl_typesupport_fastrtps_c.cpython-38-aarch64-linux-gnu.so\n'}
[368.444557] (hdl_global_localization) StdoutLine: {'line': b'-- Set runtime path of "/home/ysc/lite_cog_ros2/nav/src/install/hdl_global_localization/lib/python3.8/site-packages/hdl_global_localization/hdl_global_localization_s__rosidl_typesupport_fastrtps_c.cpython-38-aarch64-linux-gnu.so" to ""\n'}
[368.446138] (hdl_global_localization) StdoutLine: {'line': b'-- Installing: /home/ysc/lite_cog_ros2/nav/src/install/hdl_global_localization/lib/python3.8/site-packages/hdl_global_localization/hdl_global_localization_s__rosidl_typesupport_introspection_c.cpython-38-aarch64-linux-gnu.so\n'}
[368.451582] (hdl_global_localization) StdoutLine: {'line': b'-- Set runtime path of "/home/ysc/lite_cog_ros2/nav/src/install/hdl_global_localization/lib/python3.8/site-packages/hdl_global_localization/hdl_global_localization_s__rosidl_typesupport_introspection_c.cpython-38-aarch64-linux-gnu.so" to ""\n'}
[368.453105] (hdl_global_localization) StdoutLine: {'line': b'-- Installing: /home/ysc/lite_cog_ros2/nav/src/install/hdl_global_localization/lib/python3.8/site-packages/hdl_global_localization/hdl_global_localization_s__rosidl_typesupport_c.cpython-38-aarch64-linux-gnu.so\n'}
[368.458126] (hdl_global_localization) StdoutLine: {'line': b'-- Set runtime path of "/home/ysc/lite_cog_ros2/nav/src/install/hdl_global_localization/lib/python3.8/site-packages/hdl_global_localization/hdl_global_localization_s__rosidl_typesupport_c.cpython-38-aarch64-linux-gnu.so" to ""\n'}
[368.459258] (hdl_global_localization) StdoutLine: {'line': b'-- Installing: /home/ysc/lite_cog_ros2/nav/src/install/hdl_global_localization/lib/libhdl_global_localization__python.so\n'}
[368.464017] (hdl_global_localization) StdoutLine: {'line': b'-- Set runtime path of "/home/ysc/lite_cog_ros2/nav/src/install/hdl_global_localization/lib/libhdl_global_localization__python.so" to ""\n'}
[368.465151] (hdl_global_localization) StdoutLine: {'line': b'-- Installing: /home/ysc/lite_cog_ros2/nav/src/install/hdl_global_localization/share/hdl_global_localization/srv/QueryGlobalLocalization.idl\n'}
[368.466879] (hdl_global_localization) StdoutLine: {'line': b'-- Installing: /home/ysc/lite_cog_ros2/nav/src/install/hdl_global_localization/share/hdl_global_localization/srv/SetGlobalLocalizationEngine.idl\n'}
[368.468257] (hdl_global_localization) StdoutLine: {'line': b'-- Installing: /home/ysc/lite_cog_ros2/nav/src/install/hdl_global_localization/share/hdl_global_localization/srv/SetGlobalMap.idl\n'}
[368.470732] (hdl_global_localization) StdoutLine: {'line': b'-- Installing: /home/ysc/lite_cog_ros2/nav/src/install/hdl_global_localization/share/hdl_global_localization/srv/QueryGlobalLocalization.srv\n'}
[368.472936] (hdl_global_localization) StdoutLine: {'line': b'-- Installing: /home/ysc/lite_cog_ros2/nav/src/install/hdl_global_localization/share/hdl_global_localization/srv/QueryGlobalLocalization_Request.msg\n'}
[368.473434] (-) TimerEvent: {}
[368.575213] (-) TimerEvent: {}
[368.615686] (hdl_global_localization) StdoutLine: {'line': b'-- Installing: /home/ysc/lite_cog_ros2/nav/src/install/hdl_global_localization/share/hdl_global_localization/srv/QueryGlobalLocalization_Response.msg\n'}
[368.620123] (hdl_global_localization) StdoutLine: {'line': b'-- Installing: /home/ysc/lite_cog_ros2/nav/src/install/hdl_global_localization/share/hdl_global_localization/srv/SetGlobalLocalizationEngine.srv\n'}
[368.621877] (hdl_global_localization) StdoutLine: {'line': b'-- Installing: /home/ysc/lite_cog_ros2/nav/src/install/hdl_global_localization/share/hdl_global_localization/srv/SetGlobalLocalizationEngine_Request.msg\n'}
[368.630383] (hdl_global_localization) StdoutLine: {'line': b'-- Installing: /home/ysc/lite_cog_ros2/nav/src/install/hdl_global_localization/share/hdl_global_localization/srv/SetGlobalLocalizationEngine_Response.msg\n'}
[368.631552] (hdl_global_localization) StdoutLine: {'line': b'-- Installing: /home/ysc/lite_cog_ros2/nav/src/install/hdl_global_localization/share/hdl_global_localization/srv/SetGlobalMap.srv\n'}
[368.632020] (hdl_global_localization) StdoutLine: {'line': b'-- Installing: /home/ysc/lite_cog_ros2/nav/src/install/hdl_global_localization/share/hdl_global_localization/srv/SetGlobalMap_Request.msg\n'}
[368.635180] (hdl_global_localization) StdoutLine: {'line': b'-- Installing: /home/ysc/lite_cog_ros2/nav/src/install/hdl_global_localization/share/hdl_global_localization/srv/SetGlobalMap_Response.msg\n'}
[368.639204] (hdl_global_localization) StdoutLine: {'line': b'-- Installing: /home/ysc/lite_cog_ros2/nav/src/install/hdl_global_localization/share/hdl_global_localization/config\n'}
[368.640053] (hdl_global_localization) StdoutLine: {'line': b'-- Installing: /home/ysc/lite_cog_ros2/nav/src/install/hdl_global_localization/share/hdl_global_localization/config/ros1\n'}
[368.640513] (hdl_global_localization) StdoutLine: {'line': b'-- Installing: /home/ysc/lite_cog_ros2/nav/src/install/hdl_global_localization/share/hdl_global_localization/config/ros1/bbs_config.yaml\n'}
[368.644992] (hdl_global_localization) StdoutLine: {'line': b'-- Installing: /home/ysc/lite_cog_ros2/nav/src/install/hdl_global_localization/share/hdl_global_localization/config/ros1/teaser_config.yaml\n'}
[368.646774] (hdl_global_localization) StdoutLine: {'line': b'-- Installing: /home/ysc/lite_cog_ros2/nav/src/install/hdl_global_localization/share/hdl_global_localization/config/ros1/general_config.yaml\n'}
[368.648331] (hdl_global_localization) StdoutLine: {'line': b'-- Installing: /home/ysc/lite_cog_ros2/nav/src/install/hdl_global_localization/share/hdl_global_localization/config/ros1/fpfh_config.yaml\n'}
[368.650665] (hdl_global_localization) StdoutLine: {'line': b'-- Installing: /home/ysc/lite_cog_ros2/nav/src/install/hdl_global_localization/share/hdl_global_localization/config/ros1/ransac_config.yaml\n'}
[368.652392] (hdl_global_localization) StdoutLine: {'line': b'-- Installing: /home/ysc/lite_cog_ros2/nav/src/install/hdl_global_localization/share/hdl_global_localization/config/config_base.json\n'}
[368.654299] (hdl_global_localization) StdoutLine: {'line': b'-- Installing: /home/ysc/lite_cog_ros2/nav/src/install/hdl_global_localization/share/hdl_global_localization/config/config.json\n'}
[368.656840] (hdl_global_localization) StdoutLine: {'line': b'-- Installing: /home/ysc/lite_cog_ros2/nav/src/install/hdl_global_localization/share/hdl_global_localization/config/test.rviz\n'}
[368.658336] (hdl_global_localization) StdoutLine: {'line': b'-- Installing: /home/ysc/lite_cog_ros2/nav/src/install/hdl_global_localization/share/hdl_global_localization/config/config_bbs.json\n'}
[368.659895] (hdl_global_localization) StdoutLine: {'line': b'-- Up-to-date: /home/ysc/lite_cog_ros2/nav/src/install/hdl_global_localization/include\n'}
[368.660709] (hdl_global_localization) StdoutLine: {'line': b'-- Up-to-date: /home/ysc/lite_cog_ros2/nav/src/install/hdl_global_localization/include/hdl_global_localization\n'}
[368.661517] (hdl_global_localization) StdoutLine: {'line': b'-- Installing: /home/ysc/lite_cog_ros2/nav/src/install/hdl_global_localization/include/hdl_global_localization/global_localization_results.hpp\n'}
[368.662201] (hdl_global_localization) StdoutLine: {'line': b'-- Installing: /home/ysc/lite_cog_ros2/nav/src/install/hdl_global_localization/include/hdl_global_localization/ransac\n'}
[368.662616] (hdl_global_localization) StdoutLine: {'line': b'-- Installing: /home/ysc/lite_cog_ros2/nav/src/install/hdl_global_localization/include/hdl_global_localization/ransac/voxelset.hpp\n'}
[368.663176] (hdl_global_localization) StdoutLine: {'line': b'-- Installing: /home/ysc/lite_cog_ros2/nav/src/install/hdl_global_localization/include/hdl_global_localization/ransac/matching_cost_evaluater_flann.hpp\n'}
[368.663729] (hdl_global_localization) StdoutLine: {'line': b'-- Installing: /home/ysc/lite_cog_ros2/nav/src/install/hdl_global_localization/include/hdl_global_localization/ransac/ransac_pose_estimation.hpp\n'}
[368.664466] (hdl_global_localization) StdoutLine: {'line': b'-- Installing: /home/ysc/lite_cog_ros2/nav/src/install/hdl_global_localization/include/hdl_global_localization/ransac/matching_cost_evaluater.hpp\n'}
[368.665306] (hdl_global_localization) StdoutLine: {'line': b'-- Installing: /home/ysc/lite_cog_ros2/nav/src/install/hdl_global_localization/include/hdl_global_localization/ransac/matching_cost_evaluater_voxels.hpp\n'}
[368.666292] (hdl_global_localization) StdoutLine: {'line': b'-- Installing: /home/ysc/lite_cog_ros2/nav/src/install/hdl_global_localization/include/hdl_global_localization/bbs\n'}
[368.666970] (hdl_global_localization) StdoutLine: {'line': b'-- Installing: /home/ysc/lite_cog_ros2/nav/src/install/hdl_global_localization/include/hdl_global_localization/bbs/occupancy_gridmap.hpp\n'}
[368.667462] (hdl_global_localization) StdoutLine: {'line': b'-- Installing: /home/ysc/lite_cog_ros2/nav/src/install/hdl_global_localization/include/hdl_global_localization/bbs/bbs_localization.hpp\n'}
[368.669311] (hdl_global_localization) StdoutLine: {'line': b'-- Installing: /home/ysc/lite_cog_ros2/nav/src/install/hdl_global_localization/include/hdl_global_localization/util\n'}
[368.670062] (hdl_global_localization) StdoutLine: {'line': b'-- Installing: /home/ysc/lite_cog_ros2/nav/src/install/hdl_global_localization/include/hdl_global_localization/util/convert_to_string.hpp\n'}
[368.670766] (hdl_global_localization) StdoutLine: {'line': b'-- Installing: /home/ysc/lite_cog_ros2/nav/src/install/hdl_global_localization/include/hdl_global_localization/util/config.hpp\n'}
[368.671939] (hdl_global_localization) StdoutLine: {'line': b'-- Installing: /home/ysc/lite_cog_ros2/nav/src/install/hdl_global_localization/include/hdl_global_localization/engines\n'}
[368.672541] (hdl_global_localization) StdoutLine: {'line': b'-- Installing: /home/ysc/lite_cog_ros2/nav/src/install/hdl_global_localization/include/hdl_global_localization/engines/global_localization_fpfh_teaser.hpp\n'}
[368.675354] (-) TimerEvent: {}
[368.776543] (-) TimerEvent: {}
[368.817477] (hdl_global_localization) StdoutLine: {'line': b'-- Installing: /home/ysc/lite_cog_ros2/nav/src/install/hdl_global_localization/include/hdl_global_localization/engines/global_localization_engine.hpp\n'}
[368.820598] (hdl_global_localization) StdoutLine: {'line': b'-- Installing: /home/ysc/lite_cog_ros2/nav/src/install/hdl_global_localization/include/hdl_global_localization/engines/global_localization_bbs.hpp\n'}
[368.821442] (hdl_global_localization) StdoutLine: {'line': b'-- Installing: /home/ysc/lite_cog_ros2/nav/src/install/hdl_global_localization/include/hdl_global_localization/engines/global_localization_fpfh_ransac.hpp\n'}
[368.821898] (hdl_global_localization) StdoutLine: {'line': b'-- Installing: /home/ysc/lite_cog_ros2/nav/src/install/hdl_global_localization/lib/libhdl_global_localization_engines.so\n'}
[368.876781] (-) TimerEvent: {}
[368.912282] (hdl_global_localization) StdoutLine: {'line': b'-- Set runtime path of "/home/ysc/lite_cog_ros2/nav/src/install/hdl_global_localization/lib/libhdl_global_localization_engines.so" to ""\n'}
[368.914617] (hdl_global_localization) StdoutLine: {'line': b'-- Installing: /home/ysc/lite_cog_ros2/nav/src/install/hdl_global_localization/lib/hdl_global_localization/hdl_global_localization_node\n'}
[368.930139] (hdl_global_localization) StdoutLine: {'line': b'-- Set runtime path of "/home/ysc/lite_cog_ros2/nav/src/install/hdl_global_localization/lib/hdl_global_localization/hdl_global_localization_node" to ""\n'}
[368.931062] (hdl_global_localization) StdoutLine: {'line': b'-- Installing: /home/ysc/lite_cog_ros2/nav/src/install/hdl_global_localization/lib/hdl_global_localization/hdl_global_localization_test\n'}
[368.939410] (hdl_global_localization) StdoutLine: {'line': b'-- Set runtime path of "/home/ysc/lite_cog_ros2/nav/src/install/hdl_global_localization/lib/hdl_global_localization/hdl_global_localization_test" to ""\n'}
[368.940461] (hdl_global_localization) StdoutLine: {'line': b'-- Installing: /home/ysc/lite_cog_ros2/nav/src/install/hdl_global_localization/share/ament_index/resource_index/package_run_dependencies/hdl_global_localization\n'}
[368.977067] (-) TimerEvent: {}
[369.077957] (-) TimerEvent: {}
[369.084319] (hdl_global_localization) StdoutLine: {'line': b'-- Installing: /home/ysc/lite_cog_ros2/nav/src/install/hdl_global_localization/share/ament_index/resource_index/parent_prefix_path/hdl_global_localization\n'}
[369.086579] (hdl_global_localization) StdoutLine: {'line': b'-- Installing: /home/ysc/lite_cog_ros2/nav/src/install/hdl_global_localization/share/hdl_global_localization/environment/ament_prefix_path.sh\n'}
[369.087759] (hdl_global_localization) StdoutLine: {'line': b'-- Installing: /home/ysc/lite_cog_ros2/nav/src/install/hdl_global_localization/share/hdl_global_localization/environment/ament_prefix_path.dsv\n'}
[369.090719] (hdl_global_localization) StdoutLine: {'line': b'-- Installing: /home/ysc/lite_cog_ros2/nav/src/install/hdl_global_localization/share/hdl_global_localization/environment/path.sh\n'}
[369.091858] (hdl_global_localization) StdoutLine: {'line': b'-- Installing: /home/ysc/lite_cog_ros2/nav/src/install/hdl_global_localization/share/hdl_global_localization/environment/path.dsv\n'}
[369.093981] (hdl_global_localization) StdoutLine: {'line': b'-- Installing: /home/ysc/lite_cog_ros2/nav/src/install/hdl_global_localization/share/hdl_global_localization/local_setup.bash\n'}
[369.095742] (hdl_global_localization) StdoutLine: {'line': b'-- Installing: /home/ysc/lite_cog_ros2/nav/src/install/hdl_global_localization/share/hdl_global_localization/local_setup.sh\n'}
[369.097209] (hdl_global_localization) StdoutLine: {'line': b'-- Installing: /home/ysc/lite_cog_ros2/nav/src/install/hdl_global_localization/share/hdl_global_localization/local_setup.zsh\n'}
[369.102280] (hdl_global_localization) StdoutLine: {'line': b'-- Installing: /home/ysc/lite_cog_ros2/nav/src/install/hdl_global_localization/share/hdl_global_localization/local_setup.dsv\n'}
[369.104194] (hdl_global_localization) StdoutLine: {'line': b'-- Installing: /home/ysc/lite_cog_ros2/nav/src/install/hdl_global_localization/share/hdl_global_localization/package.dsv\n'}
[369.106357] (hdl_global_localization) StdoutLine: {'line': b'-- Installing: /home/ysc/lite_cog_ros2/nav/src/install/hdl_global_localization/share/ament_index/resource_index/packages/hdl_global_localization\n'}
[369.108149] (hdl_global_localization) StdoutLine: {'line': b'-- Installing: /home/ysc/lite_cog_ros2/nav/src/install/hdl_global_localization/share/hdl_global_localization/cmake/hdl_global_localization__rosidl_generator_cExport.cmake\n'}
[369.111016] (hdl_global_localization) StdoutLine: {'line': b'-- Installing: /home/ysc/lite_cog_ros2/nav/src/install/hdl_global_localization/share/hdl_global_localization/cmake/hdl_global_localization__rosidl_generator_cExport-noconfig.cmake\n'}
[369.113905] (hdl_global_localization) StdoutLine: {'line': b'-- Installing: /home/ysc/lite_cog_ros2/nav/src/install/hdl_global_localization/share/hdl_global_localization/cmake/hdl_global_localization__rosidl_typesupport_introspection_cExport.cmake\n'}
[369.116637] (hdl_global_localization) StdoutLine: {'line': b'-- Installing: /home/ysc/lite_cog_ros2/nav/src/install/hdl_global_localization/share/hdl_global_localization/cmake/hdl_global_localization__rosidl_typesupport_introspection_cExport-noconfig.cmake\n'}
[369.121594] (hdl_global_localization) StdoutLine: {'line': b'-- Installing: /home/ysc/lite_cog_ros2/nav/src/install/hdl_global_localization/share/hdl_global_localization/cmake/hdl_global_localization__rosidl_typesupport_cExport.cmake\n'}
[369.124397] (hdl_global_localization) StdoutLine: {'line': b'-- Installing: /home/ysc/lite_cog_ros2/nav/src/install/hdl_global_localization/share/hdl_global_localization/cmake/hdl_global_localization__rosidl_typesupport_cExport-noconfig.cmake\n'}
[369.132586] (hdl_global_localization) StdoutLine: {'line': b'-- Installing: /home/ysc/lite_cog_ros2/nav/src/install/hdl_global_localization/share/hdl_global_localization/cmake/hdl_global_localization__rosidl_generator_cppExport.cmake\n'}
[369.136479] (hdl_global_localization) StdoutLine: {'line': b'-- Installing: /home/ysc/lite_cog_ros2/nav/src/install/hdl_global_localization/share/hdl_global_localization/cmake/hdl_global_localization__rosidl_typesupport_introspection_cppExport.cmake\n'}
[369.139768] (hdl_global_localization) StdoutLine: {'line': b'-- Installing: /home/ysc/lite_cog_ros2/nav/src/install/hdl_global_localization/share/hdl_global_localization/cmake/hdl_global_localization__rosidl_typesupport_introspection_cppExport-noconfig.cmake\n'}
[369.142353] (hdl_global_localization) StdoutLine: {'line': b'-- Installing: /home/ysc/lite_cog_ros2/nav/src/install/hdl_global_localization/share/hdl_global_localization/cmake/hdl_global_localization__rosidl_typesupport_cppExport.cmake\n'}
[369.144317] (hdl_global_localization) StdoutLine: {'line': b'-- Installing: /home/ysc/lite_cog_ros2/nav/src/install/hdl_global_localization/share/hdl_global_localization/cmake/hdl_global_localization__rosidl_typesupport_cppExport-noconfig.cmake\n'}
[369.146257] (hdl_global_localization) StdoutLine: {'line': b'-- Installing: /home/ysc/lite_cog_ros2/nav/src/install/hdl_global_localization/share/hdl_global_localization/cmake/rosidl_cmake-extras.cmake\n'}
[369.148068] (hdl_global_localization) StdoutLine: {'line': b'-- Installing: /home/ysc/lite_cog_ros2/nav/src/install/hdl_global_localization/share/hdl_global_localization/cmake/ament_cmake_export_dependencies-extras.cmake\n'}
[369.150043] (hdl_global_localization) StdoutLine: {'line': b'-- Installing: /home/ysc/lite_cog_ros2/nav/src/install/hdl_global_localization/share/hdl_global_localization/cmake/ament_cmake_export_libraries-extras.cmake\n'}
[369.151795] (hdl_global_localization) StdoutLine: {'line': b'-- Installing: /home/ysc/lite_cog_ros2/nav/src/install/hdl_global_localization/share/hdl_global_localization/cmake/ament_cmake_export_targets-extras.cmake\n'}
[369.153662] (hdl_global_localization) StdoutLine: {'line': b'-- Installing: /home/ysc/lite_cog_ros2/nav/src/install/hdl_global_localization/share/hdl_global_localization/cmake/ament_cmake_export_include_directories-extras.cmake\n'}
[369.155322] (hdl_global_localization) StdoutLine: {'line': b'-- Installing: /home/ysc/lite_cog_ros2/nav/src/install/hdl_global_localization/share/hdl_global_localization/cmake/rosidl_cmake_export_typesupport_libraries-extras.cmake\n'}
[369.157947] (hdl_global_localization) StdoutLine: {'line': b'-- Installing: /home/ysc/lite_cog_ros2/nav/src/install/hdl_global_localization/share/hdl_global_localization/cmake/rosidl_cmake_export_typesupport_targets-extras.cmake\n'}
[369.159662] (hdl_global_localization) StdoutLine: {'line': b'-- Installing: /home/ysc/lite_cog_ros2/nav/src/install/hdl_global_localization/share/hdl_global_localization/cmake/hdl_global_localizationConfig.cmake\n'}
[369.161339] (hdl_global_localization) StdoutLine: {'line': b'-- Installing: /home/ysc/lite_cog_ros2/nav/src/install/hdl_global_localization/share/hdl_global_localization/cmake/hdl_global_localizationConfig-version.cmake\n'}
[369.163460] (hdl_global_localization) StdoutLine: {'line': b'-- Installing: /home/ysc/lite_cog_ros2/nav/src/install/hdl_global_localization/share/hdl_global_localization/package.xml\n'}
[369.177343] (hdl_global_localization) CommandEnded: {'returncode': 0}
[369.183975] (-) TimerEvent: {}
[369.285656] (-) TimerEvent: {}
[369.387773] (-) TimerEvent: {}
[369.488698] (-) TimerEvent: {}
[369.741049] (-) TimerEvent: {}
[369.842128] (-) TimerEvent: {}
[369.943215] (-) TimerEvent: {}
[370.044284] (-) TimerEvent: {}
[370.147745] (-) TimerEvent: {}
[370.158541] (hdl_global_localization) JobEnded: {'identifier': 'hdl_global_localization', 'rc': 0}
[370.161825] (hdl_localization) JobStarted: {'identifier': 'hdl_localization'}
[370.249448] (-) TimerEvent: {}
[370.273484] (hdl_localization) JobProgress: {'identifier': 'hdl_localization', 'progress': 'cmake'}
[370.283288] (hdl_localization) Command: {'cmd': ['/usr/bin/cmake', '/home/ysc/lite_cog_ros2/nav/src/hdl_localization', '-DCMAKE_INSTALL_PREFIX=/home/ysc/lite_cog_ros2/nav/src/install/hdl_localization'], 'cwd': '/home/ysc/lite_cog_ros2/nav/src/build/hdl_localization', 'env': OrderedDict([('LESSOPEN', '| /usr/bin/lesspipe %s'), ('USER', 'ysc'), ('LC_TIME', 'zh_CN.UTF-8'), ('SSH_AGENT_PID', '1969'), ('XDG_SESSION_TYPE', 'x11'), ('SHLVL', '1'), ('LD_LIBRARY_PATH', '/home/ysc/lite_cog_ros2/nav/src/install/hdl_global_localization/lib:/usr/lib/aarch64-linux-gnu/gazebo-11/plugins:/opt/ros/foxy/opt/yaml_cpp_vendor/lib:/opt/ros/foxy/opt/rviz_ogre_vendor/lib:/opt/ros/foxy/lib/aarch64-linux-gnu:/opt/ros/foxy/lib:/usr/local/cuda-11.4/lib64'), ('HOME', '/home/ysc'), ('DESKTOP_SESSION', 'ubuntu'), ('JETSON_L4T', '35.4.1'), ('ROS_PYTHON_VERSION', '3'), ('GNOME_SHELL_SESSION_MODE', 'ubuntu'), ('GTK_MODULES', 'gail:atk-bridge'), ('JETSON_MODEL', 'NVIDIA Jetson Xavier NX Developer Kit'), ('LC_MONETARY', 'zh_CN.UTF-8'), ('MANAGERPID', '1455'), ('DBUS_STARTER_BUS_TYPE', 'session'), ('ROS_LOG_DIR', '/home/ysc/lite_cog_ros2/system/log'), ('DBUS_SESSION_BUS_ADDRESS', 'unix:path=/run/user/1000/bus,guid=9490700c6fa999152488ef0b69425bff'), ('COLORTERM', 'truecolor'), ('_colcon_cd_root', '/opt/ros/foxy/'), ('IM_CONFIG_PHASE', '1'), ('COLCON_PREFIX_PATH', '/home/ysc/lite_cog_ros2/nav/src/install'), ('ROS_DISTRO', 'foxy'), ('LOGNAME', 'ysc'), ('JETSON_MODULE', 'NVIDIA Jetson Xavier NX'), ('JETSON_SERIAL_NUMBER', '1421125032270'), ('JOURNAL_STREAM', '8:50396'), ('_', '/usr/bin/colcon'), ('ROS_VERSION', '2'), ('JETSON_CODENAME', 'Jakku'), ('XDG_SESSION_CLASS', 'user'), ('USERNAME', 'ysc'), ('TERM', 'xterm-256color'), ('GNOME_DESKTOP_SESSION_ID', 'this-is-deprecated'), ('ROS_LOCALHOST_ONLY', '0'), ('WINDOWPATH', '2'), ('PATH', '/opt/ros/foxy/bin:/usr/local/cuda-11.4/bin:/home/ysc/.local/bin:/usr/local/sbin:/usr/local/bin:/usr/sbin:/usr/bin:/sbin:/bin:/usr/games:/usr/local/games:/snap/bin'), ('SESSION_MANAGER', 'local/lite:@/tmp/.ICE-unix/2074,unix/lite:/tmp/.ICE-unix/2074'), ('INVOCATION_ID', 'dfe74acf5258439cad30ef121e26087a'), ('XDG_MENU_PREFIX', 'gnome-'), ('LC_ADDRESS', 'zh_CN.UTF-8'), ('GNOME_TERMINAL_SCREEN', '/org/gnome/Terminal/screen/216edd38_1dc2_4ec0_a174_a9822a6e6163'), ('XDG_RUNTIME_DIR', '/run/user/1000'), ('DISPLAY', ':0'), ('LANG', 'en_US.UTF-8'), ('XDG_CURRENT_DESKTOP', 'ubuntu:GNOME'), ('LC_TELEPHONE', 'zh_CN.UTF-8'), ('RMW_IMPLEMENTATION', 'rmw_cyclonedds_cpp'), ('XMODIFIERS', '@im=ibus'), ('XDG_SESSION_DESKTOP', 'ubuntu'), ('XAUTHORITY', '/run/user/1000/gdm/Xauthority'), ('LS_COLORS', 'rs=0:di=01;34:ln=01;36:mh=00:pi=40;33:so=01;35:do=01;35:bd=40;33;01:cd=40;33;01:or=40;31;01:mi=00:su=37;41:sg=30;43:ca=30;41:tw=30;42:ow=34;42:st=37;44:ex=01;32:*.tar=01;31:*.tgz=01;31:*.arc=01;31:*.arj=01;31:*.taz=01;31:*.lha=01;31:*.lz4=01;31:*.lzh=01;31:*.lzma=01;31:*.tlz=01;31:*.txz=01;31:*.tzo=01;31:*.t7z=01;31:*.zip=01;31:*.z=01;31:*.dz=01;31:*.gz=01;31:*.lrz=01;31:*.lz=01;31:*.lzo=01;31:*.xz=01;31:*.zst=01;31:*.tzst=01;31:*.bz2=01;31:*.bz=01;31:*.tbz=01;31:*.tbz2=01;31:*.tz=01;31:*.deb=01;31:*.rpm=01;31:*.jar=01;31:*.war=01;31:*.ear=01;31:*.sar=01;31:*.rar=01;31:*.alz=01;31:*.ace=01;31:*.zoo=01;31:*.cpio=01;31:*.7z=01;31:*.rz=01;31:*.cab=01;31:*.wim=01;31:*.swm=01;31:*.dwm=01;31:*.esd=01;31:*.jpg=01;35:*.jpeg=01;35:*.mjpg=01;35:*.mjpeg=01;35:*.gif=01;35:*.bmp=01;35:*.pbm=01;35:*.pgm=01;35:*.ppm=01;35:*.tga=01;35:*.xbm=01;35:*.xpm=01;35:*.tif=01;35:*.tiff=01;35:*.png=01;35:*.svg=01;35:*.svgz=01;35:*.mng=01;35:*.pcx=01;35:*.mov=01;35:*.mpg=01;35:*.mpeg=01;35:*.m2v=01;35:*.mkv=01;35:*.webm=01;35:*.ogm=01;35:*.mp4=01;35:*.m4v=01;35:*.mp4v=01;35:*.vob=01;35:*.qt=01;35:*.nuv=01;35:*.wmv=01;35:*.asf=01;35:*.rm=01;35:*.rmvb=01;35:*.flc=01;35:*.avi=01;35:*.fli=01;35:*.flv=01;35:*.gl=01;35:*.dl=01;35:*.xcf=01;35:*.xwd=01;35:*.yuv=01;35:*.cgm=01;35:*.emf=01;35:*.ogv=01;35:*.ogx=01;35:*.aac=00;36:*.au=00;36:*.flac=00;36:*.m4a=00;36:*.mid=00;36:*.midi=00;36:*.mka=00;36:*.mp3=00;36:*.mpc=00;36:*.ogg=00;36:*.ra=00;36:*.wav=00;36:*.oga=00;36:*.opus=00;36:*.spx=00;36:*.xspf=00;36:'), ('JETSON_SOC', 'tegra194'), ('GNOME_TERMINAL_SERVICE', ':1.104'), ('SSH_AUTH_SOCK', '/run/user/1000/keyring/ssh'), ('ROS_DOMAIN_ID', '0'), ('AMENT_PREFIX_PATH', '/home/ysc/lite_cog_ros2/nav/src/install/hdl_global_localization:/home/ysc/lite_cog_ros2/nav/src/install/narrow_passage_controller:/opt/ros/foxy'), ('SHELL', '/bin/bash'), ('LC_NAME', 'zh_CN.UTF-8'), ('QT_ACCESSIBILITY', '1'), ('GDMSESSION', 'ubuntu'), ('LESSCLOSE', '/usr/bin/lesspipe %s %s'), ('LC_MEASUREMENT', 'zh_CN.UTF-8'), ('GPG_AGENT_INFO', '/run/user/1000/gnupg/S.gpg-agent:0:1'), ('LC_IDENTIFICATION', 'zh_CN.UTF-8'), ('QT_IM_MODULE', 'ibus'), ('JETSON_CUDA_ARCH_BIN', '7.2'), ('PWD', '/home/ysc/lite_cog_ros2/nav/src/build/hdl_localization'), ('LC_ALL', 'en_US.UTF-8'), ('XDG_CONFIG_DIRS', '/etc/xdg/xdg-ubuntu:/etc/xdg'), ('DBUS_STARTER_ADDRESS', 'unix:path=/run/user/1000/bus,guid=9490700c6fa999152488ef0b69425bff'), ('XDG_DATA_DIRS', '/usr/share/ubuntu:/usr/local/share/:/usr/share/:/var/lib/snapd/desktop'), ('PYTHONPATH', '/home/ysc/lite_cog_ros2/nav/src/install/hdl_global_localization/lib/python3.8/site-packages:/home/ysc/lite_cog_ros2/nav/src/install/narrow_passage_controller/lib/python3.8/site-packages:/opt/ros/foxy/lib/python3.8/site-packages'), ('LC_NUMERIC', 'zh_CN.UTF-8'), ('LC_PAPER', 'zh_CN.UTF-8'), ('COLCON', '1'), ('VTE_VERSION', '6003'), ('JETSON_JETPACK', '5.1.2'), ('JETSON_P_NUMBER', 'p3668-0001'), ('CMAKE_PREFIX_PATH', '/home/ysc/lite_cog_ros2/nav/src/install/hdl_global_localization:/home/ysc/lite_cog_ros2/nav/src/install/narrow_passage_controller:/opt/ros/foxy')]), 'shell': False}
[370.349479] (-) TimerEvent: {}
[370.450858] (-) TimerEvent: {}
[370.552306] (-) TimerEvent: {}
[370.653343] (-) TimerEvent: {}
[370.754950] (-) TimerEvent: {}
[370.858474] (-) TimerEvent: {}
[370.905631] (hdl_localization) StdoutLine: {'line': b'-- The C compiler identification is GNU 9.4.0\n'}
[370.958788] (-) TimerEvent: {}
[371.059708] (-) TimerEvent: {}
[371.161288] (-) TimerEvent: {}
[371.262409] (-) TimerEvent: {}
[371.365331] (-) TimerEvent: {}
[371.425169] (hdl_localization) StdoutLine: {'line': b'-- The CXX compiler identification is GNU 9.4.0\n'}
[371.459401] (hdl_localization) StdoutLine: {'line': b'-- Check for working C compiler: /usr/bin/cc\n'}
[371.465551] (-) TimerEvent: {}
[371.566568] (-) TimerEvent: {}
[371.667689] (-) TimerEvent: {}
[371.768601] (-) TimerEvent: {}
[371.869667] (-) TimerEvent: {}
[371.970590] (-) TimerEvent: {}
[372.038941] (hdl_localization) StdoutLine: {'line': b'-- Check for working C compiler: /usr/bin/cc -- works\n'}
[372.044820] (hdl_localization) StdoutLine: {'line': b'-- Detecting C compiler ABI info\n'}
[372.070873] (-) TimerEvent: {}
[372.172501] (-) TimerEvent: {}
[372.275394] (-) TimerEvent: {}
[372.376835] (-) TimerEvent: {}
[372.477938] (-) TimerEvent: {}
[372.578927] (-) TimerEvent: {}
[372.630257] (hdl_localization) StdoutLine: {'line': b'-- Detecting C compiler ABI info - done\n'}
[372.679356] (-) TimerEvent: {}
[372.699509] (hdl_localization) StdoutLine: {'line': b'-- Detecting C compile features\n'}
[372.701431] (hdl_localization) StdoutLine: {'line': b'-- Detecting C compile features - done\n'}
[372.717300] (hdl_localization) StdoutLine: {'line': b'-- Check for working CXX compiler: /usr/bin/c++\n'}
[372.781471] (-) TimerEvent: {}
[372.889866] (-) TimerEvent: {}
[372.992271] (-) TimerEvent: {}
[373.094308] (-) TimerEvent: {}
[373.195301] (-) TimerEvent: {}
[373.275774] (hdl_localization) StdoutLine: {'line': b'-- Check for working CXX compiler: /usr/bin/c++ -- works\n'}
[373.283857] (hdl_localization) StdoutLine: {'line': b'-- Detecting CXX compiler ABI info\n'}
[373.295529] (-) TimerEvent: {}
[373.396422] (-) TimerEvent: {}
[373.497541] (-) TimerEvent: {}
[373.598478] (-) TimerEvent: {}
[373.699518] (-) TimerEvent: {}
[373.801041] (-) TimerEvent: {}
[373.902184] (-) TimerEvent: {}
[373.905794] (hdl_localization) StdoutLine: {'line': b'-- Detecting CXX compiler ABI info - done\n'}
[373.988961] (hdl_localization) StdoutLine: {'line': b'-- Detecting CXX compile features\n'}
[373.993661] (hdl_localization) StdoutLine: {'line': b'-- Detecting CXX compile features - done\n'}
[374.002391] (-) TimerEvent: {}
[374.010298] (hdl_localization) StdoutLine: {'line': b'-- Found ament_cmake_auto: 0.9.12 (/opt/ros/foxy/share/ament_cmake_auto/cmake)\n'}
[374.102621] (-) TimerEvent: {}
[374.203739] (-) TimerEvent: {}
[374.210651] (hdl_localization) StdoutLine: {'line': b'-- Found PythonInterp: /usr/bin/python3 (found suitable version "3.8.10", minimum required is "3") \n'}
[374.211789] (hdl_localization) StdoutLine: {'line': b'-- Using PYTHON_EXECUTABLE: /usr/bin/python3\n'}
[374.303967] (-) TimerEvent: {}
[374.405411] (-) TimerEvent: {}
[374.506762] (-) TimerEvent: {}
[374.607814] (-) TimerEvent: {}
[374.708758] (-) TimerEvent: {}
[374.810184] (-) TimerEvent: {}
[374.911212] (-) TimerEvent: {}
[375.012258] (-) TimerEvent: {}
[375.114197] (-) TimerEvent: {}
[375.217237] (-) TimerEvent: {}
[375.318297] (-) TimerEvent: {}
[375.419333] (-) TimerEvent: {}
[375.520285] (-) TimerEvent: {}
[375.621612] (-) TimerEvent: {}
[375.722683] (-) TimerEvent: {}
[375.824336] (-) TimerEvent: {}
[375.925712] (-) TimerEvent: {}
[376.026857] (-) TimerEvent: {}
[376.128099] (-) TimerEvent: {}
[376.229154] (-) TimerEvent: {}
[376.330429] (-) TimerEvent: {}
[376.431501] (-) TimerEvent: {}
[376.532540] (-) TimerEvent: {}
[376.633976] (-) TimerEvent: {}
[376.734889] (-) TimerEvent: {}
[376.835775] (-) TimerEvent: {}
[376.936741] (-) TimerEvent: {}
[377.038212] (-) TimerEvent: {}
[377.139267] (-) TimerEvent: {}
[377.240530] (-) TimerEvent: {}
[377.344104] (-) TimerEvent: {}
[377.445155] (-) TimerEvent: {}
[377.546181] (-) TimerEvent: {}
[377.647217] (-) TimerEvent: {}
[377.748327] (-) TimerEvent: {}
[377.849518] (-) TimerEvent: {}
[377.950750] (-) TimerEvent: {}
[378.052073] (-) TimerEvent: {}
[378.153841] (-) TimerEvent: {}
[378.254999] (-) TimerEvent: {}
[378.356183] (-) TimerEvent: {}
[378.457554] (-) TimerEvent: {}
[378.558870] (-) TimerEvent: {}
[378.659860] (-) TimerEvent: {}
[378.760917] (-) TimerEvent: {}
[378.861960] (-) TimerEvent: {}
[378.873781] (hdl_localization) StdoutLine: {'line': b'-- Using all available rosidl_typesupport_c: rosidl_typesupport_fastrtps_c;rosidl_typesupport_introspection_c\n'}
[378.939432] (hdl_localization) StdoutLine: {'line': b'-- Found rosidl_adapter: 1.3.1 (/opt/ros/foxy/share/rosidl_adapter/cmake)\n'}
[378.962276] (-) TimerEvent: {}
[379.063950] (-) TimerEvent: {}
[379.165086] (-) TimerEvent: {}
[379.266160] (-) TimerEvent: {}
[379.367178] (-) TimerEvent: {}
[379.468298] (-) TimerEvent: {}
[379.569646] (-) TimerEvent: {}
[379.671015] (-) TimerEvent: {}
[379.819692] (-) TimerEvent: {}
[379.920750] (-) TimerEvent: {}
[379.975502] (hdl_localization) StdoutLine: {'line': b'-- Found OpenSSL: /usr/lib/aarch64-linux-gnu/libcrypto.so (found version "1.1.1f")  \n'}
[380.021042] (-) TimerEvent: {}
[380.122166] (-) TimerEvent: {}
[380.223817] (-) TimerEvent: {}
[380.325048] (-) TimerEvent: {}
[380.341978] (hdl_localization) StdoutLine: {'line': b'-- Found FastRTPS: /opt/ros/foxy/include  \n'}
[380.425474] (-) TimerEvent: {}
[380.526466] (-) TimerEvent: {}
[380.627503] (-) TimerEvent: {}
[380.728806] (-) TimerEvent: {}
[380.830715] (-) TimerEvent: {}
[380.880613] (hdl_localization) StdoutLine: {'line': b'-- Using all available rosidl_typesupport_cpp: rosidl_typesupport_fastrtps_cpp;rosidl_typesupport_introspection_cpp\n'}
[380.930950] (-) TimerEvent: {}
[381.032269] (-) TimerEvent: {}
[381.134924] (-) TimerEvent: {}
[381.236165] (-) TimerEvent: {}
[381.337283] (-) TimerEvent: {}
[381.438869] (-) TimerEvent: {}
[381.500843] (hdl_localization) StdoutLine: {'line': b'-- Found rmw_implementation_cmake: 1.0.4 (/opt/ros/foxy/share/rmw_implementation_cmake/cmake)\n'}
[381.510065] (hdl_localization) StdoutLine: {'line': b"-- Using RMW implementation 'rmw_cyclonedds_cpp' as default\n"}
[381.515149] (hdl_localization) StdoutLine: {'line': b'-- Looking for pthread.h\n'}
[381.539124] (-) TimerEvent: {}
[381.640270] (-) TimerEvent: {}
[381.742499] (-) TimerEvent: {}
[381.843997] (-) TimerEvent: {}
[381.945237] (-) TimerEvent: {}
[382.046573] (-) TimerEvent: {}
[382.131146] (hdl_localization) StdoutLine: {'line': b'-- Looking for pthread.h - found\n'}
[382.133093] (hdl_localization) StdoutLine: {'line': b'-- Performing Test CMAKE_HAVE_LIBC_PTHREAD\n'}
[382.146843] (-) TimerEvent: {}
[382.247847] (-) TimerEvent: {}
[382.349090] (-) TimerEvent: {}
[382.450615] (-) TimerEvent: {}
[382.553568] (-) TimerEvent: {}
[382.654825] (-) TimerEvent: {}
[382.756201] (-) TimerEvent: {}
[382.857502] (-) TimerEvent: {}
[382.891708] (hdl_localization) StdoutLine: {'line': b'-- Performing Test CMAKE_HAVE_LIBC_PTHREAD - Failed\n'}
[382.893395] (hdl_localization) StdoutLine: {'line': b'-- Looking for pthread_create in pthreads\n'}
[382.957698] (-) TimerEvent: {}
[383.061128] (-) TimerEvent: {}
[383.162140] (-) TimerEvent: {}
[383.263880] (-) TimerEvent: {}
[383.364806] (-) TimerEvent: {}
[383.465850] (-) TimerEvent: {}
[383.559133] (hdl_localization) StdoutLine: {'line': b'-- Looking for pthread_create in pthreads - not found\n'}
[383.560803] (hdl_localization) StdoutLine: {'line': b'-- Looking for pthread_create in pthread\n'}
[383.566082] (-) TimerEvent: {}
[383.667148] (-) TimerEvent: {}
[383.768290] (-) TimerEvent: {}
[383.869341] (-) TimerEvent: {}
[383.970544] (-) TimerEvent: {}
[384.071609] (-) TimerEvent: {}
[384.133649] (hdl_localization) StdoutLine: {'line': b'-- Looking for pthread_create in pthread - found\n'}
[384.144993] (hdl_localization) StdoutLine: {'line': b'-- Found Threads: TRUE  \n'}
[384.171905] (-) TimerEvent: {}
[384.273232] (-) TimerEvent: {}
[384.376104] (-) TimerEvent: {}
[384.478014] (-) TimerEvent: {}
[384.579148] (-) TimerEvent: {}
[384.680232] (-) TimerEvent: {}
[384.781257] (-) TimerEvent: {}
[384.931305] (-) TimerEvent: {}
[385.032316] (-) TimerEvent: {}
[385.133545] (-) TimerEvent: {}
[385.235349] (-) TimerEvent: {}
[385.337006] (-) TimerEvent: {}
[385.438119] (-) TimerEvent: {}
[385.539307] (-) TimerEvent: {}
[385.640562] (-) TimerEvent: {}
[385.742161] (-) TimerEvent: {}
[385.843968] (-) TimerEvent: {}
[385.945594] (-) TimerEvent: {}
[386.046749] (-) TimerEvent: {}
[386.148001] (-) TimerEvent: {}
[386.249106] (-) TimerEvent: {}
[386.350105] (-) TimerEvent: {}
[386.451211] (-) TimerEvent: {}
[386.552191] (-) TimerEvent: {}
[386.653474] (-) TimerEvent: {}
[386.754672] (-) TimerEvent: {}
[386.856024] (-) TimerEvent: {}
[386.957231] (-) TimerEvent: {}
[387.058467] (-) TimerEvent: {}
[387.159514] (-) TimerEvent: {}
[387.260521] (-) TimerEvent: {}
[387.305292] (hdl_localization) StdoutLine: {'line': b'-- Found eigen3_cmake_module: 0.1.1 (/opt/ros/foxy/share/eigen3_cmake_module/cmake)\n'}
[387.326680] (hdl_localization) StdoutLine: {'line': b'-- Found Eigen3: TRUE (found version "3.3.7") \n'}
[387.360794] (-) TimerEvent: {}
[387.462533] (-) TimerEvent: {}
[387.563558] (-) TimerEvent: {}
[387.664598] (-) TimerEvent: {}
[387.765831] (-) TimerEvent: {}
[387.866933] (-) TimerEvent: {}
[387.968178] (-) TimerEvent: {}
[388.069349] (-) TimerEvent: {}
[388.171218] (-) TimerEvent: {}
[388.272251] (-) TimerEvent: {}
[388.373339] (-) TimerEvent: {}
[388.474463] (-) TimerEvent: {}
[388.575557] (-) TimerEvent: {}
[388.676734] (-) TimerEvent: {}
[388.777882] (-) TimerEvent: {}
[388.879471] (-) TimerEvent: {}
[388.954222] (hdl_localization) StdoutLine: {'line': b"-- Checking for module 'eigen3'\n"}
[388.979800] (-) TimerEvent: {}
[389.080961] (-) TimerEvent: {}
[389.098495] (hdl_localization) StdoutLine: {'line': b'--   Found eigen3, version 3.3.7\n'}
[389.181188] (-) TimerEvent: {}
[389.282529] (-) TimerEvent: {}
[389.383685] (-) TimerEvent: {}
[389.484849] (-) TimerEvent: {}
[389.490443] (hdl_localization) StdoutLine: {'line': b'-- Found Eigen: /usr/include/eigen3 (Required is at least version "3.1") \n'}
[389.491622] (hdl_localization) StdoutLine: {'line': b'-- Eigen found (include: /usr/include/eigen3, version: 3.3.7)\n'}
[389.585105] (-) TimerEvent: {}
[389.686176] (-) TimerEvent: {}
[389.787221] (-) TimerEvent: {}
[389.882839] (hdl_localization) StdoutLine: {'line': b"-- Checking for module 'flann'\n"}
[389.932080] (-) TimerEvent: {}
[390.033056] (-) TimerEvent: {}
[390.039008] (hdl_localization) StdoutLine: {'line': b'--   Found flann, version 1.9.1\n'}
[390.133366] (-) TimerEvent: {}
[390.234467] (-) TimerEvent: {}
[390.335625] (-) TimerEvent: {}
[390.434349] (hdl_localization) StdoutLine: {'line': b'-- Found FLANN: /usr/lib/aarch64-linux-gnu/libflann_cpp.so  \n'}
[390.435774] (-) TimerEvent: {}
[390.536629] (-) TimerEvent: {}
[390.637698] (-) TimerEvent: {}
[390.738777] (-) TimerEvent: {}
[390.839885] (-) TimerEvent: {}
[390.942345] (-) TimerEvent: {}
[391.043708] (-) TimerEvent: {}
[391.125946] (hdl_localization) StdoutLine: {'line': b'-- The imported target "vtkParseOGLExt" references the file\n'}
[391.126737] (hdl_localization) StdoutLine: {'line': b'   "/usr/bin/vtkParseOGLExt-7.1"\n'}
[391.127254] (hdl_localization) StdoutLine: {'line': b'but this file does not exist.  Possible reasons include:\n'}
[391.127775] (hdl_localization) StdoutLine: {'line': b'* The file was deleted, renamed, or moved to another location.\n'}
[391.128189] (hdl_localization) StdoutLine: {'line': b'* An install or uninstall procedure did not complete successfully.\n'}
[391.128649] (hdl_localization) StdoutLine: {'line': b'* The installation package was faulty and contained\n'}
[391.129226] (hdl_localization) StdoutLine: {'line': b'   "/usr/lib/cmake/vtk-7.1/VTKTargets.cmake"\n'}
[391.129697] (hdl_localization) StdoutLine: {'line': b'but not all the files it references.\n'}
[391.130184] (hdl_localization) StdoutLine: {'line': b'\n'}
[391.134628] (hdl_localization) StdoutLine: {'line': b'-- The imported target "vtkRenderingPythonTkWidgets" references the file\n'}
[391.135434] (hdl_localization) StdoutLine: {'line': b'   "/usr/lib/aarch64-linux-gnu/libvtkRenderingPythonTkWidgets.so"\n'}
[391.135872] (hdl_localization) StdoutLine: {'line': b'but this file does not exist.  Possible reasons include:\n'}
[391.136307] (hdl_localization) StdoutLine: {'line': b'* The file was deleted, renamed, or moved to another location.\n'}
[391.136748] (hdl_localization) StdoutLine: {'line': b'* An install or uninstall procedure did not complete successfully.\n'}
[391.137267] (hdl_localization) StdoutLine: {'line': b'* The installation package was faulty and contained\n'}
[391.137732] (hdl_localization) StdoutLine: {'line': b'   "/usr/lib/cmake/vtk-7.1/VTKTargets.cmake"\n'}
[391.138145] (hdl_localization) StdoutLine: {'line': b'but not all the files it references.\n'}
[391.138524] (hdl_localization) StdoutLine: {'line': b'\n'}
[391.139482] (hdl_localization) StdoutLine: {'line': b'-- The imported target "vtk" references the file\n'}
[391.140309] (hdl_localization) StdoutLine: {'line': b'   "/usr/bin/vtk"\n'}
[391.141585] (hdl_localization) StdoutLine: {'line': b'but this file does not exist.  Possible reasons include:\n'}
[391.142073] (hdl_localization) StdoutLine: {'line': b'* The file was deleted, renamed, or moved to another location.\n'}
[391.142460] (hdl_localization) StdoutLine: {'line': b'* An install or uninstall procedure did not complete successfully.\n'}
[391.142957] (hdl_localization) StdoutLine: {'line': b'* The installation package was faulty and contained\n'}
[391.143341] (hdl_localization) StdoutLine: {'line': b'   "/usr/lib/cmake/vtk-7.1/VTKTargets.cmake"\n'}
[391.144137] (-) TimerEvent: {}
[391.144839] (hdl_localization) StdoutLine: {'line': b'but not all the files it references.\n'}
[391.145405] (hdl_localization) StdoutLine: {'line': b'\n'}
[391.145789] (hdl_localization) StdoutLine: {'line': b'-- The imported target "pvtk" references the file\n'}
[391.146255] (hdl_localization) StdoutLine: {'line': b'   "/usr/bin/pvtk"\n'}
[391.146672] (hdl_localization) StdoutLine: {'line': b'but this file does not exist.  Possible reasons include:\n'}
[391.147039] (hdl_localization) StdoutLine: {'line': b'* The file was deleted, renamed, or moved to another location.\n'}
[391.147489] (hdl_localization) StdoutLine: {'line': b'* An install or uninstall procedure did not complete successfully.\n'}
[391.147888] (hdl_localization) StdoutLine: {'line': b'* The installation package was faulty and contained\n'}
[391.148267] (hdl_localization) StdoutLine: {'line': b'   "/usr/lib/cmake/vtk-7.1/VTKTargets.cmake"\n'}
[391.148677] (hdl_localization) StdoutLine: {'line': b'but not all the files it references.\n'}
[391.149227] (hdl_localization) StdoutLine: {'line': b'\n'}
[391.245172] (-) TimerEvent: {}
[391.346522] (-) TimerEvent: {}
[391.447733] (-) TimerEvent: {}
[391.549074] (-) TimerEvent: {}
[391.650770] (-) TimerEvent: {}
[391.703863] (hdl_localization) StdoutLine: {'line': b"-- Checking for module 'libusb-1.0'\n"}
[391.751041] (-) TimerEvent: {}
[391.852105] (-) TimerEvent: {}
[391.855802] (hdl_localization) StdoutLine: {'line': b'--   Found libusb-1.0, version 1.0.23\n'}
[391.952377] (-) TimerEvent: {}
[392.053788] (-) TimerEvent: {}
[392.154779] (-) TimerEvent: {}
[392.255826] (-) TimerEvent: {}
[392.262503] (hdl_localization) StdoutLine: {'line': b'-- Found USB_10: /usr/lib/aarch64-linux-gnu/libusb-1.0.so  \n'}
[392.356124] (-) TimerEvent: {}
[392.457271] (-) TimerEvent: {}
[392.558390] (-) TimerEvent: {}
[392.659350] (-) TimerEvent: {}
[392.760605] (-) TimerEvent: {}
[392.798273] (hdl_localization) StdoutLine: {'line': b'-- OpenNI found (include: /usr/include/ni, lib: /usr/lib/libOpenNI.so)\n'}
[392.860932] (-) TimerEvent: {}
[392.961908] (-) TimerEvent: {}
[393.063007] (-) TimerEvent: {}
[393.165646] (-) TimerEvent: {}
[393.267017] (-) TimerEvent: {}
[393.368101] (-) TimerEvent: {}
[393.370794] (hdl_localization) StdoutLine: {'line': b'-- OpenNI2 found (include: /usr/include/openni2, lib: /usr/lib/libOpenNI2.so)\n'}
[393.458936] (hdl_localization) StdoutLine: {'line': b'-- Found libusb-1.0: /usr/include  \n'}
[393.468335] (-) TimerEvent: {}
[393.499240] (hdl_localization) StdoutLine: {'line': b'-- OpenNI found (include: /usr/include/ni, lib: /usr/lib/libOpenNI.so)\n'}
[393.544698] (hdl_localization) StdoutLine: {'line': b'-- OpenNI2 found (include: /usr/include/openni2, lib: /usr/lib/libOpenNI2.so)\n'}
[393.568581] (-) TimerEvent: {}
[393.670406] (-) TimerEvent: {}
[393.771389] (-) TimerEvent: {}
[393.873065] (-) TimerEvent: {}
[393.876720] (hdl_localization) StdoutLine: {'line': b'-- Found Qhull: optimized;/usr/lib/aarch64-linux-gnu/libqhull.so;debug;/usr/lib/aarch64-linux-gnu/libqhull.so  \n'}
[393.878109] (hdl_localization) StdoutLine: {'line': b'-- QHULL found (include: /usr/include, lib: optimized;/usr/lib/aarch64-linux-gnu/libqhull.so;debug;/usr/lib/aarch64-linux-gnu/libqhull.so)\n'}
[393.922080] (hdl_localization) StdoutLine: {'line': b'-- OpenNI found (include: /usr/include/ni, lib: /usr/lib/libOpenNI.so)\n'}
[393.974107] (-) TimerEvent: {}
[394.015254] (hdl_localization) StdoutLine: {'line': b'-- Found PCL_COMMON: /usr/lib/aarch64-linux-gnu/libpcl_common.so  \n'}
[394.030076] (hdl_localization) StdoutLine: {'line': b'-- Found PCL_KDTREE: /usr/lib/aarch64-linux-gnu/libpcl_kdtree.so  \n'}
[394.039949] (hdl_localization) StdoutLine: {'line': b'-- Found PCL_OCTREE: /usr/lib/aarch64-linux-gnu/libpcl_octree.so  \n'}
[394.047991] (hdl_localization) StdoutLine: {'line': b'-- Found PCL_SEARCH: /usr/lib/aarch64-linux-gnu/libpcl_search.so  \n'}
[394.056044] (hdl_localization) StdoutLine: {'line': b'-- Found PCL_SAMPLE_CONSENSUS: /usr/lib/aarch64-linux-gnu/libpcl_sample_consensus.so  \n'}
[394.064016] (hdl_localization) StdoutLine: {'line': b'-- Found PCL_FILTERS: /usr/lib/aarch64-linux-gnu/libpcl_filters.so  \n'}
[394.067117] (hdl_localization) StdoutLine: {'line': b'-- Found PCL_2D: /usr/include/pcl-1.10  \n'}
[394.070068] (hdl_localization) StdoutLine: {'line': b'-- Found PCL_GEOMETRY: /usr/include/pcl-1.10  \n'}
[394.074762] (-) TimerEvent: {}
[394.078746] (hdl_localization) StdoutLine: {'line': b'-- Found PCL_IO: /usr/lib/aarch64-linux-gnu/libpcl_io.so  \n'}
[394.088843] (hdl_localization) StdoutLine: {'line': b'-- Found PCL_FEATURES: /usr/lib/aarch64-linux-gnu/libpcl_features.so  \n'}
[394.101126] (hdl_localization) StdoutLine: {'line': b'-- Found PCL_ML: /usr/lib/aarch64-linux-gnu/libpcl_ml.so  \n'}
[394.111676] (hdl_localization) StdoutLine: {'line': b'-- Found PCL_SEGMENTATION: /usr/lib/aarch64-linux-gnu/libpcl_segmentation.so  \n'}
[394.125132] (hdl_localization) StdoutLine: {'line': b'-- Found PCL_VISUALIZATION: /usr/lib/aarch64-linux-gnu/libpcl_visualization.so  \n'}
[394.140444] (hdl_localization) StdoutLine: {'line': b'-- Found PCL_SURFACE: /usr/lib/aarch64-linux-gnu/libpcl_surface.so  \n'}
[394.149306] (hdl_localization) StdoutLine: {'line': b'-- Found PCL_REGISTRATION: /usr/lib/aarch64-linux-gnu/libpcl_registration.so  \n'}
[394.159259] (hdl_localization) StdoutLine: {'line': b'-- Found PCL_KEYPOINTS: /usr/lib/aarch64-linux-gnu/libpcl_keypoints.so  \n'}
[394.168133] (hdl_localization) StdoutLine: {'line': b'-- Found PCL_TRACKING: /usr/lib/aarch64-linux-gnu/libpcl_tracking.so  \n'}
[394.175165] (-) TimerEvent: {}
[394.179252] (hdl_localization) StdoutLine: {'line': b'-- Found PCL_RECOGNITION: /usr/lib/aarch64-linux-gnu/libpcl_recognition.so  \n'}
[394.189917] (hdl_localization) StdoutLine: {'line': b'-- Found PCL_STEREO: /usr/lib/aarch64-linux-gnu/libpcl_stereo.so  \n'}
[394.198338] (hdl_localization) StdoutLine: {'line': b'-- Found PCL_APPS: /usr/lib/aarch64-linux-gnu/libpcl_apps.so  \n'}
[394.205099] (hdl_localization) StdoutLine: {'line': b'-- Found PCL_IN_HAND_SCANNER: /usr/include/pcl-1.10  \n'}
[394.209912] (hdl_localization) StdoutLine: {'line': b'-- Found PCL_POINT_CLOUD_EDITOR: /usr/include/pcl-1.10  \n'}
[394.220016] (hdl_localization) StdoutLine: {'line': b'-- Found PCL_OUTOFCORE: /usr/lib/aarch64-linux-gnu/libpcl_outofcore.so  \n'}
[394.232748] (hdl_localization) StdoutLine: {'line': b'-- Found PCL_PEOPLE: /usr/lib/aarch64-linux-gnu/libpcl_people.so  \n'}
[394.276277] (-) TimerEvent: {}
[394.378554] (-) TimerEvent: {}
[394.479762] (-) TimerEvent: {}
[394.580768] (-) TimerEvent: {}
[394.685869] (-) TimerEvent: {}
[394.786967] (-) TimerEvent: {}
[394.887988] (-) TimerEvent: {}
[394.989105] (-) TimerEvent: {}
[395.134347] (-) TimerEvent: {}
[395.235491] (-) TimerEvent: {}
[395.336964] (-) TimerEvent: {}
[395.438168] (-) TimerEvent: {}
[395.539332] (-) TimerEvent: {}
[395.640532] (-) TimerEvent: {}
[395.743212] (-) TimerEvent: {}
[395.847290] (-) TimerEvent: {}
[395.948659] (-) TimerEvent: {}
[396.049727] (-) TimerEvent: {}
[396.150822] (-) TimerEvent: {}
[396.252171] (-) TimerEvent: {}
[396.353312] (-) TimerEvent: {}
[396.454305] (-) TimerEvent: {}
[396.555446] (-) TimerEvent: {}
[396.656633] (-) TimerEvent: {}
[396.758351] (-) TimerEvent: {}
[396.861747] (-) TimerEvent: {}
[396.962735] (-) TimerEvent: {}
[397.063659] (-) TimerEvent: {}
[397.164677] (-) TimerEvent: {}
[397.265800] (-) TimerEvent: {}
[397.366879] (-) TimerEvent: {}
[397.468010] (-) TimerEvent: {}
[397.572962] (-) TimerEvent: {}
[397.673953] (-) TimerEvent: {}
[397.775775] (-) TimerEvent: {}
[397.876799] (-) TimerEvent: {}
[397.978105] (-) TimerEvent: {}
[398.080671] (-) TimerEvent: {}
[398.182027] (-) TimerEvent: {}
[398.283422] (-) TimerEvent: {}
[398.385357] (-) TimerEvent: {}
[398.486408] (-) TimerEvent: {}
[398.587418] (-) TimerEvent: {}
[398.688725] (-) TimerEvent: {}
[398.790573] (-) TimerEvent: {}
[398.892622] (-) TimerEvent: {}
[398.994208] (-) TimerEvent: {}
[399.096007] (-) TimerEvent: {}
[399.197294] (-) TimerEvent: {}
[399.287956] (hdl_localization) StdoutLine: {'line': b'-- Found OpenMP_C: -fopenmp (found version "4.5") \n'}
[399.298063] (-) TimerEvent: {}
[399.400055] (-) TimerEvent: {}
[399.501601] (-) TimerEvent: {}
[399.602811] (-) TimerEvent: {}
[399.704185] (-) TimerEvent: {}
[399.805791] (-) TimerEvent: {}
[399.906941] (-) TimerEvent: {}
[400.009704] (-) TimerEvent: {}
[400.085105] (hdl_localization) StdoutLine: {'line': b'-- Found OpenMP_CXX: -fopenmp (found version "4.5") \n'}
[400.088123] (hdl_localization) StdoutLine: {'line': b'-- Found OpenMP: TRUE (found version "4.5")  \n'}
[400.110714] (-) TimerEvent: {}
[400.211960] (-) TimerEvent: {}
[400.313032] (-) TimerEvent: {}
[400.414168] (-) TimerEvent: {}
[400.425292] (hdl_localization) StdoutLine: {'line': b'-- Found PythonInterp: /usr/bin/python3 (found version "3.8.10") \n'}
[400.514578] (-) TimerEvent: {}
[400.615889] (-) TimerEvent: {}
[400.717599] (-) TimerEvent: {}
[400.819057] (-) TimerEvent: {}
[400.920171] (-) TimerEvent: {}
[401.021479] (-) TimerEvent: {}
[401.122550] (-) TimerEvent: {}
[401.223543] (-) TimerEvent: {}
[401.325090] (-) TimerEvent: {}
[401.426171] (-) TimerEvent: {}
[401.527418] (-) TimerEvent: {}
[401.629322] (-) TimerEvent: {}
[401.731283] (-) TimerEvent: {}
[401.832542] (-) TimerEvent: {}
[401.933757] (-) TimerEvent: {}
[402.034754] (-) TimerEvent: {}
[402.135908] (-) TimerEvent: {}
[402.179020] (hdl_localization) StdoutLine: {'line': b'-- Found ament_cmake_ros: 0.9.2 (/opt/ros/foxy/share/ament_cmake_ros/cmake)\n'}
[402.236112] (-) TimerEvent: {}
[402.337309] (-) TimerEvent: {}
[402.438306] (-) TimerEvent: {}
[402.540468] (-) TimerEvent: {}
[402.641800] (-) TimerEvent: {}
[402.742838] (-) TimerEvent: {}
[402.845468] (-) TimerEvent: {}
[402.947616] (-) TimerEvent: {}
[403.048696] (-) TimerEvent: {}
[403.150314] (-) TimerEvent: {}
[403.251379] (-) TimerEvent: {}
[403.352352] (-) TimerEvent: {}
[403.453617] (-) TimerEvent: {}
[403.555203] (-) TimerEvent: {}
[403.656984] (-) TimerEvent: {}
[403.758538] (-) TimerEvent: {}
[403.859541] (-) TimerEvent: {}
[403.960636] (-) TimerEvent: {}
[404.061768] (-) TimerEvent: {}
[404.162777] (-) TimerEvent: {}
[404.263757] (-) TimerEvent: {}
[404.364733] (-) TimerEvent: {}
[404.455944] (hdl_localization) StdoutLine: {'line': b'-- Using all available rosidl_typesupport_c: rosidl_typesupport_fastrtps_c;rosidl_typesupport_introspection_c\n'}
[404.465003] (-) TimerEvent: {}
[404.566042] (-) TimerEvent: {}
[404.667099] (-) TimerEvent: {}
[404.768227] (-) TimerEvent: {}
[404.869502] (-) TimerEvent: {}
[404.970592] (-) TimerEvent: {}
[405.090170] (-) TimerEvent: {}
[405.191374] (-) TimerEvent: {}
[405.292534] (-) TimerEvent: {}
[405.394712] (-) TimerEvent: {}
[405.495758] (-) TimerEvent: {}
[405.572317] (hdl_localization) StdoutLine: {'line': b'-- Using all available rosidl_typesupport_cpp: rosidl_typesupport_fastrtps_cpp;rosidl_typesupport_introspection_cpp\n'}
[405.595986] (-) TimerEvent: {}
[405.697199] (-) TimerEvent: {}
[405.798189] (-) TimerEvent: {}
[405.891808] (hdl_localization) StdoutLine: {'line': b'-- Found PythonInterp: /usr/bin/python3 (found suitable version "3.8.10", minimum required is "3.5") \n'}
[405.898481] (-) TimerEvent: {}
[405.906626] (hdl_localization) StdoutLine: {'line': b'-- Found python_cmake_module: 0.8.1 (/opt/ros/foxy/share/python_cmake_module/cmake)\n'}
[405.998715] (-) TimerEvent: {}
[406.100718] (-) TimerEvent: {}
[406.201842] (-) TimerEvent: {}
[406.302836] (-) TimerEvent: {}
[406.403913] (-) TimerEvent: {}
[406.505057] (-) TimerEvent: {}
[406.527955] (hdl_localization) StdoutLine: {'line': b'-- Found PythonLibs: /usr/lib/aarch64-linux-gnu/libpython3.8.so (found suitable version "3.8.10", minimum required is "3.5") \n'}
[406.529496] (hdl_localization) StdoutLine: {'line': b'-- Using PYTHON_EXECUTABLE: /usr/bin/python3\n'}
[406.530098] (hdl_localization) StdoutLine: {'line': b'-- Using PYTHON_INCLUDE_DIRS: /usr/include/python3.8\n'}
[406.530796] (hdl_localization) StdoutLine: {'line': b'-- Using PYTHON_LIBRARIES: /usr/lib/aarch64-linux-gnu/libpython3.8.so\n'}
[406.605254] (-) TimerEvent: {}
[406.673627] (hdl_localization) StdoutLine: {'line': b'-- Found PythonExtra: .so  \n'}
[406.705499] (-) TimerEvent: {}
[406.806581] (-) TimerEvent: {}
[406.907668] (-) TimerEvent: {}
[407.008572] (-) TimerEvent: {}
[407.109681] (-) TimerEvent: {}
[407.210691] (-) TimerEvent: {}
[407.311705] (-) TimerEvent: {}
[407.412624] (-) TimerEvent: {}
[407.514137] (-) TimerEvent: {}
[407.615920] (-) TimerEvent: {}
[407.703692] (hdl_localization) StdoutLine: {'line': b'-- Configuring done\n'}
[407.716324] (-) TimerEvent: {}
[407.818059] (-) TimerEvent: {}
[407.920298] (-) TimerEvent: {}
[408.021401] (-) TimerEvent: {}
[408.122443] (-) TimerEvent: {}
[408.223648] (-) TimerEvent: {}
[408.324779] (-) TimerEvent: {}
[408.425995] (-) TimerEvent: {}
[408.527172] (-) TimerEvent: {}
[408.531004] (hdl_localization) StdoutLine: {'line': b'-- Generating done\n'}
[408.555664] (hdl_localization) StdoutLine: {'line': b'-- Build files have been written to: /home/ysc/lite_cog_ros2/nav/src/build/hdl_localization\n'}
[408.627584] (-) TimerEvent: {}
[408.680494] (hdl_localization) CommandEnded: {'returncode': 0}
[408.700754] (hdl_localization) JobProgress: {'identifier': 'hdl_localization', 'progress': 'build'}
[408.702739] (hdl_localization) Command: {'cmd': ['/usr/bin/cmake', '--build', '/home/ysc/lite_cog_ros2/nav/src/build/hdl_localization', '--', '-j6', '-l6'], 'cwd': '/home/ysc/lite_cog_ros2/nav/src/build/hdl_localization', 'env': OrderedDict([('LESSOPEN', '| /usr/bin/lesspipe %s'), ('USER', 'ysc'), ('LC_TIME', 'zh_CN.UTF-8'), ('SSH_AGENT_PID', '1969'), ('XDG_SESSION_TYPE', 'x11'), ('SHLVL', '1'), ('LD_LIBRARY_PATH', '/home/ysc/lite_cog_ros2/nav/src/install/hdl_global_localization/lib:/usr/lib/aarch64-linux-gnu/gazebo-11/plugins:/opt/ros/foxy/opt/yaml_cpp_vendor/lib:/opt/ros/foxy/opt/rviz_ogre_vendor/lib:/opt/ros/foxy/lib/aarch64-linux-gnu:/opt/ros/foxy/lib:/usr/local/cuda-11.4/lib64'), ('HOME', '/home/ysc'), ('DESKTOP_SESSION', 'ubuntu'), ('JETSON_L4T', '35.4.1'), ('ROS_PYTHON_VERSION', '3'), ('GNOME_SHELL_SESSION_MODE', 'ubuntu'), ('GTK_MODULES', 'gail:atk-bridge'), ('JETSON_MODEL', 'NVIDIA Jetson Xavier NX Developer Kit'), ('LC_MONETARY', 'zh_CN.UTF-8'), ('MANAGERPID', '1455'), ('DBUS_STARTER_BUS_TYPE', 'session'), ('ROS_LOG_DIR', '/home/ysc/lite_cog_ros2/system/log'), ('DBUS_SESSION_BUS_ADDRESS', 'unix:path=/run/user/1000/bus,guid=9490700c6fa999152488ef0b69425bff'), ('COLORTERM', 'truecolor'), ('_colcon_cd_root', '/opt/ros/foxy/'), ('IM_CONFIG_PHASE', '1'), ('COLCON_PREFIX_PATH', '/home/ysc/lite_cog_ros2/nav/src/install'), ('ROS_DISTRO', 'foxy'), ('LOGNAME', 'ysc'), ('JETSON_MODULE', 'NVIDIA Jetson Xavier NX'), ('JETSON_SERIAL_NUMBER', '1421125032270'), ('JOURNAL_STREAM', '8:50396'), ('_', '/usr/bin/colcon'), ('ROS_VERSION', '2'), ('JETSON_CODENAME', 'Jakku'), ('XDG_SESSION_CLASS', 'user'), ('USERNAME', 'ysc'), ('TERM', 'xterm-256color'), ('GNOME_DESKTOP_SESSION_ID', 'this-is-deprecated'), ('ROS_LOCALHOST_ONLY', '0'), ('WINDOWPATH', '2'), ('PATH', '/opt/ros/foxy/bin:/usr/local/cuda-11.4/bin:/home/ysc/.local/bin:/usr/local/sbin:/usr/local/bin:/usr/sbin:/usr/bin:/sbin:/bin:/usr/games:/usr/local/games:/snap/bin'), ('SESSION_MANAGER', 'local/lite:@/tmp/.ICE-unix/2074,unix/lite:/tmp/.ICE-unix/2074'), ('INVOCATION_ID', 'dfe74acf5258439cad30ef121e26087a'), ('XDG_MENU_PREFIX', 'gnome-'), ('LC_ADDRESS', 'zh_CN.UTF-8'), ('GNOME_TERMINAL_SCREEN', '/org/gnome/Terminal/screen/216edd38_1dc2_4ec0_a174_a9822a6e6163'), ('XDG_RUNTIME_DIR', '/run/user/1000'), ('DISPLAY', ':0'), ('LANG', 'en_US.UTF-8'), ('XDG_CURRENT_DESKTOP', 'ubuntu:GNOME'), ('LC_TELEPHONE', 'zh_CN.UTF-8'), ('RMW_IMPLEMENTATION', 'rmw_cyclonedds_cpp'), ('XMODIFIERS', '@im=ibus'), ('XDG_SESSION_DESKTOP', 'ubuntu'), ('XAUTHORITY', '/run/user/1000/gdm/Xauthority'), ('LS_COLORS', 'rs=0:di=01;34:ln=01;36:mh=00:pi=40;33:so=01;35:do=01;35:bd=40;33;01:cd=40;33;01:or=40;31;01:mi=00:su=37;41:sg=30;43:ca=30;41:tw=30;42:ow=34;42:st=37;44:ex=01;32:*.tar=01;31:*.tgz=01;31:*.arc=01;31:*.arj=01;31:*.taz=01;31:*.lha=01;31:*.lz4=01;31:*.lzh=01;31:*.lzma=01;31:*.tlz=01;31:*.txz=01;31:*.tzo=01;31:*.t7z=01;31:*.zip=01;31:*.z=01;31:*.dz=01;31:*.gz=01;31:*.lrz=01;31:*.lz=01;31:*.lzo=01;31:*.xz=01;31:*.zst=01;31:*.tzst=01;31:*.bz2=01;31:*.bz=01;31:*.tbz=01;31:*.tbz2=01;31:*.tz=01;31:*.deb=01;31:*.rpm=01;31:*.jar=01;31:*.war=01;31:*.ear=01;31:*.sar=01;31:*.rar=01;31:*.alz=01;31:*.ace=01;31:*.zoo=01;31:*.cpio=01;31:*.7z=01;31:*.rz=01;31:*.cab=01;31:*.wim=01;31:*.swm=01;31:*.dwm=01;31:*.esd=01;31:*.jpg=01;35:*.jpeg=01;35:*.mjpg=01;35:*.mjpeg=01;35:*.gif=01;35:*.bmp=01;35:*.pbm=01;35:*.pgm=01;35:*.ppm=01;35:*.tga=01;35:*.xbm=01;35:*.xpm=01;35:*.tif=01;35:*.tiff=01;35:*.png=01;35:*.svg=01;35:*.svgz=01;35:*.mng=01;35:*.pcx=01;35:*.mov=01;35:*.mpg=01;35:*.mpeg=01;35:*.m2v=01;35:*.mkv=01;35:*.webm=01;35:*.ogm=01;35:*.mp4=01;35:*.m4v=01;35:*.mp4v=01;35:*.vob=01;35:*.qt=01;35:*.nuv=01;35:*.wmv=01;35:*.asf=01;35:*.rm=01;35:*.rmvb=01;35:*.flc=01;35:*.avi=01;35:*.fli=01;35:*.flv=01;35:*.gl=01;35:*.dl=01;35:*.xcf=01;35:*.xwd=01;35:*.yuv=01;35:*.cgm=01;35:*.emf=01;35:*.ogv=01;35:*.ogx=01;35:*.aac=00;36:*.au=00;36:*.flac=00;36:*.m4a=00;36:*.mid=00;36:*.midi=00;36:*.mka=00;36:*.mp3=00;36:*.mpc=00;36:*.ogg=00;36:*.ra=00;36:*.wav=00;36:*.oga=00;36:*.opus=00;36:*.spx=00;36:*.xspf=00;36:'), ('JETSON_SOC', 'tegra194'), ('GNOME_TERMINAL_SERVICE', ':1.104'), ('SSH_AUTH_SOCK', '/run/user/1000/keyring/ssh'), ('ROS_DOMAIN_ID', '0'), ('AMENT_PREFIX_PATH', '/home/ysc/lite_cog_ros2/nav/src/install/hdl_global_localization:/home/ysc/lite_cog_ros2/nav/src/install/narrow_passage_controller:/opt/ros/foxy'), ('SHELL', '/bin/bash'), ('LC_NAME', 'zh_CN.UTF-8'), ('QT_ACCESSIBILITY', '1'), ('GDMSESSION', 'ubuntu'), ('LESSCLOSE', '/usr/bin/lesspipe %s %s'), ('LC_MEASUREMENT', 'zh_CN.UTF-8'), ('GPG_AGENT_INFO', '/run/user/1000/gnupg/S.gpg-agent:0:1'), ('LC_IDENTIFICATION', 'zh_CN.UTF-8'), ('QT_IM_MODULE', 'ibus'), ('JETSON_CUDA_ARCH_BIN', '7.2'), ('PWD', '/home/ysc/lite_cog_ros2/nav/src/build/hdl_localization'), ('LC_ALL', 'en_US.UTF-8'), ('XDG_CONFIG_DIRS', '/etc/xdg/xdg-ubuntu:/etc/xdg'), ('DBUS_STARTER_ADDRESS', 'unix:path=/run/user/1000/bus,guid=9490700c6fa999152488ef0b69425bff'), ('XDG_DATA_DIRS', '/usr/share/ubuntu:/usr/local/share/:/usr/share/:/var/lib/snapd/desktop'), ('PYTHONPATH', '/home/ysc/lite_cog_ros2/nav/src/install/hdl_global_localization/lib/python3.8/site-packages:/home/ysc/lite_cog_ros2/nav/src/install/narrow_passage_controller/lib/python3.8/site-packages:/opt/ros/foxy/lib/python3.8/site-packages'), ('LC_NUMERIC', 'zh_CN.UTF-8'), ('LC_PAPER', 'zh_CN.UTF-8'), ('COLCON', '1'), ('VTE_VERSION', '6003'), ('JETSON_JETPACK', '5.1.2'), ('JETSON_P_NUMBER', 'p3668-0001'), ('CMAKE_PREFIX_PATH', '/home/ysc/lite_cog_ros2/nav/src/install/hdl_global_localization:/home/ysc/lite_cog_ros2/nav/src/install/narrow_passage_controller:/opt/ros/foxy')]), 'shell': False}
[408.727867] (-) TimerEvent: {}
[408.829960] (-) TimerEvent: {}
[408.930938] (-) TimerEvent: {}
[409.015500] (hdl_localization) StdoutLine: {'line': b'[  2%] \x1b[34m\x1b[1mGenerating C code for ROS interfaces\x1b[0m\n'}
[409.220108] (-) TimerEvent: {}
[409.221793] (hdl_localization) StdoutLine: {'line': b'\x1b[35m\x1b[1mScanning dependencies of target hdl_localization__cpp\x1b[0m\n'}
[409.296170] (hdl_localization) StdoutLine: {'line': b'[  5%] \x1b[34m\x1b[1mGenerating C++ code for ROS interfaces\x1b[0m\n'}
[409.320341] (-) TimerEvent: {}
[409.421355] (-) TimerEvent: {}
[409.522710] (-) TimerEvent: {}
[409.623770] (-) TimerEvent: {}
[409.724691] (-) TimerEvent: {}
[409.826360] (-) TimerEvent: {}
[409.927444] (-) TimerEvent: {}
[410.029203] (-) TimerEvent: {}
[410.194758] (-) TimerEvent: {}
[410.296143] (-) TimerEvent: {}
[410.397631] (-) TimerEvent: {}
[410.499411] (-) TimerEvent: {}
[410.513357] (hdl_localization) StdoutLine: {'line': b'\x1b[35m\x1b[1mScanning dependencies of target hdl_localization__rosidl_generator_c\x1b[0m\n'}
[410.605174] (-) TimerEvent: {}
[410.709168] (-) TimerEvent: {}
[410.756384] (hdl_localization) StdoutLine: {'line': b'[  5%] Built target hdl_localization__cpp\n'}
[410.789644] (hdl_localization) StdoutLine: {'line': b'[  8%] \x1b[32mBuilding C object CMakeFiles/hdl_localization__rosidl_generator_c.dir/rosidl_generator_c/hdl_localization/msg/detail/scan_matching_status__functions.c.o\x1b[0m\n'}
[410.809419] (-) TimerEvent: {}
[410.852848] (hdl_localization) StderrLine: {'line': b'\x1b[01m\x1b[Kcc1:\x1b[m\x1b[K \x1b[01;35m\x1b[Kwarning: \x1b[m\x1b[Kcommand line option \xe2\x80\x98\x1b[01m\x1b[K-std=c++14\x1b[m\x1b[K\xe2\x80\x99 is valid for C++/ObjC++ but not for C\n'}
[410.871748] (hdl_localization) StdoutLine: {'line': b'[ 11%] \x1b[34m\x1b[1mGenerating C++ type support for eProsima Fast-RTPS\x1b[0m\n'}
[410.876703] (hdl_localization) StdoutLine: {'line': b'[ 14%] \x1b[34m\x1b[1mGenerating C++ introspection for ROS interfaces\x1b[0m\n'}
[410.909667] (-) TimerEvent: {}
[410.978184] (hdl_localization) StdoutLine: {'line': b'[ 17%] \x1b[34m\x1b[1mGenerating C++ type support dispatch for ROS interfaces\x1b[0m\n'}
[411.010298] (-) TimerEvent: {}
[411.111458] (-) TimerEvent: {}
[411.213538] (-) TimerEvent: {}
[411.320758] (-) TimerEvent: {}
[411.421822] (-) TimerEvent: {}
[411.522829] (-) TimerEvent: {}
[411.624997] (-) TimerEvent: {}
[411.727044] (-) TimerEvent: {}
[411.837703] (-) TimerEvent: {}
[411.846854] (hdl_localization) StdoutLine: {'line': b'[ 20%] \x1b[32m\x1b[1mLinking C shared library libhdl_localization__rosidl_generator_c.so\x1b[0m\n'}
[411.937992] (-) TimerEvent: {}
[412.038936] (-) TimerEvent: {}
[412.139863] (-) TimerEvent: {}
[412.161512] (hdl_localization) StdoutLine: {'line': b'[ 20%] Built target hdl_localization__rosidl_generator_c\n'}
[412.240131] (-) TimerEvent: {}
[412.340741] (hdl_localization) StdoutLine: {'line': b'[ 23%] \x1b[34m\x1b[1mGenerating C type support dispatch for ROS interfaces\x1b[0m\n'}
[412.341765] (-) TimerEvent: {}
[412.356014] (hdl_localization) StdoutLine: {'line': b'[ 26%] \x1b[34m\x1b[1mGenerating C introspection for ROS interfaces\x1b[0m\n'}
[412.406170] (hdl_localization) StdoutLine: {'line': b'\x1b[35m\x1b[1mScanning dependencies of target hdl_localization__rosidl_typesupport_cpp\x1b[0m\n'}
[412.442055] (-) TimerEvent: {}
[412.541748] (hdl_localization) StdoutLine: {'line': b'\x1b[35m\x1b[1mScanning dependencies of target hdl_localization__rosidl_typesupport_fastrtps_cpp\x1b[0m\n'}
[412.545314] (-) TimerEvent: {}
[412.647321] (-) TimerEvent: {}
[412.737459] (hdl_localization) StdoutLine: {'line': b'[ 29%] \x1b[32mBuilding CXX object CMakeFiles/hdl_localization__rosidl_typesupport_fastrtps_cpp.dir/rosidl_typesupport_fastrtps_cpp/hdl_localization/msg/detail/dds_fastrtps/scan_matching_status__type_support.cpp.o\x1b[0m\n'}
[412.747638] (-) TimerEvent: {}
[412.849008] (-) TimerEvent: {}
[412.877204] (hdl_localization) StdoutLine: {'line': b'\x1b[35m\x1b[1mScanning dependencies of target hdl_localization__rosidl_typesupport_introspection_cpp\x1b[0m\n'}
[412.897325] (hdl_localization) StdoutLine: {'line': b'[ 32%] \x1b[32mBuilding CXX object CMakeFiles/hdl_localization__rosidl_typesupport_cpp.dir/rosidl_typesupport_cpp/hdl_localization/msg/scan_matching_status__type_support.cpp.o\x1b[0m\n'}
[412.966886] (-) TimerEvent: {}
[413.069060] (-) TimerEvent: {}
[413.154961] (hdl_localization) StdoutLine: {'line': b'[ 35%] \x1b[32mBuilding CXX object CMakeFiles/hdl_localization__rosidl_typesupport_introspection_cpp.dir/rosidl_typesupport_introspection_cpp/hdl_localization/msg/detail/scan_matching_status__type_support.cpp.o\x1b[0m\n'}
[413.169273] (-) TimerEvent: {}
[413.270937] (-) TimerEvent: {}
[413.371974] (-) TimerEvent: {}
[413.473356] (-) TimerEvent: {}
[413.581239] (-) TimerEvent: {}
[413.682886] (-) TimerEvent: {}
[413.787965] (-) TimerEvent: {}
[413.891412] (-) TimerEvent: {}
[413.993004] (-) TimerEvent: {}
[414.096459] (-) TimerEvent: {}
[414.201308] (-) TimerEvent: {}
[414.306524] (-) TimerEvent: {}
[414.321555] (hdl_localization) StdoutLine: {'line': b'\x1b[35m\x1b[1mScanning dependencies of target hdl_localization__rosidl_typesupport_c\x1b[0m\n'}
[414.407008] (-) TimerEvent: {}
[414.510876] (-) TimerEvent: {}
[414.565119] (hdl_localization) StdoutLine: {'line': b'\x1b[35m\x1b[1mScanning dependencies of target hdl_localization__rosidl_typesupport_introspection_c\x1b[0m\n'}
[414.613485] (-) TimerEvent: {}
[414.648787] (hdl_localization) StdoutLine: {'line': b'[ 38%] \x1b[32mBuilding CXX object CMakeFiles/hdl_localization__rosidl_typesupport_c.dir/rosidl_typesupport_c/hdl_localization/msg/scan_matching_status__type_support.cpp.o\x1b[0m\n'}
[414.724417] (-) TimerEvent: {}
[414.827365] (-) TimerEvent: {}
[414.932436] (-) TimerEvent: {}
[415.045990] (-) TimerEvent: {}
[415.141732] (hdl_localization) StdoutLine: {'line': b'[ 41%] \x1b[32mBuilding C object CMakeFiles/hdl_localization__rosidl_typesupport_introspection_c.dir/rosidl_typesupport_introspection_c/hdl_localization/msg/detail/scan_matching_status__type_support.c.o\x1b[0m\n'}
[415.146330] (-) TimerEvent: {}
[415.245054] (hdl_localization) StdoutLine: {'line': b'[ 44%] \x1b[32m\x1b[1mLinking CXX shared library libhdl_localization__rosidl_typesupport_c.so\x1b[0m\n'}
[415.246336] (-) TimerEvent: {}
[415.256814] (hdl_localization) StderrLine: {'line': b'\x1b[01m\x1b[Kcc1:\x1b[m\x1b[K \x1b[01;35m\x1b[Kwarning: \x1b[m\x1b[Kcommand line option \xe2\x80\x98\x1b[01m\x1b[K-std=c++14\x1b[m\x1b[K\xe2\x80\x99 is valid for C++/ObjC++ but not for C\n'}
[415.346733] (-) TimerEvent: {}
[415.448696] (-) TimerEvent: {}
[415.551199] (-) TimerEvent: {}
[415.654004] (-) TimerEvent: {}
[415.755415] (-) TimerEvent: {}
[415.757427] (hdl_localization) StdoutLine: {'line': b'[ 44%] Built target hdl_localization__rosidl_typesupport_c\n'}
[415.855676] (-) TimerEvent: {}
[415.875233] (hdl_localization) StdoutLine: {'line': b'[ 47%] \x1b[32m\x1b[1mLinking C shared library libhdl_localization__rosidl_typesupport_introspection_c.so\x1b[0m\n'}
[415.956849] (-) TimerEvent: {}
[416.014368] (hdl_localization) StdoutLine: {'line': b'[ 50%] \x1b[32m\x1b[1mLinking CXX shared library libhdl_localization__rosidl_typesupport_cpp.so\x1b[0m\n'}
[416.057179] (-) TimerEvent: {}
[416.158374] (-) TimerEvent: {}
[416.266759] (hdl_localization) StdoutLine: {'line': b'[ 50%] Built target hdl_localization__rosidl_typesupport_introspection_c\n'}
[416.267877] (-) TimerEvent: {}
[416.360752] (hdl_localization) StdoutLine: {'line': b'[ 50%] Built target hdl_localization__rosidl_typesupport_cpp\n'}
[416.369108] (-) TimerEvent: {}
[416.474771] (-) TimerEvent: {}
[416.575941] (-) TimerEvent: {}
[416.677577] (-) TimerEvent: {}
[416.780014] (-) TimerEvent: {}
[416.873421] (hdl_localization) StdoutLine: {'line': b'[ 52%] \x1b[32m\x1b[1mLinking CXX shared library libhdl_localization__rosidl_typesupport_introspection_cpp.so\x1b[0m\n'}
[416.880235] (-) TimerEvent: {}
[416.981653] (-) TimerEvent: {}
[417.082778] (-) TimerEvent: {}
[417.187009] (-) TimerEvent: {}
[417.289179] (-) TimerEvent: {}
[417.353610] (hdl_localization) StdoutLine: {'line': b'[ 52%] Built target hdl_localization__rosidl_typesupport_introspection_cpp\n'}
[417.389634] (-) TimerEvent: {}
[417.490790] (-) TimerEvent: {}
[417.591871] (-) TimerEvent: {}
[417.599495] (hdl_localization) StdoutLine: {'line': b'[ 55%] \x1b[32m\x1b[1mLinking CXX shared library libhdl_localization__rosidl_typesupport_fastrtps_cpp.so\x1b[0m\n'}
[417.692111] (-) TimerEvent: {}
[417.793819] (-) TimerEvent: {}
[417.895146] (-) TimerEvent: {}
[417.996350] (-) TimerEvent: {}
[418.068537] (hdl_localization) StdoutLine: {'line': b'[ 55%] Built target hdl_localization__rosidl_typesupport_fastrtps_cpp\n'}
[418.096579] (-) TimerEvent: {}
[418.149797] (hdl_localization) StdoutLine: {'line': b'[ 58%] \x1b[34m\x1b[1mGenerating C type support for eProsima Fast-RTPS\x1b[0m\n'}
[418.196954] (-) TimerEvent: {}
[418.297928] (-) TimerEvent: {}
[418.398904] (-) TimerEvent: {}
[418.499708] (-) TimerEvent: {}
[418.600826] (-) TimerEvent: {}
[418.701869] (-) TimerEvent: {}
[418.802785] (-) TimerEvent: {}
[418.905108] (-) TimerEvent: {}
[419.006048] (-) TimerEvent: {}
[419.106966] (-) TimerEvent: {}
[419.208064] (-) TimerEvent: {}
[419.309949] (-) TimerEvent: {}
[419.365632] (hdl_localization) StdoutLine: {'line': b'\x1b[35m\x1b[1mScanning dependencies of target hdl_localization__rosidl_typesupport_fastrtps_c\x1b[0m\n'}
[419.410189] (-) TimerEvent: {}
[419.502739] (hdl_localization) StdoutLine: {'line': b'[ 61%] \x1b[32mBuilding CXX object CMakeFiles/hdl_localization__rosidl_typesupport_fastrtps_c.dir/rosidl_typesupport_fastrtps_c/hdl_localization/msg/detail/scan_matching_status__type_support_c.cpp.o\x1b[0m\n'}
[419.510512] (-) TimerEvent: {}
[419.611510] (-) TimerEvent: {}
[419.712532] (-) TimerEvent: {}
[419.815181] (-) TimerEvent: {}
[419.916237] (-) TimerEvent: {}
[420.017386] (-) TimerEvent: {}
[420.234858] (-) TimerEvent: {}
[420.335896] (-) TimerEvent: {}
[420.436994] (-) TimerEvent: {}
[420.538037] (-) TimerEvent: {}
[420.639413] (-) TimerEvent: {}
[420.740497] (-) TimerEvent: {}
[420.841687] (-) TimerEvent: {}
[420.942916] (-) TimerEvent: {}
[421.045771] (-) TimerEvent: {}
[421.146973] (-) TimerEvent: {}
[421.249208] (-) TimerEvent: {}
[421.350200] (-) TimerEvent: {}
[421.451211] (-) TimerEvent: {}
[421.552412] (-) TimerEvent: {}
[421.653787] (-) TimerEvent: {}
[421.755362] (-) TimerEvent: {}
[421.856685] (-) TimerEvent: {}
[421.957817] (-) TimerEvent: {}
[422.018377] (hdl_localization) StdoutLine: {'line': b'[ 64%] \x1b[32m\x1b[1mLinking CXX shared library libhdl_localization__rosidl_typesupport_fastrtps_c.so\x1b[0m\n'}
[422.058077] (-) TimerEvent: {}
[422.159087] (-) TimerEvent: {}
[422.260085] (-) TimerEvent: {}
[422.361316] (-) TimerEvent: {}
[422.462518] (-) TimerEvent: {}
[422.499388] (hdl_localization) StdoutLine: {'line': b'[ 64%] Built target hdl_localization__rosidl_typesupport_fastrtps_c\n'}
[422.562838] (-) TimerEvent: {}
[422.578412] (hdl_localization) StdoutLine: {'line': b'\x1b[35m\x1b[1mScanning dependencies of target hdl_localization\x1b[0m\n'}
[422.653923] (hdl_localization) StdoutLine: {'line': b'[ 64%] Built target hdl_localization\n'}
[422.663168] (-) TimerEvent: {}
[422.726023] (hdl_localization) StdoutLine: {'line': b'\x1b[35m\x1b[1mScanning dependencies of target hdl_localization__py\x1b[0m\n'}
[422.731873] (hdl_localization) StdoutLine: {'line': b'\x1b[35m\x1b[1mScanning dependencies of target hdl_localization_composition\x1b[0m\n'}
[422.763413] (-) TimerEvent: {}
[422.809530] (hdl_localization) StdoutLine: {'line': b'[ 67%] \x1b[34m\x1b[1mGenerating Python code for ROS interfaces\x1b[0m\n'}
[422.863656] (-) TimerEvent: {}
[422.965354] (-) TimerEvent: {}
[423.067064] (-) TimerEvent: {}
[423.168022] (-) TimerEvent: {}
[423.271008] (-) TimerEvent: {}
[423.371942] (-) TimerEvent: {}
[423.472948] (-) TimerEvent: {}
[423.577207] (-) TimerEvent: {}
[423.681059] (-) TimerEvent: {}
[423.783148] (-) TimerEvent: {}
[423.884176] (-) TimerEvent: {}
[423.985112] (-) TimerEvent: {}
[424.086324] (-) TimerEvent: {}
[424.187320] (-) TimerEvent: {}
[424.288260] (-) TimerEvent: {}
[424.389815] (-) TimerEvent: {}
[424.490887] (-) TimerEvent: {}
[424.591799] (-) TimerEvent: {}
[424.692984] (-) TimerEvent: {}
[424.774252] (hdl_localization) StdoutLine: {'line': b'[ 70%] \x1b[32mBuilding CXX object CMakeFiles/hdl_localization_composition.dir/src/hdl_localization/pose_estimator.cpp.o\x1b[0m\n'}
[424.797156] (-) TimerEvent: {}
[424.815050] (hdl_localization) StdoutLine: {'line': b'[ 73%] \x1b[32mBuilding CXX object CMakeFiles/hdl_localization_composition.dir/apps/hdl_localization_composition.cpp.o\x1b[0m\n'}
[424.901234] (-) TimerEvent: {}
[425.003503] (-) TimerEvent: {}
[425.228580] (hdl_localization) StdoutLine: {'line': b'[ 73%] Built target hdl_localization__py\n'}
[425.229570] (-) TimerEvent: {}
[425.319957] (hdl_localization) StdoutLine: {'line': b'\x1b[35m\x1b[1mScanning dependencies of target hdl_localization__python\x1b[0m\n'}
[425.329861] (-) TimerEvent: {}
[425.431446] (-) TimerEvent: {}
[425.532548] (-) TimerEvent: {}
[425.566614] (hdl_localization) StdoutLine: {'line': b'[ 76%] \x1b[32mBuilding C object CMakeFiles/hdl_localization__python.dir/rosidl_generator_py/hdl_localization/msg/_scan_matching_status_s.c.o\x1b[0m\n'}
[425.610261] (hdl_localization) StderrLine: {'line': b'\x1b[01m\x1b[Kcc1:\x1b[m\x1b[K \x1b[01;35m\x1b[Kwarning: \x1b[m\x1b[Kcommand line option \xe2\x80\x98\x1b[01m\x1b[K-std=c++14\x1b[m\x1b[K\xe2\x80\x99 is valid for C++/ObjC++ but not for C\n'}
[425.632825] (-) TimerEvent: {}
[425.733956] (-) TimerEvent: {}
[425.841222] (-) TimerEvent: {}
[425.942465] (-) TimerEvent: {}
[426.044274] (-) TimerEvent: {}
[426.145798] (-) TimerEvent: {}
[426.246874] (-) TimerEvent: {}
[426.348048] (-) TimerEvent: {}
[426.451577] (-) TimerEvent: {}
[426.553988] (-) TimerEvent: {}
[426.656551] (-) TimerEvent: {}
[426.757890] (-) TimerEvent: {}
[426.859672] (-) TimerEvent: {}
[426.961918] (-) TimerEvent: {}
[427.068512] (-) TimerEvent: {}
[427.169863] (-) TimerEvent: {}
[427.271555] (-) TimerEvent: {}
[427.375125] (-) TimerEvent: {}
[427.408854] (hdl_localization) StdoutLine: {'line': b'[ 79%] \x1b[32m\x1b[1mLinking C shared library rosidl_generator_py/hdl_localization/libhdl_localization__python.so\x1b[0m\n'}
[427.475456] (-) TimerEvent: {}
[427.576622] (-) TimerEvent: {}
[427.678036] (-) TimerEvent: {}
[427.782032] (-) TimerEvent: {}
[427.816696] (hdl_localization) StdoutLine: {'line': b'[ 79%] Built target hdl_localization__python\n'}
[427.882270] (-) TimerEvent: {}
[427.938035] (hdl_localization) StdoutLine: {'line': b'\x1b[35m\x1b[1mScanning dependencies of target hdl_localization__rosidl_typesupport_c__pyext\x1b[0m\n'}
[427.982568] (-) TimerEvent: {}
[428.093991] (-) TimerEvent: {}
[428.187749] (hdl_localization) StdoutLine: {'line': b'[ 82%] \x1b[32mBuilding C object CMakeFiles/hdl_localization__rosidl_typesupport_c__pyext.dir/rosidl_generator_py/hdl_localization/_hdl_localization_s.ep.rosidl_typesupport_c.c.o\x1b[0m\n'}
[428.194258] (-) TimerEvent: {}
[428.240823] (hdl_localization) StderrLine: {'line': b'\x1b[01m\x1b[Kcc1:\x1b[m\x1b[K \x1b[01;35m\x1b[Kwarning: \x1b[m\x1b[Kcommand line option \xe2\x80\x98\x1b[01m\x1b[K-std=c++14\x1b[m\x1b[K\xe2\x80\x99 is valid for C++/ObjC++ but not for C\n'}
[428.294493] (-) TimerEvent: {}
[428.399972] (-) TimerEvent: {}
[428.501214] (-) TimerEvent: {}
[428.602684] (-) TimerEvent: {}
[428.706167] (-) TimerEvent: {}
[428.808192] (-) TimerEvent: {}
[428.910612] (-) TimerEvent: {}
[429.012388] (-) TimerEvent: {}
[429.113988] (-) TimerEvent: {}
[429.216549] (-) TimerEvent: {}
[429.250499] (hdl_localization) StdoutLine: {'line': b'[ 85%] \x1b[32m\x1b[1mLinking C shared library rosidl_generator_py/hdl_localization/hdl_localization_s__rosidl_typesupport_c.cpython-38-aarch64-linux-gnu.so\x1b[0m\n'}
[429.317034] (-) TimerEvent: {}
[429.420525] (-) TimerEvent: {}
[429.521807] (-) TimerEvent: {}
[429.575207] (hdl_localization) StdoutLine: {'line': b'[ 85%] Built target hdl_localization__rosidl_typesupport_c__pyext\n'}
[429.631246] (-) TimerEvent: {}
[429.733842] (-) TimerEvent: {}
[429.834815] (-) TimerEvent: {}
[429.936317] (-) TimerEvent: {}
[430.047858] (-) TimerEvent: {}
[430.167550] (-) TimerEvent: {}
[430.268706] (-) TimerEvent: {}
[430.370548] (-) TimerEvent: {}
[430.471821] (-) TimerEvent: {}
[430.573494] (-) TimerEvent: {}
[430.674972] (-) TimerEvent: {}
[430.776506] (-) TimerEvent: {}
[430.879271] (-) TimerEvent: {}
[430.980487] (-) TimerEvent: {}
[431.081666] (-) TimerEvent: {}
[431.182839] (-) TimerEvent: {}
[431.286034] (-) TimerEvent: {}
[431.387533] (-) TimerEvent: {}
[431.490504] (-) TimerEvent: {}
[431.593362] (-) TimerEvent: {}
[431.694423] (-) TimerEvent: {}
[431.795777] (-) TimerEvent: {}
[431.896959] (-) TimerEvent: {}
[431.997943] (-) TimerEvent: {}
[432.101176] (-) TimerEvent: {}
[432.211579] (-) TimerEvent: {}
[432.312595] (-) TimerEvent: {}
[432.413992] (-) TimerEvent: {}
[432.515275] (-) TimerEvent: {}
[432.616650] (-) TimerEvent: {}
[432.717946] (-) TimerEvent: {}
[432.822394] (-) TimerEvent: {}
[432.923427] (-) TimerEvent: {}
[433.025215] (-) TimerEvent: {}
[433.126408] (-) TimerEvent: {}
[433.227606] (-) TimerEvent: {}
[433.329633] (-) TimerEvent: {}
[433.431109] (-) TimerEvent: {}
[433.532265] (-) TimerEvent: {}
[433.633417] (-) TimerEvent: {}
[433.734437] (-) TimerEvent: {}
[433.835841] (-) TimerEvent: {}
[433.937136] (-) TimerEvent: {}
[434.039684] (-) TimerEvent: {}
[434.140718] (-) TimerEvent: {}
[434.241855] (-) TimerEvent: {}
[434.343440] (-) TimerEvent: {}
[434.445082] (-) TimerEvent: {}
[434.546120] (-) TimerEvent: {}
[434.647208] (-) TimerEvent: {}
[434.749196] (-) TimerEvent: {}
[434.850540] (-) TimerEvent: {}
[434.951634] (-) TimerEvent: {}
[435.052702] (-) TimerEvent: {}
[435.276636] (-) TimerEvent: {}
[435.378373] (-) TimerEvent: {}
[435.480054] (-) TimerEvent: {}
[435.581227] (-) TimerEvent: {}
[435.683829] (-) TimerEvent: {}
[435.688933] (hdl_localization) StderrLine: {'line': b'In file included from \x1b[01m\x1b[K/home/ysc/lite_cog_ros2/nav/src/hdl_localization/apps/hdl_localization_composition.cpp:2\x1b[m\x1b[K:\n'}
[435.689916] (hdl_localization) StderrLine: {'line': b'\x1b[01m\x1b[K/home/ysc/lite_cog_ros2/nav/src/hdl_localization/apps/./hdl_localization_app.hpp:25:10:\x1b[m\x1b[K \x1b[01;31m\x1b[Kfatal error: \x1b[m\x1b[Kpclomp/ndt_omp.h: No such file or directory\n'}
[435.690543] (hdl_localization) StderrLine: {'line': b'   25 | #include \x1b[01;31m\x1b[K<pclomp/ndt_omp.h>\x1b[m\x1b[K\n'}
[435.691003] (hdl_localization) StderrLine: {'line': b'      |          \x1b[01;31m\x1b[K^~~~~~~~~~~~~~~~~~\x1b[m\x1b[K\n'}
[435.691537] (hdl_localization) StderrLine: {'line': b'compilation terminated.\n'}
[435.784129] (-) TimerEvent: {}
[435.886966] (-) TimerEvent: {}
[435.961552] (hdl_localization) StderrLine: {'line': b'make[2]: *** [CMakeFiles/hdl_localization_composition.dir/build.make:76: CMakeFiles/hdl_localization_composition.dir/apps/hdl_localization_composition.cpp.o] Error 1\n'}
[435.962504] (hdl_localization) StderrLine: {'line': b'make[2]: *** Waiting for unfinished jobs....\n'}
[435.987243] (-) TimerEvent: {}
[436.088307] (-) TimerEvent: {}
[436.190358] (-) TimerEvent: {}
[436.291603] (-) TimerEvent: {}
[436.393492] (-) TimerEvent: {}
[436.494544] (-) TimerEvent: {}
[436.595738] (-) TimerEvent: {}
[436.696989] (-) TimerEvent: {}
[436.798898] (-) TimerEvent: {}
[436.900275] (-) TimerEvent: {}
[437.001519] (-) TimerEvent: {}
[437.102852] (-) TimerEvent: {}
[437.203957] (-) TimerEvent: {}
[437.305324] (-) TimerEvent: {}
[437.406361] (-) TimerEvent: {}
[437.507502] (-) TimerEvent: {}
[437.608560] (-) TimerEvent: {}
[437.709909] (-) TimerEvent: {}
[437.811625] (-) TimerEvent: {}
[437.912533] (-) TimerEvent: {}
[438.013630] (-) TimerEvent: {}
[438.114642] (-) TimerEvent: {}
[438.216975] (-) TimerEvent: {}
[438.317964] (-) TimerEvent: {}
[438.418965] (-) TimerEvent: {}
[438.521514] (-) TimerEvent: {}
[438.622709] (-) TimerEvent: {}
[438.723650] (-) TimerEvent: {}
[438.825323] (-) TimerEvent: {}
[438.926299] (-) TimerEvent: {}
[439.027252] (-) TimerEvent: {}
[439.130533] (-) TimerEvent: {}
[439.231685] (-) TimerEvent: {}
[439.333089] (-) TimerEvent: {}
[439.434777] (-) TimerEvent: {}
[439.536251] (-) TimerEvent: {}
[439.637494] (-) TimerEvent: {}
[439.738468] (-) TimerEvent: {}
[439.839559] (-) TimerEvent: {}
[439.940818] (-) TimerEvent: {}
[440.041940] (-) TimerEvent: {}
[440.287537] (-) TimerEvent: {}
[440.388489] (-) TimerEvent: {}
[440.489555] (-) TimerEvent: {}
[440.590614] (-) TimerEvent: {}
[440.691828] (-) TimerEvent: {}
[440.793035] (-) TimerEvent: {}
[440.894057] (-) TimerEvent: {}
[440.995052] (-) TimerEvent: {}
[441.096091] (-) TimerEvent: {}
[441.197177] (-) TimerEvent: {}
[441.298959] (-) TimerEvent: {}
[441.400174] (-) TimerEvent: {}
[441.501285] (-) TimerEvent: {}
[441.602199] (-) TimerEvent: {}
[441.703190] (-) TimerEvent: {}
[441.804498] (-) TimerEvent: {}
[441.905558] (-) TimerEvent: {}
[442.006614] (-) TimerEvent: {}
[442.107693] (-) TimerEvent: {}
[442.209190] (-) TimerEvent: {}
[442.310869] (-) TimerEvent: {}
[442.412100] (-) TimerEvent: {}
[442.513245] (-) TimerEvent: {}
[442.614405] (-) TimerEvent: {}
[442.715601] (-) TimerEvent: {}
[442.817032] (-) TimerEvent: {}
[442.919366] (-) TimerEvent: {}
[443.020548] (-) TimerEvent: {}
[443.121644] (-) TimerEvent: {}
[443.222820] (-) TimerEvent: {}
[443.323861] (-) TimerEvent: {}
[443.425110] (-) TimerEvent: {}
[443.527381] (-) TimerEvent: {}
[443.628510] (-) TimerEvent: {}
[443.730299] (-) TimerEvent: {}
[443.835040] (-) TimerEvent: {}
[443.936414] (-) TimerEvent: {}
[444.038096] (-) TimerEvent: {}
[444.139252] (-) TimerEvent: {}
[444.240459] (-) TimerEvent: {}
[444.342025] (-) TimerEvent: {}
[444.444553] (-) TimerEvent: {}
[444.546076] (-) TimerEvent: {}
[444.647164] (-) TimerEvent: {}
[444.748252] (-) TimerEvent: {}
[444.849684] (-) TimerEvent: {}
[444.951039] (-) TimerEvent: {}
[445.052358] (-) TimerEvent: {}
[445.153491] (-) TimerEvent: {}
[445.255251] (-) TimerEvent: {}
[445.356463] (-) TimerEvent: {}
[445.457693] (-) TimerEvent: {}
[445.559083] (-) TimerEvent: {}
[445.660145] (-) TimerEvent: {}
[445.761199] (-) TimerEvent: {}
[445.925754] (-) TimerEvent: {}
[446.027406] (-) TimerEvent: {}
[446.128687] (-) TimerEvent: {}
[446.229886] (-) TimerEvent: {}
[446.330946] (-) TimerEvent: {}
[446.432029] (-) TimerEvent: {}
[446.533109] (-) TimerEvent: {}
[446.634098] (-) TimerEvent: {}
[446.735157] (-) TimerEvent: {}
[446.836609] (-) TimerEvent: {}
[446.937829] (-) TimerEvent: {}
[447.039015] (-) TimerEvent: {}
[447.141294] (-) TimerEvent: {}
[447.242311] (-) TimerEvent: {}
[447.343387] (-) TimerEvent: {}
[447.444591] (-) TimerEvent: {}
[447.545898] (-) TimerEvent: {}
[447.647054] (-) TimerEvent: {}
[447.748134] (-) TimerEvent: {}
[447.849259] (-) TimerEvent: {}
[447.950333] (-) TimerEvent: {}
[448.051401] (-) TimerEvent: {}
[448.152400] (-) TimerEvent: {}
[448.253483] (-) TimerEvent: {}
[448.354420] (-) TimerEvent: {}
[448.455955] (-) TimerEvent: {}
[448.557090] (-) TimerEvent: {}
[448.658109] (-) TimerEvent: {}
[448.760450] (-) TimerEvent: {}
[448.861791] (-) TimerEvent: {}
[448.962904] (-) TimerEvent: {}
[449.064148] (-) TimerEvent: {}
[449.165804] (-) TimerEvent: {}
[449.266828] (-) TimerEvent: {}
[449.367925] (-) TimerEvent: {}
[449.469107] (-) TimerEvent: {}
[449.570309] (-) TimerEvent: {}
[449.671569] (-) TimerEvent: {}
[449.773502] (-) TimerEvent: {}
[449.874740] (-) TimerEvent: {}
[449.975952] (-) TimerEvent: {}
[450.077032] (-) TimerEvent: {}
[450.178170] (-) TimerEvent: {}
[450.280547] (-) TimerEvent: {}
[450.381664] (-) TimerEvent: {}
[450.482650] (-) TimerEvent: {}
[450.583610] (-) TimerEvent: {}
[450.685024] (-) TimerEvent: {}
[450.786170] (-) TimerEvent: {}
[450.887344] (-) TimerEvent: {}
[450.991394] (-) TimerEvent: {}
[451.138191] (-) TimerEvent: {}
[451.240481] (-) TimerEvent: {}
[451.341816] (-) TimerEvent: {}
[451.442961] (-) TimerEvent: {}
[451.543910] (-) TimerEvent: {}
[451.647555] (-) TimerEvent: {}
[451.749568] (-) TimerEvent: {}
[451.851136] (-) TimerEvent: {}
[451.953084] (-) TimerEvent: {}
[452.055022] (-) TimerEvent: {}
[452.157316] (-) TimerEvent: {}
[452.258640] (-) TimerEvent: {}
[452.361660] (-) TimerEvent: {}
[452.462886] (-) TimerEvent: {}
[452.563924] (-) TimerEvent: {}
[452.665221] (-) TimerEvent: {}
[452.766478] (-) TimerEvent: {}
[452.867619] (-) TimerEvent: {}
[452.968810] (-) TimerEvent: {}
[453.070674] (-) TimerEvent: {}
[453.172430] (-) TimerEvent: {}
[453.274034] (-) TimerEvent: {}
[453.376177] (-) TimerEvent: {}
[453.477342] (-) TimerEvent: {}
[453.578715] (-) TimerEvent: {}
[453.680376] (-) TimerEvent: {}
[453.781879] (-) TimerEvent: {}
[453.882927] (-) TimerEvent: {}
[453.984015] (-) TimerEvent: {}
[454.085355] (-) TimerEvent: {}
[454.186780] (-) TimerEvent: {}
[454.289716] (-) TimerEvent: {}
[454.390922] (-) TimerEvent: {}
[454.492013] (-) TimerEvent: {}
[454.593815] (-) TimerEvent: {}
[454.694788] (-) TimerEvent: {}
[454.795792] (-) TimerEvent: {}
[454.896981] (-) TimerEvent: {}
[454.998023] (-) TimerEvent: {}
[455.099007] (-) TimerEvent: {}
[455.200017] (-) TimerEvent: {}
[455.302069] (-) TimerEvent: {}
[455.403725] (-) TimerEvent: {}
[455.504758] (-) TimerEvent: {}
[455.605898] (-) TimerEvent: {}
[455.707772] (-) TimerEvent: {}
[455.810236] (-) TimerEvent: {}
[455.911352] (-) TimerEvent: {}
[456.012639] (-) TimerEvent: {}
[456.232340] (-) TimerEvent: {}
[456.334002] (-) TimerEvent: {}
[456.435189] (-) TimerEvent: {}
[456.536268] (-) TimerEvent: {}
[456.637430] (-) TimerEvent: {}
[456.738460] (-) TimerEvent: {}
[456.839670] (-) TimerEvent: {}
[456.941123] (-) TimerEvent: {}
[457.042179] (-) TimerEvent: {}
[457.143321] (-) TimerEvent: {}
[457.244372] (-) TimerEvent: {}
[457.345515] (-) TimerEvent: {}
[457.447138] (-) TimerEvent: {}
[457.548405] (-) TimerEvent: {}
[457.650380] (-) TimerEvent: {}
[457.751512] (-) TimerEvent: {}
[457.852730] (-) TimerEvent: {}
[457.954175] (-) TimerEvent: {}
[458.055116] (-) TimerEvent: {}
[458.156467] (-) TimerEvent: {}
[458.257991] (-) TimerEvent: {}
[458.359010] (-) TimerEvent: {}
[458.460138] (-) TimerEvent: {}
[458.561118] (-) TimerEvent: {}
[458.662408] (-) TimerEvent: {}
[458.763572] (-) TimerEvent: {}
[458.865331] (-) TimerEvent: {}
[458.966560] (-) TimerEvent: {}
[459.068001] (-) TimerEvent: {}
[459.170246] (-) TimerEvent: {}
[459.271525] (-) TimerEvent: {}
[459.372685] (-) TimerEvent: {}
[459.474105] (-) TimerEvent: {}
[459.575118] (-) TimerEvent: {}
[459.676159] (-) TimerEvent: {}
[459.777318] (-) TimerEvent: {}
[459.878262] (-) TimerEvent: {}
[459.979588] (-) TimerEvent: {}
[460.080739] (-) TimerEvent: {}
[460.182020] (-) TimerEvent: {}
[460.283215] (-) TimerEvent: {}
[460.384673] (-) TimerEvent: {}
[460.486467] (-) TimerEvent: {}
[460.588736] (-) TimerEvent: {}
[460.691412] (-) TimerEvent: {}
[460.792396] (-) TimerEvent: {}
[460.893685] (-) TimerEvent: {}
[460.994933] (-) TimerEvent: {}
[461.096129] (-) TimerEvent: {}
[461.321663] (-) TimerEvent: {}
[461.427576] (-) TimerEvent: {}
[461.529136] (-) TimerEvent: {}
[461.631147] (-) TimerEvent: {}
[461.732268] (-) TimerEvent: {}
[461.833524] (-) TimerEvent: {}
[461.935266] (-) TimerEvent: {}
[462.036289] (-) TimerEvent: {}
[462.137593] (-) TimerEvent: {}
[462.238756] (-) TimerEvent: {}
[462.340611] (-) TimerEvent: {}
[462.441890] (-) TimerEvent: {}
[462.543072] (-) TimerEvent: {}
[462.645789] (-) TimerEvent: {}
[462.746738] (-) TimerEvent: {}
[462.847856] (-) TimerEvent: {}
[462.949217] (-) TimerEvent: {}
[463.050565] (-) TimerEvent: {}
[463.152759] (-) TimerEvent: {}
[463.253919] (-) TimerEvent: {}
[463.355263] (-) TimerEvent: {}
[463.456268] (-) TimerEvent: {}
[463.557363] (-) TimerEvent: {}
[463.658439] (-) TimerEvent: {}
[463.759483] (-) TimerEvent: {}
[463.860733] (-) TimerEvent: {}
[463.961957] (-) TimerEvent: {}
[464.063098] (-) TimerEvent: {}
[464.164488] (-) TimerEvent: {}
[464.265627] (-) TimerEvent: {}
[464.366616] (-) TimerEvent: {}
[464.467678] (-) TimerEvent: {}
[464.570228] (-) TimerEvent: {}
[464.671378] (-) TimerEvent: {}
[464.772427] (-) TimerEvent: {}
[464.873528] (-) TimerEvent: {}
[464.974596] (-) TimerEvent: {}
[465.076135] (-) TimerEvent: {}
[465.177528] (-) TimerEvent: {}
[465.279909] (-) TimerEvent: {}
[465.381027] (-) TimerEvent: {}
[465.482223] (-) TimerEvent: {}
[465.583473] (-) TimerEvent: {}
[465.685022] (-) TimerEvent: {}
[465.786726] (-) TimerEvent: {}
[465.888312] (-) TimerEvent: {}
[465.991962] (-) TimerEvent: {}
[466.093183] (-) TimerEvent: {}
[466.195781] (-) TimerEvent: {}
[466.338269] (-) TimerEvent: {}
[466.439471] (-) TimerEvent: {}
[466.541146] (-) TimerEvent: {}
[466.642399] (-) TimerEvent: {}
[466.744267] (-) TimerEvent: {}
[466.845353] (-) TimerEvent: {}
[466.946373] (-) TimerEvent: {}
[467.047380] (-) TimerEvent: {}
[467.148394] (-) TimerEvent: {}
[467.249468] (-) TimerEvent: {}
[467.351672] (-) TimerEvent: {}
[467.452948] (-) TimerEvent: {}
[467.554422] (-) TimerEvent: {}
[467.655660] (-) TimerEvent: {}
[467.757179] (-) TimerEvent: {}
[467.858672] (-) TimerEvent: {}
[467.959592] (-) TimerEvent: {}
[468.060848] (-) TimerEvent: {}
[468.162104] (-) TimerEvent: {}
[468.263393] (-) TimerEvent: {}
[468.365890] (-) TimerEvent: {}
[468.466789] (-) TimerEvent: {}
[468.567749] (-) TimerEvent: {}
[468.669020] (-) TimerEvent: {}
[468.770131] (-) TimerEvent: {}
[468.871715] (-) TimerEvent: {}
[468.973313] (-) TimerEvent: {}
[469.074504] (-) TimerEvent: {}
[469.176845] (-) TimerEvent: {}
[469.278193] (-) TimerEvent: {}
[469.379736] (-) TimerEvent: {}
[469.480989] (-) TimerEvent: {}
[469.582048] (-) TimerEvent: {}
[469.683545] (-) TimerEvent: {}
[469.786601] (-) TimerEvent: {}
[469.888054] (-) TimerEvent: {}
[469.991794] (-) TimerEvent: {}
[470.093116] (-) TimerEvent: {}
[470.195118] (-) TimerEvent: {}
[470.296157] (-) TimerEvent: {}
[470.397306] (-) TimerEvent: {}
[470.498356] (-) TimerEvent: {}
[470.599306] (-) TimerEvent: {}
[470.700706] (-) TimerEvent: {}
[470.802007] (-) TimerEvent: {}
[470.903322] (-) TimerEvent: {}
[471.004344] (-) TimerEvent: {}
[471.105537] (-) TimerEvent: {}
[471.206953] (-) TimerEvent: {}
[471.451387] (-) TimerEvent: {}
[471.552558] (-) TimerEvent: {}
[471.654129] (-) TimerEvent: {}
[471.756542] (-) TimerEvent: {}
[471.858117] (-) TimerEvent: {}
[471.959331] (-) TimerEvent: {}
[472.060512] (-) TimerEvent: {}
[472.161893] (-) TimerEvent: {}
[472.263908] (-) TimerEvent: {}
[472.365390] (-) TimerEvent: {}
[472.466582] (-) TimerEvent: {}
[472.567668] (-) TimerEvent: {}
[472.668983] (-) TimerEvent: {}
[472.770774] (-) TimerEvent: {}
[472.873034] (-) TimerEvent: {}
[472.974116] (-) TimerEvent: {}
[473.075305] (-) TimerEvent: {}
[473.177043] (-) TimerEvent: {}
[473.278084] (-) TimerEvent: {}
[473.379544] (-) TimerEvent: {}
[473.480953] (-) TimerEvent: {}
[473.582418] (-) TimerEvent: {}
[473.683885] (-) TimerEvent: {}
[473.786030] (-) TimerEvent: {}
[473.887098] (-) TimerEvent: {}
[473.988423] (-) TimerEvent: {}
[474.089667] (-) TimerEvent: {}
[474.191113] (-) TimerEvent: {}
[474.293423] (-) TimerEvent: {}
[474.394768] (-) TimerEvent: {}
[474.495906] (-) TimerEvent: {}
[474.598162] (-) TimerEvent: {}
[474.699156] (-) TimerEvent: {}
[474.800280] (-) TimerEvent: {}
[474.901501] (-) TimerEvent: {}
[475.002620] (-) TimerEvent: {}
[475.103797] (-) TimerEvent: {}
[475.205131] (-) TimerEvent: {}
[475.306283] (-) TimerEvent: {}
[475.408203] (-) TimerEvent: {}
[475.510633] (-) TimerEvent: {}
[475.612041] (-) TimerEvent: {}
[475.713320] (-) TimerEvent: {}
[475.814587] (-) TimerEvent: {}
[475.915792] (-) TimerEvent: {}
[476.016762] (-) TimerEvent: {}
[476.117819] (-) TimerEvent: {}
[476.219592] (-) TimerEvent: {}
[476.466576] (-) TimerEvent: {}
[476.568073] (-) TimerEvent: {}
[476.672051] (-) TimerEvent: {}
[476.773291] (-) TimerEvent: {}
[476.874354] (-) TimerEvent: {}
[476.975484] (-) TimerEvent: {}
[477.076580] (-) TimerEvent: {}
[477.177811] (-) TimerEvent: {}
[477.278918] (-) TimerEvent: {}
[477.380004] (-) TimerEvent: {}
[477.481673] (-) TimerEvent: {}
[477.582838] (-) TimerEvent: {}
[477.684540] (-) TimerEvent: {}
[477.785791] (-) TimerEvent: {}
[477.887027] (-) TimerEvent: {}
[477.988285] (-) TimerEvent: {}
[478.089458] (-) TimerEvent: {}
[478.191318] (-) TimerEvent: {}
[478.293679] (-) TimerEvent: {}
[478.394872] (-) TimerEvent: {}
[478.496105] (-) TimerEvent: {}
[478.597274] (-) TimerEvent: {}
[478.698227] (-) TimerEvent: {}
[478.799244] (-) TimerEvent: {}
[478.900245] (-) TimerEvent: {}
[479.001423] (-) TimerEvent: {}
[479.102933] (-) TimerEvent: {}
[479.204000] (-) TimerEvent: {}
[479.305899] (-) TimerEvent: {}
[479.407064] (-) TimerEvent: {}
[479.508166] (-) TimerEvent: {}
[479.609434] (-) TimerEvent: {}
[479.710533] (-) TimerEvent: {}
[479.811577] (-) TimerEvent: {}
[479.912763] (-) TimerEvent: {}
[480.013954] (-) TimerEvent: {}
[480.115073] (-) TimerEvent: {}
[480.216199] (-) TimerEvent: {}
[480.317426] (-) TimerEvent: {}
[480.418542] (-) TimerEvent: {}
[480.519802] (-) TimerEvent: {}
[480.621014] (-) TimerEvent: {}
[480.722114] (-) TimerEvent: {}
[480.823364] (-) TimerEvent: {}
[480.924779] (-) TimerEvent: {}
[481.027314] (-) TimerEvent: {}
[481.128623] (-) TimerEvent: {}
[481.229855] (-) TimerEvent: {}
[481.331008] (-) TimerEvent: {}
[481.475866] (-) TimerEvent: {}
[481.577048] (-) TimerEvent: {}
[481.678085] (-) TimerEvent: {}
[481.779393] (-) TimerEvent: {}
[481.880669] (-) TimerEvent: {}
[481.982394] (-) TimerEvent: {}
[482.084310] (-) TimerEvent: {}
[482.185984] (-) TimerEvent: {}
[482.287307] (-) TimerEvent: {}
[482.388199] (-) TimerEvent: {}
[482.489352] (-) TimerEvent: {}
[482.590447] (-) TimerEvent: {}
[482.691767] (-) TimerEvent: {}
[482.792952] (-) TimerEvent: {}
[482.893905] (-) TimerEvent: {}
[482.994988] (-) TimerEvent: {}
[483.096014] (-) TimerEvent: {}
[483.197706] (-) TimerEvent: {}
[483.301071] (-) TimerEvent: {}
[483.402240] (-) TimerEvent: {}
[483.503625] (-) TimerEvent: {}
[483.604845] (-) TimerEvent: {}
[483.706177] (-) TimerEvent: {}
[483.807194] (-) TimerEvent: {}
[483.908179] (-) TimerEvent: {}
[484.009448] (-) TimerEvent: {}
[484.110804] (-) TimerEvent: {}
[484.212521] (-) TimerEvent: {}
[484.314006] (-) TimerEvent: {}
[484.415090] (-) TimerEvent: {}
[484.516064] (-) TimerEvent: {}
[484.617382] (-) TimerEvent: {}
[484.718551] (-) TimerEvent: {}
[484.819621] (-) TimerEvent: {}
[484.920988] (-) TimerEvent: {}
[485.022211] (-) TimerEvent: {}
[485.123391] (-) TimerEvent: {}
[485.224558] (-) TimerEvent: {}
[485.326062] (-) TimerEvent: {}
[485.427056] (-) TimerEvent: {}
[485.527990] (-) TimerEvent: {}
[485.629092] (-) TimerEvent: {}
[485.732041] (-) TimerEvent: {}
[485.833676] (-) TimerEvent: {}
[485.934879] (-) TimerEvent: {}
[486.037482] (-) TimerEvent: {}
[486.138432] (-) TimerEvent: {}
[486.239542] (-) TimerEvent: {}
[486.340592] (-) TimerEvent: {}
[486.441805] (-) TimerEvent: {}
[486.586554] (-) TimerEvent: {}
[486.687699] (-) TimerEvent: {}
[486.789065] (-) TimerEvent: {}
[486.889974] (-) TimerEvent: {}
[486.991008] (-) TimerEvent: {}
[487.091973] (-) TimerEvent: {}
[487.193211] (-) TimerEvent: {}
[487.294679] (-) TimerEvent: {}
[487.395775] (-) TimerEvent: {}
[487.496987] (-) TimerEvent: {}
[487.597959] (-) TimerEvent: {}
[487.698942] (-) TimerEvent: {}
[487.799944] (-) TimerEvent: {}
[487.901185] (-) TimerEvent: {}
[488.002275] (-) TimerEvent: {}
[488.103508] (-) TimerEvent: {}
[488.204844] (-) TimerEvent: {}
[488.306204] (-) TimerEvent: {}
[488.407388] (-) TimerEvent: {}
[488.508641] (-) TimerEvent: {}
[488.610500] (-) TimerEvent: {}
[488.711592] (-) TimerEvent: {}
[488.812785] (-) TimerEvent: {}
[488.914189] (-) TimerEvent: {}
[489.016203] (-) TimerEvent: {}
[489.117955] (-) TimerEvent: {}
[489.219122] (-) TimerEvent: {}
[489.320408] (-) TimerEvent: {}
[489.421620] (-) TimerEvent: {}
[489.522714] (-) TimerEvent: {}
[489.623753] (-) TimerEvent: {}
[489.724771] (-) TimerEvent: {}
[489.825989] (-) TimerEvent: {}
[489.927088] (-) TimerEvent: {}
[490.029097] (-) TimerEvent: {}
[490.130574] (-) TimerEvent: {}
[490.232069] (-) TimerEvent: {}
[490.334298] (-) TimerEvent: {}
[490.435433] (-) TimerEvent: {}
[490.536632] (-) TimerEvent: {}
[490.638957] (-) TimerEvent: {}
[490.741691] (-) TimerEvent: {}
[490.843317] (-) TimerEvent: {}
[490.944751] (-) TimerEvent: {}
[491.046662] (-) TimerEvent: {}
[491.148533] (-) TimerEvent: {}
[491.257091] (-) TimerEvent: {}
[491.358317] (-) TimerEvent: {}
[491.460296] (-) TimerEvent: {}
[491.671602] (-) TimerEvent: {}
[491.772591] (-) TimerEvent: {}
[491.873721] (-) TimerEvent: {}
[491.974749] (-) TimerEvent: {}
[492.077000] (-) TimerEvent: {}
[492.178835] (-) TimerEvent: {}
[492.280488] (-) TimerEvent: {}
[492.381643] (-) TimerEvent: {}
[492.482690] (-) TimerEvent: {}
[492.584778] (-) TimerEvent: {}
[492.686102] (-) TimerEvent: {}
[492.787441] (-) TimerEvent: {}
[492.888756] (-) TimerEvent: {}
[492.991811] (-) TimerEvent: {}
[493.092978] (-) TimerEvent: {}
[493.194490] (-) TimerEvent: {}
[493.295622] (-) TimerEvent: {}
[493.396850] (-) TimerEvent: {}
[493.498086] (-) TimerEvent: {}
[493.599195] (-) TimerEvent: {}
[493.700322] (-) TimerEvent: {}
[493.801760] (-) TimerEvent: {}
[493.902909] (-) TimerEvent: {}
[494.004448] (-) TimerEvent: {}
[494.105763] (-) TimerEvent: {}
[494.206809] (-) TimerEvent: {}
[494.308000] (-) TimerEvent: {}
[494.410088] (-) TimerEvent: {}
[494.511083] (-) TimerEvent: {}
[494.612207] (-) TimerEvent: {}
[494.713367] (-) TimerEvent: {}
[494.814809] (-) TimerEvent: {}
[494.915942] (-) TimerEvent: {}
[495.017532] (-) TimerEvent: {}
[495.118900] (-) TimerEvent: {}
[495.220036] (-) TimerEvent: {}
[495.321430] (-) TimerEvent: {}
[495.422520] (-) TimerEvent: {}
[495.523736] (-) TimerEvent: {}
[495.625139] (-) TimerEvent: {}
[495.726387] (-) TimerEvent: {}
[495.827499] (-) TimerEvent: {}
[495.929409] (-) TimerEvent: {}
[496.030580] (-) TimerEvent: {}
[496.131697] (-) TimerEvent: {}
[496.232726] (-) TimerEvent: {}
[496.334021] (-) TimerEvent: {}
[496.435028] (-) TimerEvent: {}
[496.536006] (-) TimerEvent: {}
[496.637248] (-) TimerEvent: {}
[496.781942] (-) TimerEvent: {}
[496.883810] (-) TimerEvent: {}
[496.985252] (-) TimerEvent: {}
[497.086540] (-) TimerEvent: {}
[497.187611] (-) TimerEvent: {}
[497.288636] (-) TimerEvent: {}
[497.389820] (-) TimerEvent: {}
[497.491137] (-) TimerEvent: {}
[497.592247] (-) TimerEvent: {}
[497.693669] (-) TimerEvent: {}
[497.794789] (-) TimerEvent: {}
[497.896153] (-) TimerEvent: {}
[497.998214] (-) TimerEvent: {}
[498.099431] (-) TimerEvent: {}
[498.201293] (-) TimerEvent: {}
[498.302911] (-) TimerEvent: {}
[498.404277] (-) TimerEvent: {}
[498.505412] (-) TimerEvent: {}
[498.606456] (-) TimerEvent: {}
[498.707558] (-) TimerEvent: {}
[498.808557] (-) TimerEvent: {}
[498.910214] (-) TimerEvent: {}
[499.011334] (-) TimerEvent: {}
[499.112421] (-) TimerEvent: {}
[499.213606] (-) TimerEvent: {}
[499.314706] (-) TimerEvent: {}
[499.415917] (-) TimerEvent: {}
[499.517175] (-) TimerEvent: {}
[499.618230] (-) TimerEvent: {}
[499.719703] (-) TimerEvent: {}
[499.821072] (-) TimerEvent: {}
[499.922259] (-) TimerEvent: {}
[500.023363] (-) TimerEvent: {}
[500.124544] (-) TimerEvent: {}
[500.225959] (-) TimerEvent: {}
[500.327065] (-) TimerEvent: {}
[500.428190] (-) TimerEvent: {}
[500.529412] (-) TimerEvent: {}
[500.630564] (-) TimerEvent: {}
[500.731680] (-) TimerEvent: {}
[500.834286] (-) TimerEvent: {}
[500.935914] (-) TimerEvent: {}
[501.037978] (-) TimerEvent: {}
[501.139243] (-) TimerEvent: {}
[501.240296] (-) TimerEvent: {}
[501.341414] (-) TimerEvent: {}
[501.442541] (-) TimerEvent: {}
[501.543728] (-) TimerEvent: {}
[501.645033] (-) TimerEvent: {}
[501.746101] (-) TimerEvent: {}
[501.889855] (-) TimerEvent: {}
[501.990884] (-) TimerEvent: {}
[502.091938] (-) TimerEvent: {}
[502.193359] (-) TimerEvent: {}
[502.294524] (-) TimerEvent: {}
[502.395533] (-) TimerEvent: {}
[502.496523] (-) TimerEvent: {}
[502.597589] (-) TimerEvent: {}
[502.698615] (-) TimerEvent: {}
[502.799550] (-) TimerEvent: {}
[502.900623] (-) TimerEvent: {}
[503.001748] (-) TimerEvent: {}
[503.102828] (-) TimerEvent: {}
[503.203800] (-) TimerEvent: {}
[503.304837] (-) TimerEvent: {}
[503.406068] (-) TimerEvent: {}
[503.507223] (-) TimerEvent: {}
[503.608775] (-) TimerEvent: {}
[503.710294] (-) TimerEvent: {}
[503.811585] (-) TimerEvent: {}
[503.912728] (-) TimerEvent: {}
[504.014056] (-) TimerEvent: {}
[504.115764] (-) TimerEvent: {}
[504.216974] (-) TimerEvent: {}
[504.317929] (-) TimerEvent: {}
[504.419054] (-) TimerEvent: {}
[504.520417] (-) TimerEvent: {}
[504.621782] (-) TimerEvent: {}
[504.722865] (-) TimerEvent: {}
[504.824046] (-) TimerEvent: {}
[504.925526] (-) TimerEvent: {}
[505.026948] (-) TimerEvent: {}
[505.128807] (-) TimerEvent: {}
[505.231279] (-) TimerEvent: {}
[505.332463] (-) TimerEvent: {}
[505.434082] (-) TimerEvent: {}
[505.535400] (-) TimerEvent: {}
[505.636623] (-) TimerEvent: {}
[505.738482] (-) TimerEvent: {}
[505.839560] (-) TimerEvent: {}
[505.941651] (-) TimerEvent: {}
[506.043656] (-) TimerEvent: {}
[506.144729] (-) TimerEvent: {}
[506.246790] (-) TimerEvent: {}
[506.348030] (-) TimerEvent: {}
[506.449151] (-) TimerEvent: {}
[506.550462] (-) TimerEvent: {}
[506.651899] (-) TimerEvent: {}
[506.753302] (-) TimerEvent: {}
[506.854294] (-) TimerEvent: {}
[507.000149] (-) TimerEvent: {}
[507.101151] (-) TimerEvent: {}
[507.202182] (-) TimerEvent: {}
[507.303169] (-) TimerEvent: {}
[507.404207] (-) TimerEvent: {}
[507.505470] (-) TimerEvent: {}
[507.606713] (-) TimerEvent: {}
[507.708043] (-) TimerEvent: {}
[507.809184] (-) TimerEvent: {}
[507.910248] (-) TimerEvent: {}
[508.011609] (-) TimerEvent: {}
[508.113136] (-) TimerEvent: {}
[508.214637] (-) TimerEvent: {}
[508.315805] (-) TimerEvent: {}
[508.418562] (-) TimerEvent: {}
[508.520562] (-) TimerEvent: {}
[508.621767] (-) TimerEvent: {}
[508.722872] (-) TimerEvent: {}
[508.824336] (-) TimerEvent: {}
[508.925435] (-) TimerEvent: {}
[509.026623] (-) TimerEvent: {}
[509.128637] (-) TimerEvent: {}
[509.229867] (-) TimerEvent: {}
[509.330942] (-) TimerEvent: {}
[509.431967] (-) TimerEvent: {}
[509.533040] (-) TimerEvent: {}
[509.634052] (-) TimerEvent: {}
[509.735063] (-) TimerEvent: {}
[509.836142] (-) TimerEvent: {}
[509.937291] (-) TimerEvent: {}
[510.038458] (-) TimerEvent: {}
[510.139419] (-) TimerEvent: {}
[510.240512] (-) TimerEvent: {}
[510.341802] (-) TimerEvent: {}
[510.442905] (-) TimerEvent: {}
[510.544075] (-) TimerEvent: {}
[510.645957] (-) TimerEvent: {}
[510.747335] (-) TimerEvent: {}
[510.848577] (-) TimerEvent: {}
[510.949986] (-) TimerEvent: {}
[511.051559] (-) TimerEvent: {}
[511.153065] (-) TimerEvent: {}
[511.254338] (-) TimerEvent: {}
[511.355753] (-) TimerEvent: {}
[511.457088] (-) TimerEvent: {}
[511.558597] (-) TimerEvent: {}
[511.659893] (-) TimerEvent: {}
[511.761615] (-) TimerEvent: {}
[511.863153] (-) TimerEvent: {}
[512.108487] (-) TimerEvent: {}
[512.210624] (-) TimerEvent: {}
[512.312097] (-) TimerEvent: {}
[512.413447] (-) TimerEvent: {}
[512.514677] (-) TimerEvent: {}
[512.616253] (-) TimerEvent: {}
[512.717825] (-) TimerEvent: {}
[512.819647] (-) TimerEvent: {}
[512.921179] (-) TimerEvent: {}
[513.022728] (-) TimerEvent: {}
[513.124057] (-) TimerEvent: {}
[513.225329] (-) TimerEvent: {}
[513.327879] (-) TimerEvent: {}
[513.429253] (-) TimerEvent: {}
[513.530352] (-) TimerEvent: {}
[513.631798] (-) TimerEvent: {}
[513.733219] (-) TimerEvent: {}
[513.835072] (-) TimerEvent: {}
[513.936089] (-) TimerEvent: {}
[514.037251] (-) TimerEvent: {}
[514.138404] (-) TimerEvent: {}
[514.239527] (-) TimerEvent: {}
[514.340637] (-) TimerEvent: {}
[514.441904] (-) TimerEvent: {}
[514.543018] (-) TimerEvent: {}
[514.644115] (-) TimerEvent: {}
[514.746403] (-) TimerEvent: {}
[514.847614] (-) TimerEvent: {}
[514.949058] (-) TimerEvent: {}
[515.052502] (-) TimerEvent: {}
[515.153797] (-) TimerEvent: {}
[515.255063] (-) TimerEvent: {}
[515.356091] (-) TimerEvent: {}
[515.457273] (-) TimerEvent: {}
[515.558393] (-) TimerEvent: {}
[515.659594] (-) TimerEvent: {}
[515.760826] (-) TimerEvent: {}
[515.862357] (-) TimerEvent: {}
[515.963703] (-) TimerEvent: {}
[516.064791] (-) TimerEvent: {}
[516.166520] (-) TimerEvent: {}
[516.267623] (-) TimerEvent: {}
[516.368781] (-) TimerEvent: {}
[516.470068] (-) TimerEvent: {}
[516.571172] (-) TimerEvent: {}
[516.672168] (-) TimerEvent: {}
[516.773285] (-) TimerEvent: {}
[516.874730] (-) TimerEvent: {}
[516.976150] (-) TimerEvent: {}
[517.122497] (-) TimerEvent: {}
[517.223757] (-) TimerEvent: {}
[517.324747] (-) TimerEvent: {}
[517.426060] (-) TimerEvent: {}
[517.527001] (-) TimerEvent: {}
[517.628011] (-) TimerEvent: {}
[517.729127] (-) TimerEvent: {}
[517.830468] (-) TimerEvent: {}
[517.932089] (-) TimerEvent: {}
[518.033924] (-) TimerEvent: {}
[518.135638] (-) TimerEvent: {}
[518.236771] (-) TimerEvent: {}
[518.338004] (-) TimerEvent: {}
[518.439460] (-) TimerEvent: {}
[518.540986] (-) TimerEvent: {}
[518.643242] (-) TimerEvent: {}
[518.744404] (-) TimerEvent: {}
[518.845624] (-) TimerEvent: {}
[518.946689] (-) TimerEvent: {}
[519.047820] (-) TimerEvent: {}
[519.149339] (-) TimerEvent: {}
[519.250491] (-) TimerEvent: {}
[519.351533] (-) TimerEvent: {}
[519.452650] (-) TimerEvent: {}
[519.554056] (-) TimerEvent: {}
[519.655236] (-) TimerEvent: {}
[519.756498] (-) TimerEvent: {}
[519.857798] (-) TimerEvent: {}
[519.958906] (-) TimerEvent: {}
[520.059983] (-) TimerEvent: {}
[520.161936] (-) TimerEvent: {}
[520.263861] (-) TimerEvent: {}
[520.365063] (-) TimerEvent: {}
[520.466777] (-) TimerEvent: {}
[520.567778] (-) TimerEvent: {}
[520.668828] (-) TimerEvent: {}
[520.771435] (-) TimerEvent: {}
[520.872455] (-) TimerEvent: {}
[520.973973] (-) TimerEvent: {}
[521.075604] (-) TimerEvent: {}
[521.176908] (-) TimerEvent: {}
[521.278013] (-) TimerEvent: {}
[521.381144] (-) TimerEvent: {}
[521.482514] (-) TimerEvent: {}
[521.583974] (-) TimerEvent: {}
[521.685301] (-) TimerEvent: {}
[521.787095] (-) TimerEvent: {}
[521.888234] (-) TimerEvent: {}
[521.989537] (-) TimerEvent: {}
[522.091063] (-) TimerEvent: {}
[522.236955] (-) TimerEvent: {}
[522.338041] (-) TimerEvent: {}
[522.439399] (-) TimerEvent: {}
[522.541248] (-) TimerEvent: {}
[522.642201] (-) TimerEvent: {}
[522.743372] (-) TimerEvent: {}
[522.844480] (-) TimerEvent: {}
[522.945986] (-) TimerEvent: {}
[523.047286] (-) TimerEvent: {}
[523.148490] (-) TimerEvent: {}
[523.250120] (-) TimerEvent: {}
[523.352997] (-) TimerEvent: {}
[523.454082] (-) TimerEvent: {}
[523.555191] (-) TimerEvent: {}
[523.656283] (-) TimerEvent: {}
[523.757450] (-) TimerEvent: {}
[523.858474] (-) TimerEvent: {}
[523.959528] (-) TimerEvent: {}
[524.061071] (-) TimerEvent: {}
[524.162552] (-) TimerEvent: {}
[524.264682] (-) TimerEvent: {}
[524.365780] (-) TimerEvent: {}
[524.466906] (-) TimerEvent: {}
[524.568001] (-) TimerEvent: {}
[524.669182] (-) TimerEvent: {}
[524.770325] (-) TimerEvent: {}
[524.871544] (-) TimerEvent: {}
[524.973674] (-) TimerEvent: {}
[525.075188] (-) TimerEvent: {}
[525.176299] (-) TimerEvent: {}
[525.277634] (-) TimerEvent: {}
[525.378608] (-) TimerEvent: {}
[525.479639] (-) TimerEvent: {}
[525.580727] (-) TimerEvent: {}
[525.682057] (-) TimerEvent: {}
[525.783896] (-) TimerEvent: {}
[525.885027] (-) TimerEvent: {}
[525.987309] (-) TimerEvent: {}
[526.088404] (-) TimerEvent: {}
[526.189580] (-) TimerEvent: {}
[526.290710] (-) TimerEvent: {}
[526.391895] (-) TimerEvent: {}
[526.493132] (-) TimerEvent: {}
[526.595002] (-) TimerEvent: {}
[526.696379] (-) TimerEvent: {}
[526.797460] (-) TimerEvent: {}
[526.898691] (-) TimerEvent: {}
[526.999845] (-) TimerEvent: {}
[527.101032] (-) TimerEvent: {}
[527.202283] (-) TimerEvent: {}
[527.349142] (-) TimerEvent: {}
[527.450203] (-) TimerEvent: {}
[527.551244] (-) TimerEvent: {}
[527.652335] (-) TimerEvent: {}
[527.753559] (-) TimerEvent: {}
[527.854728] (-) TimerEvent: {}
[527.956463] (-) TimerEvent: {}
[528.057840] (-) TimerEvent: {}
[528.158813] (-) TimerEvent: {}
[528.259791] (-) TimerEvent: {}
[528.361040] (-) TimerEvent: {}
[528.462164] (-) TimerEvent: {}
[528.563181] (-) TimerEvent: {}
[528.664655] (-) TimerEvent: {}
[528.766010] (-) TimerEvent: {}
[528.867152] (-) TimerEvent: {}
[528.968521] (-) TimerEvent: {}
[529.069989] (-) TimerEvent: {}
[529.171560] (-) TimerEvent: {}
[529.273257] (-) TimerEvent: {}
[529.374552] (-) TimerEvent: {}
[529.475759] (-) TimerEvent: {}
[529.576741] (-) TimerEvent: {}
[529.677948] (-) TimerEvent: {}
[529.779193] (-) TimerEvent: {}
[529.880293] (-) TimerEvent: {}
[529.981625] (-) TimerEvent: {}
[530.082694] (-) TimerEvent: {}
[530.183646] (-) TimerEvent: {}
[530.285019] (-) TimerEvent: {}
[530.386434] (-) TimerEvent: {}
[530.487594] (-) TimerEvent: {}
[530.588770] (-) TimerEvent: {}
[530.690108] (-) TimerEvent: {}
[530.791141] (-) TimerEvent: {}
[530.892611] (-) TimerEvent: {}
[530.994481] (-) TimerEvent: {}
[531.097417] (-) TimerEvent: {}
[531.198559] (-) TimerEvent: {}
[531.300240] (-) TimerEvent: {}
[531.401358] (-) TimerEvent: {}
[531.502322] (-) TimerEvent: {}
[531.604101] (-) TimerEvent: {}
[531.705224] (-) TimerEvent: {}
[531.806210] (-) TimerEvent: {}
[531.907335] (-) TimerEvent: {}
[532.008413] (-) TimerEvent: {}
[532.110894] (-) TimerEvent: {}
[532.213357] (-) TimerEvent: {}
[532.515698] (-) TimerEvent: {}
[532.617985] (-) TimerEvent: {}
[532.718982] (-) TimerEvent: {}
[532.819932] (-) TimerEvent: {}
[532.921439] (-) TimerEvent: {}
[533.022840] (-) TimerEvent: {}
[533.123833] (-) TimerEvent: {}
[533.225036] (-) TimerEvent: {}
[533.326140] (-) TimerEvent: {}
[533.428035] (-) TimerEvent: {}
[533.529135] (-) TimerEvent: {}
[533.630253] (-) TimerEvent: {}
[533.731991] (-) TimerEvent: {}
[533.833143] (-) TimerEvent: {}
[533.934283] (-) TimerEvent: {}
[534.037964] (-) TimerEvent: {}
[534.138977] (-) TimerEvent: {}
[534.239945] (-) TimerEvent: {}
[534.342306] (-) TimerEvent: {}
[534.443535] (-) TimerEvent: {}
[534.544772] (-) TimerEvent: {}
[534.646119] (-) TimerEvent: {}
[534.749186] (-) TimerEvent: {}
[534.850531] (-) TimerEvent: {}
[534.951679] (-) TimerEvent: {}
[535.052948] (-) TimerEvent: {}
[535.154168] (-) TimerEvent: {}
[535.255365] (-) TimerEvent: {}
[535.356527] (-) TimerEvent: {}
[535.457752] (-) TimerEvent: {}
[535.558844] (-) TimerEvent: {}
[535.651294] (hdl_localization) StderrLine: {'line': b'make[1]: *** [CMakeFiles/Makefile2:326: CMakeFiles/hdl_localization_composition.dir/all] Error 2\n'}
[535.653714] (hdl_localization) StderrLine: {'line': b'make: *** [Makefile:141: all] Error 2\n'}
[535.659063] (-) TimerEvent: {}
[535.664749] (hdl_localization) CommandEnded: {'returncode': 2}
[535.759965] (-) TimerEvent: {}
[535.862633] (-) TimerEvent: {}
[535.963956] (-) TimerEvent: {}
[536.066726] (-) TimerEvent: {}
[536.167887] (-) TimerEvent: {}
[536.274751] (-) TimerEvent: {}
[536.305733] (hdl_localization) JobEnded: {'identifier': 'hdl_localization', 'rc': 2}
[536.313224] (-) EventReactorShutdown: {}
