[0.000000] (-) TimerEvent: {}
[0.002094] (-) JobUnselected: {'identifier': 'dr_nav2'}
[0.002851] (-) JobUnselected: {'identifier': 'hdl_global_localization'}
[0.003092] (-) JobUnselected: {'identifier': 'sensor_test'}
[0.003409] (hdl_localization) JobQueued: {'identifier': 'hdl_localization', 'dependencies': OrderedDict([('hdl_global_localization', '/home/ysc/lite_cog_ros2/nav/install/hdl_global_localization')])}
[0.004177] (hdl_localization) JobStarted: {'identifier': 'hdl_localization'}
[0.098095] (-) TimerEvent: {}
[0.200113] (-) TimerEvent: {}
[0.217371] (hdl_localization) JobProgress: {'identifier': 'hdl_localization', 'progress': 'cmake'}
[0.300432] (-) TimerEvent: {}
[0.367949] (hdl_localization) JobProgress: {'identifier': 'hdl_localization', 'progress': 'build'}
[0.373296] (hdl_localization) Command: {'cmd': ['/usr/bin/cmake', '--build', '/home/ysc/lite_cog_ros2/nav/build/hdl_localization', '--', '-j6', '-l6'], 'cwd': '/home/ysc/lite_cog_ros2/nav/build/hdl_localization', 'env': OrderedDict([('GJS_DEBUG_TOPICS', 'JS ERROR;JS LOG'), ('LESSOPEN', '| /usr/bin/lesspipe %s'), ('USER', 'ysc'), ('LC_TIME', 'zh_CN.UTF-8'), ('SSH_AGENT_PID', '1787'), ('XDG_SESSION_TYPE', 'x11'), ('SHLVL', '1'), ('LD_LIBRARY_PATH', '/home/ysc/lite_cog_ros2/nav/install/hdl_global_localization/lib:/usr/lib/aarch64-linux-gnu/gazebo-11/plugins:/opt/ros/foxy/opt/yaml_cpp_vendor/lib:/opt/ros/foxy/opt/rviz_ogre_vendor/lib:/opt/ros/foxy/lib/aarch64-linux-gnu:/opt/ros/foxy/lib:/usr/local/cuda-11.4/lib64'), ('HOME', '/home/ysc'), ('OLDPWD', '/home/ysc/lite_cog_ros2/nav/src/hdl_localization'), ('DESKTOP_SESSION', 'ubuntu'), ('ROS_PYTHON_VERSION', '3'), ('GNOME_SHELL_SESSION_MODE', 'ubuntu'), ('GTK_MODULES', 'gail:atk-bridge'), ('LC_MONETARY', 'zh_CN.UTF-8'), ('MANAGERPID', '1361'), ('ROS_LOG_DIR', '/home/ysc/lite_cog_ros2/system/log'), ('DBUS_SESSION_BUS_ADDRESS', 'unix:path=/run/user/1000/bus'), ('COLORTERM', 'truecolor'), ('_colcon_cd_root', '/opt/ros/foxy/'), ('IM_CONFIG_PHASE', '1'), ('ROS_DISTRO', 'foxy'), ('LOGNAME', 'ysc'), ('JOURNAL_STREAM', '8:53260'), ('_', '/usr/bin/colcon'), ('ROS_VERSION', '2'), ('XDG_SESSION_CLASS', 'user'), ('USERNAME', 'ysc'), ('TERM', 'xterm-256color'), ('GNOME_DESKTOP_SESSION_ID', 'this-is-deprecated'), ('ROS_LOCALHOST_ONLY', '0'), ('WINDOWPATH', '2'), ('PATH', '/opt/ros/foxy/bin:/usr/local/cuda-11.4/bin:/home/ysc/.local/bin:/usr/local/sbin:/usr/local/bin:/usr/sbin:/usr/bin:/sbin:/bin:/usr/games:/usr/local/games:/snap/bin'), ('SESSION_MANAGER', 'local/lite:@/tmp/.ICE-unix/2053,unix/lite:/tmp/.ICE-unix/2053'), ('FASTRTPS_DEFAULT_PROFILES_FILE', '/home/ysc/lite_cog_ros2/system/fastdds_profile.xml'), ('INVOCATION_ID', 'ac7e69c9b157423f91015a19ade482eb'), ('XDG_MENU_PREFIX', 'gnome-'), ('LC_ADDRESS', 'zh_CN.UTF-8'), ('GNOME_TERMINAL_SCREEN', '/org/gnome/Terminal/screen/cac883c6_bd98_41cb_85cb_c560ca712182'), ('XDG_RUNTIME_DIR', '/run/user/1000'), ('DISPLAY', ':0'), ('LANG', 'en_US.UTF-8'), ('XDG_CURRENT_DESKTOP', 'ubuntu:GNOME'), ('LC_TELEPHONE', 'zh_CN.UTF-8'), ('RMW_IMPLEMENTATION', 'rmw_cyclonedds_cpp'), ('XMODIFIERS', '@im=ibus'), ('XDG_SESSION_DESKTOP', 'ubuntu'), ('XAUTHORITY', '/run/user/1000/gdm/Xauthority'), ('LS_COLORS', 'rs=0:di=01;34:ln=01;36:mh=00:pi=40;33:so=01;35:do=01;35:bd=40;33;01:cd=40;33;01:or=40;31;01:mi=00:su=37;41:sg=30;43:ca=30;41:tw=30;42:ow=34;42:st=37;44:ex=01;32:*.tar=01;31:*.tgz=01;31:*.arc=01;31:*.arj=01;31:*.taz=01;31:*.lha=01;31:*.lz4=01;31:*.lzh=01;31:*.lzma=01;31:*.tlz=01;31:*.txz=01;31:*.tzo=01;31:*.t7z=01;31:*.zip=01;31:*.z=01;31:*.dz=01;31:*.gz=01;31:*.lrz=01;31:*.lz=01;31:*.lzo=01;31:*.xz=01;31:*.zst=01;31:*.tzst=01;31:*.bz2=01;31:*.bz=01;31:*.tbz=01;31:*.tbz2=01;31:*.tz=01;31:*.deb=01;31:*.rpm=01;31:*.jar=01;31:*.war=01;31:*.ear=01;31:*.sar=01;31:*.rar=01;31:*.alz=01;31:*.ace=01;31:*.zoo=01;31:*.cpio=01;31:*.7z=01;31:*.rz=01;31:*.cab=01;31:*.wim=01;31:*.swm=01;31:*.dwm=01;31:*.esd=01;31:*.jpg=01;35:*.jpeg=01;35:*.mjpg=01;35:*.mjpeg=01;35:*.gif=01;35:*.bmp=01;35:*.pbm=01;35:*.pgm=01;35:*.ppm=01;35:*.tga=01;35:*.xbm=01;35:*.xpm=01;35:*.tif=01;35:*.tiff=01;35:*.png=01;35:*.svg=01;35:*.svgz=01;35:*.mng=01;35:*.pcx=01;35:*.mov=01;35:*.mpg=01;35:*.mpeg=01;35:*.m2v=01;35:*.mkv=01;35:*.webm=01;35:*.ogm=01;35:*.mp4=01;35:*.m4v=01;35:*.mp4v=01;35:*.vob=01;35:*.qt=01;35:*.nuv=01;35:*.wmv=01;35:*.asf=01;35:*.rm=01;35:*.rmvb=01;35:*.flc=01;35:*.avi=01;35:*.fli=01;35:*.flv=01;35:*.gl=01;35:*.dl=01;35:*.xcf=01;35:*.xwd=01;35:*.yuv=01;35:*.cgm=01;35:*.emf=01;35:*.ogv=01;35:*.ogx=01;35:*.aac=00;36:*.au=00;36:*.flac=00;36:*.m4a=00;36:*.mid=00;36:*.midi=00;36:*.mka=00;36:*.mp3=00;36:*.mpc=00;36:*.ogg=00;36:*.ra=00;36:*.wav=00;36:*.oga=00;36:*.opus=00;36:*.spx=00;36:*.xspf=00;36:'), ('GNOME_TERMINAL_SERVICE', ':1.82'), ('SSH_AUTH_SOCK', '/run/user/1000/keyring/ssh'), ('ROS_DOMAIN_ID', '0'), ('AMENT_PREFIX_PATH', '/home/ysc/lite_cog_ros2/nav/install/hdl_global_localization:/opt/ros/foxy'), ('SHELL', '/bin/bash'), ('LC_NAME', 'zh_CN.UTF-8'), ('QT_ACCESSIBILITY', '1'), ('GDMSESSION', 'ubuntu'), ('LESSCLOSE', '/usr/bin/lesspipe %s %s'), ('LC_MEASUREMENT', 'zh_CN.UTF-8'), ('GPG_AGENT_INFO', '/run/user/1000/gnupg/S.gpg-agent:0:1'), ('GJS_DEBUG_OUTPUT', 'stderr'), ('LC_IDENTIFICATION', 'zh_CN.UTF-8'), ('QT_IM_MODULE', 'ibus'), ('PWD', '/home/ysc/lite_cog_ros2/nav/build/hdl_localization'), ('LC_ALL', 'en_US.UTF-8'), ('XDG_CONFIG_DIRS', '/etc/xdg/xdg-ubuntu:/etc/xdg'), ('XDG_DATA_DIRS', '/usr/share/ubuntu:/usr/local/share/:/usr/share/:/var/lib/snapd/desktop'), ('PYTHONPATH', '/home/ysc/lite_cog_ros2/nav/install/hdl_global_localization/lib/python3.8/site-packages:/opt/ros/foxy/lib/python3.8/site-packages'), ('LC_NUMERIC', 'zh_CN.UTF-8'), ('LC_PAPER', 'zh_CN.UTF-8'), ('COLCON', '1'), ('VTE_VERSION', '6003'), ('CMAKE_PREFIX_PATH', '/home/ysc/lite_cog_ros2/nav/install/hdl_global_localization:/opt/ros/foxy')]), 'shell': False}
[0.403246] (-) TimerEvent: {}
[0.505793] (-) TimerEvent: {}
[0.606962] (-) TimerEvent: {}
[0.709191] (-) TimerEvent: {}
[0.810846] (-) TimerEvent: {}
[0.911848] (-) TimerEvent: {}
[1.012945] (-) TimerEvent: {}
[1.114823] (-) TimerEvent: {}
[1.215959] (-) TimerEvent: {}
[1.317071] (-) TimerEvent: {}
[1.418127] (-) TimerEvent: {}
[1.519263] (-) TimerEvent: {}
[1.621183] (-) TimerEvent: {}
[1.723594] (-) TimerEvent: {}
[1.824652] (-) TimerEvent: {}
[1.847633] (hdl_localization) StdoutLine: {'line': b'[  2%] Built target hdl_localization__cpp\n'}
[1.924896] (-) TimerEvent: {}
[2.026029] (-) TimerEvent: {}
[2.127146] (-) TimerEvent: {}
[2.228448] (-) TimerEvent: {}
[2.305030] (hdl_localization) StdoutLine: {'line': b'[ 11%] Built target hdl_localization__rosidl_generator_c\n'}
[2.328788] (-) TimerEvent: {}
[2.429938] (-) TimerEvent: {}
[2.531178] (-) TimerEvent: {}
[2.632210] (-) TimerEvent: {}
[2.733306] (-) TimerEvent: {}
[2.752268] (hdl_localization) StdoutLine: {'line': b'[ 20%] Built target hdl_localization__rosidl_typesupport_introspection_cpp\n'}
[2.833559] (-) TimerEvent: {}
[2.934574] (-) TimerEvent: {}
[3.035633] (-) TimerEvent: {}
[3.137107] (-) TimerEvent: {}
[3.193617] (hdl_localization) StdoutLine: {'line': b'[ 29%] Built target hdl_localization__rosidl_typesupport_c\n'}
[3.237345] (-) TimerEvent: {}
[3.338417] (-) TimerEvent: {}
[3.439425] (-) TimerEvent: {}
[3.540359] (-) TimerEvent: {}
[3.641446] (-) TimerEvent: {}
[3.675632] (hdl_localization) StdoutLine: {'line': b'[ 38%] Built target hdl_localization__rosidl_typesupport_introspection_c\n'}
[3.742038] (-) TimerEvent: {}
[3.843090] (-) TimerEvent: {}
[3.944353] (-) TimerEvent: {}
[4.045809] (-) TimerEvent: {}
[4.147492] (-) TimerEvent: {}
[4.475406] (-) TimerEvent: {}
[4.501920] (hdl_localization) StdoutLine: {'line': b'[ 47%] Built target hdl_localization__rosidl_typesupport_fastrtps_cpp\n'}
[4.575642] (-) TimerEvent: {}
[4.676807] (-) TimerEvent: {}
[4.777821] (-) TimerEvent: {}
[4.879248] (-) TimerEvent: {}
[4.957448] (hdl_localization) StdoutLine: {'line': b'[ 55%] Built target hdl_localization__rosidl_typesupport_cpp\n'}
[4.979468] (-) TimerEvent: {}
[5.080363] (-) TimerEvent: {}
[5.181442] (-) TimerEvent: {}
[5.282554] (-) TimerEvent: {}
[5.383540] (-) TimerEvent: {}
[5.419771] (hdl_localization) StdoutLine: {'line': b'[ 64%] Built target hdl_localization__rosidl_typesupport_fastrtps_c\n'}
[5.483816] (-) TimerEvent: {}
[5.584882] (-) TimerEvent: {}
[5.686097] (-) TimerEvent: {}
[5.787627] (-) TimerEvent: {}
[5.863165] (hdl_localization) StdoutLine: {'line': b'[ 64%] Built target hdl_localization\n'}
[5.887860] (-) TimerEvent: {}
[5.989211] (-) TimerEvent: {}
[6.090424] (-) TimerEvent: {}
[6.191521] (-) TimerEvent: {}
[6.292602] (-) TimerEvent: {}
[6.393657] (-) TimerEvent: {}
[6.433880] (hdl_localization) StdoutLine: {'line': b'[ 67%] Built target hdl_localization__py\n'}
[6.493964] (-) TimerEvent: {}
[6.595449] (-) TimerEvent: {}
[6.696639] (-) TimerEvent: {}
[6.797993] (-) TimerEvent: {}
[6.899291] (-) TimerEvent: {}
[7.000304] (-) TimerEvent: {}
[7.055550] (hdl_localization) StdoutLine: {'line': b'\x1b[35m\x1b[1mScanning dependencies of target hdl_localization_composition\x1b[0m\n'}
[7.100535] (-) TimerEvent: {}
[7.201517] (-) TimerEvent: {}
[7.302617] (-) TimerEvent: {}
[7.403666] (-) TimerEvent: {}
[7.504731] (-) TimerEvent: {}
[7.605825] (-) TimerEvent: {}
[7.706882] (-) TimerEvent: {}
[7.807875] (-) TimerEvent: {}
[7.908801] (-) TimerEvent: {}
[8.009810] (-) TimerEvent: {}
[8.035892] (hdl_localization) StdoutLine: {'line': b'[ 70%] \x1b[32mBuilding CXX object CMakeFiles/hdl_localization_composition.dir/apps/hdl_localization_composition.cpp.o\x1b[0m\n'}
[8.110059] (-) TimerEvent: {}
[8.211154] (-) TimerEvent: {}
[8.312212] (-) TimerEvent: {}
[8.413274] (-) TimerEvent: {}
[8.514372] (-) TimerEvent: {}
[8.615419] (-) TimerEvent: {}
[8.716449] (-) TimerEvent: {}
[8.817536] (-) TimerEvent: {}
[8.918613] (-) TimerEvent: {}
[9.019761] (-) TimerEvent: {}
[9.121319] (-) TimerEvent: {}
[9.222407] (-) TimerEvent: {}
[9.323413] (-) TimerEvent: {}
[9.424667] (-) TimerEvent: {}
[9.525748] (-) TimerEvent: {}
[9.626816] (-) TimerEvent: {}
[9.728205] (-) TimerEvent: {}
[9.830775] (-) TimerEvent: {}
[9.932355] (-) TimerEvent: {}
[10.033600] (-) TimerEvent: {}
[10.134780] (-) TimerEvent: {}
[10.235845] (-) TimerEvent: {}
[10.336849] (-) TimerEvent: {}
[10.437992] (-) TimerEvent: {}
[10.539316] (-) TimerEvent: {}
[10.640385] (-) TimerEvent: {}
[10.741589] (-) TimerEvent: {}
[10.842794] (-) TimerEvent: {}
[10.943998] (-) TimerEvent: {}
[11.045118] (-) TimerEvent: {}
[11.146189] (-) TimerEvent: {}
[11.247463] (-) TimerEvent: {}
[11.349078] (-) TimerEvent: {}
[11.450490] (-) TimerEvent: {}
[11.551692] (-) TimerEvent: {}
[11.653110] (-) TimerEvent: {}
[11.754511] (-) TimerEvent: {}
[11.855444] (-) TimerEvent: {}
[11.956404] (-) TimerEvent: {}
[12.057373] (-) TimerEvent: {}
[12.158432] (-) TimerEvent: {}
[12.259424] (-) TimerEvent: {}
[12.360480] (-) TimerEvent: {}
[12.461490] (-) TimerEvent: {}
[12.562697] (-) TimerEvent: {}
[12.663752] (-) TimerEvent: {}
[12.764774] (-) TimerEvent: {}
[12.865881] (-) TimerEvent: {}
[12.966991] (-) TimerEvent: {}
[13.067987] (-) TimerEvent: {}
[13.169759] (-) TimerEvent: {}
[13.270815] (-) TimerEvent: {}
[13.371806] (-) TimerEvent: {}
[13.472805] (-) TimerEvent: {}
[13.573841] (-) TimerEvent: {}
[13.675064] (-) TimerEvent: {}
[13.776095] (-) TimerEvent: {}
[13.877135] (-) TimerEvent: {}
[13.978286] (-) TimerEvent: {}
[14.079424] (-) TimerEvent: {}
[14.180491] (-) TimerEvent: {}
[14.339336] (-) TimerEvent: {}
[14.440403] (-) TimerEvent: {}
[14.541498] (-) TimerEvent: {}
[14.642976] (-) TimerEvent: {}
[14.744045] (-) TimerEvent: {}
[14.844986] (-) TimerEvent: {}
[14.945978] (-) TimerEvent: {}
[15.047060] (-) TimerEvent: {}
[15.148128] (-) TimerEvent: {}
[15.249168] (-) TimerEvent: {}
[15.350301] (-) TimerEvent: {}
[15.451331] (-) TimerEvent: {}
[15.552278] (-) TimerEvent: {}
[15.653233] (-) TimerEvent: {}
[15.754321] (-) TimerEvent: {}
[15.855332] (-) TimerEvent: {}
[15.956342] (-) TimerEvent: {}
[16.057317] (-) TimerEvent: {}
[16.158416] (-) TimerEvent: {}
[16.259937] (-) TimerEvent: {}
[16.360942] (-) TimerEvent: {}
[16.461883] (-) TimerEvent: {}
[16.563015] (-) TimerEvent: {}
[16.664050] (-) TimerEvent: {}
[16.765118] (-) TimerEvent: {}
[16.866119] (-) TimerEvent: {}
[16.967254] (-) TimerEvent: {}
[17.068245] (-) TimerEvent: {}
[17.169224] (-) TimerEvent: {}
[17.270335] (-) TimerEvent: {}
[17.371376] (-) TimerEvent: {}
[17.472401] (-) TimerEvent: {}
[17.573391] (-) TimerEvent: {}
[17.674750] (-) TimerEvent: {}
[17.775755] (-) TimerEvent: {}
[17.876766] (-) TimerEvent: {}
[17.977797] (-) TimerEvent: {}
[18.079443] (-) TimerEvent: {}
[18.180447] (-) TimerEvent: {}
[18.282059] (-) TimerEvent: {}
[18.383205] (-) TimerEvent: {}
[18.484335] (-) TimerEvent: {}
[18.585319] (-) TimerEvent: {}
[18.686533] (-) TimerEvent: {}
[18.787677] (-) TimerEvent: {}
[18.888803] (-) TimerEvent: {}
[18.989916] (-) TimerEvent: {}
[19.091092] (-) TimerEvent: {}
[19.192519] (-) TimerEvent: {}
[19.293602] (-) TimerEvent: {}
[19.454413] (-) TimerEvent: {}
[19.555433] (-) TimerEvent: {}
[19.656454] (-) TimerEvent: {}
[19.757550] (-) TimerEvent: {}
[19.858677] (-) TimerEvent: {}
[19.959919] (-) TimerEvent: {}
[20.061056] (-) TimerEvent: {}
[20.162083] (-) TimerEvent: {}
[20.263130] (-) TimerEvent: {}
[20.364159] (-) TimerEvent: {}
[20.465176] (-) TimerEvent: {}
[20.566344] (-) TimerEvent: {}
[20.667322] (-) TimerEvent: {}
[20.768259] (-) TimerEvent: {}
[20.869361] (-) TimerEvent: {}
[20.970433] (-) TimerEvent: {}
[21.071438] (-) TimerEvent: {}
[21.172476] (-) TimerEvent: {}
[21.273523] (-) TimerEvent: {}
[21.374676] (-) TimerEvent: {}
[21.475688] (-) TimerEvent: {}
[21.576755] (-) TimerEvent: {}
[21.677746] (-) TimerEvent: {}
[21.778915] (-) TimerEvent: {}
[21.879902] (-) TimerEvent: {}
[21.980858] (-) TimerEvent: {}
[22.081854] (-) TimerEvent: {}
[22.182907] (-) TimerEvent: {}
[22.283947] (-) TimerEvent: {}
[22.385039] (-) TimerEvent: {}
[22.485959] (-) TimerEvent: {}
[22.587098] (-) TimerEvent: {}
[22.688115] (-) TimerEvent: {}
[22.789194] (-) TimerEvent: {}
[22.890263] (-) TimerEvent: {}
[22.991245] (-) TimerEvent: {}
[23.092304] (-) TimerEvent: {}
[23.193361] (-) TimerEvent: {}
[23.294755] (-) TimerEvent: {}
[23.395817] (-) TimerEvent: {}
[23.496857] (-) TimerEvent: {}
[23.597957] (-) TimerEvent: {}
[23.699676] (-) TimerEvent: {}
[23.800631] (-) TimerEvent: {}
[23.901581] (-) TimerEvent: {}
[24.002774] (-) TimerEvent: {}
[24.103856] (-) TimerEvent: {}
[24.204894] (-) TimerEvent: {}
[24.305880] (-) TimerEvent: {}
[24.407057] (-) TimerEvent: {}
[24.508133] (-) TimerEvent: {}
[24.609151] (-) TimerEvent: {}
[24.710483] (-) TimerEvent: {}
[24.811659] (-) TimerEvent: {}
[24.912831] (-) TimerEvent: {}
[25.013789] (-) TimerEvent: {}
[25.114969] (-) TimerEvent: {}
[25.216054] (-) TimerEvent: {}
[25.318826] (-) TimerEvent: {}
[25.424061] (-) TimerEvent: {}
[25.525163] (-) TimerEvent: {}
[25.626337] (-) TimerEvent: {}
[25.727317] (-) TimerEvent: {}
[25.828319] (-) TimerEvent: {}
[25.930374] (-) TimerEvent: {}
[26.031444] (-) TimerEvent: {}
[26.132508] (-) TimerEvent: {}
[26.233548] (-) TimerEvent: {}
[26.334754] (-) TimerEvent: {}
[26.435766] (-) TimerEvent: {}
[26.536913] (-) TimerEvent: {}
[26.637926] (-) TimerEvent: {}
[26.739314] (-) TimerEvent: {}
[26.840558] (-) TimerEvent: {}
[26.941595] (-) TimerEvent: {}
[27.042713] (-) TimerEvent: {}
[27.143738] (-) TimerEvent: {}
[27.244717] (-) TimerEvent: {}
[27.345762] (-) TimerEvent: {}
[27.446875] (-) TimerEvent: {}
[27.548001] (-) TimerEvent: {}
[27.649120] (-) TimerEvent: {}
[27.750182] (-) TimerEvent: {}
[27.851228] (-) TimerEvent: {}
[27.952401] (-) TimerEvent: {}
[28.053471] (-) TimerEvent: {}
[28.154726] (-) TimerEvent: {}
[28.255916] (-) TimerEvent: {}
[28.357162] (-) TimerEvent: {}
[28.458486] (-) TimerEvent: {}
[28.559708] (-) TimerEvent: {}
[28.660975] (-) TimerEvent: {}
[28.762351] (-) TimerEvent: {}
[28.863586] (-) TimerEvent: {}
[28.965332] (-) TimerEvent: {}
[29.066464] (-) TimerEvent: {}
[29.167536] (-) TimerEvent: {}
[29.268875] (-) TimerEvent: {}
[29.370159] (-) TimerEvent: {}
[29.471555] (-) TimerEvent: {}
[29.617406] (-) TimerEvent: {}
[29.719055] (-) TimerEvent: {}
[29.820169] (-) TimerEvent: {}
[29.921234] (-) TimerEvent: {}
[30.022281] (-) TimerEvent: {}
[30.123261] (-) TimerEvent: {}
[30.224319] (-) TimerEvent: {}
[30.325435] (-) TimerEvent: {}
[30.426404] (-) TimerEvent: {}
[30.527408] (-) TimerEvent: {}
[30.628453] (-) TimerEvent: {}
[30.729738] (-) TimerEvent: {}
[30.830931] (-) TimerEvent: {}
[30.931946] (-) TimerEvent: {}
[31.033082] (-) TimerEvent: {}
[31.134093] (-) TimerEvent: {}
[31.235216] (-) TimerEvent: {}
[31.336351] (-) TimerEvent: {}
[31.437379] (-) TimerEvent: {}
[31.538433] (-) TimerEvent: {}
[31.639476] (-) TimerEvent: {}
[31.740454] (-) TimerEvent: {}
[31.841499] (-) TimerEvent: {}
[31.942485] (-) TimerEvent: {}
[32.043572] (-) TimerEvent: {}
[32.144676] (-) TimerEvent: {}
[32.245683] (-) TimerEvent: {}
[32.346841] (-) TimerEvent: {}
[32.448235] (-) TimerEvent: {}
[32.549931] (-) TimerEvent: {}
[32.650992] (-) TimerEvent: {}
[32.752151] (-) TimerEvent: {}
[32.853319] (-) TimerEvent: {}
[32.954359] (-) TimerEvent: {}
[33.055381] (-) TimerEvent: {}
[33.156434] (-) TimerEvent: {}
[33.257349] (-) TimerEvent: {}
[33.358406] (-) TimerEvent: {}
[33.459398] (-) TimerEvent: {}
[33.560546] (-) TimerEvent: {}
[33.661576] (-) TimerEvent: {}
[33.762682] (-) TimerEvent: {}
[33.863663] (-) TimerEvent: {}
[33.964647] (-) TimerEvent: {}
[34.065571] (-) TimerEvent: {}
[34.166665] (-) TimerEvent: {}
[34.267614] (-) TimerEvent: {}
[34.368586] (-) TimerEvent: {}
[34.469587] (-) TimerEvent: {}
[34.570636] (-) TimerEvent: {}
[34.671899] (-) TimerEvent: {}
[34.813926] (-) TimerEvent: {}
[34.915018] (-) TimerEvent: {}
[35.015988] (-) TimerEvent: {}
[35.117102] (-) TimerEvent: {}
[35.218183] (-) TimerEvent: {}
[35.319445] (-) TimerEvent: {}
[35.421176] (-) TimerEvent: {}
[35.522302] (-) TimerEvent: {}
[35.623387] (-) TimerEvent: {}
[35.724459] (-) TimerEvent: {}
[35.825536] (-) TimerEvent: {}
[35.926607] (-) TimerEvent: {}
[36.027603] (-) TimerEvent: {}
[36.128579] (-) TimerEvent: {}
[36.229526] (-) TimerEvent: {}
[36.330768] (-) TimerEvent: {}
[36.431867] (-) TimerEvent: {}
[36.532919] (-) TimerEvent: {}
[36.634712] (-) TimerEvent: {}
[36.735772] (-) TimerEvent: {}
[36.836700] (-) TimerEvent: {}
[36.937722] (-) TimerEvent: {}
[37.038899] (-) TimerEvent: {}
[37.139999] (-) TimerEvent: {}
[37.241047] (-) TimerEvent: {}
[37.342114] (-) TimerEvent: {}
[37.443182] (-) TimerEvent: {}
[37.544189] (-) TimerEvent: {}
[37.645266] (-) TimerEvent: {}
[37.746320] (-) TimerEvent: {}
[37.847380] (-) TimerEvent: {}
[37.948408] (-) TimerEvent: {}
[38.049589] (-) TimerEvent: {}
[38.151196] (-) TimerEvent: {}
[38.252271] (-) TimerEvent: {}
[38.353610] (-) TimerEvent: {}
[38.455087] (-) TimerEvent: {}
[38.556144] (-) TimerEvent: {}
[38.657175] (-) TimerEvent: {}
[38.758185] (-) TimerEvent: {}
[38.859276] (-) TimerEvent: {}
[38.960339] (-) TimerEvent: {}
[39.061367] (-) TimerEvent: {}
[39.162406] (-) TimerEvent: {}
[39.263713] (-) TimerEvent: {}
[39.364831] (-) TimerEvent: {}
[39.465922] (-) TimerEvent: {}
[39.567052] (-) TimerEvent: {}
[39.668283] (-) TimerEvent: {}
[39.770365] (-) TimerEvent: {}
[39.976678] (-) TimerEvent: {}
[40.077735] (-) TimerEvent: {}
[40.178875] (-) TimerEvent: {}
[40.279923] (-) TimerEvent: {}
[40.380885] (-) TimerEvent: {}
[40.481890] (-) TimerEvent: {}
[40.583117] (-) TimerEvent: {}
[40.684108] (-) TimerEvent: {}
[40.785401] (-) TimerEvent: {}
[40.886585] (-) TimerEvent: {}
[40.987657] (-) TimerEvent: {}
[41.088773] (-) TimerEvent: {}
[41.189789] (-) TimerEvent: {}
[41.290869] (-) TimerEvent: {}
[41.391865] (-) TimerEvent: {}
[41.492895] (-) TimerEvent: {}
[41.594025] (-) TimerEvent: {}
[41.695161] (-) TimerEvent: {}
[41.796159] (-) TimerEvent: {}
[41.897230] (-) TimerEvent: {}
[41.998433] (-) TimerEvent: {}
[42.099525] (-) TimerEvent: {}
[42.200626] (-) TimerEvent: {}
[42.302306] (-) TimerEvent: {}
[42.403263] (-) TimerEvent: {}
[42.504389] (-) TimerEvent: {}
[42.605428] (-) TimerEvent: {}
[42.706434] (-) TimerEvent: {}
[42.807427] (-) TimerEvent: {}
[42.908500] (-) TimerEvent: {}
[43.009522] (-) TimerEvent: {}
[43.110667] (-) TimerEvent: {}
[43.211707] (-) TimerEvent: {}
[43.313479] (-) TimerEvent: {}
[43.414707] (-) TimerEvent: {}
[43.515755] (-) TimerEvent: {}
[43.616792] (-) TimerEvent: {}
[43.717760] (-) TimerEvent: {}
[43.818890] (-) TimerEvent: {}
[43.919992] (-) TimerEvent: {}
[44.020940] (-) TimerEvent: {}
[44.121999] (-) TimerEvent: {}
[44.223251] (-) TimerEvent: {}
[44.324306] (-) TimerEvent: {}
[44.425387] (-) TimerEvent: {}
[44.526435] (-) TimerEvent: {}
[44.627482] (-) TimerEvent: {}
[44.728536] (-) TimerEvent: {}
[44.829619] (-) TimerEvent: {}
[45.072431] (-) TimerEvent: {}
[45.173472] (-) TimerEvent: {}
[45.274560] (-) TimerEvent: {}
[45.375628] (-) TimerEvent: {}
[45.476642] (-) TimerEvent: {}
[45.577707] (-) TimerEvent: {}
[45.678755] (-) TimerEvent: {}
[45.779825] (-) TimerEvent: {}
[45.880869] (-) TimerEvent: {}
[45.981930] (-) TimerEvent: {}
[46.083062] (-) TimerEvent: {}
[46.184186] (-) TimerEvent: {}
[46.285250] (-) TimerEvent: {}
[46.386362] (-) TimerEvent: {}
[46.487354] (-) TimerEvent: {}
[46.588478] (-) TimerEvent: {}
[46.689483] (-) TimerEvent: {}
[46.790660] (-) TimerEvent: {}
[46.891680] (-) TimerEvent: {}
[46.992689] (-) TimerEvent: {}
[47.093747] (-) TimerEvent: {}
[47.194889] (-) TimerEvent: {}
[47.296020] (-) TimerEvent: {}
[47.398312] (-) TimerEvent: {}
[47.499685] (-) TimerEvent: {}
[47.600851] (-) TimerEvent: {}
[47.702526] (-) TimerEvent: {}
[47.803903] (-) TimerEvent: {}
[47.904918] (-) TimerEvent: {}
[48.006254] (-) TimerEvent: {}
[48.107513] (-) TimerEvent: {}
[48.208687] (-) TimerEvent: {}
[48.310438] (-) TimerEvent: {}
[48.411662] (-) TimerEvent: {}
[48.512878] (-) TimerEvent: {}
[48.614081] (-) TimerEvent: {}
[48.715638] (-) TimerEvent: {}
[48.816777] (-) TimerEvent: {}
[48.917958] (-) TimerEvent: {}
[49.019210] (-) TimerEvent: {}
[49.121321] (-) TimerEvent: {}
[49.222443] (-) TimerEvent: {}
[49.323513] (-) TimerEvent: {}
[49.424888] (-) TimerEvent: {}
[49.525935] (-) TimerEvent: {}
[49.627129] (-) TimerEvent: {}
[49.728207] (-) TimerEvent: {}
[49.829442] (-) TimerEvent: {}
[49.931025] (-) TimerEvent: {}
[50.074549] (-) TimerEvent: {}
[50.175720] (-) TimerEvent: {}
[50.276991] (-) TimerEvent: {}
[50.378728] (-) TimerEvent: {}
[50.480254] (-) TimerEvent: {}
[50.581333] (-) TimerEvent: {}
[50.682417] (-) TimerEvent: {}
[50.783590] (-) TimerEvent: {}
[50.884854] (-) TimerEvent: {}
[50.986076] (-) TimerEvent: {}
[51.087700] (-) TimerEvent: {}
[51.188963] (-) TimerEvent: {}
[51.290366] (-) TimerEvent: {}
[51.391587] (-) TimerEvent: {}
[51.492689] (-) TimerEvent: {}
[51.593901] (-) TimerEvent: {}
[51.695329] (-) TimerEvent: {}
[51.796644] (-) TimerEvent: {}
[51.897939] (-) TimerEvent: {}
[51.999048] (-) TimerEvent: {}
[52.100314] (-) TimerEvent: {}
[52.201351] (-) TimerEvent: {}
[52.302382] (-) TimerEvent: {}
[52.403405] (-) TimerEvent: {}
[52.504786] (-) TimerEvent: {}
[52.606018] (-) TimerEvent: {}
[52.707409] (-) TimerEvent: {}
[52.808541] (-) TimerEvent: {}
[52.910392] (-) TimerEvent: {}
[53.011596] (-) TimerEvent: {}
[53.112700] (-) TimerEvent: {}
[53.213916] (-) TimerEvent: {}
[53.315264] (-) TimerEvent: {}
[53.416376] (-) TimerEvent: {}
[53.418559] (hdl_localization) StderrLine: {'line': b'In file included from \x1b[01m\x1b[K/home/ysc/lite_cog_ros2/nav/src/hdl_localization/apps/hdl_localization_composition.cpp:2\x1b[m\x1b[K:\n'}
[53.419862] (hdl_localization) StderrLine: {'line': b'\x1b[01m\x1b[K/home/ysc/lite_cog_ros2/nav/src/hdl_localization/apps/./hdl_localization_app.hpp:\x1b[m\x1b[K In member function \xe2\x80\x98\x1b[01m\x1b[Kbool hdl_localization::HdlLocalizationApp::GetClosestImuData(const rclcpp::Time&, sensor_msgs::msg::Imu_<std::allocator<void> >::SharedPtr&)\x1b[m\x1b[K\xe2\x80\x99:\n'}
[53.420487] (hdl_localization) StderrLine: {'line': b'\x1b[01m\x1b[K/home/ysc/lite_cog_ros2/nav/src/hdl_localization/apps/./hdl_localization_app.hpp:372:26:\x1b[m\x1b[K \x1b[01;35m\x1b[Kwarning: \x1b[m\x1b[Kcomparison of integer expressions of different signedness: \xe2\x80\x98\x1b[01m\x1b[Kint\x1b[m\x1b[K\xe2\x80\x99 and \xe2\x80\x98\x1b[01m\x1b[Kstd::deque<std::shared_ptr<sensor_msgs::msg::Imu_<std::allocator<void> > > >::size_type\x1b[m\x1b[K\xe2\x80\x99 {aka \xe2\x80\x98\x1b[01m\x1b[Klong unsigned int\x1b[m\x1b[K\xe2\x80\x99} [\x1b[01;35m\x1b[K-Wsign-compare\x1b[m\x1b[K]\n'}
[53.421013] (hdl_localization) StderrLine: {'line': b'  372 |         for(int i = 0; \x1b[01;35m\x1b[Ki < imu_data_buffer_.size()\x1b[m\x1b[K; i++){\n'}
[53.421580] (hdl_localization) StderrLine: {'line': b'      |                        \x1b[01;35m\x1b[K~~^~~~~~~~~~~~~~~~~~~~~~~~~\x1b[m\x1b[K\n'}
[53.516596] (-) TimerEvent: {}
[53.617570] (-) TimerEvent: {}
[53.718619] (-) TimerEvent: {}
[53.756514] (hdl_localization) StderrLine: {'line': b'\x1b[01m\x1b[K/home/ysc/lite_cog_ros2/nav/src/hdl_localization/apps/./hdl_localization_app.hpp:\x1b[m\x1b[K In member function \xe2\x80\x98\x1b[01m\x1b[Kbool hdl_localization::HdlLocalizationApp::Relocalize(std::shared_ptr<rmw_request_id_t>, std::shared_ptr<std_srvs::srv::Empty_Request_<std::allocator<void> > >, std::shared_ptr<std_srvs::srv::Empty_Response_<std::allocator<void> > >)\x1b[m\x1b[K\xe2\x80\x99:\n'}
[53.757410] (hdl_localization) StderrLine: {'line': b'\x1b[01m\x1b[K/home/ysc/lite_cog_ros2/nav/src/hdl_localization/apps/./hdl_localization_app.hpp:566:56:\x1b[m\x1b[K \x1b[01;35m\x1b[Kwarning: \x1b[m\x1b[Kunused parameter \xe2\x80\x98\x1b[01m\x1b[Kreq\x1b[m\x1b[K\xe2\x80\x99 [\x1b[01;35m\x1b[K-Wunused-parameter\x1b[m\x1b[K]\n'}
[53.758003] (hdl_localization) StderrLine: {'line': b'  566 |         \x1b[01;35m\x1b[Kstd::shared_ptr<std_srvs::srv::Empty::Request> req\x1b[m\x1b[K,\n'}
[53.759030] (hdl_localization) StderrLine: {'line': b'      |         \x1b[01;35m\x1b[K~~~~~~~~~~~~~~~~~~~~~~~~~~~~~~~~~~~~~~~~~~~~~~~^~~\x1b[m\x1b[K\n'}
[53.759651] (hdl_localization) StderrLine: {'line': b'\x1b[01m\x1b[K/home/ysc/lite_cog_ros2/nav/src/hdl_localization/apps/./hdl_localization_app.hpp:567:57:\x1b[m\x1b[K \x1b[01;35m\x1b[Kwarning: \x1b[m\x1b[Kunused parameter \xe2\x80\x98\x1b[01m\x1b[Kres\x1b[m\x1b[K\xe2\x80\x99 [\x1b[01;35m\x1b[K-Wunused-parameter\x1b[m\x1b[K]\n'}
[53.760135] (hdl_localization) StderrLine: {'line': b'  567 |         \x1b[01;35m\x1b[Kstd::shared_ptr<std_srvs::srv::Empty::Response> res\x1b[m\x1b[K)\n'}
[53.760623] (hdl_localization) StderrLine: {'line': b'      |         \x1b[01;35m\x1b[K~~~~~~~~~~~~~~~~~~~~~~~~~~~~~~~~~~~~~~~~~~~~~~~~^~~\x1b[m\x1b[K\n'}
[53.818874] (-) TimerEvent: {}
[53.920091] (-) TimerEvent: {}
[54.021097] (-) TimerEvent: {}
[54.034755] (hdl_localization) StderrLine: {'line': b'\x1b[01m\x1b[K/home/ysc/lite_cog_ros2/nav/src/hdl_localization/apps/./hdl_localization_app.hpp:\x1b[m\x1b[K In member function \xe2\x80\x98\x1b[01m\x1b[Kvoid hdl_localization::HdlLocalizationApp::TimerCallback()\x1b[m\x1b[K\xe2\x80\x99:\n'}
[54.035545] (hdl_localization) StderrLine: {'line': b'\x1b[01m\x1b[K/home/ysc/lite_cog_ros2/nav/src/hdl_localization/apps/./hdl_localization_app.hpp:812:27:\x1b[m\x1b[K \x1b[01;35m\x1b[Kwarning: \x1b[m\x1b[Kcomparison of integer expressions of different signedness: \xe2\x80\x98\x1b[01m\x1b[Kint\x1b[m\x1b[K\xe2\x80\x99 and \xe2\x80\x98\x1b[01m\x1b[Kstd::deque<double>::size_type\x1b[m\x1b[K\xe2\x80\x99 {aka \xe2\x80\x98\x1b[01m\x1b[Klong unsigned int\x1b[m\x1b[K\xe2\x80\x99} [\x1b[01;35m\x1b[K-Wsign-compare\x1b[m\x1b[K]\n'}
[54.036063] (hdl_localization) StderrLine: {'line': b'  812 |             for(int i=0; \x1b[01;35m\x1b[Ki<ms_deque_.size()\x1b[m\x1b[K; i++){\n'}
[54.036429] (hdl_localization) StderrLine: {'line': b'      |                          \x1b[01;35m\x1b[K~^~~~~~~~~~~~~~~~~\x1b[m\x1b[K\n'}
[54.121368] (-) TimerEvent: {}
[54.222432] (-) TimerEvent: {}
[54.323412] (-) TimerEvent: {}
[54.424440] (-) TimerEvent: {}
[54.525494] (-) TimerEvent: {}
[54.626675] (-) TimerEvent: {}
[54.727667] (-) TimerEvent: {}
[54.828610] (-) TimerEvent: {}
[54.929651] (-) TimerEvent: {}
[55.030756] (-) TimerEvent: {}
[55.131908] (-) TimerEvent: {}
[55.276138] (-) TimerEvent: {}
[55.377499] (-) TimerEvent: {}
[55.479033] (-) TimerEvent: {}
[55.581578] (-) TimerEvent: {}
[55.682740] (-) TimerEvent: {}
[55.783802] (-) TimerEvent: {}
[55.884855] (-) TimerEvent: {}
[55.985838] (-) TimerEvent: {}
[56.087559] (-) TimerEvent: {}
[56.188564] (-) TimerEvent: {}
[56.289601] (-) TimerEvent: {}
[56.391057] (-) TimerEvent: {}
[56.492040] (-) TimerEvent: {}
[56.593052] (-) TimerEvent: {}
[56.694073] (-) TimerEvent: {}
[56.795133] (-) TimerEvent: {}
[56.896169] (-) TimerEvent: {}
[56.997214] (-) TimerEvent: {}
[57.098360] (-) TimerEvent: {}
[57.199405] (-) TimerEvent: {}
[57.300491] (-) TimerEvent: {}
[57.401554] (-) TimerEvent: {}
[57.502901] (-) TimerEvent: {}
[57.603874] (-) TimerEvent: {}
[57.704864] (-) TimerEvent: {}
[57.805907] (-) TimerEvent: {}
[57.907021] (-) TimerEvent: {}
[58.008042] (-) TimerEvent: {}
[58.109096] (-) TimerEvent: {}
[58.210120] (-) TimerEvent: {}
[58.311346] (-) TimerEvent: {}
[58.412310] (-) TimerEvent: {}
[58.513450] (-) TimerEvent: {}
[58.614600] (-) TimerEvent: {}
[58.715588] (-) TimerEvent: {}
[58.816523] (-) TimerEvent: {}
[58.917517] (-) TimerEvent: {}
[59.020643] (-) TimerEvent: {}
[59.121639] (-) TimerEvent: {}
[59.222776] (-) TimerEvent: {}
[59.323841] (-) TimerEvent: {}
[59.424808] (-) TimerEvent: {}
[59.525862] (-) TimerEvent: {}
[59.626997] (-) TimerEvent: {}
[59.728111] (-) TimerEvent: {}
[59.829166] (-) TimerEvent: {}
[59.930319] (-) TimerEvent: {}
[60.031356] (-) TimerEvent: {}
[60.132467] (-) TimerEvent: {}
[60.233429] (-) TimerEvent: {}
[60.376265] (-) TimerEvent: {}
[60.477654] (-) TimerEvent: {}
[60.580321] (-) TimerEvent: {}
[60.681850] (-) TimerEvent: {}
[60.784492] (-) TimerEvent: {}
[60.886176] (-) TimerEvent: {}
[60.987378] (-) TimerEvent: {}
[61.088540] (-) TimerEvent: {}
[61.189547] (-) TimerEvent: {}
[61.290741] (-) TimerEvent: {}
[61.391798] (-) TimerEvent: {}
[61.492803] (-) TimerEvent: {}
[61.593765] (-) TimerEvent: {}
[61.695018] (-) TimerEvent: {}
[61.796121] (-) TimerEvent: {}
[61.897141] (-) TimerEvent: {}
[61.998309] (-) TimerEvent: {}
[62.099498] (-) TimerEvent: {}
[62.201011] (-) TimerEvent: {}
[62.301951] (-) TimerEvent: {}
[62.403071] (-) TimerEvent: {}
[62.504084] (-) TimerEvent: {}
[62.605207] (-) TimerEvent: {}
[62.706295] (-) TimerEvent: {}
[62.807276] (-) TimerEvent: {}
[62.908307] (-) TimerEvent: {}
[63.009356] (-) TimerEvent: {}
[63.110570] (-) TimerEvent: {}
[63.211756] (-) TimerEvent: {}
[63.312808] (-) TimerEvent: {}
[63.413833] (-) TimerEvent: {}
[63.515107] (-) TimerEvent: {}
[63.616135] (-) TimerEvent: {}
[63.717211] (-) TimerEvent: {}
[63.818346] (-) TimerEvent: {}
[63.919314] (-) TimerEvent: {}
[64.020473] (-) TimerEvent: {}
[64.121640] (-) TimerEvent: {}
[64.222798] (-) TimerEvent: {}
[64.323737] (-) TimerEvent: {}
[64.424808] (-) TimerEvent: {}
[64.525929] (-) TimerEvent: {}
[64.627093] (-) TimerEvent: {}
[64.728157] (-) TimerEvent: {}
[64.829172] (-) TimerEvent: {}
[64.930361] (-) TimerEvent: {}
[65.031417] (-) TimerEvent: {}
[65.132464] (-) TimerEvent: {}
[65.233559] (-) TimerEvent: {}
[65.473537] (-) TimerEvent: {}
[65.574906] (-) TimerEvent: {}
[65.675973] (-) TimerEvent: {}
[65.777021] (-) TimerEvent: {}
[65.878083] (-) TimerEvent: {}
[65.979227] (-) TimerEvent: {}
[66.081307] (-) TimerEvent: {}
[66.183074] (-) TimerEvent: {}
[66.284212] (-) TimerEvent: {}
[66.385331] (-) TimerEvent: {}
[66.486430] (-) TimerEvent: {}
[66.587507] (-) TimerEvent: {}
[66.688672] (-) TimerEvent: {}
[66.791753] (-) TimerEvent: {}
[66.892863] (-) TimerEvent: {}
[66.993892] (-) TimerEvent: {}
[67.095113] (-) TimerEvent: {}
[67.196326] (-) TimerEvent: {}
[67.297395] (-) TimerEvent: {}
[67.398525] (-) TimerEvent: {}
[67.499572] (-) TimerEvent: {}
[67.600828] (-) TimerEvent: {}
[67.701859] (-) TimerEvent: {}
[67.803113] (-) TimerEvent: {}
[67.904437] (-) TimerEvent: {}
[68.005386] (-) TimerEvent: {}
[68.106409] (-) TimerEvent: {}
[68.207723] (-) TimerEvent: {}
[68.308774] (-) TimerEvent: {}
[68.409832] (-) TimerEvent: {}
[68.511169] (-) TimerEvent: {}
[68.613126] (-) TimerEvent: {}
[68.714242] (-) TimerEvent: {}
[68.815504] (-) TimerEvent: {}
[68.916523] (-) TimerEvent: {}
[69.017647] (-) TimerEvent: {}
[69.118766] (-) TimerEvent: {}
[69.219827] (-) TimerEvent: {}
[69.320861] (-) TimerEvent: {}
[69.421851] (-) TimerEvent: {}
[69.523140] (-) TimerEvent: {}
[69.624185] (-) TimerEvent: {}
[69.725487] (-) TimerEvent: {}
[69.826554] (-) TimerEvent: {}
[69.927576] (-) TimerEvent: {}
[70.028585] (-) TimerEvent: {}
[70.129643] (-) TimerEvent: {}
[70.230646] (-) TimerEvent: {}
[70.331739] (-) TimerEvent: {}
[70.476648] (-) TimerEvent: {}
[70.577646] (-) TimerEvent: {}
[70.678812] (-) TimerEvent: {}
[70.779871] (-) TimerEvent: {}
[70.880986] (-) TimerEvent: {}
[70.981965] (-) TimerEvent: {}
[71.083060] (-) TimerEvent: {}
[71.184151] (-) TimerEvent: {}
[71.285637] (-) TimerEvent: {}
[71.386834] (-) TimerEvent: {}
[71.487851] (-) TimerEvent: {}
[71.588903] (-) TimerEvent: {}
[71.689969] (-) TimerEvent: {}
[71.791064] (-) TimerEvent: {}
[71.892080] (-) TimerEvent: {}
[71.993114] (-) TimerEvent: {}
[72.094175] (-) TimerEvent: {}
[72.195385] (-) TimerEvent: {}
[72.296482] (-) TimerEvent: {}
[72.397529] (-) TimerEvent: {}
[72.498714] (-) TimerEvent: {}
[72.599717] (-) TimerEvent: {}
[72.700825] (-) TimerEvent: {}
[72.801869] (-) TimerEvent: {}
[72.903531] (-) TimerEvent: {}
[73.004576] (-) TimerEvent: {}
[73.105656] (-) TimerEvent: {}
[73.206734] (-) TimerEvent: {}
[73.307782] (-) TimerEvent: {}
[73.408780] (-) TimerEvent: {}
[73.510660] (-) TimerEvent: {}
[73.611682] (-) TimerEvent: {}
[73.712763] (-) TimerEvent: {}
[73.813833] (-) TimerEvent: {}
[73.914988] (-) TimerEvent: {}
[74.016075] (-) TimerEvent: {}
[74.117040] (-) TimerEvent: {}
[74.218430] (-) TimerEvent: {}
[74.319479] (-) TimerEvent: {}
[74.420652] (-) TimerEvent: {}
[74.521646] (-) TimerEvent: {}
[74.622749] (-) TimerEvent: {}
[74.723808] (-) TimerEvent: {}
[74.824832] (-) TimerEvent: {}
[74.925920] (-) TimerEvent: {}
[75.027125] (-) TimerEvent: {}
[75.128155] (-) TimerEvent: {}
[75.229266] (-) TimerEvent: {}
[75.330898] (-) TimerEvent: {}
[75.473431] (-) TimerEvent: {}
[75.574428] (-) TimerEvent: {}
[75.675763] (-) TimerEvent: {}
[75.776872] (-) TimerEvent: {}
[75.877893] (-) TimerEvent: {}
[75.979075] (-) TimerEvent: {}
[76.080380] (-) TimerEvent: {}
[76.181745] (-) TimerEvent: {}
[76.283177] (-) TimerEvent: {}
[76.384985] (-) TimerEvent: {}
[76.486089] (-) TimerEvent: {}
[76.587277] (-) TimerEvent: {}
[76.688315] (-) TimerEvent: {}
[76.789371] (-) TimerEvent: {}
[76.891227] (-) TimerEvent: {}
[76.992223] (-) TimerEvent: {}
[77.093268] (-) TimerEvent: {}
[77.194384] (-) TimerEvent: {}
[77.295482] (-) TimerEvent: {}
[77.396469] (-) TimerEvent: {}
[77.497467] (-) TimerEvent: {}
[77.598585] (-) TimerEvent: {}
[77.699695] (-) TimerEvent: {}
[77.800779] (-) TimerEvent: {}
[77.902006] (-) TimerEvent: {}
[78.003158] (-) TimerEvent: {}
[78.104202] (-) TimerEvent: {}
[78.205292] (-) TimerEvent: {}
[78.306441] (-) TimerEvent: {}
[78.407504] (-) TimerEvent: {}
[78.508603] (-) TimerEvent: {}
[78.609799] (-) TimerEvent: {}
[78.710849] (-) TimerEvent: {}
[78.811954] (-) TimerEvent: {}
[78.913563] (-) TimerEvent: {}
[79.015390] (-) TimerEvent: {}
[79.116392] (-) TimerEvent: {}
[79.217429] (-) TimerEvent: {}
[79.318445] (-) TimerEvent: {}
[79.419745] (-) TimerEvent: {}
[79.520999] (-) TimerEvent: {}
[79.622066] (-) TimerEvent: {}
[79.723147] (-) TimerEvent: {}
[79.824111] (-) TimerEvent: {}
[79.925104] (-) TimerEvent: {}
[80.026108] (-) TimerEvent: {}
[80.127089] (-) TimerEvent: {}
[80.228153] (-) TimerEvent: {}
[80.329081] (-) TimerEvent: {}
[80.476686] (-) TimerEvent: {}
[80.577739] (-) TimerEvent: {}
[80.678838] (-) TimerEvent: {}
[80.779903] (-) TimerEvent: {}
[80.880999] (-) TimerEvent: {}
[80.982104] (-) TimerEvent: {}
[81.083313] (-) TimerEvent: {}
[81.184396] (-) TimerEvent: {}
[81.285734] (-) TimerEvent: {}
[81.386879] (-) TimerEvent: {}
[81.487922] (-) TimerEvent: {}
[81.588924] (-) TimerEvent: {}
[81.689983] (-) TimerEvent: {}
[81.791206] (-) TimerEvent: {}
[81.892249] (-) TimerEvent: {}
[81.993224] (-) TimerEvent: {}
[82.094321] (-) TimerEvent: {}
[82.195474] (-) TimerEvent: {}
[82.296526] (-) TimerEvent: {}
[82.397645] (-) TimerEvent: {}
[82.498754] (-) TimerEvent: {}
[82.599792] (-) TimerEvent: {}
[82.701765] (-) TimerEvent: {}
[82.802916] (-) TimerEvent: {}
[82.903917] (-) TimerEvent: {}
[83.004868] (-) TimerEvent: {}
[83.105877] (-) TimerEvent: {}
[83.206972] (-) TimerEvent: {}
[83.307986] (-) TimerEvent: {}
[83.409074] (-) TimerEvent: {}
[83.510168] (-) TimerEvent: {}
[83.611322] (-) TimerEvent: {}
[83.712399] (-) TimerEvent: {}
[83.813394] (-) TimerEvent: {}
[83.914529] (-) TimerEvent: {}
[84.015639] (-) TimerEvent: {}
[84.116717] (-) TimerEvent: {}
[84.217746] (-) TimerEvent: {}
[84.318807] (-) TimerEvent: {}
[84.419965] (-) TimerEvent: {}
[84.521503] (-) TimerEvent: {}
[84.622479] (-) TimerEvent: {}
[84.723623] (-) TimerEvent: {}
[84.824598] (-) TimerEvent: {}
[84.925676] (-) TimerEvent: {}
[85.026686] (-) TimerEvent: {}
[85.127641] (-) TimerEvent: {}
[85.228669] (-) TimerEvent: {}
[85.329768] (-) TimerEvent: {}
[85.431678] (-) TimerEvent: {}
[85.573515] (-) TimerEvent: {}
[85.674584] (-) TimerEvent: {}
[85.775657] (-) TimerEvent: {}
[85.876693] (-) TimerEvent: {}
[85.977804] (-) TimerEvent: {}
[86.078986] (-) TimerEvent: {}
[86.180137] (-) TimerEvent: {}
[86.281267] (-) TimerEvent: {}
[86.382420] (-) TimerEvent: {}
[86.483537] (-) TimerEvent: {}
[86.584578] (-) TimerEvent: {}
[86.686346] (-) TimerEvent: {}
[86.787321] (-) TimerEvent: {}
[86.888319] (-) TimerEvent: {}
[86.989315] (-) TimerEvent: {}
[87.091142] (-) TimerEvent: {}
[87.192132] (-) TimerEvent: {}
[87.293162] (-) TimerEvent: {}
[87.394272] (-) TimerEvent: {}
[87.495378] (-) TimerEvent: {}
[87.596425] (-) TimerEvent: {}
[87.697378] (-) TimerEvent: {}
[87.798413] (-) TimerEvent: {}
[87.899454] (-) TimerEvent: {}
[88.000760] (-) TimerEvent: {}
[88.102385] (-) TimerEvent: {}
[88.203824] (-) TimerEvent: {}
[88.304821] (-) TimerEvent: {}
[88.405916] (-) TimerEvent: {}
[88.507093] (-) TimerEvent: {}
[88.608097] (-) TimerEvent: {}
[88.709056] (-) TimerEvent: {}
[88.810367] (-) TimerEvent: {}
[88.911969] (-) TimerEvent: {}
[89.013040] (-) TimerEvent: {}
[89.114088] (-) TimerEvent: {}
[89.215154] (-) TimerEvent: {}
[89.316195] (-) TimerEvent: {}
[89.417199] (-) TimerEvent: {}
[89.518313] (-) TimerEvent: {}
[89.619479] (-) TimerEvent: {}
[89.720557] (-) TimerEvent: {}
[89.821631] (-) TimerEvent: {}
[89.922718] (-) TimerEvent: {}
[90.023676] (-) TimerEvent: {}
[90.124693] (-) TimerEvent: {}
[90.225767] (-) TimerEvent: {}
[90.326957] (-) TimerEvent: {}
[90.428019] (-) TimerEvent: {}
[90.529053] (-) TimerEvent: {}
[90.630135] (-) TimerEvent: {}
[90.771984] (-) TimerEvent: {}
[90.873098] (-) TimerEvent: {}
[90.974149] (-) TimerEvent: {}
[91.075187] (-) TimerEvent: {}
[91.176170] (-) TimerEvent: {}
[91.277204] (-) TimerEvent: {}
[91.378300] (-) TimerEvent: {}
[91.479330] (-) TimerEvent: {}
[91.580372] (-) TimerEvent: {}
[91.681490] (-) TimerEvent: {}
[91.782657] (-) TimerEvent: {}
[91.883681] (-) TimerEvent: {}
[91.984755] (-) TimerEvent: {}
[92.085805] (-) TimerEvent: {}
[92.187201] (-) TimerEvent: {}
[92.288198] (-) TimerEvent: {}
[92.389247] (-) TimerEvent: {}
[92.490454] (-) TimerEvent: {}
[92.591543] (-) TimerEvent: {}
[92.692613] (-) TimerEvent: {}
[92.793685] (-) TimerEvent: {}
[92.894788] (-) TimerEvent: {}
[92.995840] (-) TimerEvent: {}
[93.097785] (-) TimerEvent: {}
[93.199428] (-) TimerEvent: {}
[93.300597] (-) TimerEvent: {}
[93.401739] (-) TimerEvent: {}
[93.503034] (-) TimerEvent: {}
[93.604080] (-) TimerEvent: {}
[93.705491] (-) TimerEvent: {}
[93.806905] (-) TimerEvent: {}
[93.907933] (-) TimerEvent: {}
[94.008878] (-) TimerEvent: {}
[94.109972] (-) TimerEvent: {}
[94.211106] (-) TimerEvent: {}
[94.312321] (-) TimerEvent: {}
[94.413653] (-) TimerEvent: {}
[94.514850] (-) TimerEvent: {}
[94.615952] (-) TimerEvent: {}
[94.716968] (-) TimerEvent: {}
[94.818017] (-) TimerEvent: {}
[94.919120] (-) TimerEvent: {}
[95.020136] (-) TimerEvent: {}
[95.121635] (-) TimerEvent: {}
[95.224613] (-) TimerEvent: {}
[95.326600] (-) TimerEvent: {}
[95.428020] (-) TimerEvent: {}
[95.529105] (-) TimerEvent: {}
[95.630436] (-) TimerEvent: {}
[95.731496] (-) TimerEvent: {}
[95.874444] (-) TimerEvent: {}
[95.975916] (-) TimerEvent: {}
[96.077105] (-) TimerEvent: {}
[96.178098] (-) TimerEvent: {}
[96.279151] (-) TimerEvent: {}
[96.380280] (-) TimerEvent: {}
[96.481439] (-) TimerEvent: {}
[96.582574] (-) TimerEvent: {}
[96.683610] (-) TimerEvent: {}
[96.784869] (-) TimerEvent: {}
[96.885908] (-) TimerEvent: {}
[96.987078] (-) TimerEvent: {}
[97.088118] (-) TimerEvent: {}
[97.189533] (-) TimerEvent: {}
[97.290654] (-) TimerEvent: {}
[97.391758] (-) TimerEvent: {}
[97.492888] (-) TimerEvent: {}
[97.594001] (-) TimerEvent: {}
[97.695072] (-) TimerEvent: {}
[97.796220] (-) TimerEvent: {}
[97.897358] (-) TimerEvent: {}
[97.998553] (-) TimerEvent: {}
[98.099583] (-) TimerEvent: {}
[98.200654] (-) TimerEvent: {}
[98.301726] (-) TimerEvent: {}
[98.403821] (-) TimerEvent: {}
[98.504914] (-) TimerEvent: {}
[98.605937] (-) TimerEvent: {}
[98.707089] (-) TimerEvent: {}
[98.808131] (-) TimerEvent: {}
[98.909175] (-) TimerEvent: {}
[99.010416] (-) TimerEvent: {}
[99.111927] (-) TimerEvent: {}
[99.213359] (-) TimerEvent: {}
[99.314437] (-) TimerEvent: {}
[99.415526] (-) TimerEvent: {}
[99.516578] (-) TimerEvent: {}
[99.617668] (-) TimerEvent: {}
[99.718799] (-) TimerEvent: {}
[99.819844] (-) TimerEvent: {}
[99.920913] (-) TimerEvent: {}
[100.021907] (-) TimerEvent: {}
[100.123198] (-) TimerEvent: {}
[100.224511] (-) TimerEvent: {}
[100.325591] (-) TimerEvent: {}
[100.427293] (-) TimerEvent: {}
[100.528440] (-) TimerEvent: {}
[100.629536] (-) TimerEvent: {}
[100.731541] (-) TimerEvent: {}
[100.974740] (-) TimerEvent: {}
[101.075778] (-) TimerEvent: {}
[101.176833] (-) TimerEvent: {}
[101.278276] (-) TimerEvent: {}
[101.379388] (-) TimerEvent: {}
[101.480415] (-) TimerEvent: {}
[101.581526] (-) TimerEvent: {}
[101.682609] (-) TimerEvent: {}
[101.783698] (-) TimerEvent: {}
[101.884957] (-) TimerEvent: {}
[101.986130] (-) TimerEvent: {}
[102.087231] (-) TimerEvent: {}
[102.188308] (-) TimerEvent: {}
[102.289326] (-) TimerEvent: {}
[102.390541] (-) TimerEvent: {}
[102.491577] (-) TimerEvent: {}
[102.592639] (-) TimerEvent: {}
[102.693775] (-) TimerEvent: {}
[102.795103] (-) TimerEvent: {}
[102.896226] (-) TimerEvent: {}
[102.997313] (-) TimerEvent: {}
[103.098410] (-) TimerEvent: {}
[103.199440] (-) TimerEvent: {}
[103.300670] (-) TimerEvent: {}
[103.401693] (-) TimerEvent: {}
[103.502886] (-) TimerEvent: {}
[103.603980] (-) TimerEvent: {}
[103.705512] (-) TimerEvent: {}
[103.806658] (-) TimerEvent: {}
[103.907650] (-) TimerEvent: {}
[104.008711] (-) TimerEvent: {}
[104.109760] (-) TimerEvent: {}
[104.210924] (-) TimerEvent: {}
[104.311981] (-) TimerEvent: {}
[104.413000] (-) TimerEvent: {}
[104.514075] (-) TimerEvent: {}
[104.615242] (-) TimerEvent: {}
[104.716466] (-) TimerEvent: {}
[104.817531] (-) TimerEvent: {}
[104.918716] (-) TimerEvent: {}
[105.019885] (-) TimerEvent: {}
[105.120846] (-) TimerEvent: {}
[105.221943] (-) TimerEvent: {}
[105.323037] (-) TimerEvent: {}
[105.425131] (-) TimerEvent: {}
[105.526182] (-) TimerEvent: {}
[105.627298] (-) TimerEvent: {}
[105.728288] (-) TimerEvent: {}
[105.829313] (-) TimerEvent: {}
[105.981365] (-) TimerEvent: {}
[106.082466] (-) TimerEvent: {}
[106.183508] (-) TimerEvent: {}
[106.284671] (-) TimerEvent: {}
[106.385751] (-) TimerEvent: {}
[106.487254] (-) TimerEvent: {}
[106.588329] (-) TimerEvent: {}
[106.689370] (-) TimerEvent: {}
[106.790471] (-) TimerEvent: {}
[106.891494] (-) TimerEvent: {}
[106.992544] (-) TimerEvent: {}
[107.093684] (-) TimerEvent: {}
[107.194920] (-) TimerEvent: {}
[107.295956] (-) TimerEvent: {}
[107.397036] (-) TimerEvent: {}
[107.498101] (-) TimerEvent: {}
[107.599343] (-) TimerEvent: {}
[107.700470] (-) TimerEvent: {}
[107.801516] (-) TimerEvent: {}
[107.902629] (-) TimerEvent: {}
[108.004651] (-) TimerEvent: {}
[108.106096] (-) TimerEvent: {}
[108.207183] (-) TimerEvent: {}
[108.308188] (-) TimerEvent: {}
[108.409206] (-) TimerEvent: {}
[108.510296] (-) TimerEvent: {}
[108.611305] (-) TimerEvent: {}
[108.712333] (-) TimerEvent: {}
[108.813361] (-) TimerEvent: {}
[108.914456] (-) TimerEvent: {}
[109.015504] (-) TimerEvent: {}
[109.116568] (-) TimerEvent: {}
[109.217656] (-) TimerEvent: {}
[109.318857] (-) TimerEvent: {}
[109.419946] (-) TimerEvent: {}
[109.521048] (-) TimerEvent: {}
[109.622128] (-) TimerEvent: {}
[109.725211] (-) TimerEvent: {}
[109.829160] (-) TimerEvent: {}
[109.930313] (-) TimerEvent: {}
[110.031355] (-) TimerEvent: {}
[110.132431] (-) TimerEvent: {}
[110.233375] (-) TimerEvent: {}
[110.334454] (-) TimerEvent: {}
[110.435521] (-) TimerEvent: {}
[110.536649] (-) TimerEvent: {}
[110.637758] (-) TimerEvent: {}
[110.738912] (-) TimerEvent: {}
[110.840025] (-) TimerEvent: {}
[110.941280] (-) TimerEvent: {}
[111.042420] (-) TimerEvent: {}
[111.143507] (-) TimerEvent: {}
[111.244755] (-) TimerEvent: {}
[111.345792] (-) TimerEvent: {}
[111.447009] (-) TimerEvent: {}
[111.547981] (-) TimerEvent: {}
[111.649048] (-) TimerEvent: {}
[111.750110] (-) TimerEvent: {}
[111.851210] (-) TimerEvent: {}
[111.952400] (-) TimerEvent: {}
[112.053389] (-) TimerEvent: {}
[112.154450] (-) TimerEvent: {}
[112.255472] (-) TimerEvent: {}
[112.356460] (-) TimerEvent: {}
[112.457979] (-) TimerEvent: {}
[112.559074] (-) TimerEvent: {}
[112.660135] (-) TimerEvent: {}
[112.761176] (-) TimerEvent: {}
[112.862289] (-) TimerEvent: {}
[112.963242] (-) TimerEvent: {}
[113.064276] (-) TimerEvent: {}
[113.165330] (-) TimerEvent: {}
[113.266543] (-) TimerEvent: {}
[113.367598] (-) TimerEvent: {}
[113.468749] (-) TimerEvent: {}
[113.569781] (-) TimerEvent: {}
[113.671023] (-) TimerEvent: {}
[113.772031] (-) TimerEvent: {}
[113.873045] (-) TimerEvent: {}
[113.974066] (-) TimerEvent: {}
[114.075160] (-) TimerEvent: {}
[114.176195] (-) TimerEvent: {}
[114.277301] (-) TimerEvent: {}
[114.378424] (-) TimerEvent: {}
[114.479407] (-) TimerEvent: {}
[114.580551] (-) TimerEvent: {}
[114.681626] (-) TimerEvent: {}
[114.782731] (-) TimerEvent: {}
[114.883822] (-) TimerEvent: {}
[114.984805] (-) TimerEvent: {}
[115.085946] (-) TimerEvent: {}
[115.187018] (-) TimerEvent: {}
[115.288026] (-) TimerEvent: {}
[115.389164] (-) TimerEvent: {}
[115.490256] (-) TimerEvent: {}
[115.591246] (-) TimerEvent: {}
[115.692312] (-) TimerEvent: {}
[115.793357] (-) TimerEvent: {}
[115.894474] (-) TimerEvent: {}
[115.995680] (-) TimerEvent: {}
[116.138053] (-) TimerEvent: {}
[116.239082] (-) TimerEvent: {}
[116.340069] (-) TimerEvent: {}
[116.441162] (-) TimerEvent: {}
[116.542334] (-) TimerEvent: {}
[116.643402] (-) TimerEvent: {}
[116.744430] (-) TimerEvent: {}
[116.845564] (-) TimerEvent: {}
[116.946849] (-) TimerEvent: {}
[117.047961] (-) TimerEvent: {}
[117.149106] (-) TimerEvent: {}
[117.250190] (-) TimerEvent: {}
[117.351351] (-) TimerEvent: {}
[117.452426] (-) TimerEvent: {}
[117.554870] (-) TimerEvent: {}
[117.655983] (-) TimerEvent: {}
[117.757133] (-) TimerEvent: {}
[117.858314] (-) TimerEvent: {}
[117.959353] (-) TimerEvent: {}
[118.060450] (-) TimerEvent: {}
[118.161579] (-) TimerEvent: {}
[118.262699] (-) TimerEvent: {}
[118.363771] (-) TimerEvent: {}
[118.464890] (-) TimerEvent: {}
[118.566008] (-) TimerEvent: {}
[118.667082] (-) TimerEvent: {}
[118.768141] (-) TimerEvent: {}
[118.869161] (-) TimerEvent: {}
[118.970289] (-) TimerEvent: {}
[119.071415] (-) TimerEvent: {}
[119.172567] (-) TimerEvent: {}
[119.273628] (-) TimerEvent: {}
[119.374905] (-) TimerEvent: {}
[119.476084] (-) TimerEvent: {}
[119.577165] (-) TimerEvent: {}
[119.678190] (-) TimerEvent: {}
[119.779374] (-) TimerEvent: {}
[119.880701] (-) TimerEvent: {}
[119.981798] (-) TimerEvent: {}
[120.083012] (-) TimerEvent: {}
[120.184078] (-) TimerEvent: {}
[120.285154] (-) TimerEvent: {}
[120.386871] (-) TimerEvent: {}
[120.487902] (-) TimerEvent: {}
[120.588922] (-) TimerEvent: {}
[120.689990] (-) TimerEvent: {}
[120.791133] (-) TimerEvent: {}
[120.892207] (-) TimerEvent: {}
[120.993256] (-) TimerEvent: {}
[121.094318] (-) TimerEvent: {}
[121.195338] (-) TimerEvent: {}
[121.338560] (-) TimerEvent: {}
[121.439847] (-) TimerEvent: {}
[121.540829] (-) TimerEvent: {}
[121.641873] (-) TimerEvent: {}
[121.743015] (-) TimerEvent: {}
[121.844045] (-) TimerEvent: {}
[121.945861] (-) TimerEvent: {}
[122.046984] (-) TimerEvent: {}
[122.147973] (-) TimerEvent: {}
[122.249068] (-) TimerEvent: {}
[122.350109] (-) TimerEvent: {}
[122.451237] (-) TimerEvent: {}
[122.552202] (-) TimerEvent: {}
[122.653219] (-) TimerEvent: {}
[122.754291] (-) TimerEvent: {}
[122.856016] (-) TimerEvent: {}
[122.957048] (-) TimerEvent: {}
[123.058103] (-) TimerEvent: {}
[123.159199] (-) TimerEvent: {}
[123.260235] (-) TimerEvent: {}
[123.361587] (-) TimerEvent: {}
[123.462858] (-) TimerEvent: {}
[123.563956] (-) TimerEvent: {}
[123.664980] (-) TimerEvent: {}
[123.765940] (-) TimerEvent: {}
[123.867133] (-) TimerEvent: {}
[123.968156] (-) TimerEvent: {}
[124.069232] (-) TimerEvent: {}
[124.170396] (-) TimerEvent: {}
[124.271447] (-) TimerEvent: {}
[124.372901] (-) TimerEvent: {}
[124.473995] (-) TimerEvent: {}
[124.575190] (-) TimerEvent: {}
[124.676229] (-) TimerEvent: {}
[124.777273] (-) TimerEvent: {}
[124.878374] (-) TimerEvent: {}
[124.979404] (-) TimerEvent: {}
[125.080814] (-) TimerEvent: {}
[125.181818] (-) TimerEvent: {}
[125.283032] (-) TimerEvent: {}
[125.384019] (-) TimerEvent: {}
[125.485609] (-) TimerEvent: {}
[125.586871] (-) TimerEvent: {}
[125.687979] (-) TimerEvent: {}
[125.789033] (-) TimerEvent: {}
[125.890071] (-) TimerEvent: {}
[125.991242] (-) TimerEvent: {}
[126.092262] (-) TimerEvent: {}
[126.193279] (-) TimerEvent: {}
[126.294922] (-) TimerEvent: {}
[126.483414] (-) TimerEvent: {}
[126.584480] (-) TimerEvent: {}
[126.685576] (-) TimerEvent: {}
[126.786833] (-) TimerEvent: {}
[126.887837] (-) TimerEvent: {}
[126.988854] (-) TimerEvent: {}
[127.089872] (-) TimerEvent: {}
[127.190991] (-) TimerEvent: {}
[127.292849] (-) TimerEvent: {}
[127.394395] (-) TimerEvent: {}
[127.496598] (-) TimerEvent: {}
[127.597663] (-) TimerEvent: {}
[127.698858] (-) TimerEvent: {}
[127.799909] (-) TimerEvent: {}
[127.900955] (-) TimerEvent: {}
[128.002044] (-) TimerEvent: {}
[128.103185] (-) TimerEvent: {}
[128.204390] (-) TimerEvent: {}
[128.305845] (-) TimerEvent: {}
[128.406988] (-) TimerEvent: {}
[128.508027] (-) TimerEvent: {}
[128.609060] (-) TimerEvent: {}
[128.710058] (-) TimerEvent: {}
[128.811140] (-) TimerEvent: {}
[128.912236] (-) TimerEvent: {}
[129.013334] (-) TimerEvent: {}
[129.114470] (-) TimerEvent: {}
[129.215516] (-) TimerEvent: {}
[129.316607] (-) TimerEvent: {}
[129.417633] (-) TimerEvent: {}
[129.518786] (-) TimerEvent: {}
[129.619978] (-) TimerEvent: {}
[129.721077] (-) TimerEvent: {}
[129.822309] (-) TimerEvent: {}
[129.923424] (-) TimerEvent: {}
[130.024440] (-) TimerEvent: {}
[130.125619] (-) TimerEvent: {}
[130.226929] (-) TimerEvent: {}
[130.328061] (-) TimerEvent: {}
[130.429141] (-) TimerEvent: {}
[130.530297] (-) TimerEvent: {}
[130.631339] (-) TimerEvent: {}
[130.733070] (-) TimerEvent: {}
[130.833974] (-) TimerEvent: {}
[130.934953] (-) TimerEvent: {}
[131.036022] (-) TimerEvent: {}
[131.136976] (-) TimerEvent: {}
[131.238126] (-) TimerEvent: {}
[131.481303] (-) TimerEvent: {}
[131.582458] (-) TimerEvent: {}
[131.683663] (-) TimerEvent: {}
[131.784890] (-) TimerEvent: {}
[131.886165] (-) TimerEvent: {}
[131.987475] (-) TimerEvent: {}
[132.090919] (-) TimerEvent: {}
[132.191872] (-) TimerEvent: {}
[132.292846] (-) TimerEvent: {}
[132.393895] (-) TimerEvent: {}
[132.495225] (-) TimerEvent: {}
[132.596485] (-) TimerEvent: {}
[132.697680] (-) TimerEvent: {}
[132.799058] (-) TimerEvent: {}
[132.902538] (-) TimerEvent: {}
[133.003635] (-) TimerEvent: {}
[133.105176] (-) TimerEvent: {}
[133.206336] (-) TimerEvent: {}
[133.307320] (-) TimerEvent: {}
[133.408196] (-) TimerEvent: {}
[133.509079] (-) TimerEvent: {}
[133.610185] (-) TimerEvent: {}
[133.711507] (-) TimerEvent: {}
[133.812513] (-) TimerEvent: {}
[133.913613] (-) TimerEvent: {}
[134.015485] (-) TimerEvent: {}
[134.116626] (-) TimerEvent: {}
[134.217919] (-) TimerEvent: {}
[134.319122] (-) TimerEvent: {}
[134.420964] (-) TimerEvent: {}
[134.522079] (-) TimerEvent: {}
[134.623282] (-) TimerEvent: {}
[134.724386] (-) TimerEvent: {}
[134.825509] (-) TimerEvent: {}
[134.926734] (-) TimerEvent: {}
[135.028115] (-) TimerEvent: {}
[135.129274] (-) TimerEvent: {}
[135.231017] (-) TimerEvent: {}
[135.333261] (-) TimerEvent: {}
[135.434421] (-) TimerEvent: {}
[135.535561] (-) TimerEvent: {}
[135.636656] (-) TimerEvent: {}
[135.737829] (-) TimerEvent: {}
[135.838931] (-) TimerEvent: {}
[135.940008] (-) TimerEvent: {}
[136.041041] (-) TimerEvent: {}
[136.142130] (-) TimerEvent: {}
[136.243337] (-) TimerEvent: {}
[136.344394] (-) TimerEvent: {}
[136.487246] (-) TimerEvent: {}
[136.588283] (-) TimerEvent: {}
[136.689360] (-) TimerEvent: {}
[136.790426] (-) TimerEvent: {}
[136.891445] (-) TimerEvent: {}
[136.992433] (-) TimerEvent: {}
[137.093494] (-) TimerEvent: {}
[137.194658] (-) TimerEvent: {}
[137.295745] (-) TimerEvent: {}
[137.396755] (-) TimerEvent: {}
[137.497805] (-) TimerEvent: {}
[137.598936] (-) TimerEvent: {}
[137.700044] (-) TimerEvent: {}
[137.801026] (-) TimerEvent: {}
[137.902040] (-) TimerEvent: {}
[138.003132] (-) TimerEvent: {}
[138.105149] (-) TimerEvent: {}
[138.207226] (-) TimerEvent: {}
[138.308368] (-) TimerEvent: {}
[138.409450] (-) TimerEvent: {}
[138.510550] (-) TimerEvent: {}
[138.611669] (-) TimerEvent: {}
[138.712691] (-) TimerEvent: {}
[138.813753] (-) TimerEvent: {}
[138.914898] (-) TimerEvent: {}
[139.015946] (-) TimerEvent: {}
[139.117005] (-) TimerEvent: {}
[139.218026] (-) TimerEvent: {}
[139.319079] (-) TimerEvent: {}
[139.420299] (-) TimerEvent: {}
[139.521445] (-) TimerEvent: {}
[139.622454] (-) TimerEvent: {}
[139.723522] (-) TimerEvent: {}
[139.824526] (-) TimerEvent: {}
[139.925452] (-) TimerEvent: {}
[140.026555] (-) TimerEvent: {}
[140.127911] (-) TimerEvent: {}
[140.228991] (-) TimerEvent: {}
[140.330040] (-) TimerEvent: {}
[140.431202] (-) TimerEvent: {}
[140.532242] (-) TimerEvent: {}
[140.633258] (-) TimerEvent: {}
[140.734327] (-) TimerEvent: {}
[140.835792] (-) TimerEvent: {}
[140.936883] (-) TimerEvent: {}
[141.037897] (-) TimerEvent: {}
[141.138975] (-) TimerEvent: {}
[141.239978] (-) TimerEvent: {}
[141.341237] (-) TimerEvent: {}
[141.532834] (-) TimerEvent: {}
[141.633904] (-) TimerEvent: {}
[141.735024] (-) TimerEvent: {}
[141.837808] (-) TimerEvent: {}
[141.938869] (-) TimerEvent: {}
[142.039943] (-) TimerEvent: {}
[142.141411] (-) TimerEvent: {}
[142.242422] (-) TimerEvent: {}
[142.343508] (-) TimerEvent: {}
[142.444486] (-) TimerEvent: {}
[142.546160] (-) TimerEvent: {}
[142.647241] (-) TimerEvent: {}
[142.748304] (-) TimerEvent: {}
[142.849405] (-) TimerEvent: {}
[142.950584] (-) TimerEvent: {}
[143.051657] (-) TimerEvent: {}
[143.152753] (-) TimerEvent: {}
[143.253827] (-) TimerEvent: {}
[143.355100] (-) TimerEvent: {}
[143.456133] (-) TimerEvent: {}
[143.557477] (-) TimerEvent: {}
[143.658626] (-) TimerEvent: {}
[143.759651] (-) TimerEvent: {}
[143.860691] (-) TimerEvent: {}
[143.961744] (-) TimerEvent: {}
[144.062879] (-) TimerEvent: {}
[144.163933] (-) TimerEvent: {}
[144.265043] (-) TimerEvent: {}
[144.366090] (-) TimerEvent: {}
[144.467207] (-) TimerEvent: {}
[144.568317] (-) TimerEvent: {}
[144.669435] (-) TimerEvent: {}
[144.770605] (-) TimerEvent: {}
[144.871681] (-) TimerEvent: {}
[144.972759] (-) TimerEvent: {}
[145.073784] (-) TimerEvent: {}
[145.174933] (-) TimerEvent: {}
[145.276041] (-) TimerEvent: {}
[145.377065] (-) TimerEvent: {}
[145.478085] (-) TimerEvent: {}
[145.579205] (-) TimerEvent: {}
[145.680354] (-) TimerEvent: {}
[145.781511] (-) TimerEvent: {}
[145.882671] (-) TimerEvent: {}
[145.983781] (-) TimerEvent: {}
[146.084795] (-) TimerEvent: {}
[146.185830] (-) TimerEvent: {}
[146.286934] (-) TimerEvent: {}
[146.388039] (-) TimerEvent: {}
[146.601104] (-) TimerEvent: {}
[146.702146] (-) TimerEvent: {}
[146.803287] (-) TimerEvent: {}
[146.904375] (-) TimerEvent: {}
[147.005584] (-) TimerEvent: {}
[147.107031] (-) TimerEvent: {}
[147.208074] (-) TimerEvent: {}
[147.309168] (-) TimerEvent: {}
[147.411316] (-) TimerEvent: {}
[147.512377] (-) TimerEvent: {}
[147.613385] (-) TimerEvent: {}
[147.714452] (-) TimerEvent: {}
[147.815565] (-) TimerEvent: {}
[147.916581] (-) TimerEvent: {}
[148.017676] (-) TimerEvent: {}
[148.118763] (-) TimerEvent: {}
[148.219820] (-) TimerEvent: {}
[148.321157] (-) TimerEvent: {}
[148.422182] (-) TimerEvent: {}
[148.523247] (-) TimerEvent: {}
[148.624285] (-) TimerEvent: {}
[148.725391] (-) TimerEvent: {}
[148.826579] (-) TimerEvent: {}
[148.927612] (-) TimerEvent: {}
[149.028655] (-) TimerEvent: {}
[149.129764] (-) TimerEvent: {}
[149.231131] (-) TimerEvent: {}
[149.333132] (-) TimerEvent: {}
[149.434171] (-) TimerEvent: {}
[149.535766] (-) TimerEvent: {}
[149.637123] (-) TimerEvent: {}
[149.738355] (-) TimerEvent: {}
[149.839341] (-) TimerEvent: {}
[149.940388] (-) TimerEvent: {}
[150.041441] (-) TimerEvent: {}
[150.143459] (-) TimerEvent: {}
[150.246168] (-) TimerEvent: {}
[150.347304] (-) TimerEvent: {}
[150.448402] (-) TimerEvent: {}
[150.549439] (-) TimerEvent: {}
[150.650596] (-) TimerEvent: {}
[150.751697] (-) TimerEvent: {}
[150.852782] (-) TimerEvent: {}
[150.953846] (-) TimerEvent: {}
[151.055413] (-) TimerEvent: {}
[151.157847] (-) TimerEvent: {}
[151.259172] (-) TimerEvent: {}
[151.360851] (-) TimerEvent: {}
[151.461971] (-) TimerEvent: {}
[151.563217] (-) TimerEvent: {}
[151.705313] (-) TimerEvent: {}
[151.806554] (-) TimerEvent: {}
[151.907658] (-) TimerEvent: {}
[152.008749] (-) TimerEvent: {}
[152.109732] (-) TimerEvent: {}
[152.210972] (-) TimerEvent: {}
[152.312014] (-) TimerEvent: {}
[152.343456] (hdl_localization) StderrLine: {'line': b'\x1b[01m\x1b[K/home/ysc/lite_cog_ros2/nav/src/hdl_localization/apps/./hdl_localization_app.hpp:815:24:\x1b[m\x1b[K \x1b[01;35m\x1b[Kwarning: \x1b[m\x1b[K\xe2\x80\x98\x1b[01m\x1b[Ktotal_ms\x1b[m\x1b[K\xe2\x80\x99 may be used uninitialized in this function [\x1b[01;35m\x1b[K-Wmaybe-uninitialized\x1b[m\x1b[K]\n'}
[152.344377] (hdl_localization) StderrLine: {'line': b'  815 |             \x1b[01;35m\x1b[Kaverage_ms = total_ms / ms_deque_.size()\x1b[m\x1b[K;\n'}
[152.344879] (hdl_localization) StderrLine: {'line': b'      |             \x1b[01;35m\x1b[K~~~~~~~~~~~^~~~~~~~~~~~~~~~~~~~~~~~~~~~~\x1b[m\x1b[K\n'}
[152.412285] (-) TimerEvent: {}
[152.513445] (-) TimerEvent: {}
[152.614695] (-) TimerEvent: {}
[152.716465] (-) TimerEvent: {}
[152.817547] (-) TimerEvent: {}
[152.918802] (-) TimerEvent: {}
[153.019996] (-) TimerEvent: {}
[153.121084] (-) TimerEvent: {}
[153.222077] (-) TimerEvent: {}
[153.323221] (-) TimerEvent: {}
[153.424287] (-) TimerEvent: {}
[153.525811] (-) TimerEvent: {}
[153.626916] (-) TimerEvent: {}
[153.727965] (-) TimerEvent: {}
[153.828878] (-) TimerEvent: {}
[153.929888] (-) TimerEvent: {}
[154.031142] (-) TimerEvent: {}
[154.132121] (-) TimerEvent: {}
[154.233194] (-) TimerEvent: {}
[154.334172] (-) TimerEvent: {}
[154.435308] (-) TimerEvent: {}
[154.536534] (-) TimerEvent: {}
[154.637567] (-) TimerEvent: {}
[154.739546] (-) TimerEvent: {}
[154.840673] (-) TimerEvent: {}
[154.941682] (-) TimerEvent: {}
[155.042854] (-) TimerEvent: {}
[155.143943] (-) TimerEvent: {}
[155.245328] (-) TimerEvent: {}
[155.348063] (-) TimerEvent: {}
[155.449476] (-) TimerEvent: {}
[155.551108] (-) TimerEvent: {}
[155.652795] (-) TimerEvent: {}
[155.754050] (-) TimerEvent: {}
[155.855795] (-) TimerEvent: {}
[155.956958] (-) TimerEvent: {}
[156.057910] (-) TimerEvent: {}
[156.159133] (-) TimerEvent: {}
[156.260478] (-) TimerEvent: {}
[156.361471] (-) TimerEvent: {}
[156.462619] (-) TimerEvent: {}
[156.563746] (-) TimerEvent: {}
[156.664846] (-) TimerEvent: {}
[156.808357] (-) TimerEvent: {}
[156.909503] (-) TimerEvent: {}
[157.010723] (-) TimerEvent: {}
[157.111787] (-) TimerEvent: {}
[157.212867] (-) TimerEvent: {}
[157.314120] (-) TimerEvent: {}
[157.415554] (-) TimerEvent: {}
[157.516578] (-) TimerEvent: {}
[157.617627] (-) TimerEvent: {}
[157.718635] (-) TimerEvent: {}
[157.819633] (-) TimerEvent: {}
[157.920675] (-) TimerEvent: {}
[158.021697] (-) TimerEvent: {}
[158.122782] (-) TimerEvent: {}
[158.223789] (-) TimerEvent: {}
[158.324811] (-) TimerEvent: {}
[158.429096] (-) TimerEvent: {}
[158.529994] (-) TimerEvent: {}
[158.631091] (-) TimerEvent: {}
[158.732438] (-) TimerEvent: {}
[158.834975] (-) TimerEvent: {}
[158.936119] (-) TimerEvent: {}
[159.037157] (-) TimerEvent: {}
[159.138326] (-) TimerEvent: {}
[159.239348] (-) TimerEvent: {}
[159.340280] (-) TimerEvent: {}
[159.441633] (-) TimerEvent: {}
[159.542680] (-) TimerEvent: {}
[159.643727] (-) TimerEvent: {}
[159.744771] (-) TimerEvent: {}
[159.845955] (-) TimerEvent: {}
[159.947202] (-) TimerEvent: {}
[160.048228] (-) TimerEvent: {}
[160.149225] (-) TimerEvent: {}
[160.250335] (-) TimerEvent: {}
[160.351396] (-) TimerEvent: {}
[160.452417] (-) TimerEvent: {}
[160.553902] (-) TimerEvent: {}
[160.655382] (-) TimerEvent: {}
[160.756557] (-) TimerEvent: {}
[160.857713] (-) TimerEvent: {}
[160.958882] (-) TimerEvent: {}
[161.060429] (-) TimerEvent: {}
[161.161770] (-) TimerEvent: {}
[161.263552] (-) TimerEvent: {}
[161.364581] (-) TimerEvent: {}
[161.466518] (-) TimerEvent: {}
[161.567658] (-) TimerEvent: {}
[161.668675] (-) TimerEvent: {}
[161.922894] (-) TimerEvent: {}
[162.023908] (-) TimerEvent: {}
[162.125074] (-) TimerEvent: {}
[162.226342] (-) TimerEvent: {}
[162.327781] (-) TimerEvent: {}
[162.429177] (-) TimerEvent: {}
[162.530436] (-) TimerEvent: {}
[162.631583] (-) TimerEvent: {}
[162.732617] (-) TimerEvent: {}
[162.833743] (-) TimerEvent: {}
[162.935017] (-) TimerEvent: {}
[163.036247] (-) TimerEvent: {}
[163.137440] (-) TimerEvent: {}
[163.238885] (-) TimerEvent: {}
[163.339898] (-) TimerEvent: {}
[163.441034] (-) TimerEvent: {}
[163.542175] (-) TimerEvent: {}
[163.643387] (-) TimerEvent: {}
[163.744578] (-) TimerEvent: {}
[163.845674] (-) TimerEvent: {}
[163.946990] (-) TimerEvent: {}
[164.048063] (-) TimerEvent: {}
[164.149089] (-) TimerEvent: {}
[164.252017] (-) TimerEvent: {}
[164.352973] (-) TimerEvent: {}
[164.454050] (-) TimerEvent: {}
[164.556041] (-) TimerEvent: {}
[164.657123] (-) TimerEvent: {}
[164.758086] (-) TimerEvent: {}
[164.859159] (-) TimerEvent: {}
[164.960154] (-) TimerEvent: {}
[165.061467] (-) TimerEvent: {}
[165.162583] (-) TimerEvent: {}
[165.263772] (-) TimerEvent: {}
[165.364737] (-) TimerEvent: {}
[165.465827] (-) TimerEvent: {}
[165.566916] (-) TimerEvent: {}
[165.667880] (-) TimerEvent: {}
[165.768924] (-) TimerEvent: {}
[165.869978] (-) TimerEvent: {}
[165.971188] (-) TimerEvent: {}
[166.072229] (-) TimerEvent: {}
[166.173209] (-) TimerEvent: {}
[166.274336] (-) TimerEvent: {}
[166.375369] (-) TimerEvent: {}
[166.476398] (-) TimerEvent: {}
[166.577457] (-) TimerEvent: {}
[166.678698] (-) TimerEvent: {}
[166.779752] (-) TimerEvent: {}
[166.924982] (-) TimerEvent: {}
[167.026127] (-) TimerEvent: {}
[167.127167] (-) TimerEvent: {}
[167.228217] (-) TimerEvent: {}
[167.329224] (-) TimerEvent: {}
[167.430312] (-) TimerEvent: {}
[167.531337] (-) TimerEvent: {}
[167.632450] (-) TimerEvent: {}
[167.733525] (-) TimerEvent: {}
[167.834639] (-) TimerEvent: {}
[167.935582] (-) TimerEvent: {}
[168.036782] (-) TimerEvent: {}
[168.137852] (-) TimerEvent: {}
[168.239050] (-) TimerEvent: {}
[168.339962] (-) TimerEvent: {}
[168.440969] (-) TimerEvent: {}
[168.541946] (-) TimerEvent: {}
[168.642985] (-) TimerEvent: {}
[168.743957] (-) TimerEvent: {}
[168.844960] (-) TimerEvent: {}
[168.946022] (-) TimerEvent: {}
[169.047160] (-) TimerEvent: {}
[169.148186] (-) TimerEvent: {}
[169.249228] (-) TimerEvent: {}
[169.350364] (-) TimerEvent: {}
[169.451457] (-) TimerEvent: {}
[169.552588] (-) TimerEvent: {}
[169.653800] (-) TimerEvent: {}
[169.754899] (-) TimerEvent: {}
[169.856062] (-) TimerEvent: {}
[169.957118] (-) TimerEvent: {}
[170.058126] (-) TimerEvent: {}
[170.159145] (-) TimerEvent: {}
[170.260131] (-) TimerEvent: {}
[170.361241] (-) TimerEvent: {}
[170.462357] (-) TimerEvent: {}
[170.563420] (-) TimerEvent: {}
[170.664468] (-) TimerEvent: {}
[170.765500] (-) TimerEvent: {}
[170.866666] (-) TimerEvent: {}
[170.967676] (-) TimerEvent: {}
[171.068707] (-) TimerEvent: {}
[171.169754] (-) TimerEvent: {}
[171.270898] (-) TimerEvent: {}
[171.372128] (-) TimerEvent: {}
[171.473133] (-) TimerEvent: {}
[171.574156] (-) TimerEvent: {}
[171.675220] (-) TimerEvent: {}
[171.776289] (-) TimerEvent: {}
[171.977354] (-) TimerEvent: {}
[172.078426] (-) TimerEvent: {}
[172.179546] (-) TimerEvent: {}
[172.280606] (-) TimerEvent: {}
[172.381702] (-) TimerEvent: {}
[172.482814] (-) TimerEvent: {}
[172.583896] (-) TimerEvent: {}
[172.684912] (-) TimerEvent: {}
[172.785923] (-) TimerEvent: {}
[172.888247] (-) TimerEvent: {}
[172.989313] (-) TimerEvent: {}
[173.090472] (-) TimerEvent: {}
[173.191434] (-) TimerEvent: {}
[173.292532] (-) TimerEvent: {}
[173.393603] (-) TimerEvent: {}
[173.494686] (-) TimerEvent: {}
[173.595712] (-) TimerEvent: {}
[173.696757] (-) TimerEvent: {}
[173.797822] (-) TimerEvent: {}
[173.899000] (-) TimerEvent: {}
[174.000059] (-) TimerEvent: {}
[174.101180] (-) TimerEvent: {}
[174.202249] (-) TimerEvent: {}
[174.303350] (-) TimerEvent: {}
[174.404490] (-) TimerEvent: {}
[174.505560] (-) TimerEvent: {}
[174.607297] (-) TimerEvent: {}
[174.708544] (-) TimerEvent: {}
[174.809533] (-) TimerEvent: {}
[174.910631] (-) TimerEvent: {}
[175.011692] (-) TimerEvent: {}
[175.112660] (-) TimerEvent: {}
[175.213836] (-) TimerEvent: {}
[175.314917] (-) TimerEvent: {}
[175.415962] (-) TimerEvent: {}
[175.517085] (-) TimerEvent: {}
[175.618174] (-) TimerEvent: {}
[175.719354] (-) TimerEvent: {}
[175.820426] (-) TimerEvent: {}
[175.921691] (-) TimerEvent: {}
[176.022863] (-) TimerEvent: {}
[176.123943] (-) TimerEvent: {}
[176.224965] (-) TimerEvent: {}
[176.326277] (-) TimerEvent: {}
[176.427784] (-) TimerEvent: {}
[176.528860] (-) TimerEvent: {}
[176.629877] (-) TimerEvent: {}
[176.731241] (-) TimerEvent: {}
[176.832319] (-) TimerEvent: {}
[176.996591] (-) TimerEvent: {}
[177.097662] (-) TimerEvent: {}
[177.198805] (-) TimerEvent: {}
[177.299899] (-) TimerEvent: {}
[177.401079] (-) TimerEvent: {}
[177.502190] (-) TimerEvent: {}
[177.603287] (-) TimerEvent: {}
[177.704400] (-) TimerEvent: {}
[177.805716] (-) TimerEvent: {}
[177.906832] (-) TimerEvent: {}
[178.007890] (-) TimerEvent: {}
[178.108978] (-) TimerEvent: {}
[178.210001] (-) TimerEvent: {}
[178.311231] (-) TimerEvent: {}
[178.413967] (-) TimerEvent: {}
[178.515174] (-) TimerEvent: {}
[178.616943] (-) TimerEvent: {}
[178.718132] (-) TimerEvent: {}
[178.819430] (-) TimerEvent: {}
[178.920944] (-) TimerEvent: {}
[179.021989] (-) TimerEvent: {}
[179.123218] (-) TimerEvent: {}
[179.224382] (-) TimerEvent: {}
[179.325505] (-) TimerEvent: {}
[179.427292] (-) TimerEvent: {}
[179.528217] (-) TimerEvent: {}
[179.629154] (-) TimerEvent: {}
[179.730256] (-) TimerEvent: {}
[179.832252] (-) TimerEvent: {}
[179.933425] (-) TimerEvent: {}
[180.035481] (-) TimerEvent: {}
[180.136686] (-) TimerEvent: {}
[180.237952] (-) TimerEvent: {}
[180.339196] (-) TimerEvent: {}
[180.440274] (-) TimerEvent: {}
[180.541599] (-) TimerEvent: {}
[180.642710] (-) TimerEvent: {}
[180.744906] (-) TimerEvent: {}
[180.848884] (-) TimerEvent: {}
[180.950163] (-) TimerEvent: {}
[181.051450] (-) TimerEvent: {}
[181.152709] (-) TimerEvent: {}
[181.253763] (-) TimerEvent: {}
[181.354885] (-) TimerEvent: {}
[181.457637] (-) TimerEvent: {}
[181.559157] (-) TimerEvent: {}
[181.660237] (-) TimerEvent: {}
[181.761575] (-) TimerEvent: {}
[181.863095] (-) TimerEvent: {}
[182.004084] (-) TimerEvent: {}
[182.105043] (-) TimerEvent: {}
[182.206883] (-) TimerEvent: {}
[182.307968] (-) TimerEvent: {}
[182.409030] (-) TimerEvent: {}
[182.510027] (-) TimerEvent: {}
[182.611084] (-) TimerEvent: {}
[182.712114] (-) TimerEvent: {}
[182.813131] (-) TimerEvent: {}
[182.914133] (-) TimerEvent: {}
[183.015190] (-) TimerEvent: {}
[183.116196] (-) TimerEvent: {}
[183.217239] (-) TimerEvent: {}
[183.318572] (-) TimerEvent: {}
[183.419699] (-) TimerEvent: {}
[183.520729] (-) TimerEvent: {}
[183.622010] (-) TimerEvent: {}
[183.723444] (-) TimerEvent: {}
[183.824437] (-) TimerEvent: {}
[183.925494] (-) TimerEvent: {}
[184.026592] (-) TimerEvent: {}
[184.127612] (-) TimerEvent: {}
[184.228651] (-) TimerEvent: {}
[184.329679] (-) TimerEvent: {}
[184.430810] (-) TimerEvent: {}
[184.531830] (-) TimerEvent: {}
[184.632848] (-) TimerEvent: {}
[184.734330] (-) TimerEvent: {}
[184.835204] (-) TimerEvent: {}
[184.936294] (-) TimerEvent: {}
[185.037372] (-) TimerEvent: {}
[185.138418] (-) TimerEvent: {}
[185.239346] (-) TimerEvent: {}
[185.340328] (-) TimerEvent: {}
[185.441341] (-) TimerEvent: {}
[185.542441] (-) TimerEvent: {}
[185.643478] (-) TimerEvent: {}
[185.744512] (-) TimerEvent: {}
[185.845571] (-) TimerEvent: {}
[185.946657] (-) TimerEvent: {}
[186.047690] (-) TimerEvent: {}
[186.148751] (-) TimerEvent: {}
[186.249670] (-) TimerEvent: {}
[186.350726] (-) TimerEvent: {}
[186.451782] (-) TimerEvent: {}
[186.552708] (-) TimerEvent: {}
[186.653833] (-) TimerEvent: {}
[186.754970] (-) TimerEvent: {}
[186.856397] (-) TimerEvent: {}
[186.957455] (-) TimerEvent: {}
[187.103515] (-) TimerEvent: {}
[187.204585] (-) TimerEvent: {}
[187.305731] (-) TimerEvent: {}
[187.407885] (-) TimerEvent: {}
[187.509090] (-) TimerEvent: {}
[187.610125] (-) TimerEvent: {}
[187.711214] (-) TimerEvent: {}
[187.812260] (-) TimerEvent: {}
[187.913515] (-) TimerEvent: {}
[188.014639] (-) TimerEvent: {}
[188.115567] (-) TimerEvent: {}
[188.216621] (-) TimerEvent: {}
[188.317733] (-) TimerEvent: {}
[188.418849] (-) TimerEvent: {}
[188.519904] (-) TimerEvent: {}
[188.620983] (-) TimerEvent: {}
[188.722115] (-) TimerEvent: {}
[188.823134] (-) TimerEvent: {}
[188.924229] (-) TimerEvent: {}
[189.025215] (-) TimerEvent: {}
[189.126171] (-) TimerEvent: {}
[189.227316] (-) TimerEvent: {}
[189.328410] (-) TimerEvent: {}
[189.429491] (-) TimerEvent: {}
[189.530630] (-) TimerEvent: {}
[189.631670] (-) TimerEvent: {}
[189.732715] (-) TimerEvent: {}
[189.833734] (-) TimerEvent: {}
[189.934829] (-) TimerEvent: {}
[190.035962] (-) TimerEvent: {}
[190.137044] (-) TimerEvent: {}
[190.238082] (-) TimerEvent: {}
[190.339122] (-) TimerEvent: {}
[190.440160] (-) TimerEvent: {}
[190.541292] (-) TimerEvent: {}
[190.642406] (-) TimerEvent: {}
[190.743454] (-) TimerEvent: {}
[190.844441] (-) TimerEvent: {}
[190.945478] (-) TimerEvent: {}
[191.046802] (-) TimerEvent: {}
[191.148075] (-) TimerEvent: {}
[191.249193] (-) TimerEvent: {}
[191.350281] (-) TimerEvent: {}
[191.451368] (-) TimerEvent: {}
[191.552432] (-) TimerEvent: {}
[191.653537] (-) TimerEvent: {}
[191.754680] (-) TimerEvent: {}
[191.855775] (-) TimerEvent: {}
[191.957383] (-) TimerEvent: {}
[192.058629] (-) TimerEvent: {}
[192.201274] (-) TimerEvent: {}
[192.302350] (-) TimerEvent: {}
[192.403318] (-) TimerEvent: {}
[192.504382] (-) TimerEvent: {}
[192.606062] (-) TimerEvent: {}
[192.707156] (-) TimerEvent: {}
[192.808199] (-) TimerEvent: {}
[192.909319] (-) TimerEvent: {}
[193.010408] (-) TimerEvent: {}
[193.111554] (-) TimerEvent: {}
[193.212646] (-) TimerEvent: {}
[193.313782] (-) TimerEvent: {}
[193.414905] (-) TimerEvent: {}
[193.515966] (-) TimerEvent: {}
[193.617012] (-) TimerEvent: {}
[193.718128] (-) TimerEvent: {}
[193.819228] (-) TimerEvent: {}
[193.920276] (-) TimerEvent: {}
[194.021392] (-) TimerEvent: {}
[194.122743] (-) TimerEvent: {}
[194.223807] (-) TimerEvent: {}
[194.324845] (-) TimerEvent: {}
[194.425912] (-) TimerEvent: {}
[194.527538] (-) TimerEvent: {}
[194.628626] (-) TimerEvent: {}
[194.729655] (-) TimerEvent: {}
[194.830833] (-) TimerEvent: {}
[194.932151] (-) TimerEvent: {}
[195.033176] (-) TimerEvent: {}
[195.134351] (-) TimerEvent: {}
[195.235346] (-) TimerEvent: {}
[195.336730] (-) TimerEvent: {}
[195.437805] (-) TimerEvent: {}
[195.538912] (-) TimerEvent: {}
[195.639932] (-) TimerEvent: {}
[195.741089] (-) TimerEvent: {}
[195.842113] (-) TimerEvent: {}
[195.943154] (-) TimerEvent: {}
[196.044170] (-) TimerEvent: {}
[196.145243] (-) TimerEvent: {}
[196.246514] (-) TimerEvent: {}
[196.347497] (-) TimerEvent: {}
[196.448513] (-) TimerEvent: {}
[196.549531] (-) TimerEvent: {}
[196.650925] (-) TimerEvent: {}
[196.752149] (-) TimerEvent: {}
[196.853440] (-) TimerEvent: {}
[196.954805] (-) TimerEvent: {}
[197.056459] (-) TimerEvent: {}
[197.157996] (-) TimerEvent: {}
[197.301537] (-) TimerEvent: {}
[197.402940] (-) TimerEvent: {}
[197.504089] (-) TimerEvent: {}
[197.605213] (-) TimerEvent: {}
[197.707109] (-) TimerEvent: {}
[197.808153] (-) TimerEvent: {}
[197.909216] (-) TimerEvent: {}
[198.010348] (-) TimerEvent: {}
[198.111377] (-) TimerEvent: {}
[198.212449] (-) TimerEvent: {}
[198.313489] (-) TimerEvent: {}
[198.414590] (-) TimerEvent: {}
[198.515611] (-) TimerEvent: {}
[198.617109] (-) TimerEvent: {}
[198.718340] (-) TimerEvent: {}
[198.819615] (-) TimerEvent: {}
[198.920713] (-) TimerEvent: {}
[199.022565] (-) TimerEvent: {}
[199.123605] (-) TimerEvent: {}
[199.224636] (-) TimerEvent: {}
[199.325632] (-) TimerEvent: {}
[199.426869] (-) TimerEvent: {}
[199.527910] (-) TimerEvent: {}
[199.628877] (-) TimerEvent: {}
[199.729919] (-) TimerEvent: {}
[199.831071] (-) TimerEvent: {}
[199.932153] (-) TimerEvent: {}
[200.033250] (-) TimerEvent: {}
[200.134355] (-) TimerEvent: {}
[200.235667] (-) TimerEvent: {}
[200.336607] (-) TimerEvent: {}
[200.437635] (-) TimerEvent: {}
[200.540358] (-) TimerEvent: {}
[200.641628] (-) TimerEvent: {}
[200.742922] (-) TimerEvent: {}
[200.843967] (-) TimerEvent: {}
[200.945072] (-) TimerEvent: {}
[201.046047] (-) TimerEvent: {}
[201.147211] (-) TimerEvent: {}
[201.248309] (-) TimerEvent: {}
[201.349295] (-) TimerEvent: {}
[201.450414] (-) TimerEvent: {}
[201.551498] (-) TimerEvent: {}
[201.652541] (-) TimerEvent: {}
[201.753608] (-) TimerEvent: {}
[201.854759] (-) TimerEvent: {}
[201.955930] (-) TimerEvent: {}
[202.057086] (-) TimerEvent: {}
[202.158386] (-) TimerEvent: {}
[202.403217] (-) TimerEvent: {}
[202.504380] (-) TimerEvent: {}
[202.606145] (-) TimerEvent: {}
[202.708177] (-) TimerEvent: {}
[202.809421] (-) TimerEvent: {}
[202.910659] (-) TimerEvent: {}
[203.011932] (-) TimerEvent: {}
[203.113188] (-) TimerEvent: {}
[203.214504] (-) TimerEvent: {}
[203.315719] (-) TimerEvent: {}
[203.416866] (-) TimerEvent: {}
[203.518075] (-) TimerEvent: {}
[203.619229] (-) TimerEvent: {}
[203.720330] (-) TimerEvent: {}
[203.821419] (-) TimerEvent: {}
[203.922573] (-) TimerEvent: {}
[204.023723] (-) TimerEvent: {}
[204.124750] (-) TimerEvent: {}
[204.225968] (-) TimerEvent: {}
[204.327187] (-) TimerEvent: {}
[204.428200] (-) TimerEvent: {}
[204.529132] (-) TimerEvent: {}
[204.630291] (-) TimerEvent: {}
[204.731785] (-) TimerEvent: {}
[204.833843] (-) TimerEvent: {}
[204.935314] (-) TimerEvent: {}
[205.036939] (-) TimerEvent: {}
[205.138261] (-) TimerEvent: {}
[205.239529] (-) TimerEvent: {}
[205.340795] (-) TimerEvent: {}
[205.442107] (-) TimerEvent: {}
[205.543423] (-) TimerEvent: {}
[205.644757] (-) TimerEvent: {}
[205.745977] (-) TimerEvent: {}
[205.847292] (-) TimerEvent: {}
[205.948683] (-) TimerEvent: {}
[206.050371] (-) TimerEvent: {}
[206.151451] (-) TimerEvent: {}
[206.252491] (-) TimerEvent: {}
[206.353527] (-) TimerEvent: {}
[206.454731] (-) TimerEvent: {}
[206.555684] (-) TimerEvent: {}
[206.657282] (-) TimerEvent: {}
[206.758439] (-) TimerEvent: {}
[206.859396] (-) TimerEvent: {}
[206.960538] (-) TimerEvent: {}
[207.061563] (-) TimerEvent: {}
[207.162708] (-) TimerEvent: {}
[207.264864] (-) TimerEvent: {}
[207.408976] (-) TimerEvent: {}
[207.510042] (-) TimerEvent: {}
[207.611222] (-) TimerEvent: {}
[207.712287] (-) TimerEvent: {}
[207.813497] (-) TimerEvent: {}
[207.914649] (-) TimerEvent: {}
[208.015713] (-) TimerEvent: {}
[208.116759] (-) TimerEvent: {}
[208.217781] (-) TimerEvent: {}
[208.318937] (-) TimerEvent: {}
[208.420003] (-) TimerEvent: {}
[208.521094] (-) TimerEvent: {}
[208.622449] (-) TimerEvent: {}
[208.723421] (-) TimerEvent: {}
[208.825296] (-) TimerEvent: {}
[208.882413] (hdl_localization) StdoutLine: {'line': b'[ 73%] \x1b[32m\x1b[1mLinking CXX executable hdl_localization_composition\x1b[0m\n'}
[208.925271] (-) TimerEvent: {}
[209.026413] (-) TimerEvent: {}
[209.127486] (-) TimerEvent: {}
[209.228473] (-) TimerEvent: {}
[209.329789] (-) TimerEvent: {}
[209.431461] (-) TimerEvent: {}
[209.532428] (-) TimerEvent: {}
[209.633518] (-) TimerEvent: {}
[209.734653] (-) TimerEvent: {}
[209.837420] (-) TimerEvent: {}
[209.938427] (-) TimerEvent: {}
[210.040642] (-) TimerEvent: {}
[210.141897] (-) TimerEvent: {}
[210.243333] (-) TimerEvent: {}
[210.345436] (-) TimerEvent: {}
[210.447278] (-) TimerEvent: {}
[210.548234] (-) TimerEvent: {}
[210.649248] (-) TimerEvent: {}
[210.750320] (-) TimerEvent: {}
[210.851287] (-) TimerEvent: {}
[210.952360] (-) TimerEvent: {}
[211.053455] (-) TimerEvent: {}
[211.154540] (-) TimerEvent: {}
[211.255456] (-) TimerEvent: {}
[211.357446] (-) TimerEvent: {}
[211.458538] (-) TimerEvent: {}
[211.559584] (-) TimerEvent: {}
[211.660586] (-) TimerEvent: {}
[211.761689] (-) TimerEvent: {}
[211.862909] (-) TimerEvent: {}
[211.964258] (-) TimerEvent: {}
[212.065389] (-) TimerEvent: {}
[212.166864] (-) TimerEvent: {}
[212.267972] (-) TimerEvent: {}
[212.479959] (-) TimerEvent: {}
[212.581044] (-) TimerEvent: {}
[212.682085] (-) TimerEvent: {}
[212.783521] (-) TimerEvent: {}
[212.884494] (-) TimerEvent: {}
[212.985519] (-) TimerEvent: {}
[213.086880] (-) TimerEvent: {}
[213.187905] (-) TimerEvent: {}
[213.289004] (-) TimerEvent: {}
[213.390169] (-) TimerEvent: {}
[213.491375] (-) TimerEvent: {}
[213.592404] (-) TimerEvent: {}
[213.693481] (-) TimerEvent: {}
[213.794790] (-) TimerEvent: {}
[213.896084] (-) TimerEvent: {}
[213.997272] (-) TimerEvent: {}
[214.098649] (-) TimerEvent: {}
[214.199617] (-) TimerEvent: {}
[214.300689] (-) TimerEvent: {}
[214.401882] (-) TimerEvent: {}
[214.503196] (-) TimerEvent: {}
[214.604297] (-) TimerEvent: {}
[214.705515] (-) TimerEvent: {}
[214.807017] (-) TimerEvent: {}
[214.908231] (-) TimerEvent: {}
[215.009553] (-) TimerEvent: {}
[215.110854] (-) TimerEvent: {}
[215.212070] (-) TimerEvent: {}
[215.313412] (-) TimerEvent: {}
[215.414851] (-) TimerEvent: {}
[215.516099] (-) TimerEvent: {}
[215.617831] (-) TimerEvent: {}
[215.719149] (-) TimerEvent: {}
[215.820329] (-) TimerEvent: {}
[215.921461] (-) TimerEvent: {}
[216.023249] (-) TimerEvent: {}
[216.124322] (-) TimerEvent: {}
[216.225353] (-) TimerEvent: {}
[216.326393] (-) TimerEvent: {}
[216.427540] (-) TimerEvent: {}
[216.528700] (-) TimerEvent: {}
[216.629785] (-) TimerEvent: {}
[216.731525] (-) TimerEvent: {}
[216.832672] (-) TimerEvent: {}
[216.933791] (-) TimerEvent: {}
[217.035134] (-) TimerEvent: {}
[217.136252] (-) TimerEvent: {}
[217.237391] (-) TimerEvent: {}
[217.338522] (-) TimerEvent: {}
[217.523911] (-) TimerEvent: {}
[217.625147] (-) TimerEvent: {}
[217.726421] (-) TimerEvent: {}
[217.827624] (-) TimerEvent: {}
[217.928871] (-) TimerEvent: {}
[218.030063] (-) TimerEvent: {}
[218.131333] (-) TimerEvent: {}
[218.232591] (-) TimerEvent: {}
[218.324505] (hdl_localization) StdoutLine: {'line': b'[ 76%] Built target hdl_localization_composition\n'}
[218.332851] (-) TimerEvent: {}
[218.433891] (-) TimerEvent: {}
[218.534990] (-) TimerEvent: {}
[218.636040] (-) TimerEvent: {}
[218.737091] (-) TimerEvent: {}
[218.796326] (hdl_localization) StdoutLine: {'line': b'[ 82%] Built target hdl_localization__python\n'}
[218.837337] (-) TimerEvent: {}
[218.938387] (-) TimerEvent: {}
[219.039456] (-) TimerEvent: {}
[219.140553] (-) TimerEvent: {}
[219.242455] (-) TimerEvent: {}
[219.258839] (hdl_localization) StdoutLine: {'line': b'[ 88%] Built target hdl_localization__rosidl_typesupport_c__pyext\n'}
[219.274444] (hdl_localization) StdoutLine: {'line': b'[ 94%] Built target hdl_localization__rosidl_typesupport_introspection_c__pyext\n'}
[219.275522] (hdl_localization) StdoutLine: {'line': b'[100%] Built target hdl_localization__rosidl_typesupport_fastrtps_c__pyext\n'}
[219.342387] (-) TimerEvent: {}
[219.362684] (hdl_localization) CommandEnded: {'returncode': 0}
[219.443206] (-) TimerEvent: {}
[219.545471] (-) TimerEvent: {}
[219.647910] (-) TimerEvent: {}
[219.748892] (-) TimerEvent: {}
[219.834740] (hdl_localization) JobProgress: {'identifier': 'hdl_localization', 'progress': 'install'}
[219.851220] (-) TimerEvent: {}
[219.928588] (hdl_localization) Command: {'cmd': ['/usr/bin/cmake', '--install', '/home/ysc/lite_cog_ros2/nav/build/hdl_localization'], 'cwd': '/home/ysc/lite_cog_ros2/nav/build/hdl_localization', 'env': OrderedDict([('GJS_DEBUG_TOPICS', 'JS ERROR;JS LOG'), ('LESSOPEN', '| /usr/bin/lesspipe %s'), ('USER', 'ysc'), ('LC_TIME', 'zh_CN.UTF-8'), ('SSH_AGENT_PID', '1787'), ('XDG_SESSION_TYPE', 'x11'), ('SHLVL', '1'), ('LD_LIBRARY_PATH', '/home/ysc/lite_cog_ros2/nav/install/hdl_global_localization/lib:/usr/lib/aarch64-linux-gnu/gazebo-11/plugins:/opt/ros/foxy/opt/yaml_cpp_vendor/lib:/opt/ros/foxy/opt/rviz_ogre_vendor/lib:/opt/ros/foxy/lib/aarch64-linux-gnu:/opt/ros/foxy/lib:/usr/local/cuda-11.4/lib64'), ('HOME', '/home/ysc'), ('OLDPWD', '/home/ysc/lite_cog_ros2/nav/src/hdl_localization'), ('DESKTOP_SESSION', 'ubuntu'), ('ROS_PYTHON_VERSION', '3'), ('GNOME_SHELL_SESSION_MODE', 'ubuntu'), ('GTK_MODULES', 'gail:atk-bridge'), ('LC_MONETARY', 'zh_CN.UTF-8'), ('MANAGERPID', '1361'), ('ROS_LOG_DIR', '/home/ysc/lite_cog_ros2/system/log'), ('DBUS_SESSION_BUS_ADDRESS', 'unix:path=/run/user/1000/bus'), ('COLORTERM', 'truecolor'), ('_colcon_cd_root', '/opt/ros/foxy/'), ('IM_CONFIG_PHASE', '1'), ('ROS_DISTRO', 'foxy'), ('LOGNAME', 'ysc'), ('JOURNAL_STREAM', '8:53260'), ('_', '/usr/bin/colcon'), ('ROS_VERSION', '2'), ('XDG_SESSION_CLASS', 'user'), ('USERNAME', 'ysc'), ('TERM', 'xterm-256color'), ('GNOME_DESKTOP_SESSION_ID', 'this-is-deprecated'), ('ROS_LOCALHOST_ONLY', '0'), ('WINDOWPATH', '2'), ('PATH', '/opt/ros/foxy/bin:/usr/local/cuda-11.4/bin:/home/ysc/.local/bin:/usr/local/sbin:/usr/local/bin:/usr/sbin:/usr/bin:/sbin:/bin:/usr/games:/usr/local/games:/snap/bin'), ('SESSION_MANAGER', 'local/lite:@/tmp/.ICE-unix/2053,unix/lite:/tmp/.ICE-unix/2053'), ('FASTRTPS_DEFAULT_PROFILES_FILE', '/home/ysc/lite_cog_ros2/system/fastdds_profile.xml'), ('INVOCATION_ID', 'ac7e69c9b157423f91015a19ade482eb'), ('XDG_MENU_PREFIX', 'gnome-'), ('LC_ADDRESS', 'zh_CN.UTF-8'), ('GNOME_TERMINAL_SCREEN', '/org/gnome/Terminal/screen/cac883c6_bd98_41cb_85cb_c560ca712182'), ('XDG_RUNTIME_DIR', '/run/user/1000'), ('DISPLAY', ':0'), ('LANG', 'en_US.UTF-8'), ('XDG_CURRENT_DESKTOP', 'ubuntu:GNOME'), ('LC_TELEPHONE', 'zh_CN.UTF-8'), ('RMW_IMPLEMENTATION', 'rmw_cyclonedds_cpp'), ('XMODIFIERS', '@im=ibus'), ('XDG_SESSION_DESKTOP', 'ubuntu'), ('XAUTHORITY', '/run/user/1000/gdm/Xauthority'), ('LS_COLORS', 'rs=0:di=01;34:ln=01;36:mh=00:pi=40;33:so=01;35:do=01;35:bd=40;33;01:cd=40;33;01:or=40;31;01:mi=00:su=37;41:sg=30;43:ca=30;41:tw=30;42:ow=34;42:st=37;44:ex=01;32:*.tar=01;31:*.tgz=01;31:*.arc=01;31:*.arj=01;31:*.taz=01;31:*.lha=01;31:*.lz4=01;31:*.lzh=01;31:*.lzma=01;31:*.tlz=01;31:*.txz=01;31:*.tzo=01;31:*.t7z=01;31:*.zip=01;31:*.z=01;31:*.dz=01;31:*.gz=01;31:*.lrz=01;31:*.lz=01;31:*.lzo=01;31:*.xz=01;31:*.zst=01;31:*.tzst=01;31:*.bz2=01;31:*.bz=01;31:*.tbz=01;31:*.tbz2=01;31:*.tz=01;31:*.deb=01;31:*.rpm=01;31:*.jar=01;31:*.war=01;31:*.ear=01;31:*.sar=01;31:*.rar=01;31:*.alz=01;31:*.ace=01;31:*.zoo=01;31:*.cpio=01;31:*.7z=01;31:*.rz=01;31:*.cab=01;31:*.wim=01;31:*.swm=01;31:*.dwm=01;31:*.esd=01;31:*.jpg=01;35:*.jpeg=01;35:*.mjpg=01;35:*.mjpeg=01;35:*.gif=01;35:*.bmp=01;35:*.pbm=01;35:*.pgm=01;35:*.ppm=01;35:*.tga=01;35:*.xbm=01;35:*.xpm=01;35:*.tif=01;35:*.tiff=01;35:*.png=01;35:*.svg=01;35:*.svgz=01;35:*.mng=01;35:*.pcx=01;35:*.mov=01;35:*.mpg=01;35:*.mpeg=01;35:*.m2v=01;35:*.mkv=01;35:*.webm=01;35:*.ogm=01;35:*.mp4=01;35:*.m4v=01;35:*.mp4v=01;35:*.vob=01;35:*.qt=01;35:*.nuv=01;35:*.wmv=01;35:*.asf=01;35:*.rm=01;35:*.rmvb=01;35:*.flc=01;35:*.avi=01;35:*.fli=01;35:*.flv=01;35:*.gl=01;35:*.dl=01;35:*.xcf=01;35:*.xwd=01;35:*.yuv=01;35:*.cgm=01;35:*.emf=01;35:*.ogv=01;35:*.ogx=01;35:*.aac=00;36:*.au=00;36:*.flac=00;36:*.m4a=00;36:*.mid=00;36:*.midi=00;36:*.mka=00;36:*.mp3=00;36:*.mpc=00;36:*.ogg=00;36:*.ra=00;36:*.wav=00;36:*.oga=00;36:*.opus=00;36:*.spx=00;36:*.xspf=00;36:'), ('GNOME_TERMINAL_SERVICE', ':1.82'), ('SSH_AUTH_SOCK', '/run/user/1000/keyring/ssh'), ('ROS_DOMAIN_ID', '0'), ('AMENT_PREFIX_PATH', '/home/ysc/lite_cog_ros2/nav/install/hdl_global_localization:/opt/ros/foxy'), ('SHELL', '/bin/bash'), ('LC_NAME', 'zh_CN.UTF-8'), ('QT_ACCESSIBILITY', '1'), ('GDMSESSION', 'ubuntu'), ('LESSCLOSE', '/usr/bin/lesspipe %s %s'), ('LC_MEASUREMENT', 'zh_CN.UTF-8'), ('GPG_AGENT_INFO', '/run/user/1000/gnupg/S.gpg-agent:0:1'), ('GJS_DEBUG_OUTPUT', 'stderr'), ('LC_IDENTIFICATION', 'zh_CN.UTF-8'), ('QT_IM_MODULE', 'ibus'), ('PWD', '/home/ysc/lite_cog_ros2/nav/build/hdl_localization'), ('LC_ALL', 'en_US.UTF-8'), ('XDG_CONFIG_DIRS', '/etc/xdg/xdg-ubuntu:/etc/xdg'), ('XDG_DATA_DIRS', '/usr/share/ubuntu:/usr/local/share/:/usr/share/:/var/lib/snapd/desktop'), ('PYTHONPATH', '/home/ysc/lite_cog_ros2/nav/install/hdl_global_localization/lib/python3.8/site-packages:/opt/ros/foxy/lib/python3.8/site-packages'), ('LC_NUMERIC', 'zh_CN.UTF-8'), ('LC_PAPER', 'zh_CN.UTF-8'), ('COLCON', '1'), ('VTE_VERSION', '6003'), ('CMAKE_PREFIX_PATH', '/home/ysc/lite_cog_ros2/nav/install/hdl_global_localization:/opt/ros/foxy')]), 'shell': False}
[219.951690] (-) TimerEvent: {}
[220.058472] (-) TimerEvent: {}
[220.137642] (hdl_localization) StdoutLine: {'line': b'-- Install configuration: "RELEASE"\n'}
[220.142744] (hdl_localization) StdoutLine: {'line': b'-- Execute custom install script\n'}
[220.148169] (hdl_localization) StdoutLine: {'line': b'-- Up-to-date symlink: /home/ysc/lite_cog_ros2/nav/install/hdl_localization/share/ament_index/resource_index/rosidl_interfaces/hdl_localization\n'}
[220.155532] (hdl_localization) StdoutLine: {'line': b'-- Up-to-date symlink: /home/ysc/lite_cog_ros2/nav/install/hdl_localization/include/hdl_localization/msg/detail/scan_matching_status__functions.h\n'}
[220.157940] (hdl_localization) StdoutLine: {'line': b'-- Up-to-date symlink: /home/ysc/lite_cog_ros2/nav/install/hdl_localization/include/hdl_localization/msg/detail/scan_matching_status__struct.h\n'}
[220.158560] (-) TimerEvent: {}
[220.160541] (hdl_localization) StdoutLine: {'line': b'-- Up-to-date symlink: /home/ysc/lite_cog_ros2/nav/install/hdl_localization/include/hdl_localization/msg/detail/scan_matching_status__type_support.h\n'}
[220.162484] (hdl_localization) StdoutLine: {'line': b'-- Up-to-date symlink: /home/ysc/lite_cog_ros2/nav/install/hdl_localization/include/hdl_localization/msg/rosidl_generator_c__visibility_control.h\n'}
[220.164433] (hdl_localization) StdoutLine: {'line': b'-- Up-to-date symlink: /home/ysc/lite_cog_ros2/nav/install/hdl_localization/include/hdl_localization/msg/scan_matching_status.h\n'}
[220.167492] (hdl_localization) StdoutLine: {'line': b'-- Up-to-date symlink: /home/ysc/lite_cog_ros2/nav/install/hdl_localization/share/hdl_localization/environment/library_path.sh\n'}
[220.169607] (hdl_localization) StdoutLine: {'line': b'-- Up-to-date symlink: /home/ysc/lite_cog_ros2/nav/install/hdl_localization/share/hdl_localization/environment/library_path.dsv\n'}
[220.175448] (hdl_localization) StdoutLine: {'line': b'-- Up-to-date symlink: /home/ysc/lite_cog_ros2/nav/install/hdl_localization/include/hdl_localization/msg/detail/scan_matching_status__rosidl_typesupport_fastrtps_c.h\n'}
[220.178869] (hdl_localization) StdoutLine: {'line': b'-- Up-to-date symlink: /home/ysc/lite_cog_ros2/nav/install/hdl_localization/include/hdl_localization/msg/rosidl_typesupport_fastrtps_c__visibility_control.h\n'}
[220.182762] (hdl_localization) StdoutLine: {'line': b'-- Up-to-date symlink: /home/ysc/lite_cog_ros2/nav/install/hdl_localization/lib/libhdl_localization__rosidl_typesupport_fastrtps_c.so\n'}
[220.189060] (hdl_localization) StdoutLine: {'line': b'-- Up-to-date symlink: /home/ysc/lite_cog_ros2/nav/install/hdl_localization/include/hdl_localization/msg/detail/scan_matching_status__rosidl_typesupport_fastrtps_cpp.hpp\n'}
[220.191339] (hdl_localization) StdoutLine: {'line': b'-- Up-to-date symlink: /home/ysc/lite_cog_ros2/nav/install/hdl_localization/include/hdl_localization/msg/rosidl_typesupport_fastrtps_cpp__visibility_control.h\n'}
[220.197507] (hdl_localization) StdoutLine: {'line': b'-- Up-to-date symlink: /home/ysc/lite_cog_ros2/nav/install/hdl_localization/lib/libhdl_localization__rosidl_typesupport_fastrtps_cpp.so\n'}
[220.202041] (hdl_localization) StdoutLine: {'line': b'-- Up-to-date symlink: /home/ysc/lite_cog_ros2/nav/install/hdl_localization/include/hdl_localization/msg/detail/scan_matching_status__rosidl_typesupport_introspection_c.h\n'}
[220.203825] (hdl_localization) StdoutLine: {'line': b'-- Up-to-date symlink: /home/ysc/lite_cog_ros2/nav/install/hdl_localization/include/hdl_localization/msg/rosidl_typesupport_introspection_c__visibility_control.h\n'}
[220.212254] (hdl_localization) StdoutLine: {'line': b'-- Up-to-date symlink: /home/ysc/lite_cog_ros2/nav/install/hdl_localization/include/hdl_localization/msg/detail/scan_matching_status__builder.hpp\n'}
[220.214672] (hdl_localization) StdoutLine: {'line': b'-- Up-to-date symlink: /home/ysc/lite_cog_ros2/nav/install/hdl_localization/include/hdl_localization/msg/detail/scan_matching_status__struct.hpp\n'}
[220.217671] (hdl_localization) StdoutLine: {'line': b'-- Up-to-date symlink: /home/ysc/lite_cog_ros2/nav/install/hdl_localization/include/hdl_localization/msg/detail/scan_matching_status__traits.hpp\n'}
[220.219376] (hdl_localization) StdoutLine: {'line': b'-- Up-to-date symlink: /home/ysc/lite_cog_ros2/nav/install/hdl_localization/include/hdl_localization/msg/detail/scan_matching_status__type_support.hpp\n'}
[220.221722] (hdl_localization) StdoutLine: {'line': b'-- Up-to-date symlink: /home/ysc/lite_cog_ros2/nav/install/hdl_localization/include/hdl_localization/msg/rosidl_generator_cpp__visibility_control.hpp\n'}
[220.223650] (hdl_localization) StdoutLine: {'line': b'-- Up-to-date symlink: /home/ysc/lite_cog_ros2/nav/install/hdl_localization/include/hdl_localization/msg/scan_matching_status.hpp\n'}
[220.229978] (hdl_localization) StdoutLine: {'line': b'-- Up-to-date symlink: /home/ysc/lite_cog_ros2/nav/install/hdl_localization/include/hdl_localization/msg/detail/scan_matching_status__rosidl_typesupport_introspection_cpp.hpp\n'}
[220.232315] (hdl_localization) StdoutLine: {'line': b'-- Up-to-date symlink: /home/ysc/lite_cog_ros2/nav/install/hdl_localization/share/hdl_localization/environment/pythonpath.sh\n'}
[220.233762] (hdl_localization) StdoutLine: {'line': b'-- Up-to-date symlink: /home/ysc/lite_cog_ros2/nav/install/hdl_localization/share/hdl_localization/environment/pythonpath.dsv\n'}
[220.238080] (hdl_localization) StdoutLine: {'line': b'-- Up-to-date symlink: /home/ysc/lite_cog_ros2/nav/install/hdl_localization/lib/python3.8/site-packages/hdl_localization/__init__.py\n'}
[220.243278] (hdl_localization) StdoutLine: {'line': b'-- Up-to-date symlink: /home/ysc/lite_cog_ros2/nav/install/hdl_localization/lib/python3.8/site-packages/hdl_localization/msg/__init__.py\n'}
[220.245158] (hdl_localization) StdoutLine: {'line': b'-- Up-to-date symlink: /home/ysc/lite_cog_ros2/nav/install/hdl_localization/lib/python3.8/site-packages/hdl_localization/msg/_scan_matching_status.py\n'}
[220.249364] (hdl_localization) StdoutLine: {'line': b'-- Up-to-date symlink: /home/ysc/lite_cog_ros2/nav/install/hdl_localization/lib/python3.8/site-packages/hdl_localization/hdl_localization_s__rosidl_typesupport_fastrtps_c.cpython-38-aarch64-linux-gnu.so\n'}
[220.253313] (hdl_localization) StdoutLine: {'line': b'-- Up-to-date symlink: /home/ysc/lite_cog_ros2/nav/install/hdl_localization/lib/python3.8/site-packages/hdl_localization/hdl_localization_s__rosidl_typesupport_introspection_c.cpython-38-aarch64-linux-gnu.so\n'}
[220.257497] (hdl_localization) StdoutLine: {'line': b'-- Up-to-date symlink: /home/ysc/lite_cog_ros2/nav/install/hdl_localization/lib/python3.8/site-packages/hdl_localization/hdl_localization_s__rosidl_typesupport_c.cpython-38-aarch64-linux-gnu.so\n'}
[220.258818] (-) TimerEvent: {}
[220.261478] (hdl_localization) StdoutLine: {'line': b'-- Up-to-date symlink: /home/ysc/lite_cog_ros2/nav/install/hdl_localization/lib/libhdl_localization__python.so\n'}
[220.263794] (hdl_localization) StdoutLine: {'line': b'-- Up-to-date symlink: /home/ysc/lite_cog_ros2/nav/install/hdl_localization/share/hdl_localization/msg/ScanMatchingStatus.idl\n'}
[220.265779] (hdl_localization) StdoutLine: {'line': b'-- Up-to-date symlink: /home/ysc/lite_cog_ros2/nav/install/hdl_localization/share/hdl_localization/msg/ScanMatchingStatus.msg\n'}
[220.269348] (hdl_localization) StdoutLine: {'line': b'-- Up-to-date symlink: /home/ysc/lite_cog_ros2/nav/install/hdl_localization/lib/hdl_localization/hdl_localization_composition\n'}
[220.272833] (hdl_localization) StdoutLine: {'line': b'-- Symlinking: /home/ysc/lite_cog_ros2/nav/install/hdl_localization/share/hdl_localization/launch/__pycache__/lite_localization.launch.cpython-38.pyc\n'}
[220.331084] (hdl_localization) StdoutLine: {'line': b'-- Up-to-date symlink: /home/ysc/lite_cog_ros2/nav/install/hdl_localization/share/hdl_localization/launch/lite_localization.launch.py\n'}
[220.359070] (-) TimerEvent: {}
[220.460027] (-) TimerEvent: {}
[220.477598] (hdl_localization) StdoutLine: {'line': b'-- Up-to-date symlink: /home/ysc/lite_cog_ros2/nav/install/hdl_localization/include/hdl_localization/delta_estimater.hpp\n'}
[220.480202] (hdl_localization) StdoutLine: {'line': b'-- Up-to-date symlink: /home/ysc/lite_cog_ros2/nav/install/hdl_localization/include/hdl_localization/odom_system.hpp\n'}
[220.482744] (hdl_localization) StdoutLine: {'line': b'-- Up-to-date symlink: /home/ysc/lite_cog_ros2/nav/install/hdl_localization/include/hdl_localization/pose_estimator.hpp\n'}
[220.484615] (hdl_localization) StdoutLine: {'line': b'-- Up-to-date symlink: /home/ysc/lite_cog_ros2/nav/install/hdl_localization/include/hdl_localization/pose_system.hpp\n'}
[220.487975] (hdl_localization) StdoutLine: {'line': b'-- Up-to-date symlink: /home/ysc/lite_cog_ros2/nav/install/hdl_localization/include/kkl/alg/unscented_kalman_filter.hpp\n'}
[220.493129] (hdl_localization) StdoutLine: {'line': b'-- Up-to-date symlink: /home/ysc/lite_cog_ros2/nav/install/hdl_localization/lib/hdl_localization/hdl_localization_composition\n'}
[220.497126] (hdl_localization) StdoutLine: {'line': b'-- Up-to-date symlink: /home/ysc/lite_cog_ros2/nav/install/hdl_localization/share/ament_index/resource_index/package_run_dependencies/hdl_localization\n'}
[220.501164] (hdl_localization) StdoutLine: {'line': b'-- Up-to-date symlink: /home/ysc/lite_cog_ros2/nav/install/hdl_localization/share/ament_index/resource_index/parent_prefix_path/hdl_localization\n'}
[220.503176] (hdl_localization) StdoutLine: {'line': b'-- Up-to-date symlink: /home/ysc/lite_cog_ros2/nav/install/hdl_localization/share/hdl_localization/environment/ament_prefix_path.sh\n'}
[220.505269] (hdl_localization) StdoutLine: {'line': b'-- Up-to-date symlink: /home/ysc/lite_cog_ros2/nav/install/hdl_localization/share/hdl_localization/environment/ament_prefix_path.dsv\n'}
[220.509898] (hdl_localization) StdoutLine: {'line': b'-- Up-to-date symlink: /home/ysc/lite_cog_ros2/nav/install/hdl_localization/share/hdl_localization/environment/path.sh\n'}
[220.512075] (hdl_localization) StdoutLine: {'line': b'-- Up-to-date symlink: /home/ysc/lite_cog_ros2/nav/install/hdl_localization/share/hdl_localization/environment/path.dsv\n'}
[220.513863] (hdl_localization) StdoutLine: {'line': b'-- Up-to-date symlink: /home/ysc/lite_cog_ros2/nav/install/hdl_localization/share/hdl_localization/local_setup.bash\n'}
[220.516379] (hdl_localization) StdoutLine: {'line': b'-- Up-to-date symlink: /home/ysc/lite_cog_ros2/nav/install/hdl_localization/share/hdl_localization/local_setup.sh\n'}
[220.518419] (hdl_localization) StdoutLine: {'line': b'-- Up-to-date symlink: /home/ysc/lite_cog_ros2/nav/install/hdl_localization/share/hdl_localization/local_setup.zsh\n'}
[220.520349] (hdl_localization) StdoutLine: {'line': b'-- Up-to-date symlink: /home/ysc/lite_cog_ros2/nav/install/hdl_localization/share/hdl_localization/local_setup.dsv\n'}
[220.522007] (hdl_localization) StdoutLine: {'line': b'-- Symlinking: /home/ysc/lite_cog_ros2/nav/install/hdl_localization/share/hdl_localization/package.dsv\n'}
[220.560296] (-) TimerEvent: {}
[220.576986] (hdl_localization) StdoutLine: {'line': b'-- Up-to-date symlink: /home/ysc/lite_cog_ros2/nav/install/hdl_localization/share/ament_index/resource_index/packages/hdl_localization\n'}
[220.578909] (hdl_localization) StdoutLine: {'line': b'-- Up-to-date symlink: /home/ysc/lite_cog_ros2/nav/install/hdl_localization/share/hdl_localization/cmake/rosidl_cmake-extras.cmake\n'}
[220.580961] (hdl_localization) StdoutLine: {'line': b'-- Up-to-date symlink: /home/ysc/lite_cog_ros2/nav/install/hdl_localization/share/hdl_localization/cmake/ament_cmake_export_dependencies-extras.cmake\n'}
[220.583045] (hdl_localization) StdoutLine: {'line': b'-- Up-to-date symlink: /home/ysc/lite_cog_ros2/nav/install/hdl_localization/share/hdl_localization/cmake/ament_cmake_export_libraries-extras.cmake\n'}
[220.584880] (hdl_localization) StdoutLine: {'line': b'-- Up-to-date symlink: /home/ysc/lite_cog_ros2/nav/install/hdl_localization/share/hdl_localization/cmake/ament_cmake_export_targets-extras.cmake\n'}
[220.587160] (hdl_localization) StdoutLine: {'line': b'-- Up-to-date symlink: /home/ysc/lite_cog_ros2/nav/install/hdl_localization/share/hdl_localization/cmake/ament_cmake_export_include_directories-extras.cmake\n'}
[220.589229] (hdl_localization) StdoutLine: {'line': b'-- Up-to-date symlink: /home/ysc/lite_cog_ros2/nav/install/hdl_localization/share/hdl_localization/cmake/rosidl_cmake_export_typesupport_libraries-extras.cmake\n'}
[220.591459] (hdl_localization) StdoutLine: {'line': b'-- Up-to-date symlink: /home/ysc/lite_cog_ros2/nav/install/hdl_localization/share/hdl_localization/cmake/rosidl_cmake_export_typesupport_targets-extras.cmake\n'}
[220.593396] (hdl_localization) StdoutLine: {'line': b'-- Up-to-date symlink: /home/ysc/lite_cog_ros2/nav/install/hdl_localization/share/hdl_localization/cmake/hdl_localizationConfig.cmake\n'}
[220.594926] (hdl_localization) StdoutLine: {'line': b'-- Up-to-date symlink: /home/ysc/lite_cog_ros2/nav/install/hdl_localization/share/hdl_localization/cmake/hdl_localizationConfig-version.cmake\n'}
[220.597877] (hdl_localization) StdoutLine: {'line': b'-- Up-to-date symlink: /home/ysc/lite_cog_ros2/nav/install/hdl_localization/share/hdl_localization/package.xml\n'}
[220.660526] (-) TimerEvent: {}
[220.740180] (hdl_localization) StdoutLine: {'line': b'-- Up-to-date: /home/ysc/lite_cog_ros2/nav/install/hdl_localization/lib/libhdl_localization__rosidl_generator_c.so\n'}
[220.744145] (hdl_localization) StdoutLine: {'line': b'-- Up-to-date: /home/ysc/lite_cog_ros2/nav/install/hdl_localization/lib/libhdl_localization__rosidl_typesupport_introspection_c.so\n'}
[220.747973] (hdl_localization) StdoutLine: {'line': b'-- Up-to-date: /home/ysc/lite_cog_ros2/nav/install/hdl_localization/lib/libhdl_localization__rosidl_typesupport_c.so\n'}
[220.751163] (hdl_localization) StdoutLine: {'line': b'-- Up-to-date: /home/ysc/lite_cog_ros2/nav/install/hdl_localization/lib/libhdl_localization__rosidl_typesupport_introspection_cpp.so\n'}
[220.753839] (hdl_localization) StdoutLine: {'line': b'-- Up-to-date: /home/ysc/lite_cog_ros2/nav/install/hdl_localization/lib/libhdl_localization__rosidl_typesupport_cpp.so\n'}
[220.761910] (-) TimerEvent: {}
[220.863939] (-) TimerEvent: {}
[220.964827] (-) TimerEvent: {}
[221.065763] (-) TimerEvent: {}
[221.166803] (-) TimerEvent: {}
[221.267871] (-) TimerEvent: {}
[221.368878] (-) TimerEvent: {}
[221.414128] (hdl_localization) StdoutLine: {'line': b'-- Up-to-date: /home/ysc/lite_cog_ros2/nav/install/hdl_localization/share/hdl_localization/cmake/hdl_localization__rosidl_generator_cExport.cmake\n'}
[221.415218] (hdl_localization) StdoutLine: {'line': b'-- Up-to-date: /home/ysc/lite_cog_ros2/nav/install/hdl_localization/share/hdl_localization/cmake/hdl_localization__rosidl_generator_cExport-release.cmake\n'}
[221.419172] (hdl_localization) StdoutLine: {'line': b'-- Up-to-date: /home/ysc/lite_cog_ros2/nav/install/hdl_localization/share/hdl_localization/cmake/hdl_localization__rosidl_typesupport_introspection_cExport.cmake\n'}
[221.420698] (hdl_localization) StdoutLine: {'line': b'-- Up-to-date: /home/ysc/lite_cog_ros2/nav/install/hdl_localization/share/hdl_localization/cmake/hdl_localization__rosidl_typesupport_introspection_cExport-release.cmake\n'}
[221.422447] (hdl_localization) StdoutLine: {'line': b'-- Up-to-date: /home/ysc/lite_cog_ros2/nav/install/hdl_localization/share/hdl_localization/cmake/hdl_localization__rosidl_typesupport_cExport.cmake\n'}
[221.424189] (hdl_localization) StdoutLine: {'line': b'-- Up-to-date: /home/ysc/lite_cog_ros2/nav/install/hdl_localization/share/hdl_localization/cmake/hdl_localization__rosidl_typesupport_cExport-release.cmake\n'}
[221.428048] (hdl_localization) StdoutLine: {'line': b'-- Up-to-date: /home/ysc/lite_cog_ros2/nav/install/hdl_localization/share/hdl_localization/cmake/hdl_localization__rosidl_generator_cppExport.cmake\n'}
[221.430407] (hdl_localization) StdoutLine: {'line': b'-- Up-to-date: /home/ysc/lite_cog_ros2/nav/install/hdl_localization/share/hdl_localization/cmake/hdl_localization__rosidl_typesupport_introspection_cppExport.cmake\n'}
[221.431597] (hdl_localization) StdoutLine: {'line': b'-- Up-to-date: /home/ysc/lite_cog_ros2/nav/install/hdl_localization/share/hdl_localization/cmake/hdl_localization__rosidl_typesupport_introspection_cppExport-release.cmake\n'}
[221.434483] (hdl_localization) StdoutLine: {'line': b'-- Up-to-date: /home/ysc/lite_cog_ros2/nav/install/hdl_localization/share/hdl_localization/cmake/hdl_localization__rosidl_typesupport_cppExport.cmake\n'}
[221.435346] (hdl_localization) StdoutLine: {'line': b'-- Up-to-date: /home/ysc/lite_cog_ros2/nav/install/hdl_localization/share/hdl_localization/cmake/hdl_localization__rosidl_typesupport_cppExport-release.cmake\n'}
[221.447035] (hdl_localization) CommandEnded: {'returncode': 0}
[221.469098] (-) TimerEvent: {}
[221.571370] (-) TimerEvent: {}
[221.674779] (-) TimerEvent: {}
[221.776100] (-) TimerEvent: {}
[221.877093] (-) TimerEvent: {}
[221.978033] (-) TimerEvent: {}
[222.079385] (-) TimerEvent: {}
[222.095982] (hdl_localization) JobEnded: {'identifier': 'hdl_localization', 'rc': 0}
[222.103860] (-) EventReactorShutdown: {}
