[0.000000] (-) TimerEvent: {}
[0.003198] (dr_nav2) JobQueued: {'identifier': 'dr_nav2', 'dependencies': OrderedDict()}
[0.004646] (hdl_global_localization) JobQueued: {'identifier': 'hdl_global_localization', 'dependencies': OrderedDict()}
[0.004928] (sensor_test) JobQueued: {'identifier': 'sensor_test', 'dependencies': OrderedDict()}
[0.005245] (hdl_localization) JobQueued: {'identifier': 'hdl_localization', 'dependencies': OrderedDict([('hdl_global_localization', '/home/ysc/lite_cog_ros2/nav/install/hdl_global_localization')])}
[0.005520] (hdl_global_localization) JobStarted: {'identifier': 'hdl_global_localization'}
[0.053196] (dr_nav2) JobStarted: {'identifier': 'dr_nav2'}
[0.099863] (-) TimerEvent: {}
[0.110678] (sensor_test) JobStarted: {'identifier': 'sensor_test'}
[0.204235] (-) TimerEvent: {}
[0.208818] (hdl_global_localization) JobProgress: {'identifier': 'hdl_global_localization', 'progress': 'cmake'}
[0.212336] (hdl_global_localization) Command: {'cmd': ['/usr/bin/cmake', '/home/ysc/lite_cog_ros2/nav/src/hdl_global_localization', '-DAMENT_CMAKE_SYMLINK_INSTALL=1', '-DCMAKE_INSTALL_PREFIX=/home/ysc/lite_cog_ros2/nav/install/hdl_global_localization'], 'cwd': '/home/ysc/lite_cog_ros2/nav/build/hdl_global_localization', 'env': OrderedDict([('GJS_DEBUG_TOPICS', 'JS ERROR;JS LOG'), ('LESSOPEN', '| /usr/bin/lesspipe %s'), ('USER', 'ysc'), ('LC_TIME', 'zh_CN.UTF-8'), ('SSH_AGENT_PID', '1805'), ('XDG_SESSION_TYPE', 'x11'), ('SHLVL', '1'), ('LD_LIBRARY_PATH', '/home/ysc/lite_cog_ros2/ndt_omp/install/ndt_omp/lib:/home/ysc/lite_cog_ros2/fast_gicp/install/fast_gicp/lib:/usr/lib/aarch64-linux-gnu/gazebo-11/plugins:/opt/ros/foxy/opt/yaml_cpp_vendor/lib:/opt/ros/foxy/opt/rviz_ogre_vendor/lib:/opt/ros/foxy/lib/aarch64-linux-gnu:/opt/ros/foxy/lib:/usr/local/cuda-11.4/lib64:'), ('HOME', '/home/ysc'), ('OLDPWD', '/home/ysc/lite_cog_ros2'), ('DESKTOP_SESSION', 'ubuntu'), ('ROS_PYTHON_VERSION', '3'), ('GNOME_SHELL_SESSION_MODE', 'ubuntu'), ('GTK_MODULES', 'gail:atk-bridge'), ('LC_MONETARY', 'zh_CN.UTF-8'), ('MANAGERPID', '1399'), ('ROS_LOG_DIR', '/home/ysc/lite_cog_ros2/system/log'), ('DBUS_SESSION_BUS_ADDRESS', 'unix:path=/run/user/1000/bus'), ('COLORTERM', 'truecolor'), ('_colcon_cd_root', '/opt/ros/foxy/'), ('IM_CONFIG_PHASE', '1'), ('COLCON_PREFIX_PATH', '/home/ysc/lite_cog_ros2/ndt_omp/install:/home/ysc/lite_cog_ros2/fast_gicp/install'), ('ROS_DISTRO', 'foxy'), ('LOGNAME', 'ysc'), ('JOURNAL_STREAM', '8:46044'), ('_', '/usr/bin/colcon'), ('ROS_VERSION', '2'), ('XDG_SESSION_CLASS', 'user'), ('USERNAME', 'ysc'), ('TERM', 'xterm-256color'), ('GNOME_DESKTOP_SESSION_ID', 'this-is-deprecated'), ('ROS_LOCALHOST_ONLY', '0'), ('WINDOWPATH', '2'), ('PATH', '/opt/ros/foxy/bin:/usr/local/cuda-11.4/bin:/home/ysc/.local/bin:/usr/local/sbin:/usr/local/bin:/usr/sbin:/usr/bin:/sbin:/bin:/usr/games:/usr/local/games:/snap/bin'), ('SESSION_MANAGER', 'local/lite:@/tmp/.ICE-unix/1983,unix/lite:/tmp/.ICE-unix/1983'), ('FASTRTPS_DEFAULT_PROFILES_FILE', '/home/ysc/lite_cog_ros2/system/fastdds_profile.xml'), ('INVOCATION_ID', '1bf911e44b454cbe8457b4f284c2b3c1'), ('XDG_MENU_PREFIX', 'gnome-'), ('LC_ADDRESS', 'zh_CN.UTF-8'), ('GNOME_TERMINAL_SCREEN', '/org/gnome/Terminal/screen/7ef9d830_3e2c_4561_8aa9_5b556ddb01fc'), ('XDG_RUNTIME_DIR', '/run/user/1000'), ('DISPLAY', ':0'), ('LANG', 'en_US.UTF-8'), ('XDG_CURRENT_DESKTOP', 'ubuntu:GNOME'), ('LC_TELEPHONE', 'zh_CN.UTF-8'), ('RMW_IMPLEMENTATION', 'rmw_cyclonedds_cpp'), ('XMODIFIERS', '@im=ibus'), ('XDG_SESSION_DESKTOP', 'ubuntu'), ('XAUTHORITY', '/run/user/1000/gdm/Xauthority'), ('LS_COLORS', 'rs=0:di=01;34:ln=01;36:mh=00:pi=40;33:so=01;35:do=01;35:bd=40;33;01:cd=40;33;01:or=40;31;01:mi=00:su=37;41:sg=30;43:ca=30;41:tw=30;42:ow=34;42:st=37;44:ex=01;32:*.tar=01;31:*.tgz=01;31:*.arc=01;31:*.arj=01;31:*.taz=01;31:*.lha=01;31:*.lz4=01;31:*.lzh=01;31:*.lzma=01;31:*.tlz=01;31:*.txz=01;31:*.tzo=01;31:*.t7z=01;31:*.zip=01;31:*.z=01;31:*.dz=01;31:*.gz=01;31:*.lrz=01;31:*.lz=01;31:*.lzo=01;31:*.xz=01;31:*.zst=01;31:*.tzst=01;31:*.bz2=01;31:*.bz=01;31:*.tbz=01;31:*.tbz2=01;31:*.tz=01;31:*.deb=01;31:*.rpm=01;31:*.jar=01;31:*.war=01;31:*.ear=01;31:*.sar=01;31:*.rar=01;31:*.alz=01;31:*.ace=01;31:*.zoo=01;31:*.cpio=01;31:*.7z=01;31:*.rz=01;31:*.cab=01;31:*.wim=01;31:*.swm=01;31:*.dwm=01;31:*.esd=01;31:*.jpg=01;35:*.jpeg=01;35:*.mjpg=01;35:*.mjpeg=01;35:*.gif=01;35:*.bmp=01;35:*.pbm=01;35:*.pgm=01;35:*.ppm=01;35:*.tga=01;35:*.xbm=01;35:*.xpm=01;35:*.tif=01;35:*.tiff=01;35:*.png=01;35:*.svg=01;35:*.svgz=01;35:*.mng=01;35:*.pcx=01;35:*.mov=01;35:*.mpg=01;35:*.mpeg=01;35:*.m2v=01;35:*.mkv=01;35:*.webm=01;35:*.ogm=01;35:*.mp4=01;35:*.m4v=01;35:*.mp4v=01;35:*.vob=01;35:*.qt=01;35:*.nuv=01;35:*.wmv=01;35:*.asf=01;35:*.rm=01;35:*.rmvb=01;35:*.flc=01;35:*.avi=01;35:*.fli=01;35:*.flv=01;35:*.gl=01;35:*.dl=01;35:*.xcf=01;35:*.xwd=01;35:*.yuv=01;35:*.cgm=01;35:*.emf=01;35:*.ogv=01;35:*.ogx=01;35:*.aac=00;36:*.au=00;36:*.flac=00;36:*.m4a=00;36:*.mid=00;36:*.midi=00;36:*.mka=00;36:*.mp3=00;36:*.mpc=00;36:*.ogg=00;36:*.ra=00;36:*.wav=00;36:*.oga=00;36:*.opus=00;36:*.spx=00;36:*.xspf=00;36:'), ('GNOME_TERMINAL_SERVICE', ':1.79'), ('SSH_AUTH_SOCK', '/run/user/1000/keyring/ssh'), ('ROS_DOMAIN_ID', '0'), ('AMENT_PREFIX_PATH', '/home/ysc/lite_cog_ros2/ndt_omp/install/ndt_omp:/home/ysc/lite_cog_ros2/fast_gicp/install/fast_gicp:/opt/ros/foxy'), ('SHELL', '/bin/bash'), ('LC_NAME', 'zh_CN.UTF-8'), ('QT_ACCESSIBILITY', '1'), ('GDMSESSION', 'ubuntu'), ('LESSCLOSE', '/usr/bin/lesspipe %s %s'), ('LC_MEASUREMENT', 'zh_CN.UTF-8'), ('GPG_AGENT_INFO', '/run/user/1000/gnupg/S.gpg-agent:0:1'), ('GJS_DEBUG_OUTPUT', 'stderr'), ('LC_IDENTIFICATION', 'zh_CN.UTF-8'), ('QT_IM_MODULE', 'ibus'), ('PWD', '/home/ysc/lite_cog_ros2/nav/build/hdl_global_localization'), ('LC_ALL', 'en_US.UTF-8'), ('XDG_CONFIG_DIRS', '/etc/xdg/xdg-ubuntu:/etc/xdg'), ('XDG_DATA_DIRS', '/usr/share/ubuntu:/usr/local/share/:/usr/share/:/var/lib/snapd/desktop'), ('PYTHONPATH', '/opt/ros/foxy/lib/python3.8/site-packages'), ('LC_NUMERIC', 'zh_CN.UTF-8'), ('LC_PAPER', 'zh_CN.UTF-8'), ('COLCON', '1'), ('VTE_VERSION', '6003'), ('CMAKE_PREFIX_PATH', '/home/ysc/lite_cog_ros2/ndt_omp/install/ndt_omp:/home/ysc/lite_cog_ros2/fast_gicp/install/fast_gicp:/opt/ros/foxy')]), 'shell': False}
[0.271222] (dr_nav2) JobProgress: {'identifier': 'dr_nav2', 'progress': 'cmake'}
[0.275947] (dr_nav2) Command: {'cmd': ['/usr/bin/cmake', '/home/ysc/lite_cog_ros2/nav/src/dr_nav2', '-DAMENT_CMAKE_SYMLINK_INSTALL=1', '-DCMAKE_INSTALL_PREFIX=/home/ysc/lite_cog_ros2/nav/install/dr_nav2'], 'cwd': '/home/ysc/lite_cog_ros2/nav/build/dr_nav2', 'env': OrderedDict([('GJS_DEBUG_TOPICS', 'JS ERROR;JS LOG'), ('LESSOPEN', '| /usr/bin/lesspipe %s'), ('USER', 'ysc'), ('LC_TIME', 'zh_CN.UTF-8'), ('SSH_AGENT_PID', '1805'), ('XDG_SESSION_TYPE', 'x11'), ('SHLVL', '1'), ('LD_LIBRARY_PATH', '/home/ysc/lite_cog_ros2/ndt_omp/install/ndt_omp/lib:/home/ysc/lite_cog_ros2/fast_gicp/install/fast_gicp/lib:/usr/lib/aarch64-linux-gnu/gazebo-11/plugins:/opt/ros/foxy/opt/yaml_cpp_vendor/lib:/opt/ros/foxy/opt/rviz_ogre_vendor/lib:/opt/ros/foxy/lib/aarch64-linux-gnu:/opt/ros/foxy/lib:/usr/local/cuda-11.4/lib64:'), ('HOME', '/home/ysc'), ('OLDPWD', '/home/ysc/lite_cog_ros2'), ('DESKTOP_SESSION', 'ubuntu'), ('ROS_PYTHON_VERSION', '3'), ('GNOME_SHELL_SESSION_MODE', 'ubuntu'), ('GTK_MODULES', 'gail:atk-bridge'), ('LC_MONETARY', 'zh_CN.UTF-8'), ('MANAGERPID', '1399'), ('ROS_LOG_DIR', '/home/ysc/lite_cog_ros2/system/log'), ('DBUS_SESSION_BUS_ADDRESS', 'unix:path=/run/user/1000/bus'), ('COLORTERM', 'truecolor'), ('_colcon_cd_root', '/opt/ros/foxy/'), ('IM_CONFIG_PHASE', '1'), ('COLCON_PREFIX_PATH', '/home/ysc/lite_cog_ros2/ndt_omp/install:/home/ysc/lite_cog_ros2/fast_gicp/install'), ('ROS_DISTRO', 'foxy'), ('LOGNAME', 'ysc'), ('JOURNAL_STREAM', '8:46044'), ('_', '/usr/bin/colcon'), ('ROS_VERSION', '2'), ('XDG_SESSION_CLASS', 'user'), ('USERNAME', 'ysc'), ('TERM', 'xterm-256color'), ('GNOME_DESKTOP_SESSION_ID', 'this-is-deprecated'), ('ROS_LOCALHOST_ONLY', '0'), ('WINDOWPATH', '2'), ('PATH', '/opt/ros/foxy/bin:/usr/local/cuda-11.4/bin:/home/ysc/.local/bin:/usr/local/sbin:/usr/local/bin:/usr/sbin:/usr/bin:/sbin:/bin:/usr/games:/usr/local/games:/snap/bin'), ('SESSION_MANAGER', 'local/lite:@/tmp/.ICE-unix/1983,unix/lite:/tmp/.ICE-unix/1983'), ('FASTRTPS_DEFAULT_PROFILES_FILE', '/home/ysc/lite_cog_ros2/system/fastdds_profile.xml'), ('INVOCATION_ID', '1bf911e44b454cbe8457b4f284c2b3c1'), ('XDG_MENU_PREFIX', 'gnome-'), ('LC_ADDRESS', 'zh_CN.UTF-8'), ('GNOME_TERMINAL_SCREEN', '/org/gnome/Terminal/screen/7ef9d830_3e2c_4561_8aa9_5b556ddb01fc'), ('XDG_RUNTIME_DIR', '/run/user/1000'), ('DISPLAY', ':0'), ('LANG', 'en_US.UTF-8'), ('XDG_CURRENT_DESKTOP', 'ubuntu:GNOME'), ('LC_TELEPHONE', 'zh_CN.UTF-8'), ('RMW_IMPLEMENTATION', 'rmw_cyclonedds_cpp'), ('XMODIFIERS', '@im=ibus'), ('XDG_SESSION_DESKTOP', 'ubuntu'), ('XAUTHORITY', '/run/user/1000/gdm/Xauthority'), ('LS_COLORS', 'rs=0:di=01;34:ln=01;36:mh=00:pi=40;33:so=01;35:do=01;35:bd=40;33;01:cd=40;33;01:or=40;31;01:mi=00:su=37;41:sg=30;43:ca=30;41:tw=30;42:ow=34;42:st=37;44:ex=01;32:*.tar=01;31:*.tgz=01;31:*.arc=01;31:*.arj=01;31:*.taz=01;31:*.lha=01;31:*.lz4=01;31:*.lzh=01;31:*.lzma=01;31:*.tlz=01;31:*.txz=01;31:*.tzo=01;31:*.t7z=01;31:*.zip=01;31:*.z=01;31:*.dz=01;31:*.gz=01;31:*.lrz=01;31:*.lz=01;31:*.lzo=01;31:*.xz=01;31:*.zst=01;31:*.tzst=01;31:*.bz2=01;31:*.bz=01;31:*.tbz=01;31:*.tbz2=01;31:*.tz=01;31:*.deb=01;31:*.rpm=01;31:*.jar=01;31:*.war=01;31:*.ear=01;31:*.sar=01;31:*.rar=01;31:*.alz=01;31:*.ace=01;31:*.zoo=01;31:*.cpio=01;31:*.7z=01;31:*.rz=01;31:*.cab=01;31:*.wim=01;31:*.swm=01;31:*.dwm=01;31:*.esd=01;31:*.jpg=01;35:*.jpeg=01;35:*.mjpg=01;35:*.mjpeg=01;35:*.gif=01;35:*.bmp=01;35:*.pbm=01;35:*.pgm=01;35:*.ppm=01;35:*.tga=01;35:*.xbm=01;35:*.xpm=01;35:*.tif=01;35:*.tiff=01;35:*.png=01;35:*.svg=01;35:*.svgz=01;35:*.mng=01;35:*.pcx=01;35:*.mov=01;35:*.mpg=01;35:*.mpeg=01;35:*.m2v=01;35:*.mkv=01;35:*.webm=01;35:*.ogm=01;35:*.mp4=01;35:*.m4v=01;35:*.mp4v=01;35:*.vob=01;35:*.qt=01;35:*.nuv=01;35:*.wmv=01;35:*.asf=01;35:*.rm=01;35:*.rmvb=01;35:*.flc=01;35:*.avi=01;35:*.fli=01;35:*.flv=01;35:*.gl=01;35:*.dl=01;35:*.xcf=01;35:*.xwd=01;35:*.yuv=01;35:*.cgm=01;35:*.emf=01;35:*.ogv=01;35:*.ogx=01;35:*.aac=00;36:*.au=00;36:*.flac=00;36:*.m4a=00;36:*.mid=00;36:*.midi=00;36:*.mka=00;36:*.mp3=00;36:*.mpc=00;36:*.ogg=00;36:*.ra=00;36:*.wav=00;36:*.oga=00;36:*.opus=00;36:*.spx=00;36:*.xspf=00;36:'), ('GNOME_TERMINAL_SERVICE', ':1.79'), ('SSH_AUTH_SOCK', '/run/user/1000/keyring/ssh'), ('ROS_DOMAIN_ID', '0'), ('AMENT_PREFIX_PATH', '/home/ysc/lite_cog_ros2/ndt_omp/install/ndt_omp:/home/ysc/lite_cog_ros2/fast_gicp/install/fast_gicp:/opt/ros/foxy'), ('SHELL', '/bin/bash'), ('LC_NAME', 'zh_CN.UTF-8'), ('QT_ACCESSIBILITY', '1'), ('GDMSESSION', 'ubuntu'), ('LESSCLOSE', '/usr/bin/lesspipe %s %s'), ('LC_MEASUREMENT', 'zh_CN.UTF-8'), ('GPG_AGENT_INFO', '/run/user/1000/gnupg/S.gpg-agent:0:1'), ('GJS_DEBUG_OUTPUT', 'stderr'), ('LC_IDENTIFICATION', 'zh_CN.UTF-8'), ('QT_IM_MODULE', 'ibus'), ('PWD', '/home/ysc/lite_cog_ros2/nav/build/dr_nav2'), ('LC_ALL', 'en_US.UTF-8'), ('XDG_CONFIG_DIRS', '/etc/xdg/xdg-ubuntu:/etc/xdg'), ('XDG_DATA_DIRS', '/usr/share/ubuntu:/usr/local/share/:/usr/share/:/var/lib/snapd/desktop'), ('PYTHONPATH', '/opt/ros/foxy/lib/python3.8/site-packages'), ('LC_NUMERIC', 'zh_CN.UTF-8'), ('LC_PAPER', 'zh_CN.UTF-8'), ('COLCON', '1'), ('VTE_VERSION', '6003'), ('CMAKE_PREFIX_PATH', '/home/ysc/lite_cog_ros2/ndt_omp/install/ndt_omp:/home/ysc/lite_cog_ros2/fast_gicp/install/fast_gicp:/opt/ros/foxy')]), 'shell': False}
[0.305176] (-) TimerEvent: {}
[0.339223] (sensor_test) JobProgress: {'identifier': 'sensor_test', 'progress': 'cmake'}
[0.341509] (sensor_test) Command: {'cmd': ['/usr/bin/cmake', '/home/ysc/lite_cog_ros2/nav/src/sensor_test', '-DAMENT_CMAKE_SYMLINK_INSTALL=1', '-DCMAKE_INSTALL_PREFIX=/home/ysc/lite_cog_ros2/nav/install/sensor_test'], 'cwd': '/home/ysc/lite_cog_ros2/nav/build/sensor_test', 'env': OrderedDict([('GJS_DEBUG_TOPICS', 'JS ERROR;JS LOG'), ('LESSOPEN', '| /usr/bin/lesspipe %s'), ('USER', 'ysc'), ('LC_TIME', 'zh_CN.UTF-8'), ('SSH_AGENT_PID', '1805'), ('XDG_SESSION_TYPE', 'x11'), ('SHLVL', '1'), ('LD_LIBRARY_PATH', '/home/ysc/lite_cog_ros2/ndt_omp/install/ndt_omp/lib:/home/ysc/lite_cog_ros2/fast_gicp/install/fast_gicp/lib:/usr/lib/aarch64-linux-gnu/gazebo-11/plugins:/opt/ros/foxy/opt/yaml_cpp_vendor/lib:/opt/ros/foxy/opt/rviz_ogre_vendor/lib:/opt/ros/foxy/lib/aarch64-linux-gnu:/opt/ros/foxy/lib:/usr/local/cuda-11.4/lib64:'), ('HOME', '/home/ysc'), ('OLDPWD', '/home/ysc/lite_cog_ros2'), ('DESKTOP_SESSION', 'ubuntu'), ('ROS_PYTHON_VERSION', '3'), ('GNOME_SHELL_SESSION_MODE', 'ubuntu'), ('GTK_MODULES', 'gail:atk-bridge'), ('LC_MONETARY', 'zh_CN.UTF-8'), ('MANAGERPID', '1399'), ('ROS_LOG_DIR', '/home/ysc/lite_cog_ros2/system/log'), ('DBUS_SESSION_BUS_ADDRESS', 'unix:path=/run/user/1000/bus'), ('COLORTERM', 'truecolor'), ('_colcon_cd_root', '/opt/ros/foxy/'), ('IM_CONFIG_PHASE', '1'), ('COLCON_PREFIX_PATH', '/home/ysc/lite_cog_ros2/ndt_omp/install:/home/ysc/lite_cog_ros2/fast_gicp/install'), ('ROS_DISTRO', 'foxy'), ('LOGNAME', 'ysc'), ('JOURNAL_STREAM', '8:46044'), ('_', '/usr/bin/colcon'), ('ROS_VERSION', '2'), ('XDG_SESSION_CLASS', 'user'), ('USERNAME', 'ysc'), ('TERM', 'xterm-256color'), ('GNOME_DESKTOP_SESSION_ID', 'this-is-deprecated'), ('ROS_LOCALHOST_ONLY', '0'), ('WINDOWPATH', '2'), ('PATH', '/opt/ros/foxy/bin:/usr/local/cuda-11.4/bin:/home/ysc/.local/bin:/usr/local/sbin:/usr/local/bin:/usr/sbin:/usr/bin:/sbin:/bin:/usr/games:/usr/local/games:/snap/bin'), ('SESSION_MANAGER', 'local/lite:@/tmp/.ICE-unix/1983,unix/lite:/tmp/.ICE-unix/1983'), ('FASTRTPS_DEFAULT_PROFILES_FILE', '/home/ysc/lite_cog_ros2/system/fastdds_profile.xml'), ('INVOCATION_ID', '1bf911e44b454cbe8457b4f284c2b3c1'), ('XDG_MENU_PREFIX', 'gnome-'), ('LC_ADDRESS', 'zh_CN.UTF-8'), ('GNOME_TERMINAL_SCREEN', '/org/gnome/Terminal/screen/7ef9d830_3e2c_4561_8aa9_5b556ddb01fc'), ('XDG_RUNTIME_DIR', '/run/user/1000'), ('DISPLAY', ':0'), ('LANG', 'en_US.UTF-8'), ('XDG_CURRENT_DESKTOP', 'ubuntu:GNOME'), ('LC_TELEPHONE', 'zh_CN.UTF-8'), ('RMW_IMPLEMENTATION', 'rmw_cyclonedds_cpp'), ('XMODIFIERS', '@im=ibus'), ('XDG_SESSION_DESKTOP', 'ubuntu'), ('XAUTHORITY', '/run/user/1000/gdm/Xauthority'), ('LS_COLORS', 'rs=0:di=01;34:ln=01;36:mh=00:pi=40;33:so=01;35:do=01;35:bd=40;33;01:cd=40;33;01:or=40;31;01:mi=00:su=37;41:sg=30;43:ca=30;41:tw=30;42:ow=34;42:st=37;44:ex=01;32:*.tar=01;31:*.tgz=01;31:*.arc=01;31:*.arj=01;31:*.taz=01;31:*.lha=01;31:*.lz4=01;31:*.lzh=01;31:*.lzma=01;31:*.tlz=01;31:*.txz=01;31:*.tzo=01;31:*.t7z=01;31:*.zip=01;31:*.z=01;31:*.dz=01;31:*.gz=01;31:*.lrz=01;31:*.lz=01;31:*.lzo=01;31:*.xz=01;31:*.zst=01;31:*.tzst=01;31:*.bz2=01;31:*.bz=01;31:*.tbz=01;31:*.tbz2=01;31:*.tz=01;31:*.deb=01;31:*.rpm=01;31:*.jar=01;31:*.war=01;31:*.ear=01;31:*.sar=01;31:*.rar=01;31:*.alz=01;31:*.ace=01;31:*.zoo=01;31:*.cpio=01;31:*.7z=01;31:*.rz=01;31:*.cab=01;31:*.wim=01;31:*.swm=01;31:*.dwm=01;31:*.esd=01;31:*.jpg=01;35:*.jpeg=01;35:*.mjpg=01;35:*.mjpeg=01;35:*.gif=01;35:*.bmp=01;35:*.pbm=01;35:*.pgm=01;35:*.ppm=01;35:*.tga=01;35:*.xbm=01;35:*.xpm=01;35:*.tif=01;35:*.tiff=01;35:*.png=01;35:*.svg=01;35:*.svgz=01;35:*.mng=01;35:*.pcx=01;35:*.mov=01;35:*.mpg=01;35:*.mpeg=01;35:*.m2v=01;35:*.mkv=01;35:*.webm=01;35:*.ogm=01;35:*.mp4=01;35:*.m4v=01;35:*.mp4v=01;35:*.vob=01;35:*.qt=01;35:*.nuv=01;35:*.wmv=01;35:*.asf=01;35:*.rm=01;35:*.rmvb=01;35:*.flc=01;35:*.avi=01;35:*.fli=01;35:*.flv=01;35:*.gl=01;35:*.dl=01;35:*.xcf=01;35:*.xwd=01;35:*.yuv=01;35:*.cgm=01;35:*.emf=01;35:*.ogv=01;35:*.ogx=01;35:*.aac=00;36:*.au=00;36:*.flac=00;36:*.m4a=00;36:*.mid=00;36:*.midi=00;36:*.mka=00;36:*.mp3=00;36:*.mpc=00;36:*.ogg=00;36:*.ra=00;36:*.wav=00;36:*.oga=00;36:*.opus=00;36:*.spx=00;36:*.xspf=00;36:'), ('GNOME_TERMINAL_SERVICE', ':1.79'), ('SSH_AUTH_SOCK', '/run/user/1000/keyring/ssh'), ('ROS_DOMAIN_ID', '0'), ('AMENT_PREFIX_PATH', '/home/ysc/lite_cog_ros2/ndt_omp/install/ndt_omp:/home/ysc/lite_cog_ros2/fast_gicp/install/fast_gicp:/opt/ros/foxy'), ('SHELL', '/bin/bash'), ('LC_NAME', 'zh_CN.UTF-8'), ('QT_ACCESSIBILITY', '1'), ('GDMSESSION', 'ubuntu'), ('LESSCLOSE', '/usr/bin/lesspipe %s %s'), ('LC_MEASUREMENT', 'zh_CN.UTF-8'), ('GPG_AGENT_INFO', '/run/user/1000/gnupg/S.gpg-agent:0:1'), ('GJS_DEBUG_OUTPUT', 'stderr'), ('LC_IDENTIFICATION', 'zh_CN.UTF-8'), ('QT_IM_MODULE', 'ibus'), ('PWD', '/home/ysc/lite_cog_ros2/nav/build/sensor_test'), ('LC_ALL', 'en_US.UTF-8'), ('XDG_CONFIG_DIRS', '/etc/xdg/xdg-ubuntu:/etc/xdg'), ('XDG_DATA_DIRS', '/usr/share/ubuntu:/usr/local/share/:/usr/share/:/var/lib/snapd/desktop'), ('PYTHONPATH', '/opt/ros/foxy/lib/python3.8/site-packages'), ('LC_NUMERIC', 'zh_CN.UTF-8'), ('LC_PAPER', 'zh_CN.UTF-8'), ('COLCON', '1'), ('VTE_VERSION', '6003'), ('CMAKE_PREFIX_PATH', '/home/ysc/lite_cog_ros2/ndt_omp/install/ndt_omp:/home/ysc/lite_cog_ros2/fast_gicp/install/fast_gicp:/opt/ros/foxy')]), 'shell': False}
[0.405820] (-) TimerEvent: {}
[0.511544] (-) TimerEvent: {}
[0.615715] (-) TimerEvent: {}
[0.724546] (-) TimerEvent: {}
[0.785992] (dr_nav2) StdoutLine: {'line': b'-- The C compiler identification is GNU 9.4.0\n'}
[0.805360] (hdl_global_localization) StdoutLine: {'line': b'-- The C compiler identification is GNU 9.4.0\n'}
[0.824817] (-) TimerEvent: {}
[0.868884] (sensor_test) StdoutLine: {'line': b'-- The C compiler identification is GNU 9.4.0\n'}
[0.925499] (-) TimerEvent: {}
[1.026822] (-) TimerEvent: {}
[1.130515] (-) TimerEvent: {}
[1.232052] (-) TimerEvent: {}
[1.243898] (hdl_global_localization) StdoutLine: {'line': b'-- The CXX compiler identification is GNU 9.4.0\n'}
[1.278024] (hdl_global_localization) StdoutLine: {'line': b'-- Check for working C compiler: /usr/bin/cc\n'}
[1.291109] (dr_nav2) StdoutLine: {'line': b'-- The CXX compiler identification is GNU 9.4.0\n'}
[1.324819] (dr_nav2) StdoutLine: {'line': b'-- Check for working C compiler: /usr/bin/cc\n'}
[1.327890] (sensor_test) StdoutLine: {'line': b'-- The CXX compiler identification is GNU 9.4.0\n'}
[1.332528] (-) TimerEvent: {}
[1.358268] (sensor_test) StdoutLine: {'line': b'-- Check for working C compiler: /usr/bin/cc\n'}
[1.432865] (-) TimerEvent: {}
[1.534894] (-) TimerEvent: {}
[1.636335] (-) TimerEvent: {}
[1.738993] (-) TimerEvent: {}
[1.841221] (-) TimerEvent: {}
[1.905500] (hdl_global_localization) StdoutLine: {'line': b'-- Check for working C compiler: /usr/bin/cc -- works\n'}
[1.912575] (hdl_global_localization) StdoutLine: {'line': b'-- Detecting C compiler ABI info\n'}
[1.924854] (dr_nav2) StdoutLine: {'line': b'-- Check for working C compiler: /usr/bin/cc -- works\n'}
[1.930906] (dr_nav2) StdoutLine: {'line': b'-- Detecting C compiler ABI info\n'}
[1.941469] (-) TimerEvent: {}
[1.971697] (sensor_test) StdoutLine: {'line': b'-- Check for working C compiler: /usr/bin/cc -- works\n'}
[1.980773] (sensor_test) StdoutLine: {'line': b'-- Detecting C compiler ABI info\n'}
[2.041817] (-) TimerEvent: {}
[2.143287] (-) TimerEvent: {}
[2.244719] (-) TimerEvent: {}
[2.345880] (-) TimerEvent: {}
[2.447329] (-) TimerEvent: {}
[2.548661] (-) TimerEvent: {}
[2.566242] (sensor_test) StdoutLine: {'line': b'-- Detecting C compiler ABI info - done\n'}
[2.599484] (hdl_global_localization) StdoutLine: {'line': b'-- Detecting C compiler ABI info - done\n'}
[2.614090] (dr_nav2) StdoutLine: {'line': b'-- Detecting C compiler ABI info - done\n'}
[2.649039] (-) TimerEvent: {}
[2.656496] (sensor_test) StdoutLine: {'line': b'-- Detecting C compile features\n'}
[2.659091] (sensor_test) StdoutLine: {'line': b'-- Detecting C compile features - done\n'}
[2.670509] (hdl_global_localization) StdoutLine: {'line': b'-- Detecting C compile features\n'}
[2.672282] (hdl_global_localization) StdoutLine: {'line': b'-- Detecting C compile features - done\n'}
[2.684765] (sensor_test) StdoutLine: {'line': b'-- Check for working CXX compiler: /usr/bin/c++\n'}
[2.688615] (hdl_global_localization) StdoutLine: {'line': b'-- Check for working CXX compiler: /usr/bin/c++\n'}
[2.704442] (dr_nav2) StdoutLine: {'line': b'-- Detecting C compile features\n'}
[2.708971] (dr_nav2) StdoutLine: {'line': b'-- Detecting C compile features - done\n'}
[2.730789] (dr_nav2) StdoutLine: {'line': b'-- Check for working CXX compiler: /usr/bin/c++\n'}
[2.749298] (-) TimerEvent: {}
[2.851075] (-) TimerEvent: {}
[2.955323] (-) TimerEvent: {}
[3.057206] (-) TimerEvent: {}
[3.158693] (-) TimerEvent: {}
[3.260073] (-) TimerEvent: {}
[3.361381] (-) TimerEvent: {}
[3.363357] (hdl_global_localization) StdoutLine: {'line': b'-- Check for working CXX compiler: /usr/bin/c++ -- works\n'}
[3.370195] (hdl_global_localization) StdoutLine: {'line': b'-- Detecting CXX compiler ABI info\n'}
[3.375176] (sensor_test) StdoutLine: {'line': b'-- Check for working CXX compiler: /usr/bin/c++ -- works\n'}
[3.381799] (sensor_test) StdoutLine: {'line': b'-- Detecting CXX compiler ABI info\n'}
[3.461802] (-) TimerEvent: {}
[3.467946] (dr_nav2) StdoutLine: {'line': b'-- Check for working CXX compiler: /usr/bin/c++ -- works\n'}
[3.473159] (dr_nav2) StdoutLine: {'line': b'-- Detecting CXX compiler ABI info\n'}
[3.562083] (-) TimerEvent: {}
[3.663480] (-) TimerEvent: {}
[3.765062] (-) TimerEvent: {}
[3.867904] (-) TimerEvent: {}
[3.970099] (-) TimerEvent: {}
[4.015004] (sensor_test) StdoutLine: {'line': b'-- Detecting CXX compiler ABI info - done\n'}
[4.032277] (hdl_global_localization) StdoutLine: {'line': b'-- Detecting CXX compiler ABI info - done\n'}
[4.070399] (-) TimerEvent: {}
[4.073470] (dr_nav2) StdoutLine: {'line': b'-- Detecting CXX compiler ABI info - done\n'}
[4.079934] (sensor_test) StdoutLine: {'line': b'-- Detecting CXX compile features\n'}
[4.082545] (sensor_test) StdoutLine: {'line': b'-- Detecting CXX compile features - done\n'}
[4.096404] (sensor_test) StdoutLine: {'line': b'-- Found ament_cmake_auto: 0.9.12 (/opt/ros/foxy/share/ament_cmake_auto/cmake)\n'}
[4.112484] (hdl_global_localization) StdoutLine: {'line': b'-- Detecting CXX compile features\n'}
[4.116761] (hdl_global_localization) StdoutLine: {'line': b'-- Detecting CXX compile features - done\n'}
[4.143622] (dr_nav2) StdoutLine: {'line': b'-- Detecting CXX compile features\n'}
[4.146919] (dr_nav2) StdoutLine: {'line': b'-- Detecting CXX compile features - done\n'}
[4.159998] (dr_nav2) StdoutLine: {'line': b'-- Found ament_cmake_auto: 0.9.12 (/opt/ros/foxy/share/ament_cmake_auto/cmake)\n'}
[4.275379] (-) TimerEvent: {}
[4.279615] (sensor_test) StdoutLine: {'line': b'-- Found PythonInterp: /usr/bin/python3 (found suitable version "3.8.10", minimum required is "3") \n'}
[4.296255] (sensor_test) StdoutLine: {'line': b'-- Using PYTHON_EXECUTABLE: /usr/bin/python3\n'}
[4.348539] (dr_nav2) StdoutLine: {'line': b'-- Found PythonInterp: /usr/bin/python3 (found suitable version "3.8.10", minimum required is "3") \n'}
[4.349673] (dr_nav2) StdoutLine: {'line': b'-- Using PYTHON_EXECUTABLE: /usr/bin/python3\n'}
[4.375704] (-) TimerEvent: {}
[4.477987] (-) TimerEvent: {}
[4.578925] (-) TimerEvent: {}
[4.680462] (-) TimerEvent: {}
[4.700655] (hdl_global_localization) StdoutLine: {'line': b'-- Looking for pthread.h\n'}
[4.780744] (-) TimerEvent: {}
[4.882413] (-) TimerEvent: {}
[4.984312] (-) TimerEvent: {}
[5.085976] (-) TimerEvent: {}
[5.189654] (-) TimerEvent: {}
[5.291127] (-) TimerEvent: {}
[5.392401] (-) TimerEvent: {}
[5.421153] (hdl_global_localization) StdoutLine: {'line': b'-- Looking for pthread.h - found\n'}
[5.423037] (hdl_global_localization) StdoutLine: {'line': b'-- Performing Test CMAKE_HAVE_LIBC_PTHREAD\n'}
[5.492651] (-) TimerEvent: {}
[5.593738] (-) TimerEvent: {}
[5.634399] (sensor_test) StdoutLine: {'line': b'-- Override CMake install command with custom implementation using symlinks instead of copying resources\n'}
[5.676344] (dr_nav2) StdoutLine: {'line': b'-- Override CMake install command with custom implementation using symlinks instead of copying resources\n'}
[5.694045] (-) TimerEvent: {}
[5.796399] (-) TimerEvent: {}
[5.898286] (-) TimerEvent: {}
[6.002396] (-) TimerEvent: {}
[6.103506] (-) TimerEvent: {}
[6.205644] (-) TimerEvent: {}
[6.234011] (dr_nav2) StdoutLine: {'line': b'-- Configuring done\n'}
[6.247412] (dr_nav2) StdoutLine: {'line': b'-- Generating done\n'}
[6.254250] (dr_nav2) StdoutLine: {'line': b'-- Build files have been written to: /home/ysc/lite_cog_ros2/nav/build/dr_nav2\n'}
[6.271239] (hdl_global_localization) StdoutLine: {'line': b'-- Performing Test CMAKE_HAVE_LIBC_PTHREAD - Failed\n'}
[6.272653] (hdl_global_localization) StdoutLine: {'line': b'-- Looking for pthread_create in pthreads\n'}
[6.280123] (dr_nav2) CommandEnded: {'returncode': 0}
[6.285463] (dr_nav2) JobProgress: {'identifier': 'dr_nav2', 'progress': 'build'}
[6.290212] (dr_nav2) Command: {'cmd': ['/usr/bin/cmake', '--build', '/home/ysc/lite_cog_ros2/nav/build/dr_nav2', '--', '-j6', '-l6'], 'cwd': '/home/ysc/lite_cog_ros2/nav/build/dr_nav2', 'env': OrderedDict([('GJS_DEBUG_TOPICS', 'JS ERROR;JS LOG'), ('LESSOPEN', '| /usr/bin/lesspipe %s'), ('USER', 'ysc'), ('LC_TIME', 'zh_CN.UTF-8'), ('SSH_AGENT_PID', '1805'), ('XDG_SESSION_TYPE', 'x11'), ('SHLVL', '1'), ('LD_LIBRARY_PATH', '/home/ysc/lite_cog_ros2/ndt_omp/install/ndt_omp/lib:/home/ysc/lite_cog_ros2/fast_gicp/install/fast_gicp/lib:/usr/lib/aarch64-linux-gnu/gazebo-11/plugins:/opt/ros/foxy/opt/yaml_cpp_vendor/lib:/opt/ros/foxy/opt/rviz_ogre_vendor/lib:/opt/ros/foxy/lib/aarch64-linux-gnu:/opt/ros/foxy/lib:/usr/local/cuda-11.4/lib64:'), ('HOME', '/home/ysc'), ('OLDPWD', '/home/ysc/lite_cog_ros2'), ('DESKTOP_SESSION', 'ubuntu'), ('ROS_PYTHON_VERSION', '3'), ('GNOME_SHELL_SESSION_MODE', 'ubuntu'), ('GTK_MODULES', 'gail:atk-bridge'), ('LC_MONETARY', 'zh_CN.UTF-8'), ('MANAGERPID', '1399'), ('ROS_LOG_DIR', '/home/ysc/lite_cog_ros2/system/log'), ('DBUS_SESSION_BUS_ADDRESS', 'unix:path=/run/user/1000/bus'), ('COLORTERM', 'truecolor'), ('_colcon_cd_root', '/opt/ros/foxy/'), ('IM_CONFIG_PHASE', '1'), ('COLCON_PREFIX_PATH', '/home/ysc/lite_cog_ros2/ndt_omp/install:/home/ysc/lite_cog_ros2/fast_gicp/install'), ('ROS_DISTRO', 'foxy'), ('LOGNAME', 'ysc'), ('JOURNAL_STREAM', '8:46044'), ('_', '/usr/bin/colcon'), ('ROS_VERSION', '2'), ('XDG_SESSION_CLASS', 'user'), ('USERNAME', 'ysc'), ('TERM', 'xterm-256color'), ('GNOME_DESKTOP_SESSION_ID', 'this-is-deprecated'), ('ROS_LOCALHOST_ONLY', '0'), ('WINDOWPATH', '2'), ('PATH', '/opt/ros/foxy/bin:/usr/local/cuda-11.4/bin:/home/ysc/.local/bin:/usr/local/sbin:/usr/local/bin:/usr/sbin:/usr/bin:/sbin:/bin:/usr/games:/usr/local/games:/snap/bin'), ('SESSION_MANAGER', 'local/lite:@/tmp/.ICE-unix/1983,unix/lite:/tmp/.ICE-unix/1983'), ('FASTRTPS_DEFAULT_PROFILES_FILE', '/home/ysc/lite_cog_ros2/system/fastdds_profile.xml'), ('INVOCATION_ID', '1bf911e44b454cbe8457b4f284c2b3c1'), ('XDG_MENU_PREFIX', 'gnome-'), ('LC_ADDRESS', 'zh_CN.UTF-8'), ('GNOME_TERMINAL_SCREEN', '/org/gnome/Terminal/screen/7ef9d830_3e2c_4561_8aa9_5b556ddb01fc'), ('XDG_RUNTIME_DIR', '/run/user/1000'), ('DISPLAY', ':0'), ('LANG', 'en_US.UTF-8'), ('XDG_CURRENT_DESKTOP', 'ubuntu:GNOME'), ('LC_TELEPHONE', 'zh_CN.UTF-8'), ('RMW_IMPLEMENTATION', 'rmw_cyclonedds_cpp'), ('XMODIFIERS', '@im=ibus'), ('XDG_SESSION_DESKTOP', 'ubuntu'), ('XAUTHORITY', '/run/user/1000/gdm/Xauthority'), ('LS_COLORS', 'rs=0:di=01;34:ln=01;36:mh=00:pi=40;33:so=01;35:do=01;35:bd=40;33;01:cd=40;33;01:or=40;31;01:mi=00:su=37;41:sg=30;43:ca=30;41:tw=30;42:ow=34;42:st=37;44:ex=01;32:*.tar=01;31:*.tgz=01;31:*.arc=01;31:*.arj=01;31:*.taz=01;31:*.lha=01;31:*.lz4=01;31:*.lzh=01;31:*.lzma=01;31:*.tlz=01;31:*.txz=01;31:*.tzo=01;31:*.t7z=01;31:*.zip=01;31:*.z=01;31:*.dz=01;31:*.gz=01;31:*.lrz=01;31:*.lz=01;31:*.lzo=01;31:*.xz=01;31:*.zst=01;31:*.tzst=01;31:*.bz2=01;31:*.bz=01;31:*.tbz=01;31:*.tbz2=01;31:*.tz=01;31:*.deb=01;31:*.rpm=01;31:*.jar=01;31:*.war=01;31:*.ear=01;31:*.sar=01;31:*.rar=01;31:*.alz=01;31:*.ace=01;31:*.zoo=01;31:*.cpio=01;31:*.7z=01;31:*.rz=01;31:*.cab=01;31:*.wim=01;31:*.swm=01;31:*.dwm=01;31:*.esd=01;31:*.jpg=01;35:*.jpeg=01;35:*.mjpg=01;35:*.mjpeg=01;35:*.gif=01;35:*.bmp=01;35:*.pbm=01;35:*.pgm=01;35:*.ppm=01;35:*.tga=01;35:*.xbm=01;35:*.xpm=01;35:*.tif=01;35:*.tiff=01;35:*.png=01;35:*.svg=01;35:*.svgz=01;35:*.mng=01;35:*.pcx=01;35:*.mov=01;35:*.mpg=01;35:*.mpeg=01;35:*.m2v=01;35:*.mkv=01;35:*.webm=01;35:*.ogm=01;35:*.mp4=01;35:*.m4v=01;35:*.mp4v=01;35:*.vob=01;35:*.qt=01;35:*.nuv=01;35:*.wmv=01;35:*.asf=01;35:*.rm=01;35:*.rmvb=01;35:*.flc=01;35:*.avi=01;35:*.fli=01;35:*.flv=01;35:*.gl=01;35:*.dl=01;35:*.xcf=01;35:*.xwd=01;35:*.yuv=01;35:*.cgm=01;35:*.emf=01;35:*.ogv=01;35:*.ogx=01;35:*.aac=00;36:*.au=00;36:*.flac=00;36:*.m4a=00;36:*.mid=00;36:*.midi=00;36:*.mka=00;36:*.mp3=00;36:*.mpc=00;36:*.ogg=00;36:*.ra=00;36:*.wav=00;36:*.oga=00;36:*.opus=00;36:*.spx=00;36:*.xspf=00;36:'), ('GNOME_TERMINAL_SERVICE', ':1.79'), ('SSH_AUTH_SOCK', '/run/user/1000/keyring/ssh'), ('ROS_DOMAIN_ID', '0'), ('AMENT_PREFIX_PATH', '/home/ysc/lite_cog_ros2/ndt_omp/install/ndt_omp:/home/ysc/lite_cog_ros2/fast_gicp/install/fast_gicp:/opt/ros/foxy'), ('SHELL', '/bin/bash'), ('LC_NAME', 'zh_CN.UTF-8'), ('QT_ACCESSIBILITY', '1'), ('GDMSESSION', 'ubuntu'), ('LESSCLOSE', '/usr/bin/lesspipe %s %s'), ('LC_MEASUREMENT', 'zh_CN.UTF-8'), ('GPG_AGENT_INFO', '/run/user/1000/gnupg/S.gpg-agent:0:1'), ('GJS_DEBUG_OUTPUT', 'stderr'), ('LC_IDENTIFICATION', 'zh_CN.UTF-8'), ('QT_IM_MODULE', 'ibus'), ('PWD', '/home/ysc/lite_cog_ros2/nav/build/dr_nav2'), ('LC_ALL', 'en_US.UTF-8'), ('XDG_CONFIG_DIRS', '/etc/xdg/xdg-ubuntu:/etc/xdg'), ('XDG_DATA_DIRS', '/usr/share/ubuntu:/usr/local/share/:/usr/share/:/var/lib/snapd/desktop'), ('PYTHONPATH', '/opt/ros/foxy/lib/python3.8/site-packages'), ('LC_NUMERIC', 'zh_CN.UTF-8'), ('LC_PAPER', 'zh_CN.UTF-8'), ('COLCON', '1'), ('VTE_VERSION', '6003'), ('CMAKE_PREFIX_PATH', '/home/ysc/lite_cog_ros2/ndt_omp/install/ndt_omp:/home/ysc/lite_cog_ros2/fast_gicp/install/fast_gicp:/opt/ros/foxy')]), 'shell': False}
[6.306084] (-) TimerEvent: {}
[6.410227] (-) TimerEvent: {}
[6.512468] (-) TimerEvent: {}
[6.522650] (sensor_test) StdoutLine: {'line': b'-- Using all available rosidl_typesupport_c: rosidl_typesupport_fastrtps_c;rosidl_typesupport_introspection_c\n'}
[6.583961] (sensor_test) StdoutLine: {'line': b'-- Found rosidl_adapter: 1.3.1 (/opt/ros/foxy/share/rosidl_adapter/cmake)\n'}
[6.611254] (dr_nav2) CommandEnded: {'returncode': 0}
[6.614375] (-) TimerEvent: {}
[6.716021] (-) TimerEvent: {}
[6.791205] (dr_nav2) JobProgress: {'identifier': 'dr_nav2', 'progress': 'install'}
[6.816903] (-) TimerEvent: {}
[6.859760] (dr_nav2) Command: {'cmd': ['/usr/bin/cmake', '--install', '/home/ysc/lite_cog_ros2/nav/build/dr_nav2'], 'cwd': '/home/ysc/lite_cog_ros2/nav/build/dr_nav2', 'env': OrderedDict([('GJS_DEBUG_TOPICS', 'JS ERROR;JS LOG'), ('LESSOPEN', '| /usr/bin/lesspipe %s'), ('USER', 'ysc'), ('LC_TIME', 'zh_CN.UTF-8'), ('SSH_AGENT_PID', '1805'), ('XDG_SESSION_TYPE', 'x11'), ('SHLVL', '1'), ('LD_LIBRARY_PATH', '/home/ysc/lite_cog_ros2/ndt_omp/install/ndt_omp/lib:/home/ysc/lite_cog_ros2/fast_gicp/install/fast_gicp/lib:/usr/lib/aarch64-linux-gnu/gazebo-11/plugins:/opt/ros/foxy/opt/yaml_cpp_vendor/lib:/opt/ros/foxy/opt/rviz_ogre_vendor/lib:/opt/ros/foxy/lib/aarch64-linux-gnu:/opt/ros/foxy/lib:/usr/local/cuda-11.4/lib64:'), ('HOME', '/home/ysc'), ('OLDPWD', '/home/ysc/lite_cog_ros2'), ('DESKTOP_SESSION', 'ubuntu'), ('ROS_PYTHON_VERSION', '3'), ('GNOME_SHELL_SESSION_MODE', 'ubuntu'), ('GTK_MODULES', 'gail:atk-bridge'), ('LC_MONETARY', 'zh_CN.UTF-8'), ('MANAGERPID', '1399'), ('ROS_LOG_DIR', '/home/ysc/lite_cog_ros2/system/log'), ('DBUS_SESSION_BUS_ADDRESS', 'unix:path=/run/user/1000/bus'), ('COLORTERM', 'truecolor'), ('_colcon_cd_root', '/opt/ros/foxy/'), ('IM_CONFIG_PHASE', '1'), ('COLCON_PREFIX_PATH', '/home/ysc/lite_cog_ros2/ndt_omp/install:/home/ysc/lite_cog_ros2/fast_gicp/install'), ('ROS_DISTRO', 'foxy'), ('LOGNAME', 'ysc'), ('JOURNAL_STREAM', '8:46044'), ('_', '/usr/bin/colcon'), ('ROS_VERSION', '2'), ('XDG_SESSION_CLASS', 'user'), ('USERNAME', 'ysc'), ('TERM', 'xterm-256color'), ('GNOME_DESKTOP_SESSION_ID', 'this-is-deprecated'), ('ROS_LOCALHOST_ONLY', '0'), ('WINDOWPATH', '2'), ('PATH', '/opt/ros/foxy/bin:/usr/local/cuda-11.4/bin:/home/ysc/.local/bin:/usr/local/sbin:/usr/local/bin:/usr/sbin:/usr/bin:/sbin:/bin:/usr/games:/usr/local/games:/snap/bin'), ('SESSION_MANAGER', 'local/lite:@/tmp/.ICE-unix/1983,unix/lite:/tmp/.ICE-unix/1983'), ('FASTRTPS_DEFAULT_PROFILES_FILE', '/home/ysc/lite_cog_ros2/system/fastdds_profile.xml'), ('INVOCATION_ID', '1bf911e44b454cbe8457b4f284c2b3c1'), ('XDG_MENU_PREFIX', 'gnome-'), ('LC_ADDRESS', 'zh_CN.UTF-8'), ('GNOME_TERMINAL_SCREEN', '/org/gnome/Terminal/screen/7ef9d830_3e2c_4561_8aa9_5b556ddb01fc'), ('XDG_RUNTIME_DIR', '/run/user/1000'), ('DISPLAY', ':0'), ('LANG', 'en_US.UTF-8'), ('XDG_CURRENT_DESKTOP', 'ubuntu:GNOME'), ('LC_TELEPHONE', 'zh_CN.UTF-8'), ('RMW_IMPLEMENTATION', 'rmw_cyclonedds_cpp'), ('XMODIFIERS', '@im=ibus'), ('XDG_SESSION_DESKTOP', 'ubuntu'), ('XAUTHORITY', '/run/user/1000/gdm/Xauthority'), ('LS_COLORS', 'rs=0:di=01;34:ln=01;36:mh=00:pi=40;33:so=01;35:do=01;35:bd=40;33;01:cd=40;33;01:or=40;31;01:mi=00:su=37;41:sg=30;43:ca=30;41:tw=30;42:ow=34;42:st=37;44:ex=01;32:*.tar=01;31:*.tgz=01;31:*.arc=01;31:*.arj=01;31:*.taz=01;31:*.lha=01;31:*.lz4=01;31:*.lzh=01;31:*.lzma=01;31:*.tlz=01;31:*.txz=01;31:*.tzo=01;31:*.t7z=01;31:*.zip=01;31:*.z=01;31:*.dz=01;31:*.gz=01;31:*.lrz=01;31:*.lz=01;31:*.lzo=01;31:*.xz=01;31:*.zst=01;31:*.tzst=01;31:*.bz2=01;31:*.bz=01;31:*.tbz=01;31:*.tbz2=01;31:*.tz=01;31:*.deb=01;31:*.rpm=01;31:*.jar=01;31:*.war=01;31:*.ear=01;31:*.sar=01;31:*.rar=01;31:*.alz=01;31:*.ace=01;31:*.zoo=01;31:*.cpio=01;31:*.7z=01;31:*.rz=01;31:*.cab=01;31:*.wim=01;31:*.swm=01;31:*.dwm=01;31:*.esd=01;31:*.jpg=01;35:*.jpeg=01;35:*.mjpg=01;35:*.mjpeg=01;35:*.gif=01;35:*.bmp=01;35:*.pbm=01;35:*.pgm=01;35:*.ppm=01;35:*.tga=01;35:*.xbm=01;35:*.xpm=01;35:*.tif=01;35:*.tiff=01;35:*.png=01;35:*.svg=01;35:*.svgz=01;35:*.mng=01;35:*.pcx=01;35:*.mov=01;35:*.mpg=01;35:*.mpeg=01;35:*.m2v=01;35:*.mkv=01;35:*.webm=01;35:*.ogm=01;35:*.mp4=01;35:*.m4v=01;35:*.mp4v=01;35:*.vob=01;35:*.qt=01;35:*.nuv=01;35:*.wmv=01;35:*.asf=01;35:*.rm=01;35:*.rmvb=01;35:*.flc=01;35:*.avi=01;35:*.fli=01;35:*.flv=01;35:*.gl=01;35:*.dl=01;35:*.xcf=01;35:*.xwd=01;35:*.yuv=01;35:*.cgm=01;35:*.emf=01;35:*.ogv=01;35:*.ogx=01;35:*.aac=00;36:*.au=00;36:*.flac=00;36:*.m4a=00;36:*.mid=00;36:*.midi=00;36:*.mka=00;36:*.mp3=00;36:*.mpc=00;36:*.ogg=00;36:*.ra=00;36:*.wav=00;36:*.oga=00;36:*.opus=00;36:*.spx=00;36:*.xspf=00;36:'), ('GNOME_TERMINAL_SERVICE', ':1.79'), ('SSH_AUTH_SOCK', '/run/user/1000/keyring/ssh'), ('ROS_DOMAIN_ID', '0'), ('AMENT_PREFIX_PATH', '/home/ysc/lite_cog_ros2/ndt_omp/install/ndt_omp:/home/ysc/lite_cog_ros2/fast_gicp/install/fast_gicp:/opt/ros/foxy'), ('SHELL', '/bin/bash'), ('LC_NAME', 'zh_CN.UTF-8'), ('QT_ACCESSIBILITY', '1'), ('GDMSESSION', 'ubuntu'), ('LESSCLOSE', '/usr/bin/lesspipe %s %s'), ('LC_MEASUREMENT', 'zh_CN.UTF-8'), ('GPG_AGENT_INFO', '/run/user/1000/gnupg/S.gpg-agent:0:1'), ('GJS_DEBUG_OUTPUT', 'stderr'), ('LC_IDENTIFICATION', 'zh_CN.UTF-8'), ('QT_IM_MODULE', 'ibus'), ('PWD', '/home/ysc/lite_cog_ros2/nav/build/dr_nav2'), ('LC_ALL', 'en_US.UTF-8'), ('XDG_CONFIG_DIRS', '/etc/xdg/xdg-ubuntu:/etc/xdg'), ('XDG_DATA_DIRS', '/usr/share/ubuntu:/usr/local/share/:/usr/share/:/var/lib/snapd/desktop'), ('PYTHONPATH', '/opt/ros/foxy/lib/python3.8/site-packages'), ('LC_NUMERIC', 'zh_CN.UTF-8'), ('LC_PAPER', 'zh_CN.UTF-8'), ('COLCON', '1'), ('VTE_VERSION', '6003'), ('CMAKE_PREFIX_PATH', '/home/ysc/lite_cog_ros2/ndt_omp/install/ndt_omp:/home/ysc/lite_cog_ros2/fast_gicp/install/fast_gicp:/opt/ros/foxy')]), 'shell': False}
[6.920909] (-) TimerEvent: {}
[6.925592] (hdl_global_localization) StdoutLine: {'line': b'-- Looking for pthread_create in pthreads - not found\n'}
[6.928582] (hdl_global_localization) StdoutLine: {'line': b'-- Looking for pthread_create in pthread\n'}
[6.939546] (dr_nav2) StdoutLine: {'line': b'-- Install configuration: ""\n'}
[6.942843] (dr_nav2) StdoutLine: {'line': b'-- Execute custom install script\n'}
[6.947512] (dr_nav2) StdoutLine: {'line': b'-- Symlinking: /home/ysc/lite_cog_ros2/nav/install/dr_nav2/share/dr_nav2/config/lite_nav2.yaml\n'}
[7.019527] (dr_nav2) StdoutLine: {'line': b'-- Symlinking: /home/ysc/lite_cog_ros2/nav/install/dr_nav2/share/dr_nav2/launch/dr_nav2.launch.py\n'}
[7.020806] (-) TimerEvent: {}
[7.090295] (dr_nav2) StdoutLine: {'line': b'-- Symlinking: /home/ysc/lite_cog_ros2/nav/install/dr_nav2/share/dr_nav2/rviz/dr_nav2.rviz\n'}
[7.121111] (-) TimerEvent: {}
[7.160617] (dr_nav2) StdoutLine: {'line': b'-- Symlinking: /home/ysc/lite_cog_ros2/nav/install/dr_nav2/share/ament_index/resource_index/package_run_dependencies/dr_nav2\n'}
[7.221380] (-) TimerEvent: {}
[7.244045] (dr_nav2) StdoutLine: {'line': b'-- Symlinking: /home/ysc/lite_cog_ros2/nav/install/dr_nav2/share/ament_index/resource_index/parent_prefix_path/dr_nav2\n'}
[7.311369] (dr_nav2) StdoutLine: {'line': b'-- Symlinking: /home/ysc/lite_cog_ros2/nav/install/dr_nav2/share/dr_nav2/environment/ament_prefix_path.sh\n'}
[7.321689] (-) TimerEvent: {}
[7.374228] (dr_nav2) StdoutLine: {'line': b'-- Symlinking: /home/ysc/lite_cog_ros2/nav/install/dr_nav2/share/dr_nav2/environment/ament_prefix_path.dsv\n'}
[7.422384] (-) TimerEvent: {}
[7.440030] (dr_nav2) StdoutLine: {'line': b'-- Symlinking: /home/ysc/lite_cog_ros2/nav/install/dr_nav2/share/dr_nav2/environment/path.sh\n'}
[7.460931] (sensor_test) StdoutLine: {'line': b'-- Found OpenSSL: /usr/lib/aarch64-linux-gnu/libcrypto.so (found version "1.1.1f")  \n'}
[7.505221] (dr_nav2) StdoutLine: {'line': b'-- Symlinking: /home/ysc/lite_cog_ros2/nav/install/dr_nav2/share/dr_nav2/environment/path.dsv\n'}
[7.522680] (-) TimerEvent: {}
[7.553032] (hdl_global_localization) StdoutLine: {'line': b'-- Looking for pthread_create in pthread - found\n'}
[7.559552] (hdl_global_localization) StdoutLine: {'line': b'-- Found Threads: TRUE  \n'}
[7.566422] (dr_nav2) StdoutLine: {'line': b'-- Symlinking: /home/ysc/lite_cog_ros2/nav/install/dr_nav2/share/dr_nav2/local_setup.bash\n'}
[7.622986] (-) TimerEvent: {}
[7.626175] (dr_nav2) StdoutLine: {'line': b'-- Symlinking: /home/ysc/lite_cog_ros2/nav/install/dr_nav2/share/dr_nav2/local_setup.sh\n'}
[7.691074] (dr_nav2) StdoutLine: {'line': b'-- Symlinking: /home/ysc/lite_cog_ros2/nav/install/dr_nav2/share/dr_nav2/local_setup.zsh\n'}
[7.723224] (-) TimerEvent: {}
[7.759147] (dr_nav2) StdoutLine: {'line': b'-- Symlinking: /home/ysc/lite_cog_ros2/nav/install/dr_nav2/share/dr_nav2/local_setup.dsv\n'}
[7.789572] (sensor_test) StdoutLine: {'line': b'-- Found FastRTPS: /opt/ros/foxy/include  \n'}
[7.823517] (-) TimerEvent: {}
[7.831246] (dr_nav2) StdoutLine: {'line': b'-- Symlinking: /home/ysc/lite_cog_ros2/nav/install/dr_nav2/share/dr_nav2/package.dsv\n'}
[7.906147] (dr_nav2) StdoutLine: {'line': b'-- Symlinking: /home/ysc/lite_cog_ros2/nav/install/dr_nav2/share/ament_index/resource_index/packages/dr_nav2\n'}
[7.923720] (-) TimerEvent: {}
[7.959427] (hdl_global_localization) StdoutLine: {'line': b'-- Found CUDA: /usr/local/cuda-11.4 (found suitable exact version "11.4") \n'}
[7.966963] (dr_nav2) StdoutLine: {'line': b'-- Symlinking: /home/ysc/lite_cog_ros2/nav/install/dr_nav2/share/dr_nav2/cmake/dr_nav2Config.cmake\n'}
[8.024007] (-) TimerEvent: {}
[8.037101] (dr_nav2) StdoutLine: {'line': b'-- Symlinking: /home/ysc/lite_cog_ros2/nav/install/dr_nav2/share/dr_nav2/cmake/dr_nav2Config-version.cmake\n'}
[8.108867] (dr_nav2) StdoutLine: {'line': b'-- Symlinking: /home/ysc/lite_cog_ros2/nav/install/dr_nav2/share/dr_nav2/package.xml\n'}
[8.124335] (-) TimerEvent: {}
[8.205940] (dr_nav2) CommandEnded: {'returncode': 0}
[8.224564] (-) TimerEvent: {}
[8.308348] (sensor_test) StdoutLine: {'line': b'-- Using all available rosidl_typesupport_cpp: rosidl_typesupport_fastrtps_cpp;rosidl_typesupport_introspection_cpp\n'}
[8.329398] (-) TimerEvent: {}
[8.434379] (-) TimerEvent: {}
[8.489963] (hdl_global_localization) StdoutLine: {'line': b'-- Found OpenCV: /usr/local (found version "4.2.0") \n'}
[8.534596] (-) TimerEvent: {}
[8.543842] (dr_nav2) JobEnded: {'identifier': 'dr_nav2', 'rc': 0}
[8.634950] (-) TimerEvent: {}
[8.672090] (sensor_test) StdoutLine: {'line': b'-- Found rmw_implementation_cmake: 1.0.4 (/opt/ros/foxy/share/rmw_implementation_cmake/cmake)\n'}
[8.680706] (sensor_test) StdoutLine: {'line': b"-- Using RMW implementation 'rmw_cyclonedds_cpp' as default\n"}
[8.685729] (sensor_test) StdoutLine: {'line': b'-- Looking for pthread.h\n'}
[8.735274] (-) TimerEvent: {}
[8.837045] (-) TimerEvent: {}
[8.938115] (-) TimerEvent: {}
[9.039595] (-) TimerEvent: {}
[9.141119] (-) TimerEvent: {}
[9.242798] (-) TimerEvent: {}
[9.343889] (-) TimerEvent: {}
[9.390357] (sensor_test) StdoutLine: {'line': b'-- Looking for pthread.h - found\n'}
[9.392054] (sensor_test) StdoutLine: {'line': b'-- Performing Test CMAKE_HAVE_LIBC_PTHREAD\n'}
[9.444321] (-) TimerEvent: {}
[9.545875] (-) TimerEvent: {}
[9.647421] (-) TimerEvent: {}
[9.748637] (-) TimerEvent: {}
[9.849760] (-) TimerEvent: {}
[9.950835] (-) TimerEvent: {}
[10.051903] (-) TimerEvent: {}
[10.142219] (sensor_test) StdoutLine: {'line': b'-- Performing Test CMAKE_HAVE_LIBC_PTHREAD - Failed\n'}
[10.143779] (sensor_test) StdoutLine: {'line': b'-- Looking for pthread_create in pthreads\n'}
[10.152085] (-) TimerEvent: {}
[10.253181] (-) TimerEvent: {}
[10.354272] (-) TimerEvent: {}
[10.455566] (-) TimerEvent: {}
[10.556781] (-) TimerEvent: {}
[10.575106] (hdl_global_localization) StdoutLine: {'line': b'-- Found OpenMP_C: -fopenmp (found version "4.5") \n'}
[10.657011] (-) TimerEvent: {}
[10.758055] (-) TimerEvent: {}
[10.782064] (sensor_test) StdoutLine: {'line': b'-- Looking for pthread_create in pthreads - not found\n'}
[10.783676] (sensor_test) StdoutLine: {'line': b'-- Looking for pthread_create in pthread\n'}
[10.858356] (-) TimerEvent: {}
[10.959556] (-) TimerEvent: {}
[11.060783] (-) TimerEvent: {}
[11.162121] (-) TimerEvent: {}
[11.241268] (hdl_global_localization) StdoutLine: {'line': b'-- Found OpenMP_CXX: -fopenmp (found version "4.5") \n'}
[11.244237] (hdl_global_localization) StdoutLine: {'line': b'-- Found OpenMP: TRUE (found version "4.5")  \n'}
[11.256860] (hdl_global_localization) StdoutLine: {'line': b'-- Found ament_cmake_auto: 0.9.12 (/opt/ros/foxy/share/ament_cmake_auto/cmake)\n'}
[11.262313] (-) TimerEvent: {}
[11.363872] (-) TimerEvent: {}
[11.368831] (sensor_test) StdoutLine: {'line': b'-- Looking for pthread_create in pthread - found\n'}
[11.376765] (sensor_test) StdoutLine: {'line': b'-- Found Threads: TRUE  \n'}
[11.454532] (hdl_global_localization) StdoutLine: {'line': b'-- Found PythonInterp: /usr/bin/python3 (found suitable version "3.8.10", minimum required is "3") \n'}
[11.455573] (hdl_global_localization) StdoutLine: {'line': b'-- Using PYTHON_EXECUTABLE: /usr/bin/python3\n'}
[11.464123] (-) TimerEvent: {}
[11.565252] (-) TimerEvent: {}
[11.666143] (-) TimerEvent: {}
[11.767082] (-) TimerEvent: {}
[11.868667] (-) TimerEvent: {}
[11.970059] (-) TimerEvent: {}
[12.071178] (-) TimerEvent: {}
[12.172347] (-) TimerEvent: {}
[12.275007] (-) TimerEvent: {}
[12.376056] (-) TimerEvent: {}
[12.479245] (-) TimerEvent: {}
[12.580630] (-) TimerEvent: {}
[12.682024] (-) TimerEvent: {}
[12.700712] (hdl_global_localization) StdoutLine: {'line': b'-- Override CMake install command with custom implementation using symlinks instead of copying resources\n'}
[12.782547] (-) TimerEvent: {}
[12.884632] (-) TimerEvent: {}
[12.903481] (sensor_test) StdoutLine: {'line': b'-- Configuring done\n'}
[12.984860] (-) TimerEvent: {}
[13.085866] (-) TimerEvent: {}
[13.123954] (sensor_test) StdoutLine: {'line': b'-- Generating done\n'}
[13.132998] (sensor_test) StdoutLine: {'line': b'-- Build files have been written to: /home/ysc/lite_cog_ros2/nav/build/sensor_test\n'}
[13.178544] (sensor_test) CommandEnded: {'returncode': 0}
[13.183006] (sensor_test) JobProgress: {'identifier': 'sensor_test', 'progress': 'build'}
[13.186465] (sensor_test) Command: {'cmd': ['/usr/bin/cmake', '--build', '/home/ysc/lite_cog_ros2/nav/build/sensor_test', '--', '-j6', '-l6'], 'cwd': '/home/ysc/lite_cog_ros2/nav/build/sensor_test', 'env': OrderedDict([('GJS_DEBUG_TOPICS', 'JS ERROR;JS LOG'), ('LESSOPEN', '| /usr/bin/lesspipe %s'), ('USER', 'ysc'), ('LC_TIME', 'zh_CN.UTF-8'), ('SSH_AGENT_PID', '1805'), ('XDG_SESSION_TYPE', 'x11'), ('SHLVL', '1'), ('LD_LIBRARY_PATH', '/home/ysc/lite_cog_ros2/ndt_omp/install/ndt_omp/lib:/home/ysc/lite_cog_ros2/fast_gicp/install/fast_gicp/lib:/usr/lib/aarch64-linux-gnu/gazebo-11/plugins:/opt/ros/foxy/opt/yaml_cpp_vendor/lib:/opt/ros/foxy/opt/rviz_ogre_vendor/lib:/opt/ros/foxy/lib/aarch64-linux-gnu:/opt/ros/foxy/lib:/usr/local/cuda-11.4/lib64:'), ('HOME', '/home/ysc'), ('OLDPWD', '/home/ysc/lite_cog_ros2'), ('DESKTOP_SESSION', 'ubuntu'), ('ROS_PYTHON_VERSION', '3'), ('GNOME_SHELL_SESSION_MODE', 'ubuntu'), ('GTK_MODULES', 'gail:atk-bridge'), ('LC_MONETARY', 'zh_CN.UTF-8'), ('MANAGERPID', '1399'), ('ROS_LOG_DIR', '/home/ysc/lite_cog_ros2/system/log'), ('DBUS_SESSION_BUS_ADDRESS', 'unix:path=/run/user/1000/bus'), ('COLORTERM', 'truecolor'), ('_colcon_cd_root', '/opt/ros/foxy/'), ('IM_CONFIG_PHASE', '1'), ('COLCON_PREFIX_PATH', '/home/ysc/lite_cog_ros2/ndt_omp/install:/home/ysc/lite_cog_ros2/fast_gicp/install'), ('ROS_DISTRO', 'foxy'), ('LOGNAME', 'ysc'), ('JOURNAL_STREAM', '8:46044'), ('_', '/usr/bin/colcon'), ('ROS_VERSION', '2'), ('XDG_SESSION_CLASS', 'user'), ('USERNAME', 'ysc'), ('TERM', 'xterm-256color'), ('GNOME_DESKTOP_SESSION_ID', 'this-is-deprecated'), ('ROS_LOCALHOST_ONLY', '0'), ('WINDOWPATH', '2'), ('PATH', '/opt/ros/foxy/bin:/usr/local/cuda-11.4/bin:/home/ysc/.local/bin:/usr/local/sbin:/usr/local/bin:/usr/sbin:/usr/bin:/sbin:/bin:/usr/games:/usr/local/games:/snap/bin'), ('SESSION_MANAGER', 'local/lite:@/tmp/.ICE-unix/1983,unix/lite:/tmp/.ICE-unix/1983'), ('FASTRTPS_DEFAULT_PROFILES_FILE', '/home/ysc/lite_cog_ros2/system/fastdds_profile.xml'), ('INVOCATION_ID', '1bf911e44b454cbe8457b4f284c2b3c1'), ('XDG_MENU_PREFIX', 'gnome-'), ('LC_ADDRESS', 'zh_CN.UTF-8'), ('GNOME_TERMINAL_SCREEN', '/org/gnome/Terminal/screen/7ef9d830_3e2c_4561_8aa9_5b556ddb01fc'), ('XDG_RUNTIME_DIR', '/run/user/1000'), ('DISPLAY', ':0'), ('LANG', 'en_US.UTF-8'), ('XDG_CURRENT_DESKTOP', 'ubuntu:GNOME'), ('LC_TELEPHONE', 'zh_CN.UTF-8'), ('RMW_IMPLEMENTATION', 'rmw_cyclonedds_cpp'), ('XMODIFIERS', '@im=ibus'), ('XDG_SESSION_DESKTOP', 'ubuntu'), ('XAUTHORITY', '/run/user/1000/gdm/Xauthority'), ('LS_COLORS', 'rs=0:di=01;34:ln=01;36:mh=00:pi=40;33:so=01;35:do=01;35:bd=40;33;01:cd=40;33;01:or=40;31;01:mi=00:su=37;41:sg=30;43:ca=30;41:tw=30;42:ow=34;42:st=37;44:ex=01;32:*.tar=01;31:*.tgz=01;31:*.arc=01;31:*.arj=01;31:*.taz=01;31:*.lha=01;31:*.lz4=01;31:*.lzh=01;31:*.lzma=01;31:*.tlz=01;31:*.txz=01;31:*.tzo=01;31:*.t7z=01;31:*.zip=01;31:*.z=01;31:*.dz=01;31:*.gz=01;31:*.lrz=01;31:*.lz=01;31:*.lzo=01;31:*.xz=01;31:*.zst=01;31:*.tzst=01;31:*.bz2=01;31:*.bz=01;31:*.tbz=01;31:*.tbz2=01;31:*.tz=01;31:*.deb=01;31:*.rpm=01;31:*.jar=01;31:*.war=01;31:*.ear=01;31:*.sar=01;31:*.rar=01;31:*.alz=01;31:*.ace=01;31:*.zoo=01;31:*.cpio=01;31:*.7z=01;31:*.rz=01;31:*.cab=01;31:*.wim=01;31:*.swm=01;31:*.dwm=01;31:*.esd=01;31:*.jpg=01;35:*.jpeg=01;35:*.mjpg=01;35:*.mjpeg=01;35:*.gif=01;35:*.bmp=01;35:*.pbm=01;35:*.pgm=01;35:*.ppm=01;35:*.tga=01;35:*.xbm=01;35:*.xpm=01;35:*.tif=01;35:*.tiff=01;35:*.png=01;35:*.svg=01;35:*.svgz=01;35:*.mng=01;35:*.pcx=01;35:*.mov=01;35:*.mpg=01;35:*.mpeg=01;35:*.m2v=01;35:*.mkv=01;35:*.webm=01;35:*.ogm=01;35:*.mp4=01;35:*.m4v=01;35:*.mp4v=01;35:*.vob=01;35:*.qt=01;35:*.nuv=01;35:*.wmv=01;35:*.asf=01;35:*.rm=01;35:*.rmvb=01;35:*.flc=01;35:*.avi=01;35:*.fli=01;35:*.flv=01;35:*.gl=01;35:*.dl=01;35:*.xcf=01;35:*.xwd=01;35:*.yuv=01;35:*.cgm=01;35:*.emf=01;35:*.ogv=01;35:*.ogx=01;35:*.aac=00;36:*.au=00;36:*.flac=00;36:*.m4a=00;36:*.mid=00;36:*.midi=00;36:*.mka=00;36:*.mp3=00;36:*.mpc=00;36:*.ogg=00;36:*.ra=00;36:*.wav=00;36:*.oga=00;36:*.opus=00;36:*.spx=00;36:*.xspf=00;36:'), ('GNOME_TERMINAL_SERVICE', ':1.79'), ('SSH_AUTH_SOCK', '/run/user/1000/keyring/ssh'), ('ROS_DOMAIN_ID', '0'), ('AMENT_PREFIX_PATH', '/home/ysc/lite_cog_ros2/ndt_omp/install/ndt_omp:/home/ysc/lite_cog_ros2/fast_gicp/install/fast_gicp:/opt/ros/foxy'), ('SHELL', '/bin/bash'), ('LC_NAME', 'zh_CN.UTF-8'), ('QT_ACCESSIBILITY', '1'), ('GDMSESSION', 'ubuntu'), ('LESSCLOSE', '/usr/bin/lesspipe %s %s'), ('LC_MEASUREMENT', 'zh_CN.UTF-8'), ('GPG_AGENT_INFO', '/run/user/1000/gnupg/S.gpg-agent:0:1'), ('GJS_DEBUG_OUTPUT', 'stderr'), ('LC_IDENTIFICATION', 'zh_CN.UTF-8'), ('QT_IM_MODULE', 'ibus'), ('PWD', '/home/ysc/lite_cog_ros2/nav/build/sensor_test'), ('LC_ALL', 'en_US.UTF-8'), ('XDG_CONFIG_DIRS', '/etc/xdg/xdg-ubuntu:/etc/xdg'), ('XDG_DATA_DIRS', '/usr/share/ubuntu:/usr/local/share/:/usr/share/:/var/lib/snapd/desktop'), ('PYTHONPATH', '/opt/ros/foxy/lib/python3.8/site-packages'), ('LC_NUMERIC', 'zh_CN.UTF-8'), ('LC_PAPER', 'zh_CN.UTF-8'), ('COLCON', '1'), ('VTE_VERSION', '6003'), ('CMAKE_PREFIX_PATH', '/home/ysc/lite_cog_ros2/ndt_omp/install/ndt_omp:/home/ysc/lite_cog_ros2/fast_gicp/install/fast_gicp:/opt/ros/foxy')]), 'shell': False}
[13.201246] (-) TimerEvent: {}
[13.313735] (-) TimerEvent: {}
[13.415498] (-) TimerEvent: {}
[13.421294] (hdl_global_localization) StdoutLine: {'line': b'-- Using all available rosidl_typesupport_c: rosidl_typesupport_fastrtps_c;rosidl_typesupport_introspection_c\n'}
[13.463245] (hdl_global_localization) StdoutLine: {'line': b'-- Found rosidl_adapter: 1.3.1 (/opt/ros/foxy/share/rosidl_adapter/cmake)\n'}
[13.473107] (sensor_test) StdoutLine: {'line': b'\x1b[35m\x1b[1mScanning dependencies of target sensor_test\x1b[0m\n'}
[13.515756] (-) TimerEvent: {}
[13.616927] (-) TimerEvent: {}
[13.717969] (-) TimerEvent: {}
[13.787889] (sensor_test) StdoutLine: {'line': b'[ 50%] \x1b[32mBuilding CXX object CMakeFiles/sensor_test.dir/src/sensor_test.cpp.o\x1b[0m\n'}
[13.818209] (-) TimerEvent: {}
[13.919436] (-) TimerEvent: {}
[14.020557] (-) TimerEvent: {}
[14.121667] (-) TimerEvent: {}
[14.124243] (hdl_global_localization) StdoutLine: {'line': b'-- Found OpenSSL: /usr/lib/aarch64-linux-gnu/libcrypto.so (found version "1.1.1f")  \n'}
[14.221886] (-) TimerEvent: {}
[14.306109] (hdl_global_localization) StdoutLine: {'line': b'-- Found FastRTPS: /opt/ros/foxy/include  \n'}
[14.322212] (-) TimerEvent: {}
[14.577959] (-) TimerEvent: {}
[14.679851] (-) TimerEvent: {}
[14.768358] (hdl_global_localization) StdoutLine: {'line': b'-- Using all available rosidl_typesupport_cpp: rosidl_typesupport_fastrtps_cpp;rosidl_typesupport_introspection_cpp\n'}
[14.780623] (-) TimerEvent: {}
[14.881852] (-) TimerEvent: {}
[14.983086] (-) TimerEvent: {}
[15.084254] (-) TimerEvent: {}
[15.086979] (hdl_global_localization) StdoutLine: {'line': b'-- Found rmw_implementation_cmake: 1.0.4 (/opt/ros/foxy/share/rmw_implementation_cmake/cmake)\n'}
[15.095118] (hdl_global_localization) StdoutLine: {'line': b"-- Using RMW implementation 'rmw_cyclonedds_cpp' as default\n"}
[15.184518] (-) TimerEvent: {}
[15.285651] (-) TimerEvent: {}
[15.386839] (-) TimerEvent: {}
[15.488042] (-) TimerEvent: {}
[15.589207] (-) TimerEvent: {}
[15.690398] (-) TimerEvent: {}
[15.791661] (-) TimerEvent: {}
[15.892856] (-) TimerEvent: {}
[15.994067] (-) TimerEvent: {}
[16.095234] (-) TimerEvent: {}
[16.196373] (-) TimerEvent: {}
[16.297829] (-) TimerEvent: {}
[16.398946] (-) TimerEvent: {}
[16.499998] (-) TimerEvent: {}
[16.601088] (-) TimerEvent: {}
[16.702250] (-) TimerEvent: {}
[16.803376] (-) TimerEvent: {}
[16.904565] (-) TimerEvent: {}
[17.005666] (-) TimerEvent: {}
[17.106746] (-) TimerEvent: {}
[17.207785] (-) TimerEvent: {}
[17.309059] (-) TimerEvent: {}
[17.410164] (-) TimerEvent: {}
[17.511376] (-) TimerEvent: {}
[17.612514] (-) TimerEvent: {}
[17.714728] (-) TimerEvent: {}
[17.815787] (-) TimerEvent: {}
[17.917024] (-) TimerEvent: {}
[17.981700] (hdl_global_localization) StdoutLine: {'line': b'-- Found eigen3_cmake_module: 0.1.1 (/opt/ros/foxy/share/eigen3_cmake_module/cmake)\n'}
[18.000465] (hdl_global_localization) StdoutLine: {'line': b'-- Found Eigen3: TRUE (found version "3.3.7") \n'}
[18.017304] (-) TimerEvent: {}
[18.118386] (-) TimerEvent: {}
[18.219423] (-) TimerEvent: {}
[18.320696] (-) TimerEvent: {}
[18.421859] (-) TimerEvent: {}
[18.523152] (-) TimerEvent: {}
[18.624263] (-) TimerEvent: {}
[18.725382] (-) TimerEvent: {}
[18.826482] (-) TimerEvent: {}
[18.927632] (-) TimerEvent: {}
[19.029410] (-) TimerEvent: {}
[19.130890] (-) TimerEvent: {}
[19.231924] (-) TimerEvent: {}
[19.333022] (-) TimerEvent: {}
[19.435655] (-) TimerEvent: {}
[19.581015] (-) TimerEvent: {}
[19.681522] (hdl_global_localization) StdoutLine: {'line': b"-- Checking for module 'eigen3'\n"}
[19.682382] (-) TimerEvent: {}
[19.783240] (-) TimerEvent: {}
[19.815596] (hdl_global_localization) StdoutLine: {'line': b'--   Found eigen3, version 3.3.7\n'}
[19.883489] (-) TimerEvent: {}
[19.984948] (-) TimerEvent: {}
[20.086089] (-) TimerEvent: {}
[20.187243] (-) TimerEvent: {}
[20.192990] (hdl_global_localization) StdoutLine: {'line': b'-- Found Eigen: /usr/include/eigen3 (Required is at least version "3.1") \n'}
[20.193803] (hdl_global_localization) StdoutLine: {'line': b'-- Eigen found (include: /usr/include/eigen3, version: 3.3.7)\n'}
[20.287476] (-) TimerEvent: {}
[20.388647] (-) TimerEvent: {}
[20.490080] (-) TimerEvent: {}
[20.569036] (hdl_global_localization) StdoutLine: {'line': b"-- Checking for module 'flann'\n"}
[20.590324] (-) TimerEvent: {}
[20.690367] (sensor_test) StderrLine: {'line': b'\x1b[01m\x1b[K/home/ysc/lite_cog_ros2/nav/src/sensor_test/src/sensor_test.cpp:\x1b[m\x1b[K In member function \xe2\x80\x98\x1b[01m\x1b[Kvoid SensorTest::imuCallback(sensor_msgs::msg::Imu_<std::allocator<void> >::SharedPtr)\x1b[m\x1b[K\xe2\x80\x99:\n'}
[20.691381] (-) TimerEvent: {}
[20.692234] (sensor_test) StderrLine: {'line': b'\x1b[01m\x1b[K/home/ysc/lite_cog_ros2/nav/src/sensor_test/src/sensor_test.cpp:24:61:\x1b[m\x1b[K \x1b[01;35m\x1b[Kwarning: \x1b[m\x1b[Kunused parameter \xe2\x80\x98\x1b[01m\x1b[Kmsg\x1b[m\x1b[K\xe2\x80\x99 [\x1b[01;35m\x1b[K-Wunused-parameter\x1b[m\x1b[K]\n'}
[20.692910] (sensor_test) StderrLine: {'line': b'   24 |     void imuCallback(\x1b[01;35m\x1b[Kconst sensor_msgs::msg::Imu::SharedPtr msg\x1b[m\x1b[K)\n'}
[20.693365] (sensor_test) StderrLine: {'line': b'      |                      \x1b[01;35m\x1b[K~~~~~~~~~~~~~~~~~~~~~~~~~~~~~~~~~~~~~~~^~~\x1b[m\x1b[K\n'}
[20.701077] (sensor_test) StderrLine: {'line': b'\x1b[01m\x1b[K/home/ysc/lite_cog_ros2/nav/src/sensor_test/src/sensor_test.cpp:\x1b[m\x1b[K In member function \xe2\x80\x98\x1b[01m\x1b[Kvoid SensorTest::lidarCallback(sensor_msgs::msg::PointCloud2_<std::allocator<void> >::SharedPtr)\x1b[m\x1b[K\xe2\x80\x99:\n'}
[20.701966] (sensor_test) StderrLine: {'line': b'\x1b[01m\x1b[K/home/ysc/lite_cog_ros2/nav/src/sensor_test/src/sensor_test.cpp:29:71:\x1b[m\x1b[K \x1b[01;35m\x1b[Kwarning: \x1b[m\x1b[Kunused parameter \xe2\x80\x98\x1b[01m\x1b[Kmsg\x1b[m\x1b[K\xe2\x80\x99 [\x1b[01;35m\x1b[K-Wunused-parameter\x1b[m\x1b[K]\n'}
[20.702475] (sensor_test) StderrLine: {'line': b'   29 |     void lidarCallback(\x1b[01;35m\x1b[Kconst sensor_msgs::msg::PointCloud2::SharedPtr msg\x1b[m\x1b[K)\n'}
[20.702923] (sensor_test) StderrLine: {'line': b'      |                        \x1b[01;35m\x1b[K~~~~~~~~~~~~~~~~~~~~~~~~~~~~~~~~~~~~~~~~~~~~~~~^~~\x1b[m\x1b[K\n'}
[20.703365] (sensor_test) StderrLine: {'line': b'\x1b[01m\x1b[K/home/ysc/lite_cog_ros2/nav/src/sensor_test/src/sensor_test.cpp:\x1b[m\x1b[K In member function \xe2\x80\x98\x1b[01m\x1b[Kvoid SensorTest::realsenseCallback(sensor_msgs::msg::PointCloud2_<std::allocator<void> >::SharedPtr)\x1b[m\x1b[K\xe2\x80\x99:\n'}
[20.703891] (sensor_test) StderrLine: {'line': b'\x1b[01m\x1b[K/home/ysc/lite_cog_ros2/nav/src/sensor_test/src/sensor_test.cpp:34:75:\x1b[m\x1b[K \x1b[01;35m\x1b[Kwarning: \x1b[m\x1b[Kunused parameter \xe2\x80\x98\x1b[01m\x1b[Kmsg\x1b[m\x1b[K\xe2\x80\x99 [\x1b[01;35m\x1b[K-Wunused-parameter\x1b[m\x1b[K]\n'}
[20.704399] (sensor_test) StderrLine: {'line': b'   34 |     void realsenseCallback(\x1b[01;35m\x1b[Kconst sensor_msgs::msg::PointCloud2::SharedPtr msg\x1b[m\x1b[K)\n'}
[20.704863] (sensor_test) StderrLine: {'line': b'      |                            \x1b[01;35m\x1b[K~~~~~~~~~~~~~~~~~~~~~~~~~~~~~~~~~~~~~~~~~~~~~~~^~~\x1b[m\x1b[K\n'}
[20.711063] (hdl_global_localization) StdoutLine: {'line': b'--   Found flann, version 1.9.1\n'}
[20.791683] (-) TimerEvent: {}
[20.893031] (-) TimerEvent: {}
[20.994180] (-) TimerEvent: {}
[21.095430] (-) TimerEvent: {}
[21.113575] (hdl_global_localization) StdoutLine: {'line': b'-- Found FLANN: /usr/lib/aarch64-linux-gnu/libflann_cpp.so  \n'}
[21.195712] (-) TimerEvent: {}
[21.297005] (-) TimerEvent: {}
[21.398397] (-) TimerEvent: {}
[21.499675] (-) TimerEvent: {}
[21.521747] (hdl_global_localization) StdoutLine: {'line': b'-- The imported target "vtkParseOGLExt" references the file\n'}
[21.522589] (hdl_global_localization) StdoutLine: {'line': b'   "/usr/bin/vtkParseOGLExt-7.1"\n'}
[21.523028] (hdl_global_localization) StdoutLine: {'line': b'but this file does not exist.  Possible reasons include:\n'}
[21.523445] (hdl_global_localization) StdoutLine: {'line': b'* The file was deleted, renamed, or moved to another location.\n'}
[21.523843] (hdl_global_localization) StdoutLine: {'line': b'* An install or uninstall procedure did not complete successfully.\n'}
[21.524557] (hdl_global_localization) StdoutLine: {'line': b'* The installation package was faulty and contained\n'}
[21.525044] (hdl_global_localization) StdoutLine: {'line': b'   "/usr/lib/cmake/vtk-7.1/VTKTargets.cmake"\n'}
[21.525429] (hdl_global_localization) StdoutLine: {'line': b'but not all the files it references.\n'}
[21.525788] (hdl_global_localization) StdoutLine: {'line': b'\n'}
[21.528477] (hdl_global_localization) StdoutLine: {'line': b'-- The imported target "vtkRenderingPythonTkWidgets" references the file\n'}
[21.529092] (hdl_global_localization) StdoutLine: {'line': b'   "/usr/lib/aarch64-linux-gnu/libvtkRenderingPythonTkWidgets.so"\n'}
[21.529494] (hdl_global_localization) StdoutLine: {'line': b'but this file does not exist.  Possible reasons include:\n'}
[21.529928] (hdl_global_localization) StdoutLine: {'line': b'* The file was deleted, renamed, or moved to another location.\n'}
[21.530354] (hdl_global_localization) StdoutLine: {'line': b'* An install or uninstall procedure did not complete successfully.\n'}
[21.530805] (hdl_global_localization) StdoutLine: {'line': b'* The installation package was faulty and contained\n'}
[21.531166] (hdl_global_localization) StdoutLine: {'line': b'   "/usr/lib/cmake/vtk-7.1/VTKTargets.cmake"\n'}
[21.531522] (hdl_global_localization) StdoutLine: {'line': b'but not all the files it references.\n'}
[21.531903] (hdl_global_localization) StdoutLine: {'line': b'\n'}
[21.534005] (hdl_global_localization) StdoutLine: {'line': b'-- The imported target "vtk" references the file\n'}
[21.535586] (hdl_global_localization) StdoutLine: {'line': b'   "/usr/bin/vtk"\n'}
[21.536618] (hdl_global_localization) StdoutLine: {'line': b'but this file does not exist.  Possible reasons include:\n'}
[21.537183] (hdl_global_localization) StdoutLine: {'line': b'* The file was deleted, renamed, or moved to another location.\n'}
[21.537623] (hdl_global_localization) StdoutLine: {'line': b'* An install or uninstall procedure did not complete successfully.\n'}
[21.538025] (hdl_global_localization) StdoutLine: {'line': b'* The installation package was faulty and contained\n'}
[21.538424] (hdl_global_localization) StdoutLine: {'line': b'   "/usr/lib/cmake/vtk-7.1/VTKTargets.cmake"\n'}
[21.538872] (hdl_global_localization) StdoutLine: {'line': b'but not all the files it references.\n'}
[21.539259] (hdl_global_localization) StdoutLine: {'line': b'\n'}
[21.539636] (hdl_global_localization) StdoutLine: {'line': b'-- The imported target "pvtk" references the file\n'}
[21.540038] (hdl_global_localization) StdoutLine: {'line': b'   "/usr/bin/pvtk"\n'}
[21.540575] (hdl_global_localization) StdoutLine: {'line': b'but this file does not exist.  Possible reasons include:\n'}
[21.541007] (hdl_global_localization) StdoutLine: {'line': b'* The file was deleted, renamed, or moved to another location.\n'}
[21.541404] (hdl_global_localization) StdoutLine: {'line': b'* An install or uninstall procedure did not complete successfully.\n'}
[21.541881] (hdl_global_localization) StdoutLine: {'line': b'* The installation package was faulty and contained\n'}
[21.542333] (hdl_global_localization) StdoutLine: {'line': b'   "/usr/lib/cmake/vtk-7.1/VTKTargets.cmake"\n'}
[21.542735] (hdl_global_localization) StdoutLine: {'line': b'but not all the files it references.\n'}
[21.543303] (hdl_global_localization) StdoutLine: {'line': b'\n'}
[21.599985] (-) TimerEvent: {}
[21.681054] (hdl_global_localization) StdoutLine: {'line': b"-- Checking for module 'libusb-1.0'\n"}
[21.700372] (-) TimerEvent: {}
[21.801508] (-) TimerEvent: {}
[21.823245] (hdl_global_localization) StdoutLine: {'line': b'--   Found libusb-1.0, version 1.0.23\n'}
[21.901765] (-) TimerEvent: {}
[22.002931] (-) TimerEvent: {}
[22.104661] (-) TimerEvent: {}
[22.205840] (-) TimerEvent: {}
[22.222048] (hdl_global_localization) StdoutLine: {'line': b'-- Found USB_10: /usr/lib/aarch64-linux-gnu/libusb-1.0.so  \n'}
[22.306139] (-) TimerEvent: {}
[22.407288] (-) TimerEvent: {}
[22.508553] (-) TimerEvent: {}
[22.609682] (-) TimerEvent: {}
[22.710869] (-) TimerEvent: {}
[22.752935] (hdl_global_localization) StdoutLine: {'line': b'-- OpenNI found (include: /usr/include/ni, lib: /usr/lib/libOpenNI.so)\n'}
[22.811161] (-) TimerEvent: {}
[22.913190] (-) TimerEvent: {}
[23.014883] (-) TimerEvent: {}
[23.116623] (-) TimerEvent: {}
[23.217809] (-) TimerEvent: {}
[23.319781] (-) TimerEvent: {}
[23.321281] (hdl_global_localization) StdoutLine: {'line': b'-- OpenNI2 found (include: /usr/include/openni2, lib: /usr/lib/libOpenNI2.so)\n'}
[23.413608] (hdl_global_localization) StdoutLine: {'line': b'-- Found libusb-1.0: /usr/include  \n'}
[23.420032] (-) TimerEvent: {}
[23.463115] (hdl_global_localization) StdoutLine: {'line': b'-- OpenNI found (include: /usr/include/ni, lib: /usr/lib/libOpenNI.so)\n'}
[23.506051] (hdl_global_localization) StdoutLine: {'line': b'-- OpenNI2 found (include: /usr/include/openni2, lib: /usr/lib/libOpenNI2.so)\n'}
[23.520396] (-) TimerEvent: {}
[23.621592] (-) TimerEvent: {}
[23.695773] (hdl_global_localization) StdoutLine: {'line': b'-- Found Qhull: optimized;/usr/lib/aarch64-linux-gnu/libqhull.so;debug;/usr/lib/aarch64-linux-gnu/libqhull.so  \n'}
[23.697129] (hdl_global_localization) StdoutLine: {'line': b'-- QHULL found (include: /usr/include, lib: optimized;/usr/lib/aarch64-linux-gnu/libqhull.so;debug;/usr/lib/aarch64-linux-gnu/libqhull.so)\n'}
[23.721900] (-) TimerEvent: {}
[23.741803] (hdl_global_localization) StdoutLine: {'line': b'-- OpenNI found (include: /usr/include/ni, lib: /usr/lib/libOpenNI.so)\n'}
[23.822179] (-) TimerEvent: {}
[23.824415] (hdl_global_localization) StdoutLine: {'line': b'-- Found PCL_COMMON: /usr/lib/aarch64-linux-gnu/libpcl_common.so  \n'}
[23.833751] (hdl_global_localization) StdoutLine: {'line': b'-- Found PCL_KDTREE: /usr/lib/aarch64-linux-gnu/libpcl_kdtree.so  \n'}
[23.841752] (hdl_global_localization) StdoutLine: {'line': b'-- Found PCL_OCTREE: /usr/lib/aarch64-linux-gnu/libpcl_octree.so  \n'}
[23.850428] (hdl_global_localization) StdoutLine: {'line': b'-- Found PCL_SEARCH: /usr/lib/aarch64-linux-gnu/libpcl_search.so  \n'}
[23.857087] (hdl_global_localization) StdoutLine: {'line': b'-- Found PCL_SAMPLE_CONSENSUS: /usr/lib/aarch64-linux-gnu/libpcl_sample_consensus.so  \n'}
[23.864628] (hdl_global_localization) StdoutLine: {'line': b'-- Found PCL_FILTERS: /usr/lib/aarch64-linux-gnu/libpcl_filters.so  \n'}
[23.868635] (hdl_global_localization) StdoutLine: {'line': b'-- Found PCL_2D: /usr/include/pcl-1.10  \n'}
[23.872853] (hdl_global_localization) StdoutLine: {'line': b'-- Found PCL_GEOMETRY: /usr/include/pcl-1.10  \n'}
[23.880938] (hdl_global_localization) StdoutLine: {'line': b'-- Found PCL_IO: /usr/lib/aarch64-linux-gnu/libpcl_io.so  \n'}
[23.890677] (hdl_global_localization) StdoutLine: {'line': b'-- Found PCL_FEATURES: /usr/lib/aarch64-linux-gnu/libpcl_features.so  \n'}
[23.899819] (hdl_global_localization) StdoutLine: {'line': b'-- Found PCL_ML: /usr/lib/aarch64-linux-gnu/libpcl_ml.so  \n'}
[23.907240] (hdl_global_localization) StdoutLine: {'line': b'-- Found PCL_SEGMENTATION: /usr/lib/aarch64-linux-gnu/libpcl_segmentation.so  \n'}
[23.915790] (hdl_global_localization) StdoutLine: {'line': b'-- Found PCL_VISUALIZATION: /usr/lib/aarch64-linux-gnu/libpcl_visualization.so  \n'}
[23.922397] (-) TimerEvent: {}
[23.923692] (hdl_global_localization) StdoutLine: {'line': b'-- Found PCL_SURFACE: /usr/lib/aarch64-linux-gnu/libpcl_surface.so  \n'}
[23.930890] (hdl_global_localization) StdoutLine: {'line': b'-- Found PCL_REGISTRATION: /usr/lib/aarch64-linux-gnu/libpcl_registration.so  \n'}
[23.942794] (hdl_global_localization) StdoutLine: {'line': b'-- Found PCL_KEYPOINTS: /usr/lib/aarch64-linux-gnu/libpcl_keypoints.so  \n'}
[23.950816] (hdl_global_localization) StdoutLine: {'line': b'-- Found PCL_TRACKING: /usr/lib/aarch64-linux-gnu/libpcl_tracking.so  \n'}
[23.959779] (hdl_global_localization) StdoutLine: {'line': b'-- Found PCL_RECOGNITION: /usr/lib/aarch64-linux-gnu/libpcl_recognition.so  \n'}
[23.971378] (hdl_global_localization) StdoutLine: {'line': b'-- Found PCL_STEREO: /usr/lib/aarch64-linux-gnu/libpcl_stereo.so  \n'}
[23.981881] (hdl_global_localization) StdoutLine: {'line': b'-- Found PCL_APPS: /usr/lib/aarch64-linux-gnu/libpcl_apps.so  \n'}
[23.994835] (hdl_global_localization) StdoutLine: {'line': b'-- Found PCL_IN_HAND_SCANNER: /usr/include/pcl-1.10  \n'}
[23.999045] (hdl_global_localization) StdoutLine: {'line': b'-- Found PCL_POINT_CLOUD_EDITOR: /usr/include/pcl-1.10  \n'}
[24.007562] (hdl_global_localization) StdoutLine: {'line': b'-- Found PCL_OUTOFCORE: /usr/lib/aarch64-linux-gnu/libpcl_outofcore.so  \n'}
[24.017006] (hdl_global_localization) StdoutLine: {'line': b'-- Found PCL_PEOPLE: /usr/lib/aarch64-linux-gnu/libpcl_people.so  \n'}
[24.022639] (-) TimerEvent: {}
[24.125804] (-) TimerEvent: {}
[24.227648] (-) TimerEvent: {}
[24.330802] (-) TimerEvent: {}
[24.432605] (-) TimerEvent: {}
[24.534901] (-) TimerEvent: {}
[24.663244] (-) TimerEvent: {}
[24.764985] (-) TimerEvent: {}
[24.866299] (-) TimerEvent: {}
[24.967512] (-) TimerEvent: {}
[25.068762] (-) TimerEvent: {}
[25.169989] (-) TimerEvent: {}
[25.264238] (hdl_global_localization) StdoutLine: {'line': b'-- Using the multi-header code from /home/ysc/lite_cog_ros2/nav/src/hdl_global_localization/thirdparty/json/include/\n'}
[25.270253] (-) TimerEvent: {}
[25.371415] (-) TimerEvent: {}
[25.472728] (-) TimerEvent: {}
[25.563113] (hdl_global_localization) StdoutLine: {'line': b'-- Found PythonInterp: /usr/bin/python3 (found version "3.8.10") \n'}
[25.573008] (-) TimerEvent: {}
[25.674150] (-) TimerEvent: {}
[25.775386] (-) TimerEvent: {}
[25.876700] (-) TimerEvent: {}
[25.977949] (-) TimerEvent: {}
[26.079191] (-) TimerEvent: {}
[26.181241] (-) TimerEvent: {}
[26.282568] (-) TimerEvent: {}
[26.383781] (-) TimerEvent: {}
[26.485062] (-) TimerEvent: {}
[26.586238] (-) TimerEvent: {}
[26.687415] (-) TimerEvent: {}
[26.788806] (-) TimerEvent: {}
[26.839282] (hdl_global_localization) StdoutLine: {'line': b'-- Found ament_cmake_ros: 0.9.2 (/opt/ros/foxy/share/ament_cmake_ros/cmake)\n'}
[26.889118] (-) TimerEvent: {}
[26.990595] (-) TimerEvent: {}
[27.091973] (-) TimerEvent: {}
[27.193200] (-) TimerEvent: {}
[27.294783] (-) TimerEvent: {}
[27.395891] (-) TimerEvent: {}
[27.497267] (-) TimerEvent: {}
[27.598511] (-) TimerEvent: {}
[27.699727] (-) TimerEvent: {}
[27.801119] (-) TimerEvent: {}
[27.902971] (-) TimerEvent: {}
[28.005163] (-) TimerEvent: {}
[28.106374] (-) TimerEvent: {}
[28.207680] (-) TimerEvent: {}
[28.309783] (-) TimerEvent: {}
[28.411110] (-) TimerEvent: {}
[28.512927] (-) TimerEvent: {}
[28.614840] (-) TimerEvent: {}
[28.715990] (-) TimerEvent: {}
[28.817431] (-) TimerEvent: {}
[28.872885] (hdl_global_localization) StdoutLine: {'line': b'-- Using all available rosidl_typesupport_c: rosidl_typesupport_fastrtps_c;rosidl_typesupport_introspection_c\n'}
[28.917746] (-) TimerEvent: {}
[29.019940] (-) TimerEvent: {}
[29.121168] (-) TimerEvent: {}
[29.222193] (-) TimerEvent: {}
[29.323198] (-) TimerEvent: {}
[29.424313] (-) TimerEvent: {}
[29.525396] (-) TimerEvent: {}
[29.684304] (-) TimerEvent: {}
[29.785349] (-) TimerEvent: {}
[29.886573] (-) TimerEvent: {}
[29.987711] (-) TimerEvent: {}
[29.998959] (hdl_global_localization) StdoutLine: {'line': b'-- Using all available rosidl_typesupport_cpp: rosidl_typesupport_fastrtps_cpp;rosidl_typesupport_introspection_cpp\n'}
[30.087922] (-) TimerEvent: {}
[30.189132] (-) TimerEvent: {}
[30.192681] (hdl_global_localization) StdoutLine: {'line': b'-- Found PythonInterp: /usr/bin/python3 (found suitable version "3.8.10", minimum required is "3.5") \n'}
[30.203571] (hdl_global_localization) StdoutLine: {'line': b'-- Found python_cmake_module: 0.8.1 (/opt/ros/foxy/share/python_cmake_module/cmake)\n'}
[30.289371] (-) TimerEvent: {}
[30.390495] (-) TimerEvent: {}
[30.407423] (hdl_global_localization) StdoutLine: {'line': b'-- Found PythonLibs: /usr/lib/aarch64-linux-gnu/libpython3.8.so (found suitable version "3.8.10", minimum required is "3.5") \n'}
[30.408798] (hdl_global_localization) StdoutLine: {'line': b'-- Using PYTHON_EXECUTABLE: /usr/bin/python3\n'}
[30.410351] (hdl_global_localization) StdoutLine: {'line': b'-- Using PYTHON_INCLUDE_DIRS: /usr/include/python3.8\n'}
[30.410787] (hdl_global_localization) StdoutLine: {'line': b'-- Using PYTHON_LIBRARIES: /usr/lib/aarch64-linux-gnu/libpython3.8.so\n'}
[30.490762] (-) TimerEvent: {}
[30.549427] (hdl_global_localization) StdoutLine: {'line': b'-- Found PythonExtra: .so  \n'}
[30.591117] (-) TimerEvent: {}
[30.692403] (-) TimerEvent: {}
[30.793614] (-) TimerEvent: {}
[30.895065] (-) TimerEvent: {}
[30.996104] (-) TimerEvent: {}
[31.097299] (-) TimerEvent: {}
[31.198360] (-) TimerEvent: {}
[31.299518] (-) TimerEvent: {}
[31.402049] (-) TimerEvent: {}
[31.503618] (-) TimerEvent: {}
[31.605207] (-) TimerEvent: {}
[31.706312] (-) TimerEvent: {}
[31.805170] (hdl_global_localization) StdoutLine: {'line': b'-- Configuring done\n'}
[31.806495] (-) TimerEvent: {}
[31.907540] (-) TimerEvent: {}
[32.010007] (-) TimerEvent: {}
[32.111128] (-) TimerEvent: {}
[32.212472] (-) TimerEvent: {}
[32.313587] (-) TimerEvent: {}
[32.415503] (-) TimerEvent: {}
[32.517036] (-) TimerEvent: {}
[32.618334] (-) TimerEvent: {}
[32.720779] (-) TimerEvent: {}
[32.822031] (-) TimerEvent: {}
[32.923800] (-) TimerEvent: {}
[33.025380] (-) TimerEvent: {}
[33.126635] (-) TimerEvent: {}
[33.227825] (-) TimerEvent: {}
[33.329173] (-) TimerEvent: {}
[33.430652] (-) TimerEvent: {}
[33.531755] (-) TimerEvent: {}
[33.633064] (-) TimerEvent: {}
[33.734208] (-) TimerEvent: {}
[33.776220] (hdl_global_localization) StdoutLine: {'line': b'-- Generating done\n'}
[33.802667] (hdl_global_localization) StdoutLine: {'line': b'-- Build files have been written to: /home/ysc/lite_cog_ros2/nav/build/hdl_global_localization\n'}
[33.834486] (-) TimerEvent: {}
[33.907569] (hdl_global_localization) CommandEnded: {'returncode': 0}
[33.913090] (hdl_global_localization) JobProgress: {'identifier': 'hdl_global_localization', 'progress': 'build'}
[33.915477] (hdl_global_localization) Command: {'cmd': ['/usr/bin/cmake', '--build', '/home/ysc/lite_cog_ros2/nav/build/hdl_global_localization', '--', '-j6', '-l6'], 'cwd': '/home/ysc/lite_cog_ros2/nav/build/hdl_global_localization', 'env': OrderedDict([('GJS_DEBUG_TOPICS', 'JS ERROR;JS LOG'), ('LESSOPEN', '| /usr/bin/lesspipe %s'), ('USER', 'ysc'), ('LC_TIME', 'zh_CN.UTF-8'), ('SSH_AGENT_PID', '1805'), ('XDG_SESSION_TYPE', 'x11'), ('SHLVL', '1'), ('LD_LIBRARY_PATH', '/home/ysc/lite_cog_ros2/ndt_omp/install/ndt_omp/lib:/home/ysc/lite_cog_ros2/fast_gicp/install/fast_gicp/lib:/usr/lib/aarch64-linux-gnu/gazebo-11/plugins:/opt/ros/foxy/opt/yaml_cpp_vendor/lib:/opt/ros/foxy/opt/rviz_ogre_vendor/lib:/opt/ros/foxy/lib/aarch64-linux-gnu:/opt/ros/foxy/lib:/usr/local/cuda-11.4/lib64:'), ('HOME', '/home/ysc'), ('OLDPWD', '/home/ysc/lite_cog_ros2'), ('DESKTOP_SESSION', 'ubuntu'), ('ROS_PYTHON_VERSION', '3'), ('GNOME_SHELL_SESSION_MODE', 'ubuntu'), ('GTK_MODULES', 'gail:atk-bridge'), ('LC_MONETARY', 'zh_CN.UTF-8'), ('MANAGERPID', '1399'), ('ROS_LOG_DIR', '/home/ysc/lite_cog_ros2/system/log'), ('DBUS_SESSION_BUS_ADDRESS', 'unix:path=/run/user/1000/bus'), ('COLORTERM', 'truecolor'), ('_colcon_cd_root', '/opt/ros/foxy/'), ('IM_CONFIG_PHASE', '1'), ('COLCON_PREFIX_PATH', '/home/ysc/lite_cog_ros2/ndt_omp/install:/home/ysc/lite_cog_ros2/fast_gicp/install'), ('ROS_DISTRO', 'foxy'), ('LOGNAME', 'ysc'), ('JOURNAL_STREAM', '8:46044'), ('_', '/usr/bin/colcon'), ('ROS_VERSION', '2'), ('XDG_SESSION_CLASS', 'user'), ('USERNAME', 'ysc'), ('TERM', 'xterm-256color'), ('GNOME_DESKTOP_SESSION_ID', 'this-is-deprecated'), ('ROS_LOCALHOST_ONLY', '0'), ('WINDOWPATH', '2'), ('PATH', '/opt/ros/foxy/bin:/usr/local/cuda-11.4/bin:/home/ysc/.local/bin:/usr/local/sbin:/usr/local/bin:/usr/sbin:/usr/bin:/sbin:/bin:/usr/games:/usr/local/games:/snap/bin'), ('SESSION_MANAGER', 'local/lite:@/tmp/.ICE-unix/1983,unix/lite:/tmp/.ICE-unix/1983'), ('FASTRTPS_DEFAULT_PROFILES_FILE', '/home/ysc/lite_cog_ros2/system/fastdds_profile.xml'), ('INVOCATION_ID', '1bf911e44b454cbe8457b4f284c2b3c1'), ('XDG_MENU_PREFIX', 'gnome-'), ('LC_ADDRESS', 'zh_CN.UTF-8'), ('GNOME_TERMINAL_SCREEN', '/org/gnome/Terminal/screen/7ef9d830_3e2c_4561_8aa9_5b556ddb01fc'), ('XDG_RUNTIME_DIR', '/run/user/1000'), ('DISPLAY', ':0'), ('LANG', 'en_US.UTF-8'), ('XDG_CURRENT_DESKTOP', 'ubuntu:GNOME'), ('LC_TELEPHONE', 'zh_CN.UTF-8'), ('RMW_IMPLEMENTATION', 'rmw_cyclonedds_cpp'), ('XMODIFIERS', '@im=ibus'), ('XDG_SESSION_DESKTOP', 'ubuntu'), ('XAUTHORITY', '/run/user/1000/gdm/Xauthority'), ('LS_COLORS', 'rs=0:di=01;34:ln=01;36:mh=00:pi=40;33:so=01;35:do=01;35:bd=40;33;01:cd=40;33;01:or=40;31;01:mi=00:su=37;41:sg=30;43:ca=30;41:tw=30;42:ow=34;42:st=37;44:ex=01;32:*.tar=01;31:*.tgz=01;31:*.arc=01;31:*.arj=01;31:*.taz=01;31:*.lha=01;31:*.lz4=01;31:*.lzh=01;31:*.lzma=01;31:*.tlz=01;31:*.txz=01;31:*.tzo=01;31:*.t7z=01;31:*.zip=01;31:*.z=01;31:*.dz=01;31:*.gz=01;31:*.lrz=01;31:*.lz=01;31:*.lzo=01;31:*.xz=01;31:*.zst=01;31:*.tzst=01;31:*.bz2=01;31:*.bz=01;31:*.tbz=01;31:*.tbz2=01;31:*.tz=01;31:*.deb=01;31:*.rpm=01;31:*.jar=01;31:*.war=01;31:*.ear=01;31:*.sar=01;31:*.rar=01;31:*.alz=01;31:*.ace=01;31:*.zoo=01;31:*.cpio=01;31:*.7z=01;31:*.rz=01;31:*.cab=01;31:*.wim=01;31:*.swm=01;31:*.dwm=01;31:*.esd=01;31:*.jpg=01;35:*.jpeg=01;35:*.mjpg=01;35:*.mjpeg=01;35:*.gif=01;35:*.bmp=01;35:*.pbm=01;35:*.pgm=01;35:*.ppm=01;35:*.tga=01;35:*.xbm=01;35:*.xpm=01;35:*.tif=01;35:*.tiff=01;35:*.png=01;35:*.svg=01;35:*.svgz=01;35:*.mng=01;35:*.pcx=01;35:*.mov=01;35:*.mpg=01;35:*.mpeg=01;35:*.m2v=01;35:*.mkv=01;35:*.webm=01;35:*.ogm=01;35:*.mp4=01;35:*.m4v=01;35:*.mp4v=01;35:*.vob=01;35:*.qt=01;35:*.nuv=01;35:*.wmv=01;35:*.asf=01;35:*.rm=01;35:*.rmvb=01;35:*.flc=01;35:*.avi=01;35:*.fli=01;35:*.flv=01;35:*.gl=01;35:*.dl=01;35:*.xcf=01;35:*.xwd=01;35:*.yuv=01;35:*.cgm=01;35:*.emf=01;35:*.ogv=01;35:*.ogx=01;35:*.aac=00;36:*.au=00;36:*.flac=00;36:*.m4a=00;36:*.mid=00;36:*.midi=00;36:*.mka=00;36:*.mp3=00;36:*.mpc=00;36:*.ogg=00;36:*.ra=00;36:*.wav=00;36:*.oga=00;36:*.opus=00;36:*.spx=00;36:*.xspf=00;36:'), ('GNOME_TERMINAL_SERVICE', ':1.79'), ('SSH_AUTH_SOCK', '/run/user/1000/keyring/ssh'), ('ROS_DOMAIN_ID', '0'), ('AMENT_PREFIX_PATH', '/home/ysc/lite_cog_ros2/ndt_omp/install/ndt_omp:/home/ysc/lite_cog_ros2/fast_gicp/install/fast_gicp:/opt/ros/foxy'), ('SHELL', '/bin/bash'), ('LC_NAME', 'zh_CN.UTF-8'), ('QT_ACCESSIBILITY', '1'), ('GDMSESSION', 'ubuntu'), ('LESSCLOSE', '/usr/bin/lesspipe %s %s'), ('LC_MEASUREMENT', 'zh_CN.UTF-8'), ('GPG_AGENT_INFO', '/run/user/1000/gnupg/S.gpg-agent:0:1'), ('GJS_DEBUG_OUTPUT', 'stderr'), ('LC_IDENTIFICATION', 'zh_CN.UTF-8'), ('QT_IM_MODULE', 'ibus'), ('PWD', '/home/ysc/lite_cog_ros2/nav/build/hdl_global_localization'), ('LC_ALL', 'en_US.UTF-8'), ('XDG_CONFIG_DIRS', '/etc/xdg/xdg-ubuntu:/etc/xdg'), ('XDG_DATA_DIRS', '/usr/share/ubuntu:/usr/local/share/:/usr/share/:/var/lib/snapd/desktop'), ('PYTHONPATH', '/opt/ros/foxy/lib/python3.8/site-packages'), ('LC_NUMERIC', 'zh_CN.UTF-8'), ('LC_PAPER', 'zh_CN.UTF-8'), ('COLCON', '1'), ('VTE_VERSION', '6003'), ('CMAKE_PREFIX_PATH', '/home/ysc/lite_cog_ros2/ndt_omp/install/ndt_omp:/home/ysc/lite_cog_ros2/fast_gicp/install/fast_gicp:/opt/ros/foxy')]), 'shell': False}
[33.937483] (-) TimerEvent: {}
[34.041811] (-) TimerEvent: {}
[34.143331] (-) TimerEvent: {}
[34.245468] (-) TimerEvent: {}
[34.275299] (hdl_global_localization) StdoutLine: {'line': b'\x1b[35m\x1b[1mScanning dependencies of target hdl_global_localization__cpp\x1b[0m\n'}
[34.282857] (hdl_global_localization) StdoutLine: {'line': b'[  1%] \x1b[34m\x1b[1mGenerating C code for ROS interfaces\x1b[0m\n'}
[34.306159] (hdl_global_localization) StdoutLine: {'line': b'\x1b[35m\x1b[1mScanning dependencies of target hdl_global_localization_engines\x1b[0m\n'}
[34.345688] (-) TimerEvent: {}
[34.384959] (hdl_global_localization) StdoutLine: {'line': b'[  3%] \x1b[34m\x1b[1mGenerating C++ code for ROS interfaces\x1b[0m\n'}
[34.445902] (-) TimerEvent: {}
[34.575676] (-) TimerEvent: {}
[34.676716] (-) TimerEvent: {}
[34.777829] (-) TimerEvent: {}
[34.878858] (-) TimerEvent: {}
[34.979962] (-) TimerEvent: {}
[35.081242] (-) TimerEvent: {}
[35.182293] (-) TimerEvent: {}
[35.283436] (-) TimerEvent: {}
[35.384745] (-) TimerEvent: {}
[35.486000] (-) TimerEvent: {}
[35.587234] (-) TimerEvent: {}
[35.688353] (-) TimerEvent: {}
[35.789460] (-) TimerEvent: {}
[35.890750] (-) TimerEvent: {}
[35.991939] (-) TimerEvent: {}
[36.093282] (-) TimerEvent: {}
[36.194540] (-) TimerEvent: {}
[36.295628] (-) TimerEvent: {}
[36.397663] (-) TimerEvent: {}
[36.498736] (-) TimerEvent: {}
[36.600017] (-) TimerEvent: {}
[36.701908] (-) TimerEvent: {}
[36.803813] (-) TimerEvent: {}
[36.905699] (-) TimerEvent: {}
[37.004207] (hdl_global_localization) StdoutLine: {'line': b'[  5%] \x1b[32mBuilding CXX object CMakeFiles/hdl_global_localization_engines.dir/src/hdl_global_localization/util/config.cpp.o\x1b[0m\n'}
[37.006327] (-) TimerEvent: {}
[37.107984] (-) TimerEvent: {}
[37.205145] (hdl_global_localization) StdoutLine: {'line': b'[  6%] \x1b[32mBuilding CXX object CMakeFiles/hdl_global_localization_engines.dir/src/hdl_global_localization/ransac/voxelset.cpp.o\x1b[0m\n'}
[37.208350] (-) TimerEvent: {}
[37.210911] (hdl_global_localization) StdoutLine: {'line': b'[  8%] \x1b[32mBuilding CXX object CMakeFiles/hdl_global_localization_engines.dir/src/hdl_global_localization/bbs/bbs_localization.cpp.o\x1b[0m\n'}
[37.308604] (-) TimerEvent: {}
[37.401258] (hdl_global_localization) StdoutLine: {'line': b'[  8%] Built target hdl_global_localization__cpp\n'}
[37.411074] (-) TimerEvent: {}
[37.505164] (hdl_global_localization) StdoutLine: {'line': b'[ 10%] \x1b[32mBuilding CXX object CMakeFiles/hdl_global_localization_engines.dir/src/hdl_global_localization/ransac/ransac_pose_estimation.cpp.o\x1b[0m\n'}
[37.511381] (-) TimerEvent: {}
[37.534488] (hdl_global_localization) StdoutLine: {'line': b'[ 12%] \x1b[34m\x1b[1mGenerating C++ type support dispatch for ROS interfaces\x1b[0m\n'}
[37.611612] (-) TimerEvent: {}
[37.709392] (hdl_global_localization) StdoutLine: {'line': b'\x1b[35m\x1b[1mScanning dependencies of target hdl_global_localization__rosidl_generator_c\x1b[0m\n'}
[37.711811] (-) TimerEvent: {}
[37.813962] (-) TimerEvent: {}
[37.916511] (-) TimerEvent: {}
[38.017726] (-) TimerEvent: {}
[38.114136] (hdl_global_localization) StdoutLine: {'line': b'[ 13%] \x1b[32mBuilding C object CMakeFiles/hdl_global_localization__rosidl_generator_c.dir/rosidl_generator_c/hdl_global_localization/srv/detail/query_global_localization__functions.c.o\x1b[0m\n'}
[38.118164] (-) TimerEvent: {}
[38.219151] (-) TimerEvent: {}
[38.320226] (-) TimerEvent: {}
[38.422398] (-) TimerEvent: {}
[38.524853] (-) TimerEvent: {}
[38.627323] (-) TimerEvent: {}
[38.748423] (-) TimerEvent: {}
[38.850692] (-) TimerEvent: {}
[38.903561] (hdl_global_localization) StdoutLine: {'line': b'[ 15%] \x1b[32mBuilding C object CMakeFiles/hdl_global_localization__rosidl_generator_c.dir/rosidl_generator_c/hdl_global_localization/srv/detail/set_global_localization_engine__functions.c.o\x1b[0m\n'}
[38.950953] (-) TimerEvent: {}
[39.052620] (-) TimerEvent: {}
[39.154304] (-) TimerEvent: {}
[39.256258] (-) TimerEvent: {}
[39.360578] (-) TimerEvent: {}
[39.462424] (-) TimerEvent: {}
[39.663611] (-) TimerEvent: {}
[39.773082] (-) TimerEvent: {}
[39.874291] (-) TimerEvent: {}
[39.976002] (-) TimerEvent: {}
[39.996792] (hdl_global_localization) StdoutLine: {'line': b'\x1b[35m\x1b[1mScanning dependencies of target hdl_global_localization__rosidl_typesupport_cpp\x1b[0m\n'}
[40.015534] (hdl_global_localization) StdoutLine: {'line': b'[ 17%] \x1b[32mBuilding C object CMakeFiles/hdl_global_localization__rosidl_generator_c.dir/rosidl_generator_c/hdl_global_localization/srv/detail/set_global_map__functions.c.o\x1b[0m\n'}
[40.076391] (-) TimerEvent: {}
[40.178192] (-) TimerEvent: {}
[40.279915] (-) TimerEvent: {}
[40.381659] (-) TimerEvent: {}
[40.483377] (-) TimerEvent: {}
[40.575206] (hdl_global_localization) StdoutLine: {'line': b'[ 18%] \x1b[32mBuilding CXX object CMakeFiles/hdl_global_localization__rosidl_typesupport_cpp.dir/rosidl_typesupport_cpp/hdl_global_localization/srv/query_global_localization__type_support.cpp.o\x1b[0m\n'}
[40.583688] (-) TimerEvent: {}
[40.686318] (-) TimerEvent: {}
[40.787542] (-) TimerEvent: {}
[40.851634] (hdl_global_localization) StdoutLine: {'line': b'[ 20%] \x1b[32m\x1b[1mLinking C shared library libhdl_global_localization__rosidl_generator_c.so\x1b[0m\n'}
[40.887794] (-) TimerEvent: {}
[40.989540] (-) TimerEvent: {}
[41.091503] (-) TimerEvent: {}
[41.194288] (-) TimerEvent: {}
[41.288378] (hdl_global_localization) StdoutLine: {'line': b'[ 20%] Built target hdl_global_localization__rosidl_generator_c\n'}
[41.294536] (-) TimerEvent: {}
[41.396902] (-) TimerEvent: {}
[41.498581] (-) TimerEvent: {}
[41.511225] (hdl_global_localization) StdoutLine: {'line': b'[ 22%] \x1b[34m\x1b[1mGenerating C++ type support for eProsima Fast-RTPS\x1b[0m\n'}
[41.598849] (-) TimerEvent: {}
[41.700526] (-) TimerEvent: {}
[41.802139] (-) TimerEvent: {}
[41.903754] (-) TimerEvent: {}
[42.005481] (-) TimerEvent: {}
[42.107953] (-) TimerEvent: {}
[42.210200] (-) TimerEvent: {}
[42.311910] (-) TimerEvent: {}
[42.413709] (-) TimerEvent: {}
[42.515495] (-) TimerEvent: {}
[42.617473] (-) TimerEvent: {}
[42.719179] (-) TimerEvent: {}
[42.820983] (-) TimerEvent: {}
[42.922674] (-) TimerEvent: {}
[43.024519] (-) TimerEvent: {}
[43.126242] (-) TimerEvent: {}
[43.227917] (-) TimerEvent: {}
[43.329871] (-) TimerEvent: {}
[43.432098] (-) TimerEvent: {}
[43.533805] (-) TimerEvent: {}
[43.635582] (-) TimerEvent: {}
[43.737337] (-) TimerEvent: {}
[43.821222] (hdl_global_localization) StdoutLine: {'line': b'[ 24%] \x1b[32mBuilding CXX object CMakeFiles/hdl_global_localization__rosidl_typesupport_cpp.dir/rosidl_typesupport_cpp/hdl_global_localization/srv/set_global_localization_engine__type_support.cpp.o\x1b[0m\n'}
[43.837631] (-) TimerEvent: {}
[43.939253] (-) TimerEvent: {}
[44.041278] (-) TimerEvent: {}
[44.142869] (-) TimerEvent: {}
[44.244522] (-) TimerEvent: {}
[44.346202] (-) TimerEvent: {}
[44.447894] (-) TimerEvent: {}
[44.549678] (-) TimerEvent: {}
[44.650918] (-) TimerEvent: {}
[44.752111] (-) TimerEvent: {}
[44.868647] (-) TimerEvent: {}
[44.974796] (-) TimerEvent: {}
[45.085013] (-) TimerEvent: {}
[45.192966] (-) TimerEvent: {}
[45.294814] (-) TimerEvent: {}
[45.396012] (-) TimerEvent: {}
[45.497463] (-) TimerEvent: {}
[45.589765] (hdl_global_localization) StdoutLine: {'line': b'\x1b[35m\x1b[1mScanning dependencies of target hdl_global_localization__rosidl_typesupport_fastrtps_cpp\x1b[0m\n'}
[45.597715] (-) TimerEvent: {}
[45.698848] (-) TimerEvent: {}
[45.800050] (-) TimerEvent: {}
[45.901445] (-) TimerEvent: {}
[46.002656] (-) TimerEvent: {}
[46.103759] (-) TimerEvent: {}
[46.128451] (hdl_global_localization) StdoutLine: {'line': b'[ 25%] \x1b[32mBuilding CXX object CMakeFiles/hdl_global_localization__rosidl_typesupport_fastrtps_cpp.dir/rosidl_typesupport_fastrtps_cpp/hdl_global_localization/srv/detail/dds_fastrtps/query_global_localization__type_support.cpp.o\x1b[0m\n'}
[46.204051] (-) TimerEvent: {}
[46.305212] (-) TimerEvent: {}
[46.406428] (-) TimerEvent: {}
[46.507651] (-) TimerEvent: {}
[46.608877] (-) TimerEvent: {}
[46.710155] (-) TimerEvent: {}
[46.811444] (-) TimerEvent: {}
[46.912940] (-) TimerEvent: {}
[46.916931] (hdl_global_localization) StdoutLine: {'line': b'[ 27%] \x1b[32mBuilding CXX object CMakeFiles/hdl_global_localization__rosidl_typesupport_cpp.dir/rosidl_typesupport_cpp/hdl_global_localization/srv/set_global_map__type_support.cpp.o\x1b[0m\n'}
[47.013211] (-) TimerEvent: {}
[47.114455] (-) TimerEvent: {}
[47.215731] (-) TimerEvent: {}
[47.317070] (-) TimerEvent: {}
[47.419366] (-) TimerEvent: {}
[47.520553] (-) TimerEvent: {}
[47.621785] (-) TimerEvent: {}
[47.723085] (-) TimerEvent: {}
[47.824374] (-) TimerEvent: {}
[47.925956] (-) TimerEvent: {}
[48.027176] (-) TimerEvent: {}
[48.129093] (-) TimerEvent: {}
[48.230766] (-) TimerEvent: {}
[48.332547] (-) TimerEvent: {}
[48.436468] (-) TimerEvent: {}
[48.537491] (-) TimerEvent: {}
[48.638498] (-) TimerEvent: {}
[48.741071] (-) TimerEvent: {}
[48.842151] (-) TimerEvent: {}
[48.943190] (-) TimerEvent: {}
[49.045073] (-) TimerEvent: {}
[49.146166] (-) TimerEvent: {}
[49.247239] (-) TimerEvent: {}
[49.348477] (-) TimerEvent: {}
[49.449632] (-) TimerEvent: {}
[49.706600] (-) TimerEvent: {}
[49.808566] (-) TimerEvent: {}
[49.909629] (-) TimerEvent: {}
[50.032604] (-) TimerEvent: {}
[50.133653] (-) TimerEvent: {}
[50.234668] (-) TimerEvent: {}
[50.335765] (-) TimerEvent: {}
[50.437065] (-) TimerEvent: {}
[50.538071] (-) TimerEvent: {}
[50.640342] (-) TimerEvent: {}
[50.679542] (hdl_global_localization) StdoutLine: {'line': b'[ 29%] \x1b[32m\x1b[1mLinking CXX shared library libhdl_global_localization__rosidl_typesupport_cpp.so\x1b[0m\n'}
[50.740628] (-) TimerEvent: {}
[50.842412] (-) TimerEvent: {}
[50.944116] (-) TimerEvent: {}
[51.030818] (hdl_global_localization) StdoutLine: {'line': b'[ 31%] \x1b[32mBuilding CXX object CMakeFiles/hdl_global_localization__rosidl_typesupport_fastrtps_cpp.dir/rosidl_typesupport_fastrtps_cpp/hdl_global_localization/srv/detail/dds_fastrtps/set_global_localization_engine__type_support.cpp.o\x1b[0m\n'}
[51.044631] (-) TimerEvent: {}
[51.147700] (-) TimerEvent: {}
[51.249413] (-) TimerEvent: {}
[51.344720] (hdl_global_localization) StdoutLine: {'line': b'[ 31%] Built target hdl_global_localization__rosidl_typesupport_cpp\n'}
[51.349650] (-) TimerEvent: {}
[51.451310] (-) TimerEvent: {}
[51.553230] (-) TimerEvent: {}
[51.656033] (-) TimerEvent: {}
[51.757784] (-) TimerEvent: {}
[51.859461] (-) TimerEvent: {}
[51.960670] (-) TimerEvent: {}
[52.062422] (-) TimerEvent: {}
[52.164524] (-) TimerEvent: {}
[52.276693] (-) TimerEvent: {}
[52.377817] (-) TimerEvent: {}
[52.479448] (-) TimerEvent: {}
[52.582627] (-) TimerEvent: {}
[52.684610] (-) TimerEvent: {}
[52.786439] (-) TimerEvent: {}
[52.888999] (-) TimerEvent: {}
[52.990881] (-) TimerEvent: {}
[53.092657] (-) TimerEvent: {}
[53.194690] (-) TimerEvent: {}
[53.296516] (-) TimerEvent: {}
[53.399312] (-) TimerEvent: {}
[53.501043] (-) TimerEvent: {}
[53.602725] (-) TimerEvent: {}
[53.704433] (-) TimerEvent: {}
[53.806162] (-) TimerEvent: {}
[53.908867] (-) TimerEvent: {}
[54.010549] (-) TimerEvent: {}
[54.112283] (-) TimerEvent: {}
[54.213898] (-) TimerEvent: {}
[54.316617] (-) TimerEvent: {}
[54.419724] (-) TimerEvent: {}
[54.521914] (-) TimerEvent: {}
[54.771485] (-) TimerEvent: {}
[54.872704] (-) TimerEvent: {}
[54.973892] (-) TimerEvent: {}
[55.075129] (-) TimerEvent: {}
[55.176438] (-) TimerEvent: {}
[55.278908] (-) TimerEvent: {}
[55.383283] (-) TimerEvent: {}
[55.485449] (-) TimerEvent: {}
[55.587328] (-) TimerEvent: {}
[55.690125] (-) TimerEvent: {}
[55.751970] (hdl_global_localization) StdoutLine: {'line': b'[ 32%] \x1b[32mBuilding CXX object CMakeFiles/hdl_global_localization__rosidl_typesupport_fastrtps_cpp.dir/rosidl_typesupport_fastrtps_cpp/hdl_global_localization/srv/detail/dds_fastrtps/set_global_map__type_support.cpp.o\x1b[0m\n'}
[55.790403] (-) TimerEvent: {}
[55.891541] (-) TimerEvent: {}
[55.993105] (-) TimerEvent: {}
[56.094305] (-) TimerEvent: {}
[56.197255] (-) TimerEvent: {}
[56.298504] (-) TimerEvent: {}
[56.399706] (-) TimerEvent: {}
[56.500970] (-) TimerEvent: {}
[56.602136] (-) TimerEvent: {}
[56.703344] (-) TimerEvent: {}
[56.804590] (-) TimerEvent: {}
[56.905744] (-) TimerEvent: {}
[57.007191] (-) TimerEvent: {}
[57.114740] (-) TimerEvent: {}
[57.216384] (-) TimerEvent: {}
[57.322273] (-) TimerEvent: {}
[57.424861] (-) TimerEvent: {}
[57.526443] (-) TimerEvent: {}
[57.627929] (-) TimerEvent: {}
[57.733954] (-) TimerEvent: {}
[57.836130] (-) TimerEvent: {}
[57.937782] (-) TimerEvent: {}
[58.044417] (-) TimerEvent: {}
[58.145723] (-) TimerEvent: {}
[58.247293] (-) TimerEvent: {}
[58.354460] (-) TimerEvent: {}
[58.455776] (-) TimerEvent: {}
[58.557737] (-) TimerEvent: {}
[58.667124] (-) TimerEvent: {}
[58.769793] (-) TimerEvent: {}
[58.872343] (-) TimerEvent: {}
[58.974272] (-) TimerEvent: {}
[58.979475] (hdl_global_localization) StdoutLine: {'line': b'[ 34%] \x1b[32m\x1b[1mLinking CXX shared library libhdl_global_localization__rosidl_typesupport_fastrtps_cpp.so\x1b[0m\n'}
[59.074554] (-) TimerEvent: {}
[59.175728] (-) TimerEvent: {}
[59.276904] (-) TimerEvent: {}
[59.382296] (-) TimerEvent: {}
[59.485344] (-) TimerEvent: {}
[59.586625] (-) TimerEvent: {}
[59.688685] (-) TimerEvent: {}
[59.837720] (-) TimerEvent: {}
[59.938702] (-) TimerEvent: {}
[59.975671] (hdl_global_localization) StdoutLine: {'line': b'[ 34%] Built target hdl_global_localization__rosidl_typesupport_fastrtps_cpp\n'}
[60.038955] (-) TimerEvent: {}
[60.141269] (-) TimerEvent: {}
[60.242964] (-) TimerEvent: {}
[60.344593] (-) TimerEvent: {}
[60.445834] (-) TimerEvent: {}
[60.564542] (-) TimerEvent: {}
[60.666551] (-) TimerEvent: {}
[60.772208] (-) TimerEvent: {}
[60.876584] (-) TimerEvent: {}
[60.984058] (-) TimerEvent: {}
[61.092556] (-) TimerEvent: {}
[61.196032] (-) TimerEvent: {}
[61.297232] (-) TimerEvent: {}
[61.398344] (-) TimerEvent: {}
[61.499499] (-) TimerEvent: {}
[61.600670] (-) TimerEvent: {}
[61.701779] (-) TimerEvent: {}
[61.803043] (-) TimerEvent: {}
[61.904472] (-) TimerEvent: {}
[62.005642] (-) TimerEvent: {}
[62.107891] (-) TimerEvent: {}
[62.212833] (-) TimerEvent: {}
[62.314941] (-) TimerEvent: {}
[62.416797] (-) TimerEvent: {}
[62.518155] (-) TimerEvent: {}
[62.619968] (-) TimerEvent: {}
[62.721237] (-) TimerEvent: {}
[62.822552] (-) TimerEvent: {}
[62.926562] (-) TimerEvent: {}
[63.045368] (-) TimerEvent: {}
[63.147195] (-) TimerEvent: {}
[63.255088] (-) TimerEvent: {}
[63.357061] (-) TimerEvent: {}
[63.458916] (-) TimerEvent: {}
[63.560792] (-) TimerEvent: {}
[63.661960] (-) TimerEvent: {}
[63.763063] (-) TimerEvent: {}
[63.864317] (-) TimerEvent: {}
[63.966091] (-) TimerEvent: {}
[64.068994] (-) TimerEvent: {}
[64.171492] (-) TimerEvent: {}
[64.273849] (-) TimerEvent: {}
[64.375171] (-) TimerEvent: {}
[64.476947] (-) TimerEvent: {}
[64.578219] (-) TimerEvent: {}
[64.687448] (-) TimerEvent: {}
[64.903405] (-) TimerEvent: {}
[65.005411] (-) TimerEvent: {}
[65.106587] (-) TimerEvent: {}
[65.207846] (-) TimerEvent: {}
[65.309858] (-) TimerEvent: {}
[65.411651] (-) TimerEvent: {}
[65.513575] (-) TimerEvent: {}
[65.620499] (-) TimerEvent: {}
[65.723323] (-) TimerEvent: {}
[65.825184] (-) TimerEvent: {}
[65.927071] (-) TimerEvent: {}
[66.028338] (-) TimerEvent: {}
[66.129427] (-) TimerEvent: {}
[66.230579] (-) TimerEvent: {}
[66.331866] (-) TimerEvent: {}
[66.433273] (-) TimerEvent: {}
[66.534482] (-) TimerEvent: {}
[66.636552] (-) TimerEvent: {}
[66.738848] (-) TimerEvent: {}
[66.840658] (-) TimerEvent: {}
[66.942493] (-) TimerEvent: {}
[67.044402] (-) TimerEvent: {}
[67.145549] (-) TimerEvent: {}
[67.246639] (-) TimerEvent: {}
[67.347858] (-) TimerEvent: {}
[67.450350] (-) TimerEvent: {}
[67.551532] (-) TimerEvent: {}
[67.655646] (-) TimerEvent: {}
[67.767495] (-) TimerEvent: {}
[67.870858] (-) TimerEvent: {}
[67.972620] (-) TimerEvent: {}
[68.075926] (-) TimerEvent: {}
[68.182283] (-) TimerEvent: {}
[68.283852] (-) TimerEvent: {}
[68.385435] (-) TimerEvent: {}
[68.487972] (-) TimerEvent: {}
[68.594900] (-) TimerEvent: {}
[68.696584] (-) TimerEvent: {}
[68.801579] (-) TimerEvent: {}
[68.902959] (-) TimerEvent: {}
[69.005759] (-) TimerEvent: {}
[69.112306] (-) TimerEvent: {}
[69.213978] (-) TimerEvent: {}
[69.316452] (-) TimerEvent: {}
[69.419131] (-) TimerEvent: {}
[69.529342] (-) TimerEvent: {}
[69.630444] (-) TimerEvent: {}
[69.732073] (-) TimerEvent: {}
[69.922210] (-) TimerEvent: {}
[70.024367] (-) TimerEvent: {}
[70.125633] (-) TimerEvent: {}
[70.227555] (-) TimerEvent: {}
[70.329913] (-) TimerEvent: {}
[70.431128] (-) TimerEvent: {}
[70.532412] (-) TimerEvent: {}
[70.634336] (-) TimerEvent: {}
[70.648788] (sensor_test) StdoutLine: {'line': b'[100%] \x1b[32m\x1b[1mLinking CXX executable sensor_test\x1b[0m\n'}
[70.734627] (-) TimerEvent: {}
[70.835941] (-) TimerEvent: {}
[70.937346] (-) TimerEvent: {}
[71.038730] (-) TimerEvent: {}
[71.140124] (-) TimerEvent: {}
[71.241542] (-) TimerEvent: {}
[71.343008] (-) TimerEvent: {}
[71.444419] (-) TimerEvent: {}
[71.545652] (-) TimerEvent: {}
[71.629035] (sensor_test) StdoutLine: {'line': b'[100%] Built target sensor_test\n'}
[71.645942] (-) TimerEvent: {}
[71.747177] (-) TimerEvent: {}
[71.792676] (sensor_test) CommandEnded: {'returncode': 0}
[71.847947] (-) TimerEvent: {}
[71.951753] (-) TimerEvent: {}
[72.002825] (sensor_test) JobProgress: {'identifier': 'sensor_test', 'progress': 'install'}
[72.005991] (sensor_test) Command: {'cmd': ['/usr/bin/cmake', '--install', '/home/ysc/lite_cog_ros2/nav/build/sensor_test'], 'cwd': '/home/ysc/lite_cog_ros2/nav/build/sensor_test', 'env': OrderedDict([('GJS_DEBUG_TOPICS', 'JS ERROR;JS LOG'), ('LESSOPEN', '| /usr/bin/lesspipe %s'), ('USER', 'ysc'), ('LC_TIME', 'zh_CN.UTF-8'), ('SSH_AGENT_PID', '1805'), ('XDG_SESSION_TYPE', 'x11'), ('SHLVL', '1'), ('LD_LIBRARY_PATH', '/home/ysc/lite_cog_ros2/ndt_omp/install/ndt_omp/lib:/home/ysc/lite_cog_ros2/fast_gicp/install/fast_gicp/lib:/usr/lib/aarch64-linux-gnu/gazebo-11/plugins:/opt/ros/foxy/opt/yaml_cpp_vendor/lib:/opt/ros/foxy/opt/rviz_ogre_vendor/lib:/opt/ros/foxy/lib/aarch64-linux-gnu:/opt/ros/foxy/lib:/usr/local/cuda-11.4/lib64:'), ('HOME', '/home/ysc'), ('OLDPWD', '/home/ysc/lite_cog_ros2'), ('DESKTOP_SESSION', 'ubuntu'), ('ROS_PYTHON_VERSION', '3'), ('GNOME_SHELL_SESSION_MODE', 'ubuntu'), ('GTK_MODULES', 'gail:atk-bridge'), ('LC_MONETARY', 'zh_CN.UTF-8'), ('MANAGERPID', '1399'), ('ROS_LOG_DIR', '/home/ysc/lite_cog_ros2/system/log'), ('DBUS_SESSION_BUS_ADDRESS', 'unix:path=/run/user/1000/bus'), ('COLORTERM', 'truecolor'), ('_colcon_cd_root', '/opt/ros/foxy/'), ('IM_CONFIG_PHASE', '1'), ('COLCON_PREFIX_PATH', '/home/ysc/lite_cog_ros2/ndt_omp/install:/home/ysc/lite_cog_ros2/fast_gicp/install'), ('ROS_DISTRO', 'foxy'), ('LOGNAME', 'ysc'), ('JOURNAL_STREAM', '8:46044'), ('_', '/usr/bin/colcon'), ('ROS_VERSION', '2'), ('XDG_SESSION_CLASS', 'user'), ('USERNAME', 'ysc'), ('TERM', 'xterm-256color'), ('GNOME_DESKTOP_SESSION_ID', 'this-is-deprecated'), ('ROS_LOCALHOST_ONLY', '0'), ('WINDOWPATH', '2'), ('PATH', '/opt/ros/foxy/bin:/usr/local/cuda-11.4/bin:/home/ysc/.local/bin:/usr/local/sbin:/usr/local/bin:/usr/sbin:/usr/bin:/sbin:/bin:/usr/games:/usr/local/games:/snap/bin'), ('SESSION_MANAGER', 'local/lite:@/tmp/.ICE-unix/1983,unix/lite:/tmp/.ICE-unix/1983'), ('FASTRTPS_DEFAULT_PROFILES_FILE', '/home/ysc/lite_cog_ros2/system/fastdds_profile.xml'), ('INVOCATION_ID', '1bf911e44b454cbe8457b4f284c2b3c1'), ('XDG_MENU_PREFIX', 'gnome-'), ('LC_ADDRESS', 'zh_CN.UTF-8'), ('GNOME_TERMINAL_SCREEN', '/org/gnome/Terminal/screen/7ef9d830_3e2c_4561_8aa9_5b556ddb01fc'), ('XDG_RUNTIME_DIR', '/run/user/1000'), ('DISPLAY', ':0'), ('LANG', 'en_US.UTF-8'), ('XDG_CURRENT_DESKTOP', 'ubuntu:GNOME'), ('LC_TELEPHONE', 'zh_CN.UTF-8'), ('RMW_IMPLEMENTATION', 'rmw_cyclonedds_cpp'), ('XMODIFIERS', '@im=ibus'), ('XDG_SESSION_DESKTOP', 'ubuntu'), ('XAUTHORITY', '/run/user/1000/gdm/Xauthority'), ('LS_COLORS', 'rs=0:di=01;34:ln=01;36:mh=00:pi=40;33:so=01;35:do=01;35:bd=40;33;01:cd=40;33;01:or=40;31;01:mi=00:su=37;41:sg=30;43:ca=30;41:tw=30;42:ow=34;42:st=37;44:ex=01;32:*.tar=01;31:*.tgz=01;31:*.arc=01;31:*.arj=01;31:*.taz=01;31:*.lha=01;31:*.lz4=01;31:*.lzh=01;31:*.lzma=01;31:*.tlz=01;31:*.txz=01;31:*.tzo=01;31:*.t7z=01;31:*.zip=01;31:*.z=01;31:*.dz=01;31:*.gz=01;31:*.lrz=01;31:*.lz=01;31:*.lzo=01;31:*.xz=01;31:*.zst=01;31:*.tzst=01;31:*.bz2=01;31:*.bz=01;31:*.tbz=01;31:*.tbz2=01;31:*.tz=01;31:*.deb=01;31:*.rpm=01;31:*.jar=01;31:*.war=01;31:*.ear=01;31:*.sar=01;31:*.rar=01;31:*.alz=01;31:*.ace=01;31:*.zoo=01;31:*.cpio=01;31:*.7z=01;31:*.rz=01;31:*.cab=01;31:*.wim=01;31:*.swm=01;31:*.dwm=01;31:*.esd=01;31:*.jpg=01;35:*.jpeg=01;35:*.mjpg=01;35:*.mjpeg=01;35:*.gif=01;35:*.bmp=01;35:*.pbm=01;35:*.pgm=01;35:*.ppm=01;35:*.tga=01;35:*.xbm=01;35:*.xpm=01;35:*.tif=01;35:*.tiff=01;35:*.png=01;35:*.svg=01;35:*.svgz=01;35:*.mng=01;35:*.pcx=01;35:*.mov=01;35:*.mpg=01;35:*.mpeg=01;35:*.m2v=01;35:*.mkv=01;35:*.webm=01;35:*.ogm=01;35:*.mp4=01;35:*.m4v=01;35:*.mp4v=01;35:*.vob=01;35:*.qt=01;35:*.nuv=01;35:*.wmv=01;35:*.asf=01;35:*.rm=01;35:*.rmvb=01;35:*.flc=01;35:*.avi=01;35:*.fli=01;35:*.flv=01;35:*.gl=01;35:*.dl=01;35:*.xcf=01;35:*.xwd=01;35:*.yuv=01;35:*.cgm=01;35:*.emf=01;35:*.ogv=01;35:*.ogx=01;35:*.aac=00;36:*.au=00;36:*.flac=00;36:*.m4a=00;36:*.mid=00;36:*.midi=00;36:*.mka=00;36:*.mp3=00;36:*.mpc=00;36:*.ogg=00;36:*.ra=00;36:*.wav=00;36:*.oga=00;36:*.opus=00;36:*.spx=00;36:*.xspf=00;36:'), ('GNOME_TERMINAL_SERVICE', ':1.79'), ('SSH_AUTH_SOCK', '/run/user/1000/keyring/ssh'), ('ROS_DOMAIN_ID', '0'), ('AMENT_PREFIX_PATH', '/home/ysc/lite_cog_ros2/ndt_omp/install/ndt_omp:/home/ysc/lite_cog_ros2/fast_gicp/install/fast_gicp:/opt/ros/foxy'), ('SHELL', '/bin/bash'), ('LC_NAME', 'zh_CN.UTF-8'), ('QT_ACCESSIBILITY', '1'), ('GDMSESSION', 'ubuntu'), ('LESSCLOSE', '/usr/bin/lesspipe %s %s'), ('LC_MEASUREMENT', 'zh_CN.UTF-8'), ('GPG_AGENT_INFO', '/run/user/1000/gnupg/S.gpg-agent:0:1'), ('GJS_DEBUG_OUTPUT', 'stderr'), ('LC_IDENTIFICATION', 'zh_CN.UTF-8'), ('QT_IM_MODULE', 'ibus'), ('PWD', '/home/ysc/lite_cog_ros2/nav/build/sensor_test'), ('LC_ALL', 'en_US.UTF-8'), ('XDG_CONFIG_DIRS', '/etc/xdg/xdg-ubuntu:/etc/xdg'), ('XDG_DATA_DIRS', '/usr/share/ubuntu:/usr/local/share/:/usr/share/:/var/lib/snapd/desktop'), ('PYTHONPATH', '/opt/ros/foxy/lib/python3.8/site-packages'), ('LC_NUMERIC', 'zh_CN.UTF-8'), ('LC_PAPER', 'zh_CN.UTF-8'), ('COLCON', '1'), ('VTE_VERSION', '6003'), ('CMAKE_PREFIX_PATH', '/home/ysc/lite_cog_ros2/ndt_omp/install/ndt_omp:/home/ysc/lite_cog_ros2/fast_gicp/install/fast_gicp:/opt/ros/foxy')]), 'shell': False}
[72.052622] (-) TimerEvent: {}
[72.096594] (sensor_test) StdoutLine: {'line': b'-- Install configuration: "RELEASE"\n'}
[72.102805] (sensor_test) StdoutLine: {'line': b'-- Execute custom install script\n'}
[72.107281] (sensor_test) StdoutLine: {'line': b'-- Symlinking: /home/ysc/lite_cog_ros2/nav/install/sensor_test/lib/sensor_test/sensor_test\n'}
[72.152729] (-) TimerEvent: {}
[72.184437] (sensor_test) StdoutLine: {'line': b'-- Up-to-date symlink: /home/ysc/lite_cog_ros2/nav/install/sensor_test/lib/sensor_test/sensor_test\n'}
[72.187799] (sensor_test) StdoutLine: {'line': b'-- Symlinking: /home/ysc/lite_cog_ros2/nav/install/sensor_test/share/ament_index/resource_index/package_run_dependencies/sensor_test\n'}
[72.253318] (-) TimerEvent: {}
[72.264966] (sensor_test) StdoutLine: {'line': b'-- Symlinking: /home/ysc/lite_cog_ros2/nav/install/sensor_test/share/ament_index/resource_index/parent_prefix_path/sensor_test\n'}
[72.343694] (sensor_test) StdoutLine: {'line': b'-- Symlinking: /home/ysc/lite_cog_ros2/nav/install/sensor_test/share/sensor_test/environment/ament_prefix_path.sh\n'}
[72.364862] (-) TimerEvent: {}
[72.416707] (sensor_test) StdoutLine: {'line': b'-- Symlinking: /home/ysc/lite_cog_ros2/nav/install/sensor_test/share/sensor_test/environment/ament_prefix_path.dsv\n'}
[72.465139] (-) TimerEvent: {}
[72.489022] (sensor_test) StdoutLine: {'line': b'-- Symlinking: /home/ysc/lite_cog_ros2/nav/install/sensor_test/share/sensor_test/environment/path.sh\n'}
[72.556883] (sensor_test) StdoutLine: {'line': b'-- Symlinking: /home/ysc/lite_cog_ros2/nav/install/sensor_test/share/sensor_test/environment/path.dsv\n'}
[72.565382] (-) TimerEvent: {}
[72.638120] (sensor_test) StdoutLine: {'line': b'-- Symlinking: /home/ysc/lite_cog_ros2/nav/install/sensor_test/share/sensor_test/local_setup.bash\n'}
[72.665634] (-) TimerEvent: {}
[72.711384] (sensor_test) StdoutLine: {'line': b'-- Symlinking: /home/ysc/lite_cog_ros2/nav/install/sensor_test/share/sensor_test/local_setup.sh\n'}
[72.766052] (-) TimerEvent: {}
[72.781386] (sensor_test) StdoutLine: {'line': b'-- Symlinking: /home/ysc/lite_cog_ros2/nav/install/sensor_test/share/sensor_test/local_setup.zsh\n'}
[72.866549] (-) TimerEvent: {}
[72.873615] (sensor_test) StdoutLine: {'line': b'-- Symlinking: /home/ysc/lite_cog_ros2/nav/install/sensor_test/share/sensor_test/local_setup.dsv\n'}
[72.953483] (sensor_test) StdoutLine: {'line': b'-- Symlinking: /home/ysc/lite_cog_ros2/nav/install/sensor_test/share/sensor_test/package.dsv\n'}
[72.966875] (-) TimerEvent: {}
[73.035839] (sensor_test) StdoutLine: {'line': b'-- Symlinking: /home/ysc/lite_cog_ros2/nav/install/sensor_test/share/ament_index/resource_index/packages/sensor_test\n'}
[73.067086] (-) TimerEvent: {}
[73.118570] (sensor_test) StdoutLine: {'line': b'-- Symlinking: /home/ysc/lite_cog_ros2/nav/install/sensor_test/share/sensor_test/cmake/ament_cmake_export_dependencies-extras.cmake\n'}
[73.167353] (-) TimerEvent: {}
[73.190382] (sensor_test) StdoutLine: {'line': b'-- Symlinking: /home/ysc/lite_cog_ros2/nav/install/sensor_test/share/sensor_test/cmake/sensor_testConfig.cmake\n'}
[73.268008] (-) TimerEvent: {}
[73.274961] (sensor_test) StdoutLine: {'line': b'-- Symlinking: /home/ysc/lite_cog_ros2/nav/install/sensor_test/share/sensor_test/cmake/sensor_testConfig-version.cmake\n'}
[73.355335] (sensor_test) StdoutLine: {'line': b'-- Symlinking: /home/ysc/lite_cog_ros2/nav/install/sensor_test/share/sensor_test/package.xml\n'}
[73.369466] (-) TimerEvent: {}
[73.455759] (sensor_test) CommandEnded: {'returncode': 0}
[73.471613] (-) TimerEvent: {}
[73.575928] (-) TimerEvent: {}
[73.681410] (-) TimerEvent: {}
[73.783080] (-) TimerEvent: {}
[73.823782] (sensor_test) JobEnded: {'identifier': 'sensor_test', 'rc': 0}
[73.883530] (-) TimerEvent: {}
[73.984784] (-) TimerEvent: {}
[74.086435] (-) TimerEvent: {}
[74.188346] (-) TimerEvent: {}
[74.293095] (-) TimerEvent: {}
[74.394418] (-) TimerEvent: {}
[74.500552] (-) TimerEvent: {}
[74.601829] (-) TimerEvent: {}
[74.703516] (-) TimerEvent: {}
[74.942591] (-) TimerEvent: {}
[75.043839] (-) TimerEvent: {}
[75.145120] (-) TimerEvent: {}
[75.246308] (-) TimerEvent: {}
[75.347540] (-) TimerEvent: {}
[75.450558] (-) TimerEvent: {}
[75.551775] (-) TimerEvent: {}
[75.653375] (-) TimerEvent: {}
[75.754763] (-) TimerEvent: {}
[75.857012] (-) TimerEvent: {}
[75.958153] (-) TimerEvent: {}
[76.059384] (-) TimerEvent: {}
[76.160790] (-) TimerEvent: {}
[76.262306] (-) TimerEvent: {}
[76.363986] (-) TimerEvent: {}
[76.465220] (-) TimerEvent: {}
[76.566361] (-) TimerEvent: {}
[76.667927] (-) TimerEvent: {}
[76.770906] (-) TimerEvent: {}
[76.872111] (-) TimerEvent: {}
[76.973381] (-) TimerEvent: {}
[77.074668] (-) TimerEvent: {}
[77.175991] (-) TimerEvent: {}
[77.277456] (-) TimerEvent: {}
[77.378922] (-) TimerEvent: {}
[77.480675] (-) TimerEvent: {}
[77.581907] (-) TimerEvent: {}
[77.683717] (-) TimerEvent: {}
[77.785070] (-) TimerEvent: {}
[77.886393] (-) TimerEvent: {}
[77.987677] (-) TimerEvent: {}
[78.089115] (-) TimerEvent: {}
[78.190522] (-) TimerEvent: {}
[78.292467] (-) TimerEvent: {}
[78.393859] (-) TimerEvent: {}
[78.495317] (-) TimerEvent: {}
[78.596824] (-) TimerEvent: {}
[78.698500] (-) TimerEvent: {}
[78.800315] (-) TimerEvent: {}
[78.901529] (-) TimerEvent: {}
[79.002926] (-) TimerEvent: {}
[79.104556] (-) TimerEvent: {}
[79.205919] (-) TimerEvent: {}
[79.307194] (-) TimerEvent: {}
[79.410732] (-) TimerEvent: {}
[79.512619] (-) TimerEvent: {}
[79.613930] (-) TimerEvent: {}
[79.715269] (-) TimerEvent: {}
[79.933831] (-) TimerEvent: {}
[80.035682] (-) TimerEvent: {}
[80.137220] (-) TimerEvent: {}
[80.239357] (-) TimerEvent: {}
[80.341149] (-) TimerEvent: {}
[80.442510] (-) TimerEvent: {}
[80.543864] (-) TimerEvent: {}
[80.645332] (-) TimerEvent: {}
[80.746698] (-) TimerEvent: {}
[80.848443] (-) TimerEvent: {}
[80.950882] (-) TimerEvent: {}
[81.052713] (-) TimerEvent: {}
[81.154185] (-) TimerEvent: {}
[81.255758] (-) TimerEvent: {}
[81.357162] (-) TimerEvent: {}
[81.460516] (-) TimerEvent: {}
[81.561687] (-) TimerEvent: {}
[81.663927] (-) TimerEvent: {}
[81.765486] (-) TimerEvent: {}
[81.933805] (-) TimerEvent: {}
[82.035797] (-) TimerEvent: {}
[82.137368] (-) TimerEvent: {}
[82.239331] (-) TimerEvent: {}
[82.340785] (-) TimerEvent: {}
[82.441992] (-) TimerEvent: {}
[82.543235] (-) TimerEvent: {}
[82.644606] (-) TimerEvent: {}
[82.745971] (-) TimerEvent: {}
[82.847651] (-) TimerEvent: {}
[82.950596] (-) TimerEvent: {}
[83.051947] (-) TimerEvent: {}
[83.154067] (-) TimerEvent: {}
[83.255901] (-) TimerEvent: {}
[83.357896] (-) TimerEvent: {}
[83.458986] (-) TimerEvent: {}
[83.560451] (-) TimerEvent: {}
[83.661933] (-) TimerEvent: {}
[83.763564] (-) TimerEvent: {}
[83.864843] (-) TimerEvent: {}
[83.966025] (-) TimerEvent: {}
[84.067187] (-) TimerEvent: {}
[84.168493] (-) TimerEvent: {}
[84.270971] (-) TimerEvent: {}
[84.372115] (-) TimerEvent: {}
[84.473462] (-) TimerEvent: {}
[84.574790] (-) TimerEvent: {}
[84.676289] (-) TimerEvent: {}
[84.777604] (-) TimerEvent: {}
[84.878912] (-) TimerEvent: {}
[84.980348] (-) TimerEvent: {}
[85.081641] (-) TimerEvent: {}
[85.182849] (-) TimerEvent: {}
[85.284525] (-) TimerEvent: {}
[85.385823] (-) TimerEvent: {}
[85.487126] (-) TimerEvent: {}
[85.588398] (-) TimerEvent: {}
[85.689733] (-) TimerEvent: {}
[85.791031] (-) TimerEvent: {}
[85.892632] (-) TimerEvent: {}
[85.993908] (-) TimerEvent: {}
[86.097197] (-) TimerEvent: {}
[86.198575] (-) TimerEvent: {}
[86.299768] (-) TimerEvent: {}
[86.401129] (-) TimerEvent: {}
[86.502211] (-) TimerEvent: {}
[86.603344] (-) TimerEvent: {}
[86.704532] (-) TimerEvent: {}
[86.805689] (-) TimerEvent: {}
[86.906818] (-) TimerEvent: {}
[87.050478] (-) TimerEvent: {}
[87.151636] (-) TimerEvent: {}
[87.253183] (-) TimerEvent: {}
[87.354268] (-) TimerEvent: {}
[87.455414] (-) TimerEvent: {}
[87.556656] (-) TimerEvent: {}
[87.657838] (-) TimerEvent: {}
[87.759031] (-) TimerEvent: {}
[87.860404] (-) TimerEvent: {}
[87.961797] (-) TimerEvent: {}
[88.063549] (-) TimerEvent: {}
[88.164823] (-) TimerEvent: {}
[88.265923] (-) TimerEvent: {}
[88.367098] (-) TimerEvent: {}
[88.468341] (-) TimerEvent: {}
[88.569534] (-) TimerEvent: {}
[88.670663] (-) TimerEvent: {}
[88.771846] (-) TimerEvent: {}
[88.873283] (-) TimerEvent: {}
[88.974622] (-) TimerEvent: {}
[89.075722] (-) TimerEvent: {}
[89.177176] (-) TimerEvent: {}
[89.278295] (-) TimerEvent: {}
[89.379631] (-) TimerEvent: {}
[89.480775] (-) TimerEvent: {}
[89.582330] (-) TimerEvent: {}
[89.683566] (-) TimerEvent: {}
[89.784880] (-) TimerEvent: {}
[89.886252] (-) TimerEvent: {}
[89.987659] (-) TimerEvent: {}
[90.089332] (-) TimerEvent: {}
[90.190690] (-) TimerEvent: {}
[90.292101] (-) TimerEvent: {}
[90.393730] (-) TimerEvent: {}
[90.495175] (-) TimerEvent: {}
[90.596764] (-) TimerEvent: {}
[90.698204] (-) TimerEvent: {}
[90.799948] (-) TimerEvent: {}
[90.901383] (-) TimerEvent: {}
[91.002722] (-) TimerEvent: {}
[91.103955] (-) TimerEvent: {}
[91.205479] (-) TimerEvent: {}
[91.306880] (-) TimerEvent: {}
[91.408658] (-) TimerEvent: {}
[91.509771] (-) TimerEvent: {}
[91.610899] (-) TimerEvent: {}
[91.712039] (-) TimerEvent: {}
[91.813369] (-) TimerEvent: {}
[91.914482] (-) TimerEvent: {}
[92.156875] (-) TimerEvent: {}
[92.257998] (-) TimerEvent: {}
[92.359445] (-) TimerEvent: {}
[92.460588] (-) TimerEvent: {}
[92.561612] (-) TimerEvent: {}
[92.662962] (-) TimerEvent: {}
[92.764056] (-) TimerEvent: {}
[92.865315] (-) TimerEvent: {}
[92.966437] (-) TimerEvent: {}
[93.067911] (-) TimerEvent: {}
[93.169177] (-) TimerEvent: {}
[93.270314] (-) TimerEvent: {}
[93.371323] (-) TimerEvent: {}
[93.473333] (-) TimerEvent: {}
[93.574383] (-) TimerEvent: {}
[93.675560] (-) TimerEvent: {}
[93.776790] (-) TimerEvent: {}
[93.877955] (-) TimerEvent: {}
[93.979085] (-) TimerEvent: {}
[94.080366] (-) TimerEvent: {}
[94.181509] (-) TimerEvent: {}
[94.282654] (-) TimerEvent: {}
[94.383808] (-) TimerEvent: {}
[94.484989] (-) TimerEvent: {}
[94.586131] (-) TimerEvent: {}
[94.687263] (-) TimerEvent: {}
[94.788418] (-) TimerEvent: {}
[94.889527] (-) TimerEvent: {}
[94.990706] (-) TimerEvent: {}
[95.092010] (-) TimerEvent: {}
[95.193251] (-) TimerEvent: {}
[95.294404] (-) TimerEvent: {}
[95.395492] (-) TimerEvent: {}
[95.496685] (-) TimerEvent: {}
[95.597814] (-) TimerEvent: {}
[95.698931] (-) TimerEvent: {}
[95.800109] (-) TimerEvent: {}
[95.901309] (-) TimerEvent: {}
[96.002338] (-) TimerEvent: {}
[96.103402] (-) TimerEvent: {}
[96.204669] (-) TimerEvent: {}
[96.305846] (-) TimerEvent: {}
[96.407058] (-) TimerEvent: {}
[96.508839] (-) TimerEvent: {}
[96.610880] (-) TimerEvent: {}
[96.714949] (-) TimerEvent: {}
[96.816103] (-) TimerEvent: {}
[96.917361] (-) TimerEvent: {}
[97.018593] (-) TimerEvent: {}
[97.160818] (-) TimerEvent: {}
[97.262061] (-) TimerEvent: {}
[97.363242] (-) TimerEvent: {}
[97.464419] (-) TimerEvent: {}
[97.565883] (-) TimerEvent: {}
[97.667168] (-) TimerEvent: {}
[97.768857] (-) TimerEvent: {}
[97.869934] (-) TimerEvent: {}
[97.971001] (-) TimerEvent: {}
[98.072003] (-) TimerEvent: {}
[98.173133] (-) TimerEvent: {}
[98.274095] (-) TimerEvent: {}
[98.375260] (-) TimerEvent: {}
[98.476409] (-) TimerEvent: {}
[98.577518] (-) TimerEvent: {}
[98.679101] (-) TimerEvent: {}
[98.780253] (-) TimerEvent: {}
[98.881430] (-) TimerEvent: {}
[98.982512] (-) TimerEvent: {}
[99.083646] (-) TimerEvent: {}
[99.184893] (-) TimerEvent: {}
[99.285939] (-) TimerEvent: {}
[99.387088] (-) TimerEvent: {}
[99.488246] (-) TimerEvent: {}
[99.589506] (-) TimerEvent: {}
[99.690564] (-) TimerEvent: {}
[99.791627] (-) TimerEvent: {}
[99.892793] (-) TimerEvent: {}
[99.993917] (-) TimerEvent: {}
[100.095076] (-) TimerEvent: {}
[100.196281] (-) TimerEvent: {}
[100.297422] (-) TimerEvent: {}
[100.398616] (-) TimerEvent: {}
[100.499730] (-) TimerEvent: {}
[100.600951] (-) TimerEvent: {}
[100.702329] (-) TimerEvent: {}
[100.803444] (-) TimerEvent: {}
[100.904610] (-) TimerEvent: {}
[101.005807] (-) TimerEvent: {}
[101.106976] (-) TimerEvent: {}
[101.208947] (-) TimerEvent: {}
[101.310280] (-) TimerEvent: {}
[101.411542] (-) TimerEvent: {}
[101.512920] (-) TimerEvent: {}
[101.614179] (-) TimerEvent: {}
[101.715475] (-) TimerEvent: {}
[101.816860] (-) TimerEvent: {}
[101.918086] (-) TimerEvent: {}
[102.019287] (-) TimerEvent: {}
[102.177856] (-) TimerEvent: {}
[102.279072] (-) TimerEvent: {}
[102.380549] (-) TimerEvent: {}
[102.481980] (-) TimerEvent: {}
[102.583422] (-) TimerEvent: {}
[102.684893] (-) TimerEvent: {}
[102.786167] (-) TimerEvent: {}
[102.887444] (-) TimerEvent: {}
[102.989030] (-) TimerEvent: {}
[103.001446] (hdl_global_localization) StdoutLine: {'line': b'[ 36%] \x1b[32mBuilding CXX object CMakeFiles/hdl_global_localization_engines.dir/src/hdl_global_localization/engines/global_localization_bbs.cpp.o\x1b[0m\n'}
[103.002824] (hdl_global_localization) StdoutLine: {'line': b'[ 37%] \x1b[32mBuilding CXX object CMakeFiles/hdl_global_localization_engines.dir/src/hdl_global_localization/engines/global_localization_fpfh_ransac.cpp.o\x1b[0m\n'}
[103.089260] (-) TimerEvent: {}
[103.190390] (-) TimerEvent: {}
[103.291980] (-) TimerEvent: {}
[103.393212] (-) TimerEvent: {}
[103.494366] (-) TimerEvent: {}
[103.595459] (-) TimerEvent: {}
[103.696713] (-) TimerEvent: {}
[103.797863] (-) TimerEvent: {}
[103.899063] (-) TimerEvent: {}
[104.000275] (-) TimerEvent: {}
[104.101455] (-) TimerEvent: {}
[104.202731] (-) TimerEvent: {}
[104.304068] (-) TimerEvent: {}
[104.405502] (-) TimerEvent: {}
[104.507161] (-) TimerEvent: {}
[104.609082] (-) TimerEvent: {}
[104.710371] (-) TimerEvent: {}
[104.811521] (-) TimerEvent: {}
[104.912897] (-) TimerEvent: {}
[105.014247] (-) TimerEvent: {}
[105.115527] (-) TimerEvent: {}
[105.216838] (-) TimerEvent: {}
[105.318127] (-) TimerEvent: {}
[105.419489] (-) TimerEvent: {}
[105.521025] (-) TimerEvent: {}
[105.622469] (-) TimerEvent: {}
[105.723609] (-) TimerEvent: {}
[105.824891] (-) TimerEvent: {}
[105.926134] (-) TimerEvent: {}
[106.027439] (-) TimerEvent: {}
[106.128735] (-) TimerEvent: {}
[106.229923] (-) TimerEvent: {}
[106.331098] (-) TimerEvent: {}
[106.432469] (-) TimerEvent: {}
[106.533800] (-) TimerEvent: {}
[106.635124] (-) TimerEvent: {}
[106.736371] (-) TimerEvent: {}
[106.837606] (-) TimerEvent: {}
[106.938880] (-) TimerEvent: {}
[107.040112] (-) TimerEvent: {}
[107.141342] (-) TimerEvent: {}
[107.286844] (-) TimerEvent: {}
[107.388485] (-) TimerEvent: {}
[107.489918] (-) TimerEvent: {}
[107.591290] (-) TimerEvent: {}
[107.692859] (-) TimerEvent: {}
[107.794129] (-) TimerEvent: {}
[107.895347] (-) TimerEvent: {}
[107.996934] (-) TimerEvent: {}
[108.098164] (-) TimerEvent: {}
[108.199255] (-) TimerEvent: {}
[108.300509] (-) TimerEvent: {}
[108.401599] (-) TimerEvent: {}
[108.502812] (-) TimerEvent: {}
[108.604013] (-) TimerEvent: {}
[108.705361] (-) TimerEvent: {}
[108.806520] (-) TimerEvent: {}
[108.907753] (-) TimerEvent: {}
[109.009106] (-) TimerEvent: {}
[109.110289] (-) TimerEvent: {}
[109.211384] (-) TimerEvent: {}
[109.312742] (-) TimerEvent: {}
[109.414001] (-) TimerEvent: {}
[109.515235] (-) TimerEvent: {}
[109.616515] (-) TimerEvent: {}
[109.717690] (-) TimerEvent: {}
[109.819070] (-) TimerEvent: {}
[109.920512] (-) TimerEvent: {}
[110.021840] (-) TimerEvent: {}
[110.123194] (-) TimerEvent: {}
[110.224525] (-) TimerEvent: {}
[110.325726] (-) TimerEvent: {}
[110.427402] (-) TimerEvent: {}
[110.529757] (-) TimerEvent: {}
[110.631145] (-) TimerEvent: {}
[110.732806] (-) TimerEvent: {}
[110.833956] (-) TimerEvent: {}
[110.935110] (-) TimerEvent: {}
[111.036508] (-) TimerEvent: {}
[111.137743] (-) TimerEvent: {}
[111.239057] (-) TimerEvent: {}
[111.340375] (-) TimerEvent: {}
[111.441760] (-) TimerEvent: {}
[111.543215] (-) TimerEvent: {}
[111.644605] (-) TimerEvent: {}
[111.746012] (-) TimerEvent: {}
[111.849110] (-) TimerEvent: {}
[111.950239] (-) TimerEvent: {}
[112.051656] (-) TimerEvent: {}
[112.152917] (-) TimerEvent: {}
[112.254096] (-) TimerEvent: {}
[112.405150] (-) TimerEvent: {}
[112.506349] (-) TimerEvent: {}
[112.607398] (-) TimerEvent: {}
[112.709639] (-) TimerEvent: {}
[112.810749] (-) TimerEvent: {}
[112.912108] (-) TimerEvent: {}
[113.013372] (-) TimerEvent: {}
[113.114534] (-) TimerEvent: {}
[113.215645] (-) TimerEvent: {}
[113.316962] (-) TimerEvent: {}
[113.418401] (-) TimerEvent: {}
[113.519743] (-) TimerEvent: {}
[113.621106] (-) TimerEvent: {}
[113.722304] (-) TimerEvent: {}
[113.823618] (-) TimerEvent: {}
[113.924854] (-) TimerEvent: {}
[114.026165] (-) TimerEvent: {}
[114.127361] (-) TimerEvent: {}
[114.228961] (-) TimerEvent: {}
[114.330114] (-) TimerEvent: {}
[114.431555] (-) TimerEvent: {}
[114.533273] (-) TimerEvent: {}
[114.634899] (-) TimerEvent: {}
[114.736317] (-) TimerEvent: {}
[114.837681] (-) TimerEvent: {}
[114.939243] (-) TimerEvent: {}
[115.040390] (-) TimerEvent: {}
[115.141644] (-) TimerEvent: {}
[115.242850] (-) TimerEvent: {}
[115.344059] (-) TimerEvent: {}
[115.445274] (-) TimerEvent: {}
[115.546392] (-) TimerEvent: {}
[115.647572] (-) TimerEvent: {}
[115.748780] (-) TimerEvent: {}
[115.849975] (-) TimerEvent: {}
[115.951138] (-) TimerEvent: {}
[116.052244] (-) TimerEvent: {}
[116.153342] (-) TimerEvent: {}
[116.254460] (-) TimerEvent: {}
[116.355542] (-) TimerEvent: {}
[116.456939] (-) TimerEvent: {}
[116.558088] (-) TimerEvent: {}
[116.659197] (-) TimerEvent: {}
[116.760350] (-) TimerEvent: {}
[116.861945] (-) TimerEvent: {}
[116.963249] (-) TimerEvent: {}
[117.064399] (-) TimerEvent: {}
[117.165550] (-) TimerEvent: {}
[117.267113] (-) TimerEvent: {}
[117.368719] (-) TimerEvent: {}
[117.520022] (-) TimerEvent: {}
[117.621244] (-) TimerEvent: {}
[117.722361] (-) TimerEvent: {}
[117.823390] (-) TimerEvent: {}
[117.924612] (-) TimerEvent: {}
[118.025741] (-) TimerEvent: {}
[118.127203] (-) TimerEvent: {}
[118.228939] (-) TimerEvent: {}
[118.330031] (-) TimerEvent: {}
[118.432451] (-) TimerEvent: {}
[118.533447] (-) TimerEvent: {}
[118.634597] (-) TimerEvent: {}
[118.735809] (-) TimerEvent: {}
[118.837188] (-) TimerEvent: {}
[118.938381] (-) TimerEvent: {}
[119.039620] (-) TimerEvent: {}
[119.141069] (-) TimerEvent: {}
[119.242368] (-) TimerEvent: {}
[119.343665] (-) TimerEvent: {}
[119.444955] (-) TimerEvent: {}
[119.547328] (-) TimerEvent: {}
[119.648606] (-) TimerEvent: {}
[119.749795] (-) TimerEvent: {}
[119.851302] (-) TimerEvent: {}
[119.952728] (-) TimerEvent: {}
[120.053847] (-) TimerEvent: {}
[120.155332] (-) TimerEvent: {}
[120.256923] (-) TimerEvent: {}
[120.358356] (-) TimerEvent: {}
[120.459714] (-) TimerEvent: {}
[120.561072] (-) TimerEvent: {}
[120.662356] (-) TimerEvent: {}
[120.763755] (-) TimerEvent: {}
[120.865045] (-) TimerEvent: {}
[120.966130] (-) TimerEvent: {}
[121.067409] (-) TimerEvent: {}
[121.168776] (-) TimerEvent: {}
[121.269752] (-) TimerEvent: {}
[121.370713] (-) TimerEvent: {}
[121.471756] (-) TimerEvent: {}
[121.572788] (-) TimerEvent: {}
[121.673788] (-) TimerEvent: {}
[121.774831] (-) TimerEvent: {}
[121.875834] (-) TimerEvent: {}
[121.976965] (-) TimerEvent: {}
[122.078873] (-) TimerEvent: {}
[122.179951] (-) TimerEvent: {}
[122.281170] (-) TimerEvent: {}
[122.382351] (-) TimerEvent: {}
[122.483459] (-) TimerEvent: {}
[122.628751] (-) TimerEvent: {}
[122.730213] (-) TimerEvent: {}
[122.831298] (-) TimerEvent: {}
[122.932387] (-) TimerEvent: {}
[123.033598] (-) TimerEvent: {}
[123.134800] (-) TimerEvent: {}
[123.236064] (-) TimerEvent: {}
[123.338432] (-) TimerEvent: {}
[123.439513] (-) TimerEvent: {}
[123.540734] (-) TimerEvent: {}
[123.641822] (-) TimerEvent: {}
[123.742892] (-) TimerEvent: {}
[123.844013] (-) TimerEvent: {}
[123.945184] (-) TimerEvent: {}
[124.046619] (-) TimerEvent: {}
[124.148122] (-) TimerEvent: {}
[124.249558] (-) TimerEvent: {}
[124.351012] (-) TimerEvent: {}
[124.452523] (-) TimerEvent: {}
[124.553654] (-) TimerEvent: {}
[124.654794] (-) TimerEvent: {}
[124.756246] (-) TimerEvent: {}
[124.857525] (-) TimerEvent: {}
[124.958930] (-) TimerEvent: {}
[125.060459] (-) TimerEvent: {}
[125.162156] (-) TimerEvent: {}
[125.263312] (-) TimerEvent: {}
[125.364790] (-) TimerEvent: {}
[125.466252] (-) TimerEvent: {}
[125.567485] (-) TimerEvent: {}
[125.669163] (-) TimerEvent: {}
[125.770496] (-) TimerEvent: {}
[125.871809] (-) TimerEvent: {}
[125.973335] (-) TimerEvent: {}
[126.074621] (-) TimerEvent: {}
[126.175997] (-) TimerEvent: {}
[126.277167] (-) TimerEvent: {}
[126.378463] (-) TimerEvent: {}
[126.479807] (-) TimerEvent: {}
[126.581520] (-) TimerEvent: {}
[126.682690] (-) TimerEvent: {}
[126.783790] (-) TimerEvent: {}
[126.885014] (-) TimerEvent: {}
[126.986185] (-) TimerEvent: {}
[127.087724] (-) TimerEvent: {}
[127.382942] (-) TimerEvent: {}
[127.484186] (-) TimerEvent: {}
[127.679432] (-) TimerEvent: {}
[127.780946] (-) TimerEvent: {}
[127.882110] (-) TimerEvent: {}
[127.983336] (-) TimerEvent: {}
[128.084571] (-) TimerEvent: {}
[128.185542] (-) TimerEvent: {}
[128.286936] (-) TimerEvent: {}
[128.388286] (-) TimerEvent: {}
[128.489524] (-) TimerEvent: {}
[128.590790] (-) TimerEvent: {}
[128.692077] (-) TimerEvent: {}
[128.793468] (-) TimerEvent: {}
[128.894744] (-) TimerEvent: {}
[128.996010] (-) TimerEvent: {}
[129.097315] (-) TimerEvent: {}
[129.198728] (-) TimerEvent: {}
[129.299965] (-) TimerEvent: {}
[129.401535] (-) TimerEvent: {}
[129.502798] (-) TimerEvent: {}
[129.604045] (-) TimerEvent: {}
[129.705595] (-) TimerEvent: {}
[129.807001] (-) TimerEvent: {}
[129.909032] (-) TimerEvent: {}
[130.010082] (-) TimerEvent: {}
[130.111257] (-) TimerEvent: {}
[130.212497] (-) TimerEvent: {}
[130.313617] (-) TimerEvent: {}
[130.414673] (-) TimerEvent: {}
[130.515811] (-) TimerEvent: {}
[130.617314] (-) TimerEvent: {}
[130.718524] (-) TimerEvent: {}
[130.819857] (-) TimerEvent: {}
[130.921534] (-) TimerEvent: {}
[131.022780] (-) TimerEvent: {}
[131.124296] (-) TimerEvent: {}
[131.225568] (-) TimerEvent: {}
[131.326806] (-) TimerEvent: {}
[131.428406] (-) TimerEvent: {}
[131.529724] (-) TimerEvent: {}
[131.631180] (-) TimerEvent: {}
[131.732523] (-) TimerEvent: {}
[131.834124] (-) TimerEvent: {}
[131.935259] (-) TimerEvent: {}
[132.036912] (-) TimerEvent: {}
[132.138172] (-) TimerEvent: {}
[132.239458] (-) TimerEvent: {}
[132.341272] (-) TimerEvent: {}
[132.442680] (-) TimerEvent: {}
[132.544017] (-) TimerEvent: {}
[132.785978] (-) TimerEvent: {}
[132.887256] (-) TimerEvent: {}
[132.988558] (-) TimerEvent: {}
[133.089734] (-) TimerEvent: {}
[133.190955] (-) TimerEvent: {}
[133.292276] (-) TimerEvent: {}
[133.393480] (-) TimerEvent: {}
[133.495133] (-) TimerEvent: {}
[133.596555] (-) TimerEvent: {}
[133.698058] (-) TimerEvent: {}
[133.800050] (-) TimerEvent: {}
[133.901897] (-) TimerEvent: {}
[134.003086] (-) TimerEvent: {}
[134.104451] (-) TimerEvent: {}
[134.205807] (-) TimerEvent: {}
[134.307164] (-) TimerEvent: {}
[134.408844] (-) TimerEvent: {}
[134.510239] (-) TimerEvent: {}
[134.612699] (-) TimerEvent: {}
[134.714047] (-) TimerEvent: {}
[134.815654] (-) TimerEvent: {}
[134.917056] (-) TimerEvent: {}
[135.019043] (-) TimerEvent: {}
[135.121435] (-) TimerEvent: {}
[135.222785] (-) TimerEvent: {}
[135.324412] (-) TimerEvent: {}
[135.426130] (-) TimerEvent: {}
[135.527559] (-) TimerEvent: {}
[135.629102] (-) TimerEvent: {}
[135.730405] (-) TimerEvent: {}
[135.831710] (-) TimerEvent: {}
[135.933208] (-) TimerEvent: {}
[136.034597] (-) TimerEvent: {}
[136.135999] (-) TimerEvent: {}
[136.237722] (-) TimerEvent: {}
[136.339246] (-) TimerEvent: {}
[136.441268] (-) TimerEvent: {}
[136.542711] (-) TimerEvent: {}
[136.644325] (-) TimerEvent: {}
[136.745732] (-) TimerEvent: {}
[136.847197] (-) TimerEvent: {}
[136.948765] (-) TimerEvent: {}
[137.050175] (-) TimerEvent: {}
[137.151992] (-) TimerEvent: {}
[137.254314] (-) TimerEvent: {}
[137.355811] (-) TimerEvent: {}
[137.457196] (-) TimerEvent: {}
[137.559090] (-) TimerEvent: {}
[137.660875] (-) TimerEvent: {}
[137.762236] (-) TimerEvent: {}
[137.863540] (-) TimerEvent: {}
[137.965276] (-) TimerEvent: {}
[138.066468] (-) TimerEvent: {}
[138.168690] (-) TimerEvent: {}
[138.270055] (-) TimerEvent: {}
[138.371780] (-) TimerEvent: {}
[138.473266] (-) TimerEvent: {}
[138.575104] (-) TimerEvent: {}
[138.676762] (-) TimerEvent: {}
[138.778581] (-) TimerEvent: {}
[138.879902] (-) TimerEvent: {}
[138.981491] (-) TimerEvent: {}
[139.082910] (-) TimerEvent: {}
[139.184473] (-) TimerEvent: {}
[139.285875] (-) TimerEvent: {}
[139.387298] (-) TimerEvent: {}
[139.489322] (-) TimerEvent: {}
[139.590703] (-) TimerEvent: {}
[139.692096] (-) TimerEvent: {}
[139.793632] (-) TimerEvent: {}
[139.895869] (-) TimerEvent: {}
[139.997890] (-) TimerEvent: {}
[140.099056] (-) TimerEvent: {}
[140.200426] (-) TimerEvent: {}
[140.301603] (-) TimerEvent: {}
[140.402785] (-) TimerEvent: {}
[140.503835] (-) TimerEvent: {}
[140.605162] (-) TimerEvent: {}
[140.706977] (-) TimerEvent: {}
[140.808257] (-) TimerEvent: {}
[140.909389] (-) TimerEvent: {}
[141.010507] (-) TimerEvent: {}
[141.111517] (-) TimerEvent: {}
[141.212739] (-) TimerEvent: {}
[141.314020] (-) TimerEvent: {}
[141.415273] (-) TimerEvent: {}
[141.516517] (-) TimerEvent: {}
[141.618337] (-) TimerEvent: {}
[141.719533] (-) TimerEvent: {}
[141.821009] (-) TimerEvent: {}
[141.922385] (-) TimerEvent: {}
[142.023582] (-) TimerEvent: {}
[142.125118] (-) TimerEvent: {}
[142.226453] (-) TimerEvent: {}
[142.327627] (-) TimerEvent: {}
[142.428880] (-) TimerEvent: {}
[142.530984] (-) TimerEvent: {}
[142.632344] (-) TimerEvent: {}
[142.802566] (-) TimerEvent: {}
[142.903645] (-) TimerEvent: {}
[143.004923] (-) TimerEvent: {}
[143.106116] (-) TimerEvent: {}
[143.207347] (-) TimerEvent: {}
[143.308788] (-) TimerEvent: {}
[143.409881] (-) TimerEvent: {}
[143.511001] (-) TimerEvent: {}
[143.612232] (-) TimerEvent: {}
[143.713358] (-) TimerEvent: {}
[143.814487] (-) TimerEvent: {}
[143.915619] (-) TimerEvent: {}
[144.016926] (-) TimerEvent: {}
[144.118082] (-) TimerEvent: {}
[144.219211] (-) TimerEvent: {}
[144.320657] (-) TimerEvent: {}
[144.421874] (-) TimerEvent: {}
[144.523030] (-) TimerEvent: {}
[144.624076] (-) TimerEvent: {}
[144.725614] (-) TimerEvent: {}
[144.826995] (-) TimerEvent: {}
[144.928249] (-) TimerEvent: {}
[145.029718] (-) TimerEvent: {}
[145.131066] (-) TimerEvent: {}
[145.232363] (-) TimerEvent: {}
[145.333478] (-) TimerEvent: {}
[145.434647] (-) TimerEvent: {}
[145.535599] (-) TimerEvent: {}
[145.636823] (-) TimerEvent: {}
[145.738080] (-) TimerEvent: {}
[145.839237] (-) TimerEvent: {}
[145.940556] (-) TimerEvent: {}
[146.041636] (-) TimerEvent: {}
[146.142680] (-) TimerEvent: {}
[146.243740] (-) TimerEvent: {}
[146.345051] (-) TimerEvent: {}
[146.446473] (-) TimerEvent: {}
[146.547595] (-) TimerEvent: {}
[146.648870] (-) TimerEvent: {}
[146.750038] (-) TimerEvent: {}
[146.851262] (-) TimerEvent: {}
[146.952508] (-) TimerEvent: {}
[147.053667] (-) TimerEvent: {}
[147.154814] (-) TimerEvent: {}
[147.255978] (-) TimerEvent: {}
[147.357239] (-) TimerEvent: {}
[147.458445] (-) TimerEvent: {}
[147.559624] (-) TimerEvent: {}
[147.799430] (-) TimerEvent: {}
[147.900654] (-) TimerEvent: {}
[148.001767] (-) TimerEvent: {}
[148.102910] (-) TimerEvent: {}
[148.204029] (-) TimerEvent: {}
[148.305214] (-) TimerEvent: {}
[148.406384] (-) TimerEvent: {}
[148.507478] (-) TimerEvent: {}
[148.609102] (-) TimerEvent: {}
[148.710304] (-) TimerEvent: {}
[148.811509] (-) TimerEvent: {}
[148.912578] (-) TimerEvent: {}
[149.013654] (-) TimerEvent: {}
[149.114922] (-) TimerEvent: {}
[149.216440] (-) TimerEvent: {}
[149.317844] (-) TimerEvent: {}
[149.419225] (-) TimerEvent: {}
[149.520905] (-) TimerEvent: {}
[149.622294] (-) TimerEvent: {}
[149.723732] (-) TimerEvent: {}
[149.825183] (-) TimerEvent: {}
[149.926497] (-) TimerEvent: {}
[150.027908] (-) TimerEvent: {}
[150.131484] (-) TimerEvent: {}
[150.232966] (-) TimerEvent: {}
[150.334366] (-) TimerEvent: {}
[150.435786] (-) TimerEvent: {}
[150.537207] (-) TimerEvent: {}
[150.638690] (-) TimerEvent: {}
[150.740129] (-) TimerEvent: {}
[150.841693] (-) TimerEvent: {}
[150.943160] (-) TimerEvent: {}
[151.044627] (-) TimerEvent: {}
[151.146017] (-) TimerEvent: {}
[151.247454] (-) TimerEvent: {}
[151.349072] (-) TimerEvent: {}
[151.450481] (-) TimerEvent: {}
[151.551787] (-) TimerEvent: {}
[151.653371] (-) TimerEvent: {}
[151.754770] (-) TimerEvent: {}
[151.856399] (-) TimerEvent: {}
[151.957713] (-) TimerEvent: {}
[152.059083] (-) TimerEvent: {}
[152.160515] (-) TimerEvent: {}
[152.261858] (-) TimerEvent: {}
[152.363025] (-) TimerEvent: {}
[152.464359] (-) TimerEvent: {}
[152.566410] (-) TimerEvent: {}
[152.800059] (-) TimerEvent: {}
[152.901980] (-) TimerEvent: {}
[153.003208] (-) TimerEvent: {}
[153.104763] (-) TimerEvent: {}
[153.206434] (-) TimerEvent: {}
[153.307860] (-) TimerEvent: {}
[153.409236] (-) TimerEvent: {}
[153.510454] (-) TimerEvent: {}
[153.611587] (-) TimerEvent: {}
[153.712997] (-) TimerEvent: {}
[153.814192] (-) TimerEvent: {}
[153.915210] (-) TimerEvent: {}
[154.016419] (-) TimerEvent: {}
[154.117531] (-) TimerEvent: {}
[154.218696] (-) TimerEvent: {}
[154.320050] (-) TimerEvent: {}
[154.421311] (-) TimerEvent: {}
[154.522515] (-) TimerEvent: {}
[154.623812] (-) TimerEvent: {}
[154.725371] (-) TimerEvent: {}
[154.826571] (-) TimerEvent: {}
[154.927928] (-) TimerEvent: {}
[155.030064] (-) TimerEvent: {}
[155.131280] (-) TimerEvent: {}
[155.232360] (-) TimerEvent: {}
[155.333513] (-) TimerEvent: {}
[155.434582] (-) TimerEvent: {}
[155.472280] (hdl_global_localization) StdoutLine: {'line': b'[ 39%] \x1b[32m\x1b[1mLinking CXX shared library libhdl_global_localization_engines.so\x1b[0m\n'}
[155.534869] (-) TimerEvent: {}
[155.636016] (-) TimerEvent: {}
[155.737252] (-) TimerEvent: {}
[155.839490] (-) TimerEvent: {}
[155.940693] (-) TimerEvent: {}
[156.041863] (-) TimerEvent: {}
[156.143070] (-) TimerEvent: {}
[156.244312] (-) TimerEvent: {}
[156.345399] (-) TimerEvent: {}
[156.446569] (-) TimerEvent: {}
[156.547785] (-) TimerEvent: {}
[156.649283] (-) TimerEvent: {}
[156.750828] (-) TimerEvent: {}
[156.852084] (-) TimerEvent: {}
[156.953317] (-) TimerEvent: {}
[157.054404] (-) TimerEvent: {}
[157.155525] (-) TimerEvent: {}
[157.256731] (-) TimerEvent: {}
[157.357879] (-) TimerEvent: {}
[157.459078] (-) TimerEvent: {}
[157.561020] (-) TimerEvent: {}
[157.662286] (-) TimerEvent: {}
[157.763405] (-) TimerEvent: {}
[157.864705] (-) TimerEvent: {}
[157.965838] (-) TimerEvent: {}
[158.069072] (-) TimerEvent: {}
[158.170457] (-) TimerEvent: {}
[158.271766] (-) TimerEvent: {}
[158.373101] (-) TimerEvent: {}
[158.474418] (-) TimerEvent: {}
[158.576098] (-) TimerEvent: {}
[158.677666] (-) TimerEvent: {}
[158.779016] (-) TimerEvent: {}
[158.880476] (-) TimerEvent: {}
[158.981889] (-) TimerEvent: {}
[159.083275] (-) TimerEvent: {}
[159.184785] (-) TimerEvent: {}
[159.287017] (-) TimerEvent: {}
[159.388626] (-) TimerEvent: {}
[159.489935] (-) TimerEvent: {}
[159.591078] (-) TimerEvent: {}
[159.692231] (-) TimerEvent: {}
[159.793343] (-) TimerEvent: {}
[159.894476] (-) TimerEvent: {}
[159.995704] (-) TimerEvent: {}
[160.096904] (-) TimerEvent: {}
[160.198159] (-) TimerEvent: {}
[160.299383] (-) TimerEvent: {}
[160.400584] (-) TimerEvent: {}
[160.501698] (-) TimerEvent: {}
[160.602888] (-) TimerEvent: {}
[160.704364] (-) TimerEvent: {}
[160.805770] (-) TimerEvent: {}
[160.907212] (-) TimerEvent: {}
[161.008600] (-) TimerEvent: {}
[161.109847] (-) TimerEvent: {}
[161.211356] (-) TimerEvent: {}
[161.312730] (-) TimerEvent: {}
[161.414092] (-) TimerEvent: {}
[161.515255] (-) TimerEvent: {}
[161.616773] (-) TimerEvent: {}
[161.718436] (-) TimerEvent: {}
[161.819901] (-) TimerEvent: {}
[161.921269] (-) TimerEvent: {}
[162.022609] (-) TimerEvent: {}
[162.123818] (-) TimerEvent: {}
[162.225111] (-) TimerEvent: {}
[162.326628] (-) TimerEvent: {}
[162.427989] (-) TimerEvent: {}
[162.530257] (-) TimerEvent: {}
[162.631727] (-) TimerEvent: {}
[162.733230] (-) TimerEvent: {}
[162.862407] (-) TimerEvent: {}
[162.963672] (-) TimerEvent: {}
[163.065131] (-) TimerEvent: {}
[163.166521] (-) TimerEvent: {}
[163.267777] (-) TimerEvent: {}
[163.369361] (-) TimerEvent: {}
[163.471431] (-) TimerEvent: {}
[163.572907] (-) TimerEvent: {}
[163.674310] (-) TimerEvent: {}
[163.775772] (-) TimerEvent: {}
[163.877565] (-) TimerEvent: {}
[163.979033] (-) TimerEvent: {}
[164.081923] (-) TimerEvent: {}
[164.183198] (-) TimerEvent: {}
[164.284488] (-) TimerEvent: {}
[164.385929] (-) TimerEvent: {}
[164.487421] (-) TimerEvent: {}
[164.589068] (-) TimerEvent: {}
[164.690845] (-) TimerEvent: {}
[164.792024] (-) TimerEvent: {}
[164.893765] (-) TimerEvent: {}
[164.995483] (-) TimerEvent: {}
[165.096845] (-) TimerEvent: {}
[165.198334] (-) TimerEvent: {}
[165.299745] (-) TimerEvent: {}
[165.401349] (-) TimerEvent: {}
[165.502631] (-) TimerEvent: {}
[165.604024] (-) TimerEvent: {}
[165.705763] (-) TimerEvent: {}
[165.807304] (-) TimerEvent: {}
[165.908873] (-) TimerEvent: {}
[166.010376] (-) TimerEvent: {}
[166.111749] (-) TimerEvent: {}
[166.213248] (-) TimerEvent: {}
[166.314566] (-) TimerEvent: {}
[166.415892] (-) TimerEvent: {}
[166.517544] (-) TimerEvent: {}
[166.619179] (-) TimerEvent: {}
[166.720600] (-) TimerEvent: {}
[166.821833] (-) TimerEvent: {}
[166.923011] (-) TimerEvent: {}
[167.024415] (-) TimerEvent: {}
[167.125660] (-) TimerEvent: {}
[167.227043] (-) TimerEvent: {}
[167.328638] (-) TimerEvent: {}
[167.430103] (-) TimerEvent: {}
[167.531543] (-) TimerEvent: {}
[167.632757] (-) TimerEvent: {}
[167.734449] (-) TimerEvent: {}
[167.933804] (-) TimerEvent: {}
[168.034813] (-) TimerEvent: {}
[168.136448] (-) TimerEvent: {}
[168.237552] (-) TimerEvent: {}
[168.339254] (-) TimerEvent: {}
[168.440381] (-) TimerEvent: {}
[168.541475] (-) TimerEvent: {}
[168.642701] (-) TimerEvent: {}
[168.744074] (-) TimerEvent: {}
[168.845593] (-) TimerEvent: {}
[168.946708] (-) TimerEvent: {}
[169.048327] (-) TimerEvent: {}
[169.149469] (-) TimerEvent: {}
[169.250562] (-) TimerEvent: {}
[169.351870] (-) TimerEvent: {}
[169.453888] (-) TimerEvent: {}
[169.555119] (-) TimerEvent: {}
[169.656503] (-) TimerEvent: {}
[169.758458] (-) TimerEvent: {}
[169.859563] (-) TimerEvent: {}
[169.960818] (-) TimerEvent: {}
[170.062739] (-) TimerEvent: {}
[170.164068] (-) TimerEvent: {}
[170.265591] (-) TimerEvent: {}
[170.366912] (-) TimerEvent: {}
[170.468383] (-) TimerEvent: {}
[170.569830] (-) TimerEvent: {}
[170.671308] (-) TimerEvent: {}
[170.772717] (-) TimerEvent: {}
[170.873963] (-) TimerEvent: {}
[170.975563] (-) TimerEvent: {}
[171.077001] (-) TimerEvent: {}
[171.178354] (-) TimerEvent: {}
[171.280564] (-) TimerEvent: {}
[171.381804] (-) TimerEvent: {}
[171.483669] (-) TimerEvent: {}
[171.585088] (-) TimerEvent: {}
[171.686412] (-) TimerEvent: {}
[171.787701] (-) TimerEvent: {}
[171.888995] (-) TimerEvent: {}
[171.909627] (hdl_global_localization) StdoutLine: {'line': b'[ 39%] Built target hdl_global_localization_engines\n'}
[171.989282] (-) TimerEvent: {}
[171.992403] (hdl_global_localization) StdoutLine: {'line': b'[ 41%] \x1b[34m\x1b[1mGenerating C type support dispatch for ROS interfaces\x1b[0m\n'}
[171.995987] (hdl_global_localization) StdoutLine: {'line': b'[ 43%] \x1b[34m\x1b[1mGenerating C++ introspection for ROS interfaces\x1b[0m\n'}
[172.011554] (hdl_global_localization) StdoutLine: {'line': b'[ 44%] \x1b[34m\x1b[1mGenerating C type support for eProsima Fast-RTPS\x1b[0m\n'}
[172.025066] (hdl_global_localization) StdoutLine: {'line': b'[ 46%] \x1b[34m\x1b[1mGenerating C introspection for ROS interfaces\x1b[0m\n'}
[172.089612] (-) TimerEvent: {}
[172.190722] (-) TimerEvent: {}
[172.291988] (-) TimerEvent: {}
[172.393367] (-) TimerEvent: {}
[172.494357] (-) TimerEvent: {}
[172.595410] (-) TimerEvent: {}
[172.696572] (-) TimerEvent: {}
[172.800541] (-) TimerEvent: {}
[173.047897] (-) TimerEvent: {}
[173.149017] (-) TimerEvent: {}
[173.249974] (-) TimerEvent: {}
[173.351004] (-) TimerEvent: {}
[173.452460] (-) TimerEvent: {}
[173.553831] (-) TimerEvent: {}
[173.671742] (-) TimerEvent: {}
[173.679261] (hdl_global_localization) StdoutLine: {'line': b'\x1b[35m\x1b[1mScanning dependencies of target hdl_global_localization__rosidl_typesupport_c\x1b[0m\n'}
[173.772096] (-) TimerEvent: {}
[173.873272] (-) TimerEvent: {}
[173.877701] (hdl_global_localization) StdoutLine: {'line': b'[ 48%] \x1b[32mBuilding CXX object CMakeFiles/hdl_global_localization__rosidl_typesupport_c.dir/rosidl_typesupport_c/hdl_global_localization/srv/query_global_localization__type_support.cpp.o\x1b[0m\n'}
[173.906144] (hdl_global_localization) StdoutLine: {'line': b'[ 50%] \x1b[32mBuilding CXX object CMakeFiles/hdl_global_localization__rosidl_typesupport_c.dir/rosidl_typesupport_c/hdl_global_localization/srv/set_global_map__type_support.cpp.o\x1b[0m\n'}
[173.907401] (hdl_global_localization) StdoutLine: {'line': b'[ 51%] \x1b[32mBuilding CXX object CMakeFiles/hdl_global_localization__rosidl_typesupport_c.dir/rosidl_typesupport_c/hdl_global_localization/srv/set_global_localization_engine__type_support.cpp.o\x1b[0m\n'}
[173.973570] (-) TimerEvent: {}
[174.074617] (-) TimerEvent: {}
[174.175562] (-) TimerEvent: {}
[174.276787] (-) TimerEvent: {}
[174.310008] (hdl_global_localization) StdoutLine: {'line': b'[ 53%] \x1b[32m\x1b[1mLinking CXX shared library libhdl_global_localization__rosidl_typesupport_c.so\x1b[0m\n'}
[174.334349] (hdl_global_localization) StdoutLine: {'line': b'\x1b[35m\x1b[1mScanning dependencies of target hdl_global_localization__rosidl_typesupport_introspection_c\x1b[0m\n'}
[174.367409] (hdl_global_localization) StdoutLine: {'line': b'\x1b[35m\x1b[1mScanning dependencies of target hdl_global_localization__rosidl_typesupport_introspection_cpp\x1b[0m\n'}
[174.377062] (-) TimerEvent: {}
[174.467028] (hdl_global_localization) StdoutLine: {'line': b'\x1b[35m\x1b[1mScanning dependencies of target hdl_global_localization__rosidl_typesupport_fastrtps_c\x1b[0m\n'}
[174.477324] (-) TimerEvent: {}
[174.579030] (-) TimerEvent: {}
[174.612231] (hdl_global_localization) StdoutLine: {'line': b'[ 55%] \x1b[32mBuilding CXX object CMakeFiles/hdl_global_localization__rosidl_typesupport_introspection_cpp.dir/rosidl_typesupport_introspection_cpp/hdl_global_localization/srv/detail/query_global_localization__type_support.cpp.o\x1b[0m\n'}
[174.630097] (hdl_global_localization) StdoutLine: {'line': b'[ 56%] \x1b[32mBuilding CXX object CMakeFiles/hdl_global_localization__rosidl_typesupport_introspection_cpp.dir/rosidl_typesupport_introspection_cpp/hdl_global_localization/srv/detail/set_global_map__type_support.cpp.o\x1b[0m\n'}
[174.636046] (hdl_global_localization) StdoutLine: {'line': b'[ 58%] \x1b[32mBuilding C object CMakeFiles/hdl_global_localization__rosidl_typesupport_introspection_c.dir/rosidl_typesupport_introspection_c/hdl_global_localization/srv/detail/query_global_localization__type_support.c.o\x1b[0m\n'}
[174.654080] (hdl_global_localization) StdoutLine: {'line': b'[ 60%] \x1b[32mBuilding CXX object CMakeFiles/hdl_global_localization__rosidl_typesupport_introspection_cpp.dir/rosidl_typesupport_introspection_cpp/hdl_global_localization/srv/detail/set_global_localization_engine__type_support.cpp.o\x1b[0m\n'}
[174.672507] (hdl_global_localization) StdoutLine: {'line': b'[ 60%] Built target hdl_global_localization__rosidl_typesupport_c\n'}
[174.679395] (-) TimerEvent: {}
[174.712380] (hdl_global_localization) StdoutLine: {'line': b'[ 62%] \x1b[32mBuilding CXX object CMakeFiles/hdl_global_localization__rosidl_typesupport_fastrtps_c.dir/rosidl_typesupport_fastrtps_c/hdl_global_localization/srv/detail/query_global_localization__type_support_c.cpp.o\x1b[0m\n'}
[174.739395] (hdl_global_localization) StdoutLine: {'line': b'[ 63%] \x1b[32mBuilding CXX object CMakeFiles/hdl_global_localization__rosidl_typesupport_fastrtps_c.dir/rosidl_typesupport_fastrtps_c/hdl_global_localization/srv/detail/set_global_localization_engine__type_support_c.cpp.o\x1b[0m\n'}
[174.779720] (-) TimerEvent: {}
[174.881470] (-) TimerEvent: {}
[174.983111] (-) TimerEvent: {}
[175.085186] (-) TimerEvent: {}
[175.100556] (hdl_global_localization) StdoutLine: {'line': b'[ 65%] \x1b[32mBuilding C object CMakeFiles/hdl_global_localization__rosidl_typesupport_introspection_c.dir/rosidl_typesupport_introspection_c/hdl_global_localization/srv/detail/set_global_localization_engine__type_support.c.o\x1b[0m\n'}
[175.185498] (-) TimerEvent: {}
[175.287387] (-) TimerEvent: {}
[175.390442] (-) TimerEvent: {}
[175.492359] (-) TimerEvent: {}
[175.534931] (hdl_global_localization) StdoutLine: {'line': b'[ 67%] \x1b[32mBuilding C object CMakeFiles/hdl_global_localization__rosidl_typesupport_introspection_c.dir/rosidl_typesupport_introspection_c/hdl_global_localization/srv/detail/set_global_map__type_support.c.o\x1b[0m\n'}
[175.592625] (-) TimerEvent: {}
[175.694389] (-) TimerEvent: {}
[175.796239] (-) TimerEvent: {}
[175.898033] (-) TimerEvent: {}
[175.999883] (-) TimerEvent: {}
[176.052446] (hdl_global_localization) StdoutLine: {'line': b'[ 68%] \x1b[32m\x1b[1mLinking C shared library libhdl_global_localization__rosidl_typesupport_introspection_c.so\x1b[0m\n'}
[176.100281] (-) TimerEvent: {}
[176.202153] (-) TimerEvent: {}
[176.304001] (-) TimerEvent: {}
[176.405872] (-) TimerEvent: {}
[176.507717] (-) TimerEvent: {}
[176.604809] (hdl_global_localization) StdoutLine: {'line': b'[ 68%] Built target hdl_global_localization__rosidl_typesupport_introspection_c\n'}
[176.607978] (-) TimerEvent: {}
[176.709846] (-) TimerEvent: {}
[176.783450] (hdl_global_localization) StdoutLine: {'line': b'[ 70%] \x1b[32mBuilding CXX object CMakeFiles/hdl_global_localization__rosidl_typesupport_fastrtps_c.dir/rosidl_typesupport_fastrtps_c/hdl_global_localization/srv/detail/set_global_map__type_support_c.cpp.o\x1b[0m\n'}
[176.810115] (-) TimerEvent: {}
[176.911950] (-) TimerEvent: {}
[177.013808] (-) TimerEvent: {}
[177.115596] (-) TimerEvent: {}
[177.218717] (-) TimerEvent: {}
[177.320910] (-) TimerEvent: {}
[177.422132] (-) TimerEvent: {}
[177.510181] (hdl_global_localization) StdoutLine: {'line': b'[ 72%] \x1b[32m\x1b[1mLinking CXX shared library libhdl_global_localization__rosidl_typesupport_introspection_cpp.so\x1b[0m\n'}
[177.522312] (-) TimerEvent: {}
[177.623302] (-) TimerEvent: {}
[177.725132] (-) TimerEvent: {}
[177.826339] (-) TimerEvent: {}
[177.928460] (-) TimerEvent: {}
[178.065550] (hdl_global_localization) StdoutLine: {'line': b'[ 72%] Built target hdl_global_localization__rosidl_typesupport_introspection_cpp\n'}
[178.066511] (-) TimerEvent: {}
[178.167605] (-) TimerEvent: {}
[178.269018] (-) TimerEvent: {}
[178.370215] (-) TimerEvent: {}
[178.471290] (-) TimerEvent: {}
[178.572606] (-) TimerEvent: {}
[178.673853] (-) TimerEvent: {}
[178.775364] (-) TimerEvent: {}
[178.830320] (hdl_global_localization) StdoutLine: {'line': b'[ 74%] \x1b[32m\x1b[1mLinking CXX shared library libhdl_global_localization__rosidl_typesupport_fastrtps_c.so\x1b[0m\n'}
[178.875629] (-) TimerEvent: {}
[178.976909] (-) TimerEvent: {}
[179.078110] (-) TimerEvent: {}
[179.179385] (-) TimerEvent: {}
[179.280902] (-) TimerEvent: {}
[179.382893] (-) TimerEvent: {}
[179.474585] (hdl_global_localization) StdoutLine: {'line': b'[ 74%] Built target hdl_global_localization__rosidl_typesupport_fastrtps_c\n'}
[179.483217] (-) TimerEvent: {}
[179.543614] (hdl_global_localization) StdoutLine: {'line': b'\x1b[35m\x1b[1mScanning dependencies of target hdl_global_localization\x1b[0m\n'}
[179.583485] (-) TimerEvent: {}
[179.613209] (hdl_global_localization) StdoutLine: {'line': b'[ 74%] Built target hdl_global_localization\n'}
[179.683762] (-) TimerEvent: {}
[179.686087] (hdl_global_localization) StdoutLine: {'line': b'\x1b[35m\x1b[1mScanning dependencies of target hdl_global_localization_test\x1b[0m\n'}
[179.686930] (hdl_global_localization) StdoutLine: {'line': b'\x1b[35m\x1b[1mScanning dependencies of target hdl_global_localization__py\x1b[0m\n'}
[179.700476] (hdl_global_localization) StdoutLine: {'line': b'\x1b[35m\x1b[1mScanning dependencies of target hdl_global_localization_node\x1b[0m\n'}
[179.765368] (hdl_global_localization) StdoutLine: {'line': b'[ 75%] \x1b[34m\x1b[1mGenerating Python code for ROS interfaces\x1b[0m\n'}
[179.784022] (-) TimerEvent: {}
[179.885290] (-) TimerEvent: {}
[179.986403] (-) TimerEvent: {}
[180.088051] (-) TimerEvent: {}
[180.189993] (-) TimerEvent: {}
[180.290994] (-) TimerEvent: {}
[180.392073] (-) TimerEvent: {}
[180.415604] (hdl_global_localization) StdoutLine: {'line': b'[ 77%] \x1b[32mBuilding CXX object CMakeFiles/hdl_global_localization_node.dir/src/hdl_global_localization_node_ros2.cpp.o\x1b[0m\n'}
[180.492400] (-) TimerEvent: {}
[180.594004] (-) TimerEvent: {}
[180.695036] (-) TimerEvent: {}
[180.796076] (-) TimerEvent: {}
[180.896368] (hdl_global_localization) StdoutLine: {'line': b'[ 79%] \x1b[32mBuilding CXX object CMakeFiles/hdl_global_localization_test.dir/src/hdl_global_localization_test_ros2.cpp.o\x1b[0m\n'}
[180.897799] (-) TimerEvent: {}
[180.999323] (-) TimerEvent: {}
[181.100583] (-) TimerEvent: {}
[181.201801] (-) TimerEvent: {}
[181.302785] (-) TimerEvent: {}
[181.403902] (-) TimerEvent: {}
[181.505473] (-) TimerEvent: {}
[181.606598] (-) TimerEvent: {}
[181.707684] (-) TimerEvent: {}
[181.808851] (-) TimerEvent: {}
[181.909919] (-) TimerEvent: {}
[182.011062] (-) TimerEvent: {}
[182.112383] (-) TimerEvent: {}
[182.213451] (-) TimerEvent: {}
[182.314860] (-) TimerEvent: {}
[182.415945] (-) TimerEvent: {}
[182.517382] (-) TimerEvent: {}
[182.619999] (-) TimerEvent: {}
[182.721876] (-) TimerEvent: {}
[182.823617] (-) TimerEvent: {}
[182.924862] (-) TimerEvent: {}
[183.174582] (-) TimerEvent: {}
[183.275774] (-) TimerEvent: {}
[183.377031] (-) TimerEvent: {}
[183.478430] (-) TimerEvent: {}
[183.579835] (-) TimerEvent: {}
[183.681409] (-) TimerEvent: {}
[183.782767] (-) TimerEvent: {}
[183.884369] (-) TimerEvent: {}
[183.985868] (-) TimerEvent: {}
[184.087238] (-) TimerEvent: {}
[184.190433] (-) TimerEvent: {}
[184.291858] (-) TimerEvent: {}
[184.392978] (-) TimerEvent: {}
[184.494649] (-) TimerEvent: {}
[184.596439] (-) TimerEvent: {}
[184.698284] (-) TimerEvent: {}
[184.801326] (-) TimerEvent: {}
[184.903520] (-) TimerEvent: {}
[184.944130] (hdl_global_localization) StdoutLine: {'line': b'[ 79%] Built target hdl_global_localization__py\n'}
[185.003879] (-) TimerEvent: {}
[185.018920] (hdl_global_localization) StdoutLine: {'line': b'\x1b[35m\x1b[1mScanning dependencies of target hdl_global_localization__python\x1b[0m\n'}
[185.104356] (-) TimerEvent: {}
[185.205521] (-) TimerEvent: {}
[185.219345] (hdl_global_localization) StdoutLine: {'line': b'[ 81%] \x1b[32mBuilding C object CMakeFiles/hdl_global_localization__python.dir/rosidl_generator_py/hdl_global_localization/srv/_set_global_localization_engine_s.c.o\x1b[0m\n'}
[185.230614] (hdl_global_localization) StdoutLine: {'line': b'[ 82%] \x1b[32mBuilding C object CMakeFiles/hdl_global_localization__python.dir/rosidl_generator_py/hdl_global_localization/srv/_query_global_localization_s.c.o\x1b[0m\n'}
[185.284907] (hdl_global_localization) StdoutLine: {'line': b'[ 84%] \x1b[32mBuilding C object CMakeFiles/hdl_global_localization__python.dir/rosidl_generator_py/hdl_global_localization/srv/_set_global_map_s.c.o\x1b[0m\n'}
[185.305777] (-) TimerEvent: {}
[185.406906] (-) TimerEvent: {}
[185.509123] (-) TimerEvent: {}
[185.610268] (-) TimerEvent: {}
[185.711455] (-) TimerEvent: {}
[185.812779] (-) TimerEvent: {}
[185.938586] (-) TimerEvent: {}
[186.039790] (-) TimerEvent: {}
[186.141034] (-) TimerEvent: {}
[186.242802] (-) TimerEvent: {}
[186.308627] (hdl_global_localization) StdoutLine: {'line': b'[ 86%] \x1b[32m\x1b[1mLinking C shared library rosidl_generator_py/hdl_global_localization/libhdl_global_localization__python.so\x1b[0m\n'}
[186.343074] (-) TimerEvent: {}
[186.444363] (-) TimerEvent: {}
[186.545569] (-) TimerEvent: {}
[186.647908] (-) TimerEvent: {}
[186.667367] (hdl_global_localization) StdoutLine: {'line': b'[ 86%] Built target hdl_global_localization__python\n'}
[186.748412] (-) TimerEvent: {}
[186.764889] (hdl_global_localization) StdoutLine: {'line': b'\x1b[35m\x1b[1mScanning dependencies of target hdl_global_localization__rosidl_typesupport_c__pyext\x1b[0m\n'}
[186.830456] (hdl_global_localization) StdoutLine: {'line': b'\x1b[35m\x1b[1mScanning dependencies of target hdl_global_localization__rosidl_typesupport_introspection_c__pyext\x1b[0m\n'}
[186.832519] (hdl_global_localization) StdoutLine: {'line': b'\x1b[35m\x1b[1mScanning dependencies of target hdl_global_localization__rosidl_typesupport_fastrtps_c__pyext\x1b[0m\n'}
[186.849855] (-) TimerEvent: {}
[186.951538] (-) TimerEvent: {}
[186.993111] (hdl_global_localization) StdoutLine: {'line': b'[ 87%] \x1b[32mBuilding C object CMakeFiles/hdl_global_localization__rosidl_typesupport_c__pyext.dir/rosidl_generator_py/hdl_global_localization/_hdl_global_localization_s.ep.rosidl_typesupport_c.c.o\x1b[0m\n'}
[187.051501] (hdl_global_localization) StdoutLine: {'line': b'[ 89%] \x1b[32mBuilding C object CMakeFiles/hdl_global_localization__rosidl_typesupport_introspection_c__pyext.dir/rosidl_generator_py/hdl_global_localization/_hdl_global_localization_s.ep.rosidl_typesupport_introspection_c.c.o\x1b[0m\n'}
[187.052355] (-) TimerEvent: {}
[187.103455] (hdl_global_localization) StdoutLine: {'line': b'[ 91%] \x1b[32mBuilding C object CMakeFiles/hdl_global_localization__rosidl_typesupport_fastrtps_c__pyext.dir/rosidl_generator_py/hdl_global_localization/_hdl_global_localization_s.ep.rosidl_typesupport_fastrtps_c.c.o\x1b[0m\n'}
[187.152667] (-) TimerEvent: {}
[187.253821] (-) TimerEvent: {}
[187.354885] (-) TimerEvent: {}
[187.455977] (-) TimerEvent: {}
[187.557172] (-) TimerEvent: {}
[187.658218] (-) TimerEvent: {}
[187.759277] (-) TimerEvent: {}
[187.826421] (hdl_global_localization) StdoutLine: {'line': b'[ 93%] \x1b[32m\x1b[1mLinking C shared library rosidl_generator_py/hdl_global_localization/hdl_global_localization_s__rosidl_typesupport_c.cpython-38-aarch64-linux-gnu.so\x1b[0m\n'}
[187.832467] (hdl_global_localization) StdoutLine: {'line': b'[ 94%] \x1b[32m\x1b[1mLinking CXX shared library rosidl_generator_py/hdl_global_localization/hdl_global_localization_s__rosidl_typesupport_fastrtps_c.cpython-38-aarch64-linux-gnu.so\x1b[0m\n'}
[187.859591] (-) TimerEvent: {}
[187.964414] (-) TimerEvent: {}
[188.132085] (-) TimerEvent: {}
[188.221677] (hdl_global_localization) StdoutLine: {'line': b'[ 96%] \x1b[32m\x1b[1mLinking C shared library rosidl_generator_py/hdl_global_localization/hdl_global_localization_s__rosidl_typesupport_introspection_c.cpython-38-aarch64-linux-gnu.so\x1b[0m\n'}
[188.232435] (-) TimerEvent: {}
[188.277280] (hdl_global_localization) StdoutLine: {'line': b'[ 96%] Built target hdl_global_localization__rosidl_typesupport_c__pyext\n'}
[188.332717] (-) TimerEvent: {}
[188.435691] (-) TimerEvent: {}
[188.497460] (hdl_global_localization) StdoutLine: {'line': b'[ 96%] Built target hdl_global_localization__rosidl_typesupport_fastrtps_c__pyext\n'}
[188.536001] (-) TimerEvent: {}
[188.585440] (hdl_global_localization) StdoutLine: {'line': b'[ 96%] Built target hdl_global_localization__rosidl_typesupport_introspection_c__pyext\n'}
[188.636376] (-) TimerEvent: {}
[188.737489] (-) TimerEvent: {}
[188.838963] (-) TimerEvent: {}
[188.940213] (-) TimerEvent: {}
[189.041358] (-) TimerEvent: {}
[189.142668] (-) TimerEvent: {}
[189.243919] (-) TimerEvent: {}
[189.345245] (-) TimerEvent: {}
[189.446351] (-) TimerEvent: {}
[189.547449] (-) TimerEvent: {}
[189.648684] (-) TimerEvent: {}
[189.749833] (-) TimerEvent: {}
[189.850958] (-) TimerEvent: {}
[189.952212] (-) TimerEvent: {}
[190.053299] (-) TimerEvent: {}
[190.154461] (-) TimerEvent: {}
[190.255447] (-) TimerEvent: {}
[190.356641] (-) TimerEvent: {}
[190.457772] (-) TimerEvent: {}
[190.560450] (-) TimerEvent: {}
[190.661759] (-) TimerEvent: {}
[190.762902] (-) TimerEvent: {}
[190.864947] (-) TimerEvent: {}
[190.966130] (-) TimerEvent: {}
[191.067087] (-) TimerEvent: {}
[191.169243] (-) TimerEvent: {}
[191.270743] (-) TimerEvent: {}
[191.371884] (-) TimerEvent: {}
[191.473007] (-) TimerEvent: {}
[191.574249] (-) TimerEvent: {}
[191.675368] (-) TimerEvent: {}
[191.776961] (-) TimerEvent: {}
[191.878088] (-) TimerEvent: {}
[191.979369] (-) TimerEvent: {}
[192.080622] (-) TimerEvent: {}
[192.181754] (-) TimerEvent: {}
[192.282829] (-) TimerEvent: {}
[192.384032] (-) TimerEvent: {}
[192.485341] (-) TimerEvent: {}
[192.586439] (-) TimerEvent: {}
[192.687495] (-) TimerEvent: {}
[192.789236] (-) TimerEvent: {}
[192.890401] (-) TimerEvent: {}
[192.992377] (-) TimerEvent: {}
[193.181130] (-) TimerEvent: {}
[193.282229] (-) TimerEvent: {}
[193.383441] (-) TimerEvent: {}
[193.484631] (-) TimerEvent: {}
[193.585830] (-) TimerEvent: {}
[193.687127] (-) TimerEvent: {}
[193.788314] (-) TimerEvent: {}
[193.890565] (-) TimerEvent: {}
[193.991593] (-) TimerEvent: {}
[194.092964] (-) TimerEvent: {}
[194.194301] (-) TimerEvent: {}
[194.295589] (-) TimerEvent: {}
[194.397023] (-) TimerEvent: {}
[194.498365] (-) TimerEvent: {}
[194.599622] (-) TimerEvent: {}
[194.701283] (-) TimerEvent: {}
[194.802582] (-) TimerEvent: {}
[194.903834] (-) TimerEvent: {}
[195.005054] (-) TimerEvent: {}
[195.106219] (-) TimerEvent: {}
[195.207198] (-) TimerEvent: {}
[195.308439] (-) TimerEvent: {}
[195.410383] (-) TimerEvent: {}
[195.511627] (-) TimerEvent: {}
[195.612899] (-) TimerEvent: {}
[195.714120] (-) TimerEvent: {}
[195.815140] (-) TimerEvent: {}
[195.916430] (-) TimerEvent: {}
[196.017722] (-) TimerEvent: {}
[196.120274] (-) TimerEvent: {}
[196.221428] (-) TimerEvent: {}
[196.322705] (-) TimerEvent: {}
[196.423937] (-) TimerEvent: {}
[196.525170] (-) TimerEvent: {}
[196.626513] (-) TimerEvent: {}
[196.727722] (-) TimerEvent: {}
[196.830317] (-) TimerEvent: {}
[196.931518] (-) TimerEvent: {}
[197.032896] (-) TimerEvent: {}
[197.134658] (-) TimerEvent: {}
[197.236087] (-) TimerEvent: {}
[197.337586] (-) TimerEvent: {}
[197.439072] (-) TimerEvent: {}
[197.540392] (-) TimerEvent: {}
[197.641645] (-) TimerEvent: {}
[197.742833] (-) TimerEvent: {}
[197.844070] (-) TimerEvent: {}
[197.945367] (-) TimerEvent: {}
[198.052463] (-) TimerEvent: {}
[198.189730] (-) TimerEvent: {}
[198.291559] (-) TimerEvent: {}
[198.393064] (-) TimerEvent: {}
[198.494484] (-) TimerEvent: {}
[198.596127] (-) TimerEvent: {}
[198.697874] (-) TimerEvent: {}
[198.799390] (-) TimerEvent: {}
[198.901045] (-) TimerEvent: {}
[199.002431] (-) TimerEvent: {}
[199.103795] (-) TimerEvent: {}
[199.205177] (-) TimerEvent: {}
[199.306452] (-) TimerEvent: {}
[199.407756] (-) TimerEvent: {}
[199.513198] (-) TimerEvent: {}
[199.614399] (-) TimerEvent: {}
[199.715554] (-) TimerEvent: {}
[199.817024] (-) TimerEvent: {}
[199.918170] (-) TimerEvent: {}
[200.019529] (-) TimerEvent: {}
[200.120819] (-) TimerEvent: {}
[200.221989] (-) TimerEvent: {}
[200.323330] (-) TimerEvent: {}
[200.424631] (-) TimerEvent: {}
[200.525789] (-) TimerEvent: {}
[200.626948] (-) TimerEvent: {}
[200.728266] (-) TimerEvent: {}
[200.829369] (-) TimerEvent: {}
[200.930588] (-) TimerEvent: {}
[201.032112] (-) TimerEvent: {}
[201.133471] (-) TimerEvent: {}
[201.235099] (-) TimerEvent: {}
[201.336489] (-) TimerEvent: {}
[201.438080] (-) TimerEvent: {}
[201.539472] (-) TimerEvent: {}
[201.640734] (-) TimerEvent: {}
[201.742164] (-) TimerEvent: {}
[201.843603] (-) TimerEvent: {}
[201.944867] (-) TimerEvent: {}
[202.046314] (-) TimerEvent: {}
[202.147863] (-) TimerEvent: {}
[202.249651] (-) TimerEvent: {}
[202.350889] (-) TimerEvent: {}
[202.452307] (-) TimerEvent: {}
[202.553690] (-) TimerEvent: {}
[202.655025] (-) TimerEvent: {}
[202.756303] (-) TimerEvent: {}
[202.857494] (-) TimerEvent: {}
[202.958990] (-) TimerEvent: {}
[203.060205] (-) TimerEvent: {}
[203.161345] (-) TimerEvent: {}
[203.262478] (-) TimerEvent: {}
[203.363572] (-) TimerEvent: {}
[203.464902] (-) TimerEvent: {}
[203.566874] (-) TimerEvent: {}
[203.671164] (-) TimerEvent: {}
[203.774230] (-) TimerEvent: {}
[203.876613] (-) TimerEvent: {}
[203.978913] (-) TimerEvent: {}
[204.092387] (-) TimerEvent: {}
[204.194096] (-) TimerEvent: {}
[204.301603] (-) TimerEvent: {}
[204.477246] (-) TimerEvent: {}
[204.597427] (-) TimerEvent: {}
[204.699481] (-) TimerEvent: {}
[204.800610] (-) TimerEvent: {}
[204.901649] (-) TimerEvent: {}
[205.002738] (-) TimerEvent: {}
[205.104925] (-) TimerEvent: {}
[205.206849] (-) TimerEvent: {}
[205.307901] (-) TimerEvent: {}
[205.409074] (-) TimerEvent: {}
[205.510176] (-) TimerEvent: {}
[205.611294] (-) TimerEvent: {}
[205.713422] (-) TimerEvent: {}
[205.815304] (-) TimerEvent: {}
[205.916366] (-) TimerEvent: {}
[206.017520] (-) TimerEvent: {}
[206.118707] (-) TimerEvent: {}
[206.219877] (-) TimerEvent: {}
[206.321113] (-) TimerEvent: {}
[206.422232] (-) TimerEvent: {}
[206.523476] (-) TimerEvent: {}
[206.625018] (-) TimerEvent: {}
[206.727011] (-) TimerEvent: {}
[206.829611] (-) TimerEvent: {}
[206.930568] (-) TimerEvent: {}
[207.031954] (-) TimerEvent: {}
[207.133261] (-) TimerEvent: {}
[207.234732] (-) TimerEvent: {}
[207.335978] (-) TimerEvent: {}
[207.437303] (-) TimerEvent: {}
[207.538547] (-) TimerEvent: {}
[207.639749] (-) TimerEvent: {}
[207.740836] (-) TimerEvent: {}
[207.849326] (-) TimerEvent: {}
[207.961524] (-) TimerEvent: {}
[208.065071] (-) TimerEvent: {}
[208.182211] (-) TimerEvent: {}
[208.284746] (-) TimerEvent: {}
[208.386345] (-) TimerEvent: {}
[208.491304] (-) TimerEvent: {}
[208.592538] (-) TimerEvent: {}
[208.694264] (-) TimerEvent: {}
[208.797310] (-) TimerEvent: {}
[208.901696] (-) TimerEvent: {}
[209.003468] (-) TimerEvent: {}
[209.104575] (-) TimerEvent: {}
[209.207602] (-) TimerEvent: {}
[209.308709] (-) TimerEvent: {}
[209.411355] (-) TimerEvent: {}
[209.558762] (-) TimerEvent: {}
[209.659800] (-) TimerEvent: {}
[209.761205] (-) TimerEvent: {}
[209.865610] (-) TimerEvent: {}
[209.966678] (-) TimerEvent: {}
[210.067760] (-) TimerEvent: {}
[210.172520] (-) TimerEvent: {}
[210.273867] (-) TimerEvent: {}
[210.374837] (-) TimerEvent: {}
[210.475843] (-) TimerEvent: {}
[210.576973] (-) TimerEvent: {}
[210.679147] (-) TimerEvent: {}
[210.781966] (-) TimerEvent: {}
[210.883021] (-) TimerEvent: {}
[210.984082] (-) TimerEvent: {}
[211.085162] (-) TimerEvent: {}
[211.186273] (-) TimerEvent: {}
[211.287355] (-) TimerEvent: {}
[211.389178] (-) TimerEvent: {}
[211.490230] (-) TimerEvent: {}
[211.591278] (-) TimerEvent: {}
[211.692406] (-) TimerEvent: {}
[211.793489] (-) TimerEvent: {}
[211.894453] (-) TimerEvent: {}
[211.995534] (-) TimerEvent: {}
[212.096804] (-) TimerEvent: {}
[212.198180] (-) TimerEvent: {}
[212.299483] (-) TimerEvent: {}
[212.400862] (-) TimerEvent: {}
[212.501866] (-) TimerEvent: {}
[212.602912] (-) TimerEvent: {}
[212.704348] (-) TimerEvent: {}
[212.805619] (-) TimerEvent: {}
[212.907313] (-) TimerEvent: {}
[213.008382] (-) TimerEvent: {}
[213.110067] (-) TimerEvent: {}
[213.211355] (-) TimerEvent: {}
[213.312986] (-) TimerEvent: {}
[213.414807] (-) TimerEvent: {}
[213.516375] (-) TimerEvent: {}
[213.617468] (-) TimerEvent: {}
[213.718790] (-) TimerEvent: {}
[213.820378] (-) TimerEvent: {}
[213.922121] (-) TimerEvent: {}
[214.023251] (-) TimerEvent: {}
[214.124425] (-) TimerEvent: {}
[214.225473] (-) TimerEvent: {}
[214.326563] (-) TimerEvent: {}
[214.428402] (-) TimerEvent: {}
[214.656997] (-) TimerEvent: {}
[214.758478] (-) TimerEvent: {}
[214.859700] (-) TimerEvent: {}
[214.961081] (-) TimerEvent: {}
[215.062351] (-) TimerEvent: {}
[215.163752] (-) TimerEvent: {}
[215.265133] (-) TimerEvent: {}
[215.368529] (-) TimerEvent: {}
[215.475616] (-) TimerEvent: {}
[215.579639] (-) TimerEvent: {}
[215.681778] (-) TimerEvent: {}
[215.782725] (-) TimerEvent: {}
[215.884517] (-) TimerEvent: {}
[215.985572] (-) TimerEvent: {}
[216.086539] (-) TimerEvent: {}
[216.188062] (-) TimerEvent: {}
[216.289527] (-) TimerEvent: {}
[216.390887] (-) TimerEvent: {}
[216.490751] (hdl_global_localization) StdoutLine: {'line': b'[ 98%] \x1b[32m\x1b[1mLinking CXX executable hdl_global_localization_test\x1b[0m\n'}
[216.492053] (-) TimerEvent: {}
[216.593192] (-) TimerEvent: {}
[216.694338] (-) TimerEvent: {}
[216.795443] (-) TimerEvent: {}
[216.896717] (-) TimerEvent: {}
[216.999273] (-) TimerEvent: {}
[217.104453] (-) TimerEvent: {}
[217.205987] (-) TimerEvent: {}
[217.307111] (-) TimerEvent: {}
[217.408470] (-) TimerEvent: {}
[217.510210] (-) TimerEvent: {}
[217.611356] (-) TimerEvent: {}
[217.712551] (-) TimerEvent: {}
[217.814135] (-) TimerEvent: {}
[217.915149] (-) TimerEvent: {}
[218.016393] (-) TimerEvent: {}
[218.118459] (-) TimerEvent: {}
[218.219792] (-) TimerEvent: {}
[218.322427] (-) TimerEvent: {}
[218.427698] (-) TimerEvent: {}
[218.535680] (-) TimerEvent: {}
[218.658995] (-) TimerEvent: {}
[218.760388] (-) TimerEvent: {}
[218.861590] (-) TimerEvent: {}
[218.963870] (-) TimerEvent: {}
[219.065671] (-) TimerEvent: {}
[219.166644] (-) TimerEvent: {}
[219.268732] (-) TimerEvent: {}
[219.369988] (-) TimerEvent: {}
[219.471320] (-) TimerEvent: {}
[219.572611] (-) TimerEvent: {}
[219.673789] (-) TimerEvent: {}
[219.775081] (-) TimerEvent: {}
[219.876085] (-) TimerEvent: {}
[219.961582] (hdl_global_localization) StdoutLine: {'line': b'[ 98%] Built target hdl_global_localization_test\n'}
[219.976372] (-) TimerEvent: {}
[220.077452] (-) TimerEvent: {}
[220.178830] (-) TimerEvent: {}
[220.279830] (-) TimerEvent: {}
[220.381540] (-) TimerEvent: {}
[220.483507] (-) TimerEvent: {}
[220.592846] (-) TimerEvent: {}
[220.694459] (-) TimerEvent: {}
[220.795543] (-) TimerEvent: {}
[220.896705] (-) TimerEvent: {}
[220.997830] (-) TimerEvent: {}
[221.099190] (-) TimerEvent: {}
[221.202093] (-) TimerEvent: {}
[221.303690] (-) TimerEvent: {}
[221.404990] (-) TimerEvent: {}
[221.506363] (-) TimerEvent: {}
[221.607694] (-) TimerEvent: {}
[221.709353] (-) TimerEvent: {}
[221.810472] (-) TimerEvent: {}
[221.912351] (-) TimerEvent: {}
[222.013686] (-) TimerEvent: {}
[222.114801] (-) TimerEvent: {}
[222.215977] (-) TimerEvent: {}
[222.317633] (-) TimerEvent: {}
[222.420667] (-) TimerEvent: {}
[222.522295] (-) TimerEvent: {}
[222.624003] (-) TimerEvent: {}
[222.725446] (-) TimerEvent: {}
[222.827389] (-) TimerEvent: {}
[222.929364] (-) TimerEvent: {}
[223.030620] (-) TimerEvent: {}
[223.131981] (-) TimerEvent: {}
[223.233834] (-) TimerEvent: {}
[223.334997] (-) TimerEvent: {}
[223.436128] (-) TimerEvent: {}
[223.538021] (-) TimerEvent: {}
[223.639196] (-) TimerEvent: {}
[223.755778] (-) TimerEvent: {}
[223.857286] (-) TimerEvent: {}
[223.958556] (-) TimerEvent: {}
[224.060277] (-) TimerEvent: {}
[224.162086] (-) TimerEvent: {}
[224.264011] (-) TimerEvent: {}
[224.366460] (-) TimerEvent: {}
[224.467460] (-) TimerEvent: {}
[224.568590] (-) TimerEvent: {}
[224.670630] (-) TimerEvent: {}
[224.771838] (-) TimerEvent: {}
[224.873000] (-) TimerEvent: {}
[224.974085] (-) TimerEvent: {}
[225.001324] (hdl_global_localization) StdoutLine: {'line': b'[100%] \x1b[32m\x1b[1mLinking CXX executable hdl_global_localization_node\x1b[0m\n'}
[225.074452] (-) TimerEvent: {}
[225.176270] (-) TimerEvent: {}
[225.277654] (-) TimerEvent: {}
[225.379279] (-) TimerEvent: {}
[225.480884] (-) TimerEvent: {}
[225.582019] (-) TimerEvent: {}
[225.683256] (-) TimerEvent: {}
[225.784755] (-) TimerEvent: {}
[225.886034] (-) TimerEvent: {}
[225.988685] (-) TimerEvent: {}
[226.089885] (-) TimerEvent: {}
[226.191031] (-) TimerEvent: {}
[226.292271] (-) TimerEvent: {}
[226.393455] (-) TimerEvent: {}
[226.494641] (-) TimerEvent: {}
[226.595824] (-) TimerEvent: {}
[226.698242] (-) TimerEvent: {}
[226.799338] (-) TimerEvent: {}
[226.900524] (-) TimerEvent: {}
[227.002087] (-) TimerEvent: {}
[227.103858] (-) TimerEvent: {}
[227.205227] (-) TimerEvent: {}
[227.306362] (-) TimerEvent: {}
[227.408052] (-) TimerEvent: {}
[227.509385] (-) TimerEvent: {}
[227.610585] (-) TimerEvent: {}
[227.711849] (-) TimerEvent: {}
[227.813459] (-) TimerEvent: {}
[227.914678] (-) TimerEvent: {}
[228.015897] (-) TimerEvent: {}
[228.117286] (-) TimerEvent: {}
[228.218579] (-) TimerEvent: {}
[228.319789] (-) TimerEvent: {}
[228.422150] (-) TimerEvent: {}
[228.523795] (-) TimerEvent: {}
[228.625905] (-) TimerEvent: {}
[228.727284] (-) TimerEvent: {}
[228.873779] (-) TimerEvent: {}
[228.974977] (-) TimerEvent: {}
[229.075957] (-) TimerEvent: {}
[229.177030] (-) TimerEvent: {}
[229.278167] (-) TimerEvent: {}
[229.379467] (-) TimerEvent: {}
[229.482521] (-) TimerEvent: {}
[229.586470] (-) TimerEvent: {}
[229.689311] (-) TimerEvent: {}
[229.795755] (-) TimerEvent: {}
[229.897187] (-) TimerEvent: {}
[229.998915] (-) TimerEvent: {}
[230.101358] (-) TimerEvent: {}
[230.202546] (-) TimerEvent: {}
[230.304272] (-) TimerEvent: {}
[230.405480] (-) TimerEvent: {}
[230.506757] (-) TimerEvent: {}
[230.608226] (-) TimerEvent: {}
[230.709377] (-) TimerEvent: {}
[230.811032] (-) TimerEvent: {}
[230.912358] (-) TimerEvent: {}
[231.013564] (-) TimerEvent: {}
[231.115409] (-) TimerEvent: {}
[231.216691] (-) TimerEvent: {}
[231.317812] (-) TimerEvent: {}
[231.420857] (-) TimerEvent: {}
[231.522203] (-) TimerEvent: {}
[231.623485] (-) TimerEvent: {}
[231.725071] (-) TimerEvent: {}
[231.749094] (hdl_global_localization) StdoutLine: {'line': b'[100%] Built target hdl_global_localization_node\n'}
[231.825322] (-) TimerEvent: {}
[231.913429] (hdl_global_localization) CommandEnded: {'returncode': 0}
[231.926649] (-) TimerEvent: {}
[232.030711] (-) TimerEvent: {}
[232.133258] (-) TimerEvent: {}
[232.234397] (-) TimerEvent: {}
[232.335425] (-) TimerEvent: {}
[232.436464] (-) TimerEvent: {}
[232.537988] (-) TimerEvent: {}
[232.638994] (-) TimerEvent: {}
[232.703528] (hdl_global_localization) JobProgress: {'identifier': 'hdl_global_localization', 'progress': 'install'}
[232.709822] (hdl_global_localization) Command: {'cmd': ['/usr/bin/cmake', '--install', '/home/ysc/lite_cog_ros2/nav/build/hdl_global_localization'], 'cwd': '/home/ysc/lite_cog_ros2/nav/build/hdl_global_localization', 'env': OrderedDict([('GJS_DEBUG_TOPICS', 'JS ERROR;JS LOG'), ('LESSOPEN', '| /usr/bin/lesspipe %s'), ('USER', 'ysc'), ('LC_TIME', 'zh_CN.UTF-8'), ('SSH_AGENT_PID', '1805'), ('XDG_SESSION_TYPE', 'x11'), ('SHLVL', '1'), ('LD_LIBRARY_PATH', '/home/ysc/lite_cog_ros2/ndt_omp/install/ndt_omp/lib:/home/ysc/lite_cog_ros2/fast_gicp/install/fast_gicp/lib:/usr/lib/aarch64-linux-gnu/gazebo-11/plugins:/opt/ros/foxy/opt/yaml_cpp_vendor/lib:/opt/ros/foxy/opt/rviz_ogre_vendor/lib:/opt/ros/foxy/lib/aarch64-linux-gnu:/opt/ros/foxy/lib:/usr/local/cuda-11.4/lib64:'), ('HOME', '/home/ysc'), ('OLDPWD', '/home/ysc/lite_cog_ros2'), ('DESKTOP_SESSION', 'ubuntu'), ('ROS_PYTHON_VERSION', '3'), ('GNOME_SHELL_SESSION_MODE', 'ubuntu'), ('GTK_MODULES', 'gail:atk-bridge'), ('LC_MONETARY', 'zh_CN.UTF-8'), ('MANAGERPID', '1399'), ('ROS_LOG_DIR', '/home/ysc/lite_cog_ros2/system/log'), ('DBUS_SESSION_BUS_ADDRESS', 'unix:path=/run/user/1000/bus'), ('COLORTERM', 'truecolor'), ('_colcon_cd_root', '/opt/ros/foxy/'), ('IM_CONFIG_PHASE', '1'), ('COLCON_PREFIX_PATH', '/home/ysc/lite_cog_ros2/ndt_omp/install:/home/ysc/lite_cog_ros2/fast_gicp/install'), ('ROS_DISTRO', 'foxy'), ('LOGNAME', 'ysc'), ('JOURNAL_STREAM', '8:46044'), ('_', '/usr/bin/colcon'), ('ROS_VERSION', '2'), ('XDG_SESSION_CLASS', 'user'), ('USERNAME', 'ysc'), ('TERM', 'xterm-256color'), ('GNOME_DESKTOP_SESSION_ID', 'this-is-deprecated'), ('ROS_LOCALHOST_ONLY', '0'), ('WINDOWPATH', '2'), ('PATH', '/opt/ros/foxy/bin:/usr/local/cuda-11.4/bin:/home/ysc/.local/bin:/usr/local/sbin:/usr/local/bin:/usr/sbin:/usr/bin:/sbin:/bin:/usr/games:/usr/local/games:/snap/bin'), ('SESSION_MANAGER', 'local/lite:@/tmp/.ICE-unix/1983,unix/lite:/tmp/.ICE-unix/1983'), ('FASTRTPS_DEFAULT_PROFILES_FILE', '/home/ysc/lite_cog_ros2/system/fastdds_profile.xml'), ('INVOCATION_ID', '1bf911e44b454cbe8457b4f284c2b3c1'), ('XDG_MENU_PREFIX', 'gnome-'), ('LC_ADDRESS', 'zh_CN.UTF-8'), ('GNOME_TERMINAL_SCREEN', '/org/gnome/Terminal/screen/7ef9d830_3e2c_4561_8aa9_5b556ddb01fc'), ('XDG_RUNTIME_DIR', '/run/user/1000'), ('DISPLAY', ':0'), ('LANG', 'en_US.UTF-8'), ('XDG_CURRENT_DESKTOP', 'ubuntu:GNOME'), ('LC_TELEPHONE', 'zh_CN.UTF-8'), ('RMW_IMPLEMENTATION', 'rmw_cyclonedds_cpp'), ('XMODIFIERS', '@im=ibus'), ('XDG_SESSION_DESKTOP', 'ubuntu'), ('XAUTHORITY', '/run/user/1000/gdm/Xauthority'), ('LS_COLORS', 'rs=0:di=01;34:ln=01;36:mh=00:pi=40;33:so=01;35:do=01;35:bd=40;33;01:cd=40;33;01:or=40;31;01:mi=00:su=37;41:sg=30;43:ca=30;41:tw=30;42:ow=34;42:st=37;44:ex=01;32:*.tar=01;31:*.tgz=01;31:*.arc=01;31:*.arj=01;31:*.taz=01;31:*.lha=01;31:*.lz4=01;31:*.lzh=01;31:*.lzma=01;31:*.tlz=01;31:*.txz=01;31:*.tzo=01;31:*.t7z=01;31:*.zip=01;31:*.z=01;31:*.dz=01;31:*.gz=01;31:*.lrz=01;31:*.lz=01;31:*.lzo=01;31:*.xz=01;31:*.zst=01;31:*.tzst=01;31:*.bz2=01;31:*.bz=01;31:*.tbz=01;31:*.tbz2=01;31:*.tz=01;31:*.deb=01;31:*.rpm=01;31:*.jar=01;31:*.war=01;31:*.ear=01;31:*.sar=01;31:*.rar=01;31:*.alz=01;31:*.ace=01;31:*.zoo=01;31:*.cpio=01;31:*.7z=01;31:*.rz=01;31:*.cab=01;31:*.wim=01;31:*.swm=01;31:*.dwm=01;31:*.esd=01;31:*.jpg=01;35:*.jpeg=01;35:*.mjpg=01;35:*.mjpeg=01;35:*.gif=01;35:*.bmp=01;35:*.pbm=01;35:*.pgm=01;35:*.ppm=01;35:*.tga=01;35:*.xbm=01;35:*.xpm=01;35:*.tif=01;35:*.tiff=01;35:*.png=01;35:*.svg=01;35:*.svgz=01;35:*.mng=01;35:*.pcx=01;35:*.mov=01;35:*.mpg=01;35:*.mpeg=01;35:*.m2v=01;35:*.mkv=01;35:*.webm=01;35:*.ogm=01;35:*.mp4=01;35:*.m4v=01;35:*.mp4v=01;35:*.vob=01;35:*.qt=01;35:*.nuv=01;35:*.wmv=01;35:*.asf=01;35:*.rm=01;35:*.rmvb=01;35:*.flc=01;35:*.avi=01;35:*.fli=01;35:*.flv=01;35:*.gl=01;35:*.dl=01;35:*.xcf=01;35:*.xwd=01;35:*.yuv=01;35:*.cgm=01;35:*.emf=01;35:*.ogv=01;35:*.ogx=01;35:*.aac=00;36:*.au=00;36:*.flac=00;36:*.m4a=00;36:*.mid=00;36:*.midi=00;36:*.mka=00;36:*.mp3=00;36:*.mpc=00;36:*.ogg=00;36:*.ra=00;36:*.wav=00;36:*.oga=00;36:*.opus=00;36:*.spx=00;36:*.xspf=00;36:'), ('GNOME_TERMINAL_SERVICE', ':1.79'), ('SSH_AUTH_SOCK', '/run/user/1000/keyring/ssh'), ('ROS_DOMAIN_ID', '0'), ('AMENT_PREFIX_PATH', '/home/ysc/lite_cog_ros2/ndt_omp/install/ndt_omp:/home/ysc/lite_cog_ros2/fast_gicp/install/fast_gicp:/opt/ros/foxy'), ('SHELL', '/bin/bash'), ('LC_NAME', 'zh_CN.UTF-8'), ('QT_ACCESSIBILITY', '1'), ('GDMSESSION', 'ubuntu'), ('LESSCLOSE', '/usr/bin/lesspipe %s %s'), ('LC_MEASUREMENT', 'zh_CN.UTF-8'), ('GPG_AGENT_INFO', '/run/user/1000/gnupg/S.gpg-agent:0:1'), ('GJS_DEBUG_OUTPUT', 'stderr'), ('LC_IDENTIFICATION', 'zh_CN.UTF-8'), ('QT_IM_MODULE', 'ibus'), ('PWD', '/home/ysc/lite_cog_ros2/nav/build/hdl_global_localization'), ('LC_ALL', 'en_US.UTF-8'), ('XDG_CONFIG_DIRS', '/etc/xdg/xdg-ubuntu:/etc/xdg'), ('XDG_DATA_DIRS', '/usr/share/ubuntu:/usr/local/share/:/usr/share/:/var/lib/snapd/desktop'), ('PYTHONPATH', '/opt/ros/foxy/lib/python3.8/site-packages'), ('LC_NUMERIC', 'zh_CN.UTF-8'), ('LC_PAPER', 'zh_CN.UTF-8'), ('COLCON', '1'), ('VTE_VERSION', '6003'), ('CMAKE_PREFIX_PATH', '/home/ysc/lite_cog_ros2/ndt_omp/install/ndt_omp:/home/ysc/lite_cog_ros2/fast_gicp/install/fast_gicp:/opt/ros/foxy')]), 'shell': False}
[232.739390] (-) TimerEvent: {}
[232.779762] (hdl_global_localization) StdoutLine: {'line': b'-- Install configuration: ""\n'}
[232.784072] (hdl_global_localization) StdoutLine: {'line': b'-- Execute custom install script\n'}
[232.787757] (hdl_global_localization) StdoutLine: {'line': b'-- Symlinking: /home/ysc/lite_cog_ros2/nav/install/hdl_global_localization/share/ament_index/resource_index/rosidl_interfaces/hdl_global_localization\n'}
[232.839663] (-) TimerEvent: {}
[232.851778] (hdl_global_localization) StdoutLine: {'line': b'-- Symlinking: /home/ysc/lite_cog_ros2/nav/install/hdl_global_localization/include/hdl_global_localization/msg/rosidl_generator_c__visibility_control.h\n'}
[232.913994] (hdl_global_localization) StdoutLine: {'line': b'-- Symlinking: /home/ysc/lite_cog_ros2/nav/install/hdl_global_localization/include/hdl_global_localization/srv/detail/query_global_localization__functions.h\n'}
[232.939883] (-) TimerEvent: {}
[232.972046] (hdl_global_localization) StdoutLine: {'line': b'-- Symlinking: /home/ysc/lite_cog_ros2/nav/install/hdl_global_localization/include/hdl_global_localization/srv/detail/query_global_localization__struct.h\n'}
[233.035360] (hdl_global_localization) StdoutLine: {'line': b'-- Symlinking: /home/ysc/lite_cog_ros2/nav/install/hdl_global_localization/include/hdl_global_localization/srv/detail/query_global_localization__type_support.h\n'}
[233.040352] (-) TimerEvent: {}
[233.097849] (hdl_global_localization) StdoutLine: {'line': b'-- Symlinking: /home/ysc/lite_cog_ros2/nav/install/hdl_global_localization/include/hdl_global_localization/srv/detail/set_global_localization_engine__functions.h\n'}
[233.140647] (-) TimerEvent: {}
[233.156949] (hdl_global_localization) StdoutLine: {'line': b'-- Symlinking: /home/ysc/lite_cog_ros2/nav/install/hdl_global_localization/include/hdl_global_localization/srv/detail/set_global_localization_engine__struct.h\n'}
[233.221201] (hdl_global_localization) StdoutLine: {'line': b'-- Symlinking: /home/ysc/lite_cog_ros2/nav/install/hdl_global_localization/include/hdl_global_localization/srv/detail/set_global_localization_engine__type_support.h\n'}
[233.240879] (-) TimerEvent: {}
[233.279874] (hdl_global_localization) StdoutLine: {'line': b'-- Symlinking: /home/ysc/lite_cog_ros2/nav/install/hdl_global_localization/include/hdl_global_localization/srv/detail/set_global_map__functions.h\n'}
[233.341100] (-) TimerEvent: {}
[233.350886] (hdl_global_localization) StdoutLine: {'line': b'-- Symlinking: /home/ysc/lite_cog_ros2/nav/install/hdl_global_localization/include/hdl_global_localization/srv/detail/set_global_map__struct.h\n'}
[233.411445] (hdl_global_localization) StdoutLine: {'line': b'-- Symlinking: /home/ysc/lite_cog_ros2/nav/install/hdl_global_localization/include/hdl_global_localization/srv/detail/set_global_map__type_support.h\n'}
[233.441353] (-) TimerEvent: {}
[233.468744] (hdl_global_localization) StdoutLine: {'line': b'-- Symlinking: /home/ysc/lite_cog_ros2/nav/install/hdl_global_localization/include/hdl_global_localization/srv/query_global_localization.h\n'}
[233.529499] (hdl_global_localization) StdoutLine: {'line': b'-- Symlinking: /home/ysc/lite_cog_ros2/nav/install/hdl_global_localization/include/hdl_global_localization/srv/set_global_localization_engine.h\n'}
[233.541625] (-) TimerEvent: {}
[233.601324] (hdl_global_localization) StdoutLine: {'line': b'-- Symlinking: /home/ysc/lite_cog_ros2/nav/install/hdl_global_localization/include/hdl_global_localization/srv/set_global_map.h\n'}
[233.641903] (-) TimerEvent: {}
[233.666922] (hdl_global_localization) StdoutLine: {'line': b'-- Symlinking: /home/ysc/lite_cog_ros2/nav/install/hdl_global_localization/share/hdl_global_localization/environment/library_path.sh\n'}
[233.742946] (-) TimerEvent: {}
[233.906713] (hdl_global_localization) StdoutLine: {'line': b'-- Symlinking: /home/ysc/lite_cog_ros2/nav/install/hdl_global_localization/share/hdl_global_localization/environment/library_path.dsv\n'}
[233.907427] (-) TimerEvent: {}
[233.979646] (hdl_global_localization) StdoutLine: {'line': b'-- Symlinking: /home/ysc/lite_cog_ros2/nav/install/hdl_global_localization/include/hdl_global_localization/msg/rosidl_typesupport_fastrtps_c__visibility_control.h\n'}
[234.007712] (-) TimerEvent: {}
[234.065827] (hdl_global_localization) StdoutLine: {'line': b'-- Symlinking: /home/ysc/lite_cog_ros2/nav/install/hdl_global_localization/include/hdl_global_localization/srv/detail/query_global_localization__rosidl_typesupport_fastrtps_c.h\n'}
[234.107970] (-) TimerEvent: {}
[234.122699] (hdl_global_localization) StdoutLine: {'line': b'-- Symlinking: /home/ysc/lite_cog_ros2/nav/install/hdl_global_localization/include/hdl_global_localization/srv/detail/set_global_localization_engine__rosidl_typesupport_fastrtps_c.h\n'}
[234.188902] (hdl_global_localization) StdoutLine: {'line': b'-- Symlinking: /home/ysc/lite_cog_ros2/nav/install/hdl_global_localization/include/hdl_global_localization/srv/detail/set_global_map__rosidl_typesupport_fastrtps_c.h\n'}
[234.208403] (-) TimerEvent: {}
[234.262129] (hdl_global_localization) StdoutLine: {'line': b'-- Symlinking: /home/ysc/lite_cog_ros2/nav/install/hdl_global_localization/lib/libhdl_global_localization__rosidl_typesupport_fastrtps_c.so\n'}
[234.308649] (-) TimerEvent: {}
[234.336095] (hdl_global_localization) StdoutLine: {'line': b'-- Symlinking: /home/ysc/lite_cog_ros2/nav/install/hdl_global_localization/include/hdl_global_localization/msg/rosidl_typesupport_fastrtps_cpp__visibility_control.h\n'}
[234.400038] (hdl_global_localization) StdoutLine: {'line': b'-- Symlinking: /home/ysc/lite_cog_ros2/nav/install/hdl_global_localization/include/hdl_global_localization/srv/detail/query_global_localization__rosidl_typesupport_fastrtps_cpp.hpp\n'}
[234.410353] (-) TimerEvent: {}
[234.461732] (hdl_global_localization) StdoutLine: {'line': b'-- Symlinking: /home/ysc/lite_cog_ros2/nav/install/hdl_global_localization/include/hdl_global_localization/srv/detail/set_global_localization_engine__rosidl_typesupport_fastrtps_cpp.hpp\n'}
[234.510437] (-) TimerEvent: {}
[234.518873] (hdl_global_localization) StdoutLine: {'line': b'-- Symlinking: /home/ysc/lite_cog_ros2/nav/install/hdl_global_localization/include/hdl_global_localization/srv/detail/set_global_map__rosidl_typesupport_fastrtps_cpp.hpp\n'}
[234.588459] (hdl_global_localization) StdoutLine: {'line': b'-- Symlinking: /home/ysc/lite_cog_ros2/nav/install/hdl_global_localization/lib/libhdl_global_localization__rosidl_typesupport_fastrtps_cpp.so\n'}
[234.610670] (-) TimerEvent: {}
[234.658469] (hdl_global_localization) StdoutLine: {'line': b'-- Symlinking: /home/ysc/lite_cog_ros2/nav/install/hdl_global_localization/include/hdl_global_localization/msg/rosidl_typesupport_introspection_c__visibility_control.h\n'}
[234.711039] (-) TimerEvent: {}
[234.734051] (hdl_global_localization) StdoutLine: {'line': b'-- Symlinking: /home/ysc/lite_cog_ros2/nav/install/hdl_global_localization/include/hdl_global_localization/srv/detail/query_global_localization__rosidl_typesupport_introspection_c.h\n'}
[234.798112] (hdl_global_localization) StdoutLine: {'line': b'-- Symlinking: /home/ysc/lite_cog_ros2/nav/install/hdl_global_localization/include/hdl_global_localization/srv/detail/set_global_localization_engine__rosidl_typesupport_introspection_c.h\n'}
[234.811272] (-) TimerEvent: {}
[234.866419] (hdl_global_localization) StdoutLine: {'line': b'-- Symlinking: /home/ysc/lite_cog_ros2/nav/install/hdl_global_localization/include/hdl_global_localization/srv/detail/set_global_map__rosidl_typesupport_introspection_c.h\n'}
[234.911650] (-) TimerEvent: {}
[234.942574] (hdl_global_localization) StdoutLine: {'line': b'-- Symlinking: /home/ysc/lite_cog_ros2/nav/install/hdl_global_localization/include/hdl_global_localization/msg/rosidl_generator_cpp__visibility_control.hpp\n'}
[235.001897] (hdl_global_localization) StdoutLine: {'line': b'-- Symlinking: /home/ysc/lite_cog_ros2/nav/install/hdl_global_localization/include/hdl_global_localization/srv/detail/query_global_localization__builder.hpp\n'}
[235.013410] (-) TimerEvent: {}
[235.075249] (hdl_global_localization) StdoutLine: {'line': b'-- Symlinking: /home/ysc/lite_cog_ros2/nav/install/hdl_global_localization/include/hdl_global_localization/srv/detail/query_global_localization__struct.hpp\n'}
[235.113422] (-) TimerEvent: {}
[235.141561] (hdl_global_localization) StdoutLine: {'line': b'-- Symlinking: /home/ysc/lite_cog_ros2/nav/install/hdl_global_localization/include/hdl_global_localization/srv/detail/query_global_localization__traits.hpp\n'}
[235.210504] (hdl_global_localization) StdoutLine: {'line': b'-- Symlinking: /home/ysc/lite_cog_ros2/nav/install/hdl_global_localization/include/hdl_global_localization/srv/detail/query_global_localization__type_support.hpp\n'}
[235.213566] (-) TimerEvent: {}
[235.266637] (hdl_global_localization) StdoutLine: {'line': b'-- Symlinking: /home/ysc/lite_cog_ros2/nav/install/hdl_global_localization/include/hdl_global_localization/srv/detail/set_global_localization_engine__builder.hpp\n'}
[235.313822] (-) TimerEvent: {}
[235.339912] (hdl_global_localization) StdoutLine: {'line': b'-- Symlinking: /home/ysc/lite_cog_ros2/nav/install/hdl_global_localization/include/hdl_global_localization/srv/detail/set_global_localization_engine__struct.hpp\n'}
[235.400596] (hdl_global_localization) StdoutLine: {'line': b'-- Symlinking: /home/ysc/lite_cog_ros2/nav/install/hdl_global_localization/include/hdl_global_localization/srv/detail/set_global_localization_engine__traits.hpp\n'}
[235.414092] (-) TimerEvent: {}
[235.466955] (hdl_global_localization) StdoutLine: {'line': b'-- Symlinking: /home/ysc/lite_cog_ros2/nav/install/hdl_global_localization/include/hdl_global_localization/srv/detail/set_global_localization_engine__type_support.hpp\n'}
[235.514332] (-) TimerEvent: {}
[235.532506] (hdl_global_localization) StdoutLine: {'line': b'-- Symlinking: /home/ysc/lite_cog_ros2/nav/install/hdl_global_localization/include/hdl_global_localization/srv/detail/set_global_map__builder.hpp\n'}
[235.599574] (hdl_global_localization) StdoutLine: {'line': b'-- Symlinking: /home/ysc/lite_cog_ros2/nav/install/hdl_global_localization/include/hdl_global_localization/srv/detail/set_global_map__struct.hpp\n'}
[235.614528] (-) TimerEvent: {}
[235.657438] (hdl_global_localization) StdoutLine: {'line': b'-- Symlinking: /home/ysc/lite_cog_ros2/nav/install/hdl_global_localization/include/hdl_global_localization/srv/detail/set_global_map__traits.hpp\n'}
[235.714829] (-) TimerEvent: {}
[235.717133] (hdl_global_localization) StdoutLine: {'line': b'-- Symlinking: /home/ysc/lite_cog_ros2/nav/install/hdl_global_localization/include/hdl_global_localization/srv/detail/set_global_map__type_support.hpp\n'}
[235.776413] (hdl_global_localization) StdoutLine: {'line': b'-- Symlinking: /home/ysc/lite_cog_ros2/nav/install/hdl_global_localization/include/hdl_global_localization/srv/query_global_localization.hpp\n'}
[235.816474] (-) TimerEvent: {}
[235.839838] (hdl_global_localization) StdoutLine: {'line': b'-- Symlinking: /home/ysc/lite_cog_ros2/nav/install/hdl_global_localization/include/hdl_global_localization/srv/set_global_localization_engine.hpp\n'}
[235.901075] (hdl_global_localization) StdoutLine: {'line': b'-- Symlinking: /home/ysc/lite_cog_ros2/nav/install/hdl_global_localization/include/hdl_global_localization/srv/set_global_map.hpp\n'}
[235.916711] (-) TimerEvent: {}
[235.975284] (hdl_global_localization) StdoutLine: {'line': b'-- Symlinking: /home/ysc/lite_cog_ros2/nav/install/hdl_global_localization/include/hdl_global_localization/srv/detail/query_global_localization__rosidl_typesupport_introspection_cpp.hpp\n'}
[236.017011] (-) TimerEvent: {}
[236.034343] (hdl_global_localization) StdoutLine: {'line': b'-- Symlinking: /home/ysc/lite_cog_ros2/nav/install/hdl_global_localization/include/hdl_global_localization/srv/detail/set_global_localization_engine__rosidl_typesupport_introspection_cpp.hpp\n'}
[236.099491] (hdl_global_localization) StdoutLine: {'line': b'-- Symlinking: /home/ysc/lite_cog_ros2/nav/install/hdl_global_localization/include/hdl_global_localization/srv/detail/set_global_map__rosidl_typesupport_introspection_cpp.hpp\n'}
[236.117255] (-) TimerEvent: {}
[236.171879] (hdl_global_localization) StdoutLine: {'line': b'-- Symlinking: /home/ysc/lite_cog_ros2/nav/install/hdl_global_localization/share/hdl_global_localization/environment/pythonpath.sh\n'}
[236.217578] (-) TimerEvent: {}
[236.228982] (hdl_global_localization) StdoutLine: {'line': b'-- Symlinking: /home/ysc/lite_cog_ros2/nav/install/hdl_global_localization/share/hdl_global_localization/environment/pythonpath.dsv\n'}
[236.300431] (hdl_global_localization) StdoutLine: {'line': b'-- Symlinking: /home/ysc/lite_cog_ros2/nav/install/hdl_global_localization/lib/python3.8/site-packages/hdl_global_localization/__init__.py\n'}
[236.317753] (-) TimerEvent: {}
[236.377370] (hdl_global_localization) StdoutLine: {'line': b'-- Symlinking: /home/ysc/lite_cog_ros2/nav/install/hdl_global_localization/lib/python3.8/site-packages/hdl_global_localization/srv/__init__.py\n'}
[236.418022] (-) TimerEvent: {}
[236.452562] (hdl_global_localization) StdoutLine: {'line': b'-- Symlinking: /home/ysc/lite_cog_ros2/nav/install/hdl_global_localization/lib/python3.8/site-packages/hdl_global_localization/srv/_query_global_localization.py\n'}
[236.511126] (hdl_global_localization) StdoutLine: {'line': b'-- Symlinking: /home/ysc/lite_cog_ros2/nav/install/hdl_global_localization/lib/python3.8/site-packages/hdl_global_localization/srv/_set_global_localization_engine.py\n'}
[236.518690] (-) TimerEvent: {}
[236.583845] (hdl_global_localization) StdoutLine: {'line': b'-- Symlinking: /home/ysc/lite_cog_ros2/nav/install/hdl_global_localization/lib/python3.8/site-packages/hdl_global_localization/srv/_set_global_map.py\n'}
[236.618834] (-) TimerEvent: {}
[236.658460] (hdl_global_localization) StdoutLine: {'line': b'-- Symlinking: /home/ysc/lite_cog_ros2/nav/install/hdl_global_localization/lib/python3.8/site-packages/hdl_global_localization/hdl_global_localization_s__rosidl_typesupport_fastrtps_c.cpython-38-aarch64-linux-gnu.so\n'}
[236.717952] (hdl_global_localization) StdoutLine: {'line': b'-- Symlinking: /home/ysc/lite_cog_ros2/nav/install/hdl_global_localization/lib/python3.8/site-packages/hdl_global_localization/hdl_global_localization_s__rosidl_typesupport_introspection_c.cpython-38-aarch64-linux-gnu.so\n'}
[236.719045] (-) TimerEvent: {}
[236.789131] (hdl_global_localization) StdoutLine: {'line': b'-- Symlinking: /home/ysc/lite_cog_ros2/nav/install/hdl_global_localization/lib/python3.8/site-packages/hdl_global_localization/hdl_global_localization_s__rosidl_typesupport_c.cpython-38-aarch64-linux-gnu.so\n'}
[236.819310] (-) TimerEvent: {}
[236.849281] (hdl_global_localization) StdoutLine: {'line': b'-- Symlinking: /home/ysc/lite_cog_ros2/nav/install/hdl_global_localization/lib/libhdl_global_localization__python.so\n'}
[236.912010] (hdl_global_localization) StdoutLine: {'line': b'-- Symlinking: /home/ysc/lite_cog_ros2/nav/install/hdl_global_localization/share/hdl_global_localization/srv/QueryGlobalLocalization.idl\n'}
[236.919959] (-) TimerEvent: {}
[236.994826] (hdl_global_localization) StdoutLine: {'line': b'-- Symlinking: /home/ysc/lite_cog_ros2/nav/install/hdl_global_localization/share/hdl_global_localization/srv/SetGlobalLocalizationEngine.idl\n'}
[237.020356] (-) TimerEvent: {}
[237.055534] (hdl_global_localization) StdoutLine: {'line': b'-- Symlinking: /home/ysc/lite_cog_ros2/nav/install/hdl_global_localization/share/hdl_global_localization/srv/SetGlobalMap.idl\n'}
[237.120932] (-) TimerEvent: {}
[237.123398] (hdl_global_localization) StdoutLine: {'line': b'-- Symlinking: /home/ysc/lite_cog_ros2/nav/install/hdl_global_localization/share/hdl_global_localization/srv/QueryGlobalLocalization.srv\n'}
[237.198795] (hdl_global_localization) StdoutLine: {'line': b'-- Symlinking: /home/ysc/lite_cog_ros2/nav/install/hdl_global_localization/share/hdl_global_localization/srv/QueryGlobalLocalization_Request.msg\n'}
[237.221144] (-) TimerEvent: {}
[237.254920] (hdl_global_localization) StdoutLine: {'line': b'-- Symlinking: /home/ysc/lite_cog_ros2/nav/install/hdl_global_localization/share/hdl_global_localization/srv/QueryGlobalLocalization_Response.msg\n'}
[237.321810] (-) TimerEvent: {}
[237.329810] (hdl_global_localization) StdoutLine: {'line': b'-- Symlinking: /home/ysc/lite_cog_ros2/nav/install/hdl_global_localization/share/hdl_global_localization/srv/SetGlobalLocalizationEngine.srv\n'}
[237.396715] (hdl_global_localization) StdoutLine: {'line': b'-- Symlinking: /home/ysc/lite_cog_ros2/nav/install/hdl_global_localization/share/hdl_global_localization/srv/SetGlobalLocalizationEngine_Request.msg\n'}
[237.422053] (-) TimerEvent: {}
[237.456943] (hdl_global_localization) StdoutLine: {'line': b'-- Symlinking: /home/ysc/lite_cog_ros2/nav/install/hdl_global_localization/share/hdl_global_localization/srv/SetGlobalLocalizationEngine_Response.msg\n'}
[237.522344] (-) TimerEvent: {}
[237.524624] (hdl_global_localization) StdoutLine: {'line': b'-- Symlinking: /home/ysc/lite_cog_ros2/nav/install/hdl_global_localization/share/hdl_global_localization/srv/SetGlobalMap.srv\n'}
[237.607116] (hdl_global_localization) StdoutLine: {'line': b'-- Symlinking: /home/ysc/lite_cog_ros2/nav/install/hdl_global_localization/share/hdl_global_localization/srv/SetGlobalMap_Request.msg\n'}
[237.622571] (-) TimerEvent: {}
[237.670579] (hdl_global_localization) StdoutLine: {'line': b'-- Symlinking: /home/ysc/lite_cog_ros2/nav/install/hdl_global_localization/share/hdl_global_localization/srv/SetGlobalMap_Response.msg\n'}
[237.722960] (-) TimerEvent: {}
[237.747001] (hdl_global_localization) StdoutLine: {'line': b'-- Symlinking: /home/ysc/lite_cog_ros2/nav/install/hdl_global_localization/share/hdl_global_localization/config/config.json\n'}
[237.807320] (hdl_global_localization) StdoutLine: {'line': b'-- Symlinking: /home/ysc/lite_cog_ros2/nav/install/hdl_global_localization/share/hdl_global_localization/config/config_base.json\n'}
[237.823169] (-) TimerEvent: {}
[237.887055] (hdl_global_localization) StdoutLine: {'line': b'-- Symlinking: /home/ysc/lite_cog_ros2/nav/install/hdl_global_localization/share/hdl_global_localization/config/config_bbs.json\n'}
[237.923439] (-) TimerEvent: {}
[237.955433] (hdl_global_localization) StdoutLine: {'line': b'-- Symlinking: /home/ysc/lite_cog_ros2/nav/install/hdl_global_localization/share/hdl_global_localization/config/ros1/bbs_config.yaml\n'}
[238.024199] (-) TimerEvent: {}
[238.026051] (hdl_global_localization) StdoutLine: {'line': b'-- Symlinking: /home/ysc/lite_cog_ros2/nav/install/hdl_global_localization/share/hdl_global_localization/config/ros1/fpfh_config.yaml\n'}
[238.090773] (hdl_global_localization) StdoutLine: {'line': b'-- Symlinking: /home/ysc/lite_cog_ros2/nav/install/hdl_global_localization/share/hdl_global_localization/config/ros1/general_config.yaml\n'}
[238.124475] (-) TimerEvent: {}
[238.155096] (hdl_global_localization) StdoutLine: {'line': b'-- Symlinking: /home/ysc/lite_cog_ros2/nav/install/hdl_global_localization/share/hdl_global_localization/config/ros1/ransac_config.yaml\n'}
[238.222426] (hdl_global_localization) StdoutLine: {'line': b'-- Symlinking: /home/ysc/lite_cog_ros2/nav/install/hdl_global_localization/share/hdl_global_localization/config/ros1/teaser_config.yaml\n'}
[238.224972] (-) TimerEvent: {}
[238.290844] (hdl_global_localization) StdoutLine: {'line': b'-- Symlinking: /home/ysc/lite_cog_ros2/nav/install/hdl_global_localization/share/hdl_global_localization/config/test.rviz\n'}
[238.325129] (-) TimerEvent: {}
[238.362993] (hdl_global_localization) StdoutLine: {'line': b'-- Symlinking: /home/ysc/lite_cog_ros2/nav/install/hdl_global_localization/include/hdl_global_localization/bbs/bbs_localization.hpp\n'}
[238.425412] (-) TimerEvent: {}
[238.436547] (hdl_global_localization) StdoutLine: {'line': b'-- Symlinking: /home/ysc/lite_cog_ros2/nav/install/hdl_global_localization/include/hdl_global_localization/bbs/occupancy_gridmap.hpp\n'}
[238.503620] (hdl_global_localization) StdoutLine: {'line': b'-- Symlinking: /home/ysc/lite_cog_ros2/nav/install/hdl_global_localization/include/hdl_global_localization/engines/global_localization_bbs.hpp\n'}
[238.525867] (-) TimerEvent: {}
[238.569060] (hdl_global_localization) StdoutLine: {'line': b'-- Symlinking: /home/ysc/lite_cog_ros2/nav/install/hdl_global_localization/include/hdl_global_localization/engines/global_localization_engine.hpp\n'}
[238.626181] (-) TimerEvent: {}
[238.628469] (hdl_global_localization) StdoutLine: {'line': b'-- Symlinking: /home/ysc/lite_cog_ros2/nav/install/hdl_global_localization/include/hdl_global_localization/engines/global_localization_fpfh_ransac.hpp\n'}
[238.694711] (hdl_global_localization) StdoutLine: {'line': b'-- Symlinking: /home/ysc/lite_cog_ros2/nav/install/hdl_global_localization/include/hdl_global_localization/engines/global_localization_fpfh_teaser.hpp\n'}
[238.726495] (-) TimerEvent: {}
[238.828054] (-) TimerEvent: {}
[238.924905] (hdl_global_localization) StdoutLine: {'line': b'-- Symlinking: /home/ysc/lite_cog_ros2/nav/install/hdl_global_localization/include/hdl_global_localization/global_localization_results.hpp\n'}
[238.928502] (-) TimerEvent: {}
[238.989177] (hdl_global_localization) StdoutLine: {'line': b'-- Symlinking: /home/ysc/lite_cog_ros2/nav/install/hdl_global_localization/include/hdl_global_localization/ransac/matching_cost_evaluater.hpp\n'}
[239.028861] (-) TimerEvent: {}
[239.051058] (hdl_global_localization) StdoutLine: {'line': b'-- Symlinking: /home/ysc/lite_cog_ros2/nav/install/hdl_global_localization/include/hdl_global_localization/ransac/matching_cost_evaluater_flann.hpp\n'}
[239.129453] (hdl_global_localization) StdoutLine: {'line': b'-- Symlinking: /home/ysc/lite_cog_ros2/nav/install/hdl_global_localization/include/hdl_global_localization/ransac/matching_cost_evaluater_voxels.hpp\n'}
[239.130407] (-) TimerEvent: {}
[239.215677] (hdl_global_localization) StdoutLine: {'line': b'-- Symlinking: /home/ysc/lite_cog_ros2/nav/install/hdl_global_localization/include/hdl_global_localization/ransac/ransac_pose_estimation.hpp\n'}
[239.231121] (-) TimerEvent: {}
[239.282736] (hdl_global_localization) StdoutLine: {'line': b'-- Symlinking: /home/ysc/lite_cog_ros2/nav/install/hdl_global_localization/include/hdl_global_localization/ransac/voxelset.hpp\n'}
[239.331397] (-) TimerEvent: {}
[239.337785] (hdl_global_localization) StdoutLine: {'line': b'-- Symlinking: /home/ysc/lite_cog_ros2/nav/install/hdl_global_localization/include/hdl_global_localization/util/config.hpp\n'}
[239.404105] (hdl_global_localization) StdoutLine: {'line': b'-- Symlinking: /home/ysc/lite_cog_ros2/nav/install/hdl_global_localization/include/hdl_global_localization/util/convert_to_string.hpp\n'}
[239.431585] (-) TimerEvent: {}
[239.474830] (hdl_global_localization) StdoutLine: {'line': b'-- Symlinking: /home/ysc/lite_cog_ros2/nav/install/hdl_global_localization/lib/libhdl_global_localization_engines.so\n'}
[239.531858] (-) TimerEvent: {}
[239.544608] (hdl_global_localization) StdoutLine: {'line': b'-- Symlinking: /home/ysc/lite_cog_ros2/nav/install/hdl_global_localization/lib/hdl_global_localization/hdl_global_localization_node\n'}
[239.608388] (hdl_global_localization) StdoutLine: {'line': b'-- Symlinking: /home/ysc/lite_cog_ros2/nav/install/hdl_global_localization/lib/hdl_global_localization/hdl_global_localization_test\n'}
[239.632229] (-) TimerEvent: {}
[239.666939] (hdl_global_localization) StdoutLine: {'line': b'-- Symlinking: /home/ysc/lite_cog_ros2/nav/install/hdl_global_localization/share/ament_index/resource_index/package_run_dependencies/hdl_global_localization\n'}
[239.732504] (hdl_global_localization) StdoutLine: {'line': b'-- Symlinking: /home/ysc/lite_cog_ros2/nav/install/hdl_global_localization/share/ament_index/resource_index/parent_prefix_path/hdl_global_localization\n'}
[239.733401] (-) TimerEvent: {}
[239.805890] (hdl_global_localization) StdoutLine: {'line': b'-- Symlinking: /home/ysc/lite_cog_ros2/nav/install/hdl_global_localization/share/hdl_global_localization/environment/ament_prefix_path.sh\n'}
[239.833745] (-) TimerEvent: {}
[239.870368] (hdl_global_localization) StdoutLine: {'line': b'-- Symlinking: /home/ysc/lite_cog_ros2/nav/install/hdl_global_localization/share/hdl_global_localization/environment/ament_prefix_path.dsv\n'}
[239.933697] (hdl_global_localization) StdoutLine: {'line': b'-- Symlinking: /home/ysc/lite_cog_ros2/nav/install/hdl_global_localization/share/hdl_global_localization/environment/path.sh\n'}
[239.934818] (-) TimerEvent: {}
[239.997214] (hdl_global_localization) StdoutLine: {'line': b'-- Symlinking: /home/ysc/lite_cog_ros2/nav/install/hdl_global_localization/share/hdl_global_localization/environment/path.dsv\n'}
[240.035063] (-) TimerEvent: {}
[240.071642] (hdl_global_localization) StdoutLine: {'line': b'-- Symlinking: /home/ysc/lite_cog_ros2/nav/install/hdl_global_localization/share/hdl_global_localization/local_setup.bash\n'}
[240.135462] (-) TimerEvent: {}
[240.147083] (hdl_global_localization) StdoutLine: {'line': b'-- Symlinking: /home/ysc/lite_cog_ros2/nav/install/hdl_global_localization/share/hdl_global_localization/local_setup.sh\n'}
[240.221325] (hdl_global_localization) StdoutLine: {'line': b'-- Symlinking: /home/ysc/lite_cog_ros2/nav/install/hdl_global_localization/share/hdl_global_localization/local_setup.zsh\n'}
[240.235727] (-) TimerEvent: {}
[240.293107] (hdl_global_localization) StdoutLine: {'line': b'-- Symlinking: /home/ysc/lite_cog_ros2/nav/install/hdl_global_localization/share/hdl_global_localization/local_setup.dsv\n'}
[240.335964] (-) TimerEvent: {}
[240.354660] (hdl_global_localization) StdoutLine: {'line': b'-- Symlinking: /home/ysc/lite_cog_ros2/nav/install/hdl_global_localization/share/hdl_global_localization/package.dsv\n'}
[240.424072] (hdl_global_localization) StdoutLine: {'line': b'-- Symlinking: /home/ysc/lite_cog_ros2/nav/install/hdl_global_localization/share/ament_index/resource_index/packages/hdl_global_localization\n'}
[240.436341] (-) TimerEvent: {}
[240.503190] (hdl_global_localization) StdoutLine: {'line': b'-- Symlinking: /home/ysc/lite_cog_ros2/nav/install/hdl_global_localization/share/hdl_global_localization/cmake/rosidl_cmake-extras.cmake\n'}
[240.536729] (-) TimerEvent: {}
[240.559033] (hdl_global_localization) StdoutLine: {'line': b'-- Symlinking: /home/ysc/lite_cog_ros2/nav/install/hdl_global_localization/share/hdl_global_localization/cmake/ament_cmake_export_dependencies-extras.cmake\n'}
[240.637255] (-) TimerEvent: {}
[240.643024] (hdl_global_localization) StdoutLine: {'line': b'-- Symlinking: /home/ysc/lite_cog_ros2/nav/install/hdl_global_localization/share/hdl_global_localization/cmake/ament_cmake_export_libraries-extras.cmake\n'}
[240.711905] (hdl_global_localization) StdoutLine: {'line': b'-- Symlinking: /home/ysc/lite_cog_ros2/nav/install/hdl_global_localization/share/hdl_global_localization/cmake/ament_cmake_export_targets-extras.cmake\n'}
[240.737503] (-) TimerEvent: {}
[240.769558] (hdl_global_localization) StdoutLine: {'line': b'-- Symlinking: /home/ysc/lite_cog_ros2/nav/install/hdl_global_localization/share/hdl_global_localization/cmake/ament_cmake_export_include_directories-extras.cmake\n'}
[240.829572] (hdl_global_localization) StdoutLine: {'line': b'-- Symlinking: /home/ysc/lite_cog_ros2/nav/install/hdl_global_localization/share/hdl_global_localization/cmake/rosidl_cmake_export_typesupport_libraries-extras.cmake\n'}
[240.837740] (-) TimerEvent: {}
[240.906942] (hdl_global_localization) StdoutLine: {'line': b'-- Symlinking: /home/ysc/lite_cog_ros2/nav/install/hdl_global_localization/share/hdl_global_localization/cmake/rosidl_cmake_export_typesupport_targets-extras.cmake\n'}
[240.937946] (-) TimerEvent: {}
[240.966835] (hdl_global_localization) StdoutLine: {'line': b'-- Symlinking: /home/ysc/lite_cog_ros2/nav/install/hdl_global_localization/share/hdl_global_localization/cmake/hdl_global_localizationConfig.cmake\n'}
[241.032721] (hdl_global_localization) StdoutLine: {'line': b'-- Symlinking: /home/ysc/lite_cog_ros2/nav/install/hdl_global_localization/share/hdl_global_localization/cmake/hdl_global_localizationConfig-version.cmake\n'}
[241.038636] (-) TimerEvent: {}
[241.095560] (hdl_global_localization) StdoutLine: {'line': b'-- Symlinking: /home/ysc/lite_cog_ros2/nav/install/hdl_global_localization/share/hdl_global_localization/package.xml\n'}
[241.138768] (-) TimerEvent: {}
[241.167241] (hdl_global_localization) StdoutLine: {'line': b'-- Installing: /home/ysc/lite_cog_ros2/nav/install/hdl_global_localization/lib/libhdl_global_localization__rosidl_generator_c.so\n'}
[241.178170] (hdl_global_localization) StdoutLine: {'line': b'-- Set runtime path of "/home/ysc/lite_cog_ros2/nav/install/hdl_global_localization/lib/libhdl_global_localization__rosidl_generator_c.so" to ""\n'}
[241.179226] (hdl_global_localization) StdoutLine: {'line': b'-- Installing: /home/ysc/lite_cog_ros2/nav/install/hdl_global_localization/lib/libhdl_global_localization__rosidl_typesupport_introspection_c.so\n'}
[241.184430] (hdl_global_localization) StdoutLine: {'line': b'-- Set runtime path of "/home/ysc/lite_cog_ros2/nav/install/hdl_global_localization/lib/libhdl_global_localization__rosidl_typesupport_introspection_c.so" to ""\n'}
[241.185455] (hdl_global_localization) StdoutLine: {'line': b'-- Installing: /home/ysc/lite_cog_ros2/nav/install/hdl_global_localization/lib/libhdl_global_localization__rosidl_typesupport_c.so\n'}
[241.189605] (hdl_global_localization) StdoutLine: {'line': b'-- Set runtime path of "/home/ysc/lite_cog_ros2/nav/install/hdl_global_localization/lib/libhdl_global_localization__rosidl_typesupport_c.so" to ""\n'}
[241.192092] (hdl_global_localization) StdoutLine: {'line': b'-- Installing: /home/ysc/lite_cog_ros2/nav/install/hdl_global_localization/lib/libhdl_global_localization__rosidl_typesupport_introspection_cpp.so\n'}
[241.197211] (hdl_global_localization) StdoutLine: {'line': b'-- Set runtime path of "/home/ysc/lite_cog_ros2/nav/install/hdl_global_localization/lib/libhdl_global_localization__rosidl_typesupport_introspection_cpp.so" to ""\n'}
[241.198487] (hdl_global_localization) StdoutLine: {'line': b'-- Installing: /home/ysc/lite_cog_ros2/nav/install/hdl_global_localization/lib/libhdl_global_localization__rosidl_typesupport_cpp.so\n'}
[241.205765] (hdl_global_localization) StdoutLine: {'line': b'-- Set runtime path of "/home/ysc/lite_cog_ros2/nav/install/hdl_global_localization/lib/libhdl_global_localization__rosidl_typesupport_cpp.so" to ""\n'}
[241.238999] (-) TimerEvent: {}
[241.339892] (-) TimerEvent: {}
[241.378828] (hdl_global_localization) StdoutLine: {'line': b"Compiling '/home/ysc/lite_cog_ros2/nav/install/hdl_global_localization/lib/python3.8/site-packages/hdl_global_localization/__init__.py'...\n"}
[241.413893] (hdl_global_localization) StdoutLine: {'line': b'-- Installing: /home/ysc/lite_cog_ros2/nav/install/hdl_global_localization/share/hdl_global_localization/cmake/hdl_global_localization__rosidl_generator_cExport.cmake\n'}
[241.415966] (hdl_global_localization) StdoutLine: {'line': b'-- Installing: /home/ysc/lite_cog_ros2/nav/install/hdl_global_localization/share/hdl_global_localization/cmake/hdl_global_localization__rosidl_generator_cExport-noconfig.cmake\n'}
[241.422374] (hdl_global_localization) StdoutLine: {'line': b'-- Installing: /home/ysc/lite_cog_ros2/nav/install/hdl_global_localization/share/hdl_global_localization/cmake/hdl_global_localization__rosidl_typesupport_introspection_cExport.cmake\n'}
[241.425393] (hdl_global_localization) StdoutLine: {'line': b'-- Installing: /home/ysc/lite_cog_ros2/nav/install/hdl_global_localization/share/hdl_global_localization/cmake/hdl_global_localization__rosidl_typesupport_introspection_cExport-noconfig.cmake\n'}
[241.427910] (hdl_global_localization) StdoutLine: {'line': b'-- Installing: /home/ysc/lite_cog_ros2/nav/install/hdl_global_localization/share/hdl_global_localization/cmake/hdl_global_localization__rosidl_typesupport_cExport.cmake\n'}
[241.429412] (hdl_global_localization) StdoutLine: {'line': b'-- Installing: /home/ysc/lite_cog_ros2/nav/install/hdl_global_localization/share/hdl_global_localization/cmake/hdl_global_localization__rosidl_typesupport_cExport-noconfig.cmake\n'}
[241.432316] (hdl_global_localization) StdoutLine: {'line': b'-- Installing: /home/ysc/lite_cog_ros2/nav/install/hdl_global_localization/share/hdl_global_localization/cmake/hdl_global_localization__rosidl_generator_cppExport.cmake\n'}
[241.433816] (hdl_global_localization) StdoutLine: {'line': b'-- Installing: /home/ysc/lite_cog_ros2/nav/install/hdl_global_localization/share/hdl_global_localization/cmake/hdl_global_localization__rosidl_typesupport_introspection_cppExport.cmake\n'}
[241.435041] (hdl_global_localization) StdoutLine: {'line': b'-- Installing: /home/ysc/lite_cog_ros2/nav/install/hdl_global_localization/share/hdl_global_localization/cmake/hdl_global_localization__rosidl_typesupport_introspection_cppExport-noconfig.cmake\n'}
[241.436546] (hdl_global_localization) StdoutLine: {'line': b'-- Installing: /home/ysc/lite_cog_ros2/nav/install/hdl_global_localization/share/hdl_global_localization/cmake/hdl_global_localization__rosidl_typesupport_cppExport.cmake\n'}
[241.437934] (hdl_global_localization) StdoutLine: {'line': b'-- Installing: /home/ysc/lite_cog_ros2/nav/install/hdl_global_localization/share/hdl_global_localization/cmake/hdl_global_localization__rosidl_typesupport_cppExport-noconfig.cmake\n'}
[241.440671] (-) TimerEvent: {}
[241.450426] (hdl_global_localization) CommandEnded: {'returncode': 0}
[241.542165] (-) TimerEvent: {}
[241.649108] (-) TimerEvent: {}
[241.752403] (-) TimerEvent: {}
[241.857224] (-) TimerEvent: {}
[241.958181] (-) TimerEvent: {}
[242.059840] (-) TimerEvent: {}
[242.163398] (-) TimerEvent: {}
[242.264379] (-) TimerEvent: {}
[242.365336] (-) TimerEvent: {}
[242.466744] (-) TimerEvent: {}
[242.499342] (hdl_global_localization) JobEnded: {'identifier': 'hdl_global_localization', 'rc': 0}
[242.507675] (hdl_localization) JobStarted: {'identifier': 'hdl_localization'}
[242.567535] (-) TimerEvent: {}
[242.592354] (hdl_localization) JobProgress: {'identifier': 'hdl_localization', 'progress': 'cmake'}
[242.593895] (hdl_localization) Command: {'cmd': ['/usr/bin/cmake', '/home/ysc/lite_cog_ros2/nav/src/hdl_localization', '-DAMENT_CMAKE_SYMLINK_INSTALL=1', '-DCMAKE_INSTALL_PREFIX=/home/ysc/lite_cog_ros2/nav/install/hdl_localization'], 'cwd': '/home/ysc/lite_cog_ros2/nav/build/hdl_localization', 'env': OrderedDict([('GJS_DEBUG_TOPICS', 'JS ERROR;JS LOG'), ('LESSOPEN', '| /usr/bin/lesspipe %s'), ('USER', 'ysc'), ('LC_TIME', 'zh_CN.UTF-8'), ('SSH_AGENT_PID', '1805'), ('XDG_SESSION_TYPE', 'x11'), ('SHLVL', '1'), ('LD_LIBRARY_PATH', '/home/ysc/lite_cog_ros2/nav/install/hdl_global_localization/lib:/home/ysc/lite_cog_ros2/ndt_omp/install/ndt_omp/lib:/home/ysc/lite_cog_ros2/fast_gicp/install/fast_gicp/lib:/usr/lib/aarch64-linux-gnu/gazebo-11/plugins:/opt/ros/foxy/opt/yaml_cpp_vendor/lib:/opt/ros/foxy/opt/rviz_ogre_vendor/lib:/opt/ros/foxy/lib/aarch64-linux-gnu:/opt/ros/foxy/lib:/usr/local/cuda-11.4/lib64'), ('HOME', '/home/ysc'), ('OLDPWD', '/home/ysc/lite_cog_ros2'), ('DESKTOP_SESSION', 'ubuntu'), ('ROS_PYTHON_VERSION', '3'), ('GNOME_SHELL_SESSION_MODE', 'ubuntu'), ('GTK_MODULES', 'gail:atk-bridge'), ('LC_MONETARY', 'zh_CN.UTF-8'), ('MANAGERPID', '1399'), ('ROS_LOG_DIR', '/home/ysc/lite_cog_ros2/system/log'), ('DBUS_SESSION_BUS_ADDRESS', 'unix:path=/run/user/1000/bus'), ('COLORTERM', 'truecolor'), ('_colcon_cd_root', '/opt/ros/foxy/'), ('IM_CONFIG_PHASE', '1'), ('COLCON_PREFIX_PATH', '/home/ysc/lite_cog_ros2/ndt_omp/install:/home/ysc/lite_cog_ros2/fast_gicp/install'), ('ROS_DISTRO', 'foxy'), ('LOGNAME', 'ysc'), ('JOURNAL_STREAM', '8:46044'), ('_', '/usr/bin/colcon'), ('ROS_VERSION', '2'), ('XDG_SESSION_CLASS', 'user'), ('USERNAME', 'ysc'), ('TERM', 'xterm-256color'), ('GNOME_DESKTOP_SESSION_ID', 'this-is-deprecated'), ('ROS_LOCALHOST_ONLY', '0'), ('WINDOWPATH', '2'), ('PATH', '/opt/ros/foxy/bin:/usr/local/cuda-11.4/bin:/home/ysc/.local/bin:/usr/local/sbin:/usr/local/bin:/usr/sbin:/usr/bin:/sbin:/bin:/usr/games:/usr/local/games:/snap/bin'), ('SESSION_MANAGER', 'local/lite:@/tmp/.ICE-unix/1983,unix/lite:/tmp/.ICE-unix/1983'), ('FASTRTPS_DEFAULT_PROFILES_FILE', '/home/ysc/lite_cog_ros2/system/fastdds_profile.xml'), ('INVOCATION_ID', '1bf911e44b454cbe8457b4f284c2b3c1'), ('XDG_MENU_PREFIX', 'gnome-'), ('LC_ADDRESS', 'zh_CN.UTF-8'), ('GNOME_TERMINAL_SCREEN', '/org/gnome/Terminal/screen/7ef9d830_3e2c_4561_8aa9_5b556ddb01fc'), ('XDG_RUNTIME_DIR', '/run/user/1000'), ('DISPLAY', ':0'), ('LANG', 'en_US.UTF-8'), ('XDG_CURRENT_DESKTOP', 'ubuntu:GNOME'), ('LC_TELEPHONE', 'zh_CN.UTF-8'), ('RMW_IMPLEMENTATION', 'rmw_cyclonedds_cpp'), ('XMODIFIERS', '@im=ibus'), ('XDG_SESSION_DESKTOP', 'ubuntu'), ('XAUTHORITY', '/run/user/1000/gdm/Xauthority'), ('LS_COLORS', 'rs=0:di=01;34:ln=01;36:mh=00:pi=40;33:so=01;35:do=01;35:bd=40;33;01:cd=40;33;01:or=40;31;01:mi=00:su=37;41:sg=30;43:ca=30;41:tw=30;42:ow=34;42:st=37;44:ex=01;32:*.tar=01;31:*.tgz=01;31:*.arc=01;31:*.arj=01;31:*.taz=01;31:*.lha=01;31:*.lz4=01;31:*.lzh=01;31:*.lzma=01;31:*.tlz=01;31:*.txz=01;31:*.tzo=01;31:*.t7z=01;31:*.zip=01;31:*.z=01;31:*.dz=01;31:*.gz=01;31:*.lrz=01;31:*.lz=01;31:*.lzo=01;31:*.xz=01;31:*.zst=01;31:*.tzst=01;31:*.bz2=01;31:*.bz=01;31:*.tbz=01;31:*.tbz2=01;31:*.tz=01;31:*.deb=01;31:*.rpm=01;31:*.jar=01;31:*.war=01;31:*.ear=01;31:*.sar=01;31:*.rar=01;31:*.alz=01;31:*.ace=01;31:*.zoo=01;31:*.cpio=01;31:*.7z=01;31:*.rz=01;31:*.cab=01;31:*.wim=01;31:*.swm=01;31:*.dwm=01;31:*.esd=01;31:*.jpg=01;35:*.jpeg=01;35:*.mjpg=01;35:*.mjpeg=01;35:*.gif=01;35:*.bmp=01;35:*.pbm=01;35:*.pgm=01;35:*.ppm=01;35:*.tga=01;35:*.xbm=01;35:*.xpm=01;35:*.tif=01;35:*.tiff=01;35:*.png=01;35:*.svg=01;35:*.svgz=01;35:*.mng=01;35:*.pcx=01;35:*.mov=01;35:*.mpg=01;35:*.mpeg=01;35:*.m2v=01;35:*.mkv=01;35:*.webm=01;35:*.ogm=01;35:*.mp4=01;35:*.m4v=01;35:*.mp4v=01;35:*.vob=01;35:*.qt=01;35:*.nuv=01;35:*.wmv=01;35:*.asf=01;35:*.rm=01;35:*.rmvb=01;35:*.flc=01;35:*.avi=01;35:*.fli=01;35:*.flv=01;35:*.gl=01;35:*.dl=01;35:*.xcf=01;35:*.xwd=01;35:*.yuv=01;35:*.cgm=01;35:*.emf=01;35:*.ogv=01;35:*.ogx=01;35:*.aac=00;36:*.au=00;36:*.flac=00;36:*.m4a=00;36:*.mid=00;36:*.midi=00;36:*.mka=00;36:*.mp3=00;36:*.mpc=00;36:*.ogg=00;36:*.ra=00;36:*.wav=00;36:*.oga=00;36:*.opus=00;36:*.spx=00;36:*.xspf=00;36:'), ('GNOME_TERMINAL_SERVICE', ':1.79'), ('SSH_AUTH_SOCK', '/run/user/1000/keyring/ssh'), ('ROS_DOMAIN_ID', '0'), ('AMENT_PREFIX_PATH', '/home/ysc/lite_cog_ros2/nav/install/hdl_global_localization:/home/ysc/lite_cog_ros2/ndt_omp/install/ndt_omp:/home/ysc/lite_cog_ros2/fast_gicp/install/fast_gicp:/opt/ros/foxy'), ('SHELL', '/bin/bash'), ('LC_NAME', 'zh_CN.UTF-8'), ('QT_ACCESSIBILITY', '1'), ('GDMSESSION', 'ubuntu'), ('LESSCLOSE', '/usr/bin/lesspipe %s %s'), ('LC_MEASUREMENT', 'zh_CN.UTF-8'), ('GPG_AGENT_INFO', '/run/user/1000/gnupg/S.gpg-agent:0:1'), ('GJS_DEBUG_OUTPUT', 'stderr'), ('LC_IDENTIFICATION', 'zh_CN.UTF-8'), ('QT_IM_MODULE', 'ibus'), ('PWD', '/home/ysc/lite_cog_ros2/nav/build/hdl_localization'), ('LC_ALL', 'en_US.UTF-8'), ('XDG_CONFIG_DIRS', '/etc/xdg/xdg-ubuntu:/etc/xdg'), ('XDG_DATA_DIRS', '/usr/share/ubuntu:/usr/local/share/:/usr/share/:/var/lib/snapd/desktop'), ('PYTHONPATH', '/home/ysc/lite_cog_ros2/nav/install/hdl_global_localization/lib/python3.8/site-packages:/opt/ros/foxy/lib/python3.8/site-packages'), ('LC_NUMERIC', 'zh_CN.UTF-8'), ('LC_PAPER', 'zh_CN.UTF-8'), ('COLCON', '1'), ('VTE_VERSION', '6003'), ('CMAKE_PREFIX_PATH', '/home/ysc/lite_cog_ros2/nav/install/hdl_global_localization:/home/ysc/lite_cog_ros2/ndt_omp/install/ndt_omp:/home/ysc/lite_cog_ros2/fast_gicp/install/fast_gicp:/opt/ros/foxy')]), 'shell': False}
[242.668260] (-) TimerEvent: {}
[242.769752] (-) TimerEvent: {}
[242.870746] (-) TimerEvent: {}
[242.971757] (-) TimerEvent: {}
[243.001256] (hdl_localization) StdoutLine: {'line': b'-- The C compiler identification is GNU 9.4.0\n'}
[243.072050] (-) TimerEvent: {}
[243.173911] (-) TimerEvent: {}
[243.275049] (-) TimerEvent: {}
[243.377506] (-) TimerEvent: {}
[243.384679] (hdl_localization) StdoutLine: {'line': b'-- The CXX compiler identification is GNU 9.4.0\n'}
[243.410380] (hdl_localization) StdoutLine: {'line': b'-- Check for working C compiler: /usr/bin/cc\n'}
[243.477370] (-) TimerEvent: {}
[243.578425] (-) TimerEvent: {}
[243.679543] (-) TimerEvent: {}
[243.781508] (-) TimerEvent: {}
[244.025500] (-) TimerEvent: {}
[244.038041] (hdl_localization) StdoutLine: {'line': b'-- Check for working C compiler: /usr/bin/cc -- works\n'}
[244.042313] (hdl_localization) StdoutLine: {'line': b'-- Detecting C compiler ABI info\n'}
[244.128016] (-) TimerEvent: {}
[244.229077] (-) TimerEvent: {}
[244.330113] (-) TimerEvent: {}
[244.431065] (-) TimerEvent: {}
[244.532072] (-) TimerEvent: {}
[244.599421] (hdl_localization) StdoutLine: {'line': b'-- Detecting C compiler ABI info - done\n'}
[244.632391] (-) TimerEvent: {}
[244.659918] (hdl_localization) StdoutLine: {'line': b'-- Detecting C compile features\n'}
[244.661501] (hdl_localization) StdoutLine: {'line': b'-- Detecting C compile features - done\n'}
[244.674493] (hdl_localization) StdoutLine: {'line': b'-- Check for working CXX compiler: /usr/bin/c++\n'}
[244.732658] (-) TimerEvent: {}
[244.833725] (-) TimerEvent: {}
[244.934734] (-) TimerEvent: {}
[245.035750] (-) TimerEvent: {}
[245.137531] (-) TimerEvent: {}
[245.238595] (-) TimerEvent: {}
[245.263028] (hdl_localization) StdoutLine: {'line': b'-- Check for working CXX compiler: /usr/bin/c++ -- works\n'}
[245.267883] (hdl_localization) StdoutLine: {'line': b'-- Detecting CXX compiler ABI info\n'}
[245.338872] (-) TimerEvent: {}
[245.439863] (-) TimerEvent: {}
[245.540961] (-) TimerEvent: {}
[245.641875] (-) TimerEvent: {}
[245.742985] (-) TimerEvent: {}
[245.818110] (hdl_localization) StdoutLine: {'line': b'-- Detecting CXX compiler ABI info - done\n'}
[245.843256] (-) TimerEvent: {}
[245.880591] (hdl_localization) StdoutLine: {'line': b'-- Detecting CXX compile features\n'}
[245.882569] (hdl_localization) StdoutLine: {'line': b'-- Detecting CXX compile features - done\n'}
[245.909679] (hdl_localization) StdoutLine: {'line': b'-- Found ament_cmake_auto: 0.9.12 (/opt/ros/foxy/share/ament_cmake_auto/cmake)\n'}
[245.943436] (-) TimerEvent: {}
[246.044358] (-) TimerEvent: {}
[246.074577] (hdl_localization) StdoutLine: {'line': b'-- Found PythonInterp: /usr/bin/python3 (found suitable version "3.8.10", minimum required is "3") \n'}
[246.075640] (hdl_localization) StdoutLine: {'line': b'-- Using PYTHON_EXECUTABLE: /usr/bin/python3\n'}
[246.144618] (-) TimerEvent: {}
[246.245609] (-) TimerEvent: {}
[246.346553] (-) TimerEvent: {}
[246.447452] (-) TimerEvent: {}
[246.548363] (-) TimerEvent: {}
[246.649279] (-) TimerEvent: {}
[246.750693] (-) TimerEvent: {}
[246.851840] (-) TimerEvent: {}
[246.953236] (-) TimerEvent: {}
[247.054230] (-) TimerEvent: {}
[247.155391] (-) TimerEvent: {}
[247.252036] (hdl_localization) StdoutLine: {'line': b'-- Override CMake install command with custom implementation using symlinks instead of copying resources\n'}
[247.255663] (-) TimerEvent: {}
[247.356774] (-) TimerEvent: {}
[247.457993] (-) TimerEvent: {}
[247.559800] (-) TimerEvent: {}
[247.660848] (-) TimerEvent: {}
[247.761825] (-) TimerEvent: {}
[247.860672] (hdl_localization) StdoutLine: {'line': b'-- Using all available rosidl_typesupport_c: rosidl_typesupport_fastrtps_c;rosidl_typesupport_introspection_c\n'}
[247.861951] (-) TimerEvent: {}
[247.906494] (hdl_localization) StdoutLine: {'line': b'-- Found rosidl_adapter: 1.3.1 (/opt/ros/foxy/share/rosidl_adapter/cmake)\n'}
[247.962246] (-) TimerEvent: {}
[248.063377] (-) TimerEvent: {}
[248.165142] (-) TimerEvent: {}
[248.266241] (-) TimerEvent: {}
[248.367333] (-) TimerEvent: {}
[248.468628] (-) TimerEvent: {}
[248.569730] (-) TimerEvent: {}
[248.670824] (-) TimerEvent: {}
[248.720722] (hdl_localization) StdoutLine: {'line': b'-- Found OpenSSL: /usr/lib/aarch64-linux-gnu/libcrypto.so (found version "1.1.1f")  \n'}
[248.771129] (-) TimerEvent: {}
[248.872251] (-) TimerEvent: {}
[248.918198] (hdl_localization) StdoutLine: {'line': b'-- Found FastRTPS: /opt/ros/foxy/include  \n'}
[249.033644] (-) TimerEvent: {}
[249.134577] (-) TimerEvent: {}
[249.235936] (-) TimerEvent: {}
[249.337076] (-) TimerEvent: {}
[249.387007] (hdl_localization) StdoutLine: {'line': b'-- Using all available rosidl_typesupport_cpp: rosidl_typesupport_fastrtps_cpp;rosidl_typesupport_introspection_cpp\n'}
[249.440630] (-) TimerEvent: {}
[249.542984] (-) TimerEvent: {}
[249.644078] (-) TimerEvent: {}
[249.745349] (-) TimerEvent: {}
[249.846528] (-) TimerEvent: {}
[249.918016] (hdl_localization) StdoutLine: {'line': b'-- Found rmw_implementation_cmake: 1.0.4 (/opt/ros/foxy/share/rmw_implementation_cmake/cmake)\n'}
[249.925665] (hdl_localization) StdoutLine: {'line': b"-- Using RMW implementation 'rmw_cyclonedds_cpp' as default\n"}
[249.935217] (hdl_localization) StdoutLine: {'line': b'-- Looking for pthread.h\n'}
[249.946807] (-) TimerEvent: {}
[250.047756] (-) TimerEvent: {}
[250.148921] (-) TimerEvent: {}
[250.250268] (-) TimerEvent: {}
[250.352687] (-) TimerEvent: {}
[250.456382] (-) TimerEvent: {}
[250.523817] (hdl_localization) StdoutLine: {'line': b'-- Looking for pthread.h - found\n'}
[250.525295] (hdl_localization) StdoutLine: {'line': b'-- Performing Test CMAKE_HAVE_LIBC_PTHREAD\n'}
[250.556970] (-) TimerEvent: {}
[250.658005] (-) TimerEvent: {}
[250.759285] (-) TimerEvent: {}
[250.861104] (-) TimerEvent: {}
[250.962183] (-) TimerEvent: {}
[251.063568] (-) TimerEvent: {}
[251.164722] (-) TimerEvent: {}
[251.265715] (-) TimerEvent: {}
[251.367046] (-) TimerEvent: {}
[251.468235] (-) TimerEvent: {}
[251.509293] (hdl_localization) StdoutLine: {'line': b'-- Performing Test CMAKE_HAVE_LIBC_PTHREAD - Failed\n'}
[251.512297] (hdl_localization) StdoutLine: {'line': b'-- Looking for pthread_create in pthreads\n'}
[251.568421] (-) TimerEvent: {}
[251.669365] (-) TimerEvent: {}
[251.770510] (-) TimerEvent: {}
[251.872657] (-) TimerEvent: {}
[251.973832] (-) TimerEvent: {}
[252.074917] (-) TimerEvent: {}
[252.146031] (hdl_localization) StdoutLine: {'line': b'-- Looking for pthread_create in pthreads - not found\n'}
[252.147493] (hdl_localization) StdoutLine: {'line': b'-- Looking for pthread_create in pthread\n'}
[252.175489] (-) TimerEvent: {}
[252.276855] (-) TimerEvent: {}
[252.378559] (-) TimerEvent: {}
[252.481139] (-) TimerEvent: {}
[252.582567] (-) TimerEvent: {}
[252.683897] (-) TimerEvent: {}
[252.725273] (hdl_localization) StdoutLine: {'line': b'-- Looking for pthread_create in pthread - found\n'}
[252.733166] (hdl_localization) StdoutLine: {'line': b'-- Found Threads: TRUE  \n'}
[252.784280] (-) TimerEvent: {}
[252.885299] (-) TimerEvent: {}
[252.986295] (-) TimerEvent: {}
[253.087313] (-) TimerEvent: {}
[253.188417] (-) TimerEvent: {}
[253.290182] (-) TimerEvent: {}
[253.391309] (-) TimerEvent: {}
[253.492481] (-) TimerEvent: {}
[253.593601] (-) TimerEvent: {}
[253.694705] (-) TimerEvent: {}
[253.795841] (-) TimerEvent: {}
[253.897002] (-) TimerEvent: {}
[253.998128] (-) TimerEvent: {}
[254.175696] (-) TimerEvent: {}
[254.276801] (-) TimerEvent: {}
[254.377872] (-) TimerEvent: {}
[254.478867] (-) TimerEvent: {}
[254.580288] (-) TimerEvent: {}
[254.681613] (-) TimerEvent: {}
[254.783279] (-) TimerEvent: {}
[254.884590] (-) TimerEvent: {}
[254.985865] (-) TimerEvent: {}
[255.087215] (-) TimerEvent: {}
[255.188585] (-) TimerEvent: {}
[255.289806] (-) TimerEvent: {}
[255.391258] (-) TimerEvent: {}
[255.492471] (-) TimerEvent: {}
[255.593672] (-) TimerEvent: {}
[255.606616] (hdl_localization) StdoutLine: {'line': b'-- Found eigen3_cmake_module: 0.1.1 (/opt/ros/foxy/share/eigen3_cmake_module/cmake)\n'}
[255.624911] (hdl_localization) StdoutLine: {'line': b'-- Found Eigen3: TRUE (found version "3.3.7") \n'}
[255.693903] (-) TimerEvent: {}
[255.795126] (-) TimerEvent: {}
[255.896310] (-) TimerEvent: {}
[255.997740] (-) TimerEvent: {}
[256.098897] (-) TimerEvent: {}
[256.200572] (-) TimerEvent: {}
[256.301733] (-) TimerEvent: {}
[256.403044] (-) TimerEvent: {}
[256.504118] (-) TimerEvent: {}
[256.605243] (-) TimerEvent: {}
[256.706309] (-) TimerEvent: {}
[256.807651] (-) TimerEvent: {}
[256.909591] (-) TimerEvent: {}
[257.011268] (-) TimerEvent: {}
[257.112730] (-) TimerEvent: {}
[257.214169] (-) TimerEvent: {}
[257.227978] (hdl_localization) StdoutLine: {'line': b"-- Checking for module 'eigen3'\n"}
[257.314428] (-) TimerEvent: {}
[257.353603] (hdl_localization) StdoutLine: {'line': b'--   Found eigen3, version 3.3.7\n'}
[257.415568] (-) TimerEvent: {}
[257.520808] (-) TimerEvent: {}
[257.621871] (-) TimerEvent: {}
[257.722880] (-) TimerEvent: {}
[257.746435] (hdl_localization) StdoutLine: {'line': b'-- Found Eigen: /usr/include/eigen3 (Required is at least version "3.1") \n'}
[257.747883] (hdl_localization) StdoutLine: {'line': b'-- Eigen found (include: /usr/include/eigen3, version: 3.3.7)\n'}
[257.823133] (-) TimerEvent: {}
[257.924336] (-) TimerEvent: {}
[258.025461] (-) TimerEvent: {}
[258.127826] (-) TimerEvent: {}
[258.144231] (hdl_localization) StdoutLine: {'line': b"-- Checking for module 'flann'\n"}
[258.227642] (-) TimerEvent: {}
[258.281813] (hdl_localization) StdoutLine: {'line': b'--   Found flann, version 1.9.1\n'}
[258.327884] (-) TimerEvent: {}
[258.430191] (-) TimerEvent: {}
[258.531296] (-) TimerEvent: {}
[258.633942] (-) TimerEvent: {}
[258.731569] (hdl_localization) StdoutLine: {'line': b'-- Found FLANN: /usr/lib/aarch64-linux-gnu/libflann_cpp.so  \n'}
[258.733346] (-) TimerEvent: {}
[258.834303] (-) TimerEvent: {}
[258.936077] (-) TimerEvent: {}
[259.039287] (-) TimerEvent: {}
[259.183708] (hdl_localization) StdoutLine: {'line': b'-- The imported target "vtkParseOGLExt" references the file\n'}
[259.184603] (-) TimerEvent: {}
[259.185768] (hdl_localization) StdoutLine: {'line': b'   "/usr/bin/vtkParseOGLExt-7.1"\n'}
[259.186510] (hdl_localization) StdoutLine: {'line': b'but this file does not exist.  Possible reasons include:\n'}
[259.186992] (hdl_localization) StdoutLine: {'line': b'* The file was deleted, renamed, or moved to another location.\n'}
[259.187366] (hdl_localization) StdoutLine: {'line': b'* An install or uninstall procedure did not complete successfully.\n'}
[259.187848] (hdl_localization) StdoutLine: {'line': b'* The installation package was faulty and contained\n'}
[259.188345] (hdl_localization) StdoutLine: {'line': b'   "/usr/lib/cmake/vtk-7.1/VTKTargets.cmake"\n'}
[259.188808] (hdl_localization) StdoutLine: {'line': b'but not all the files it references.\n'}
[259.189158] (hdl_localization) StdoutLine: {'line': b'\n'}
[259.189498] (hdl_localization) StdoutLine: {'line': b'-- The imported target "vtkRenderingPythonTkWidgets" references the file\n'}
[259.190018] (hdl_localization) StdoutLine: {'line': b'   "/usr/lib/aarch64-linux-gnu/libvtkRenderingPythonTkWidgets.so"\n'}
[259.191432] (hdl_localization) StdoutLine: {'line': b'but this file does not exist.  Possible reasons include:\n'}
[259.192007] (hdl_localization) StdoutLine: {'line': b'* The file was deleted, renamed, or moved to another location.\n'}
[259.192906] (hdl_localization) StdoutLine: {'line': b'* An install or uninstall procedure did not complete successfully.\n'}
[259.195184] (hdl_localization) StdoutLine: {'line': b'* The installation package was faulty and contained\n'}
[259.195636] (hdl_localization) StdoutLine: {'line': b'   "/usr/lib/cmake/vtk-7.1/VTKTargets.cmake"\n'}
[259.196066] (hdl_localization) StdoutLine: {'line': b'but not all the files it references.\n'}
[259.196614] (hdl_localization) StdoutLine: {'line': b'\n'}
[259.197000] (hdl_localization) StdoutLine: {'line': b'-- The imported target "vtk" references the file\n'}
[259.197768] (hdl_localization) StdoutLine: {'line': b'   "/usr/bin/vtk"\n'}
[259.198256] (hdl_localization) StdoutLine: {'line': b'but this file does not exist.  Possible reasons include:\n'}
[259.198620] (hdl_localization) StdoutLine: {'line': b'* The file was deleted, renamed, or moved to another location.\n'}
[259.198983] (hdl_localization) StdoutLine: {'line': b'* An install or uninstall procedure did not complete successfully.\n'}
[259.199393] (hdl_localization) StdoutLine: {'line': b'* The installation package was faulty and contained\n'}
[259.200290] (hdl_localization) StdoutLine: {'line': b'   "/usr/lib/cmake/vtk-7.1/VTKTargets.cmake"\n'}
[259.200792] (hdl_localization) StdoutLine: {'line': b'but not all the files it references.\n'}
[259.201205] (hdl_localization) StdoutLine: {'line': b'\n'}
[259.201589] (hdl_localization) StdoutLine: {'line': b'-- The imported target "pvtk" references the file\n'}
[259.201960] (hdl_localization) StdoutLine: {'line': b'   "/usr/bin/pvtk"\n'}
[259.202613] (hdl_localization) StdoutLine: {'line': b'but this file does not exist.  Possible reasons include:\n'}
[259.203078] (hdl_localization) StdoutLine: {'line': b'* The file was deleted, renamed, or moved to another location.\n'}
[259.203479] (hdl_localization) StdoutLine: {'line': b'* An install or uninstall procedure did not complete successfully.\n'}
[259.203826] (hdl_localization) StdoutLine: {'line': b'* The installation package was faulty and contained\n'}
[259.204277] (hdl_localization) StdoutLine: {'line': b'   "/usr/lib/cmake/vtk-7.1/VTKTargets.cmake"\n'}
[259.204717] (hdl_localization) StdoutLine: {'line': b'but not all the files it references.\n'}
[259.205121] (hdl_localization) StdoutLine: {'line': b'\n'}
[259.235944] (hdl_localization) StdoutLine: {'line': b"-- Checking for module 'libusb-1.0'\n"}
[259.284920] (-) TimerEvent: {}
[259.386002] (-) TimerEvent: {}
[259.388431] (hdl_localization) StdoutLine: {'line': b'--   Found libusb-1.0, version 1.0.23\n'}
[259.486234] (-) TimerEvent: {}
[259.587306] (-) TimerEvent: {}
[259.688448] (-) TimerEvent: {}
[259.789898] (-) TimerEvent: {}
[259.799016] (hdl_localization) StdoutLine: {'line': b'-- Found USB_10: /usr/lib/aarch64-linux-gnu/libusb-1.0.so  \n'}
[259.890149] (-) TimerEvent: {}
[259.991207] (-) TimerEvent: {}
[260.094623] (-) TimerEvent: {}
[260.195624] (-) TimerEvent: {}
[260.296832] (-) TimerEvent: {}
[260.369947] (hdl_localization) StdoutLine: {'line': b'-- OpenNI found (include: /usr/include/ni, lib: /usr/lib/libOpenNI.so)\n'}
[260.397102] (-) TimerEvent: {}
[260.498195] (-) TimerEvent: {}
[260.599280] (-) TimerEvent: {}
[260.700371] (-) TimerEvent: {}
[260.801474] (-) TimerEvent: {}
[260.902910] (-) TimerEvent: {}
[260.968968] (hdl_localization) StdoutLine: {'line': b'-- OpenNI2 found (include: /usr/include/openni2, lib: /usr/lib/libOpenNI2.so)\n'}
[261.003066] (-) TimerEvent: {}
[261.048374] (hdl_localization) StdoutLine: {'line': b'-- Found libusb-1.0: /usr/include  \n'}
[261.095533] (hdl_localization) StdoutLine: {'line': b'-- OpenNI found (include: /usr/include/ni, lib: /usr/lib/libOpenNI.so)\n'}
[261.103282] (-) TimerEvent: {}
[261.134831] (hdl_localization) StdoutLine: {'line': b'-- OpenNI2 found (include: /usr/include/openni2, lib: /usr/lib/libOpenNI2.so)\n'}
[261.204739] (-) TimerEvent: {}
[261.305491] (hdl_localization) StdoutLine: {'line': b'-- Found Qhull: optimized;/usr/lib/aarch64-linux-gnu/libqhull.so;debug;/usr/lib/aarch64-linux-gnu/libqhull.so  \n'}
[261.306428] (-) TimerEvent: {}
[261.306985] (hdl_localization) StdoutLine: {'line': b'-- QHULL found (include: /usr/include, lib: optimized;/usr/lib/aarch64-linux-gnu/libqhull.so;debug;/usr/lib/aarch64-linux-gnu/libqhull.so)\n'}
[261.341510] (hdl_localization) StdoutLine: {'line': b'-- OpenNI found (include: /usr/include/ni, lib: /usr/lib/libOpenNI.so)\n'}
[261.406729] (-) TimerEvent: {}
[261.418612] (hdl_localization) StdoutLine: {'line': b'-- Found PCL_COMMON: /usr/lib/aarch64-linux-gnu/libpcl_common.so  \n'}
[261.425328] (hdl_localization) StdoutLine: {'line': b'-- Found PCL_KDTREE: /usr/lib/aarch64-linux-gnu/libpcl_kdtree.so  \n'}
[261.432500] (hdl_localization) StdoutLine: {'line': b'-- Found PCL_OCTREE: /usr/lib/aarch64-linux-gnu/libpcl_octree.so  \n'}
[261.438697] (hdl_localization) StdoutLine: {'line': b'-- Found PCL_SEARCH: /usr/lib/aarch64-linux-gnu/libpcl_search.so  \n'}
[261.446492] (hdl_localization) StdoutLine: {'line': b'-- Found PCL_SAMPLE_CONSENSUS: /usr/lib/aarch64-linux-gnu/libpcl_sample_consensus.so  \n'}
[261.453582] (hdl_localization) StdoutLine: {'line': b'-- Found PCL_FILTERS: /usr/lib/aarch64-linux-gnu/libpcl_filters.so  \n'}
[261.457755] (hdl_localization) StdoutLine: {'line': b'-- Found PCL_2D: /usr/include/pcl-1.10  \n'}
[261.460442] (hdl_localization) StdoutLine: {'line': b'-- Found PCL_GEOMETRY: /usr/include/pcl-1.10  \n'}
[261.466618] (hdl_localization) StdoutLine: {'line': b'-- Found PCL_IO: /usr/lib/aarch64-linux-gnu/libpcl_io.so  \n'}
[261.474280] (hdl_localization) StdoutLine: {'line': b'-- Found PCL_FEATURES: /usr/lib/aarch64-linux-gnu/libpcl_features.so  \n'}
[261.481747] (hdl_localization) StdoutLine: {'line': b'-- Found PCL_ML: /usr/lib/aarch64-linux-gnu/libpcl_ml.so  \n'}
[261.487711] (hdl_localization) StdoutLine: {'line': b'-- Found PCL_SEGMENTATION: /usr/lib/aarch64-linux-gnu/libpcl_segmentation.so  \n'}
[261.494486] (hdl_localization) StdoutLine: {'line': b'-- Found PCL_VISUALIZATION: /usr/lib/aarch64-linux-gnu/libpcl_visualization.so  \n'}
[261.501398] (hdl_localization) StdoutLine: {'line': b'-- Found PCL_SURFACE: /usr/lib/aarch64-linux-gnu/libpcl_surface.so  \n'}
[261.506822] (-) TimerEvent: {}
[261.507590] (hdl_localization) StdoutLine: {'line': b'-- Found PCL_REGISTRATION: /usr/lib/aarch64-linux-gnu/libpcl_registration.so  \n'}
[261.514159] (hdl_localization) StdoutLine: {'line': b'-- Found PCL_KEYPOINTS: /usr/lib/aarch64-linux-gnu/libpcl_keypoints.so  \n'}
[261.520569] (hdl_localization) StdoutLine: {'line': b'-- Found PCL_TRACKING: /usr/lib/aarch64-linux-gnu/libpcl_tracking.so  \n'}
[261.527238] (hdl_localization) StdoutLine: {'line': b'-- Found PCL_RECOGNITION: /usr/lib/aarch64-linux-gnu/libpcl_recognition.so  \n'}
[261.534266] (hdl_localization) StdoutLine: {'line': b'-- Found PCL_STEREO: /usr/lib/aarch64-linux-gnu/libpcl_stereo.so  \n'}
[261.540525] (hdl_localization) StdoutLine: {'line': b'-- Found PCL_APPS: /usr/lib/aarch64-linux-gnu/libpcl_apps.so  \n'}
[261.546892] (hdl_localization) StdoutLine: {'line': b'-- Found PCL_IN_HAND_SCANNER: /usr/include/pcl-1.10  \n'}
[261.550649] (hdl_localization) StdoutLine: {'line': b'-- Found PCL_POINT_CLOUD_EDITOR: /usr/include/pcl-1.10  \n'}
[261.559087] (hdl_localization) StdoutLine: {'line': b'-- Found PCL_OUTOFCORE: /usr/lib/aarch64-linux-gnu/libpcl_outofcore.so  \n'}
[261.566728] (hdl_localization) StdoutLine: {'line': b'-- Found PCL_PEOPLE: /usr/lib/aarch64-linux-gnu/libpcl_people.so  \n'}
[261.607106] (-) TimerEvent: {}
[261.708258] (-) TimerEvent: {}
[261.809402] (-) TimerEvent: {}
[261.910571] (-) TimerEvent: {}
[262.012323] (-) TimerEvent: {}
[262.113392] (-) TimerEvent: {}
[262.215409] (-) TimerEvent: {}
[262.316658] (-) TimerEvent: {}
[262.417741] (-) TimerEvent: {}
[262.518873] (-) TimerEvent: {}
[262.619921] (-) TimerEvent: {}
[262.721072] (-) TimerEvent: {}
[262.822159] (-) TimerEvent: {}
[262.923374] (-) TimerEvent: {}
[263.024677] (-) TimerEvent: {}
[263.125756] (-) TimerEvent: {}
[263.226886] (-) TimerEvent: {}
[263.328061] (-) TimerEvent: {}
[263.429109] (-) TimerEvent: {}
[263.531127] (-) TimerEvent: {}
[263.632358] (-) TimerEvent: {}
[263.733409] (-) TimerEvent: {}
[263.834525] (-) TimerEvent: {}
[263.935793] (-) TimerEvent: {}
[264.036934] (-) TimerEvent: {}
[264.155673] (-) TimerEvent: {}
[264.257155] (-) TimerEvent: {}
[264.359332] (-) TimerEvent: {}
[264.463644] (-) TimerEvent: {}
[264.564781] (-) TimerEvent: {}
[264.665977] (-) TimerEvent: {}
[264.767154] (-) TimerEvent: {}
[264.868311] (-) TimerEvent: {}
[264.969352] (-) TimerEvent: {}
[265.070463] (-) TimerEvent: {}
[265.171649] (-) TimerEvent: {}
[265.272808] (-) TimerEvent: {}
[265.373823] (-) TimerEvent: {}
[265.474799] (-) TimerEvent: {}
[265.575832] (-) TimerEvent: {}
[265.676973] (-) TimerEvent: {}
[265.713317] (hdl_localization) StdoutLine: {'line': b'-- Found OpenMP_C: -fopenmp (found version "4.5") \n'}
[265.777235] (-) TimerEvent: {}
[265.878272] (-) TimerEvent: {}
[265.979359] (-) TimerEvent: {}
[266.080520] (-) TimerEvent: {}
[266.181587] (-) TimerEvent: {}
[266.282701] (-) TimerEvent: {}
[266.361910] (hdl_localization) StdoutLine: {'line': b'-- Found OpenMP_CXX: -fopenmp (found version "4.5") \n'}
[266.365121] (hdl_localization) StdoutLine: {'line': b'-- Found OpenMP: TRUE (found version "4.5")  \n'}
[266.382930] (-) TimerEvent: {}
[266.483948] (-) TimerEvent: {}
[266.505195] (hdl_localization) StdoutLine: {'line': b'-- Found PythonInterp: /usr/bin/python3 (found version "3.8.10") \n'}
[266.584277] (-) TimerEvent: {}
[266.685286] (-) TimerEvent: {}
[266.786518] (-) TimerEvent: {}
[266.887820] (-) TimerEvent: {}
[266.988952] (-) TimerEvent: {}
[267.090097] (-) TimerEvent: {}
[267.191138] (-) TimerEvent: {}
[267.288518] (hdl_localization) StdoutLine: {'line': b'-- Found ament_cmake_ros: 0.9.2 (/opt/ros/foxy/share/ament_cmake_ros/cmake)\n'}
[267.291356] (-) TimerEvent: {}
[267.392425] (-) TimerEvent: {}
[267.493549] (-) TimerEvent: {}
[267.594678] (-) TimerEvent: {}
[267.695749] (-) TimerEvent: {}
[267.797361] (-) TimerEvent: {}
[267.898615] (-) TimerEvent: {}
[268.000248] (-) TimerEvent: {}
[268.101318] (-) TimerEvent: {}
[268.202588] (-) TimerEvent: {}
[268.303688] (-) TimerEvent: {}
[268.404880] (-) TimerEvent: {}
[268.505944] (-) TimerEvent: {}
[268.607059] (-) TimerEvent: {}
[268.708332] (-) TimerEvent: {}
[268.712488] (hdl_localization) StdoutLine: {'line': b'-- Using all available rosidl_typesupport_c: rosidl_typesupport_fastrtps_c;rosidl_typesupport_introspection_c\n'}
[268.808566] (-) TimerEvent: {}
[268.910035] (-) TimerEvent: {}
[269.011088] (-) TimerEvent: {}
[269.112356] (-) TimerEvent: {}
[269.347636] (-) TimerEvent: {}
[269.443560] (hdl_localization) StdoutLine: {'line': b'-- Using all available rosidl_typesupport_cpp: rosidl_typesupport_fastrtps_cpp;rosidl_typesupport_introspection_cpp\n'}
[269.447858] (-) TimerEvent: {}
[269.548842] (-) TimerEvent: {}
[269.614465] (hdl_localization) StdoutLine: {'line': b'-- Found PythonInterp: /usr/bin/python3 (found suitable version "3.8.10", minimum required is "3.5") \n'}
[269.625614] (hdl_localization) StdoutLine: {'line': b'-- Found python_cmake_module: 0.8.1 (/opt/ros/foxy/share/python_cmake_module/cmake)\n'}
[269.649060] (-) TimerEvent: {}
[269.750007] (-) TimerEvent: {}
[269.791196] (hdl_localization) StdoutLine: {'line': b'-- Found PythonLibs: /usr/lib/aarch64-linux-gnu/libpython3.8.so (found suitable version "3.8.10", minimum required is "3.5") \n'}
[269.792538] (hdl_localization) StdoutLine: {'line': b'-- Using PYTHON_EXECUTABLE: /usr/bin/python3\n'}
[269.793184] (hdl_localization) StdoutLine: {'line': b'-- Using PYTHON_INCLUDE_DIRS: /usr/include/python3.8\n'}
[269.793584] (hdl_localization) StdoutLine: {'line': b'-- Using PYTHON_LIBRARIES: /usr/lib/aarch64-linux-gnu/libpython3.8.so\n'}
[269.850282] (-) TimerEvent: {}
[269.951248] (-) TimerEvent: {}
[269.966898] (hdl_localization) StdoutLine: {'line': b'-- Found PythonExtra: .so  \n'}
[270.051502] (-) TimerEvent: {}
[270.152693] (-) TimerEvent: {}
[270.253719] (-) TimerEvent: {}
[270.354603] (-) TimerEvent: {}
[270.455673] (-) TimerEvent: {}
[270.556793] (-) TimerEvent: {}
[270.658054] (-) TimerEvent: {}
[270.758990] (-) TimerEvent: {}
[270.860037] (-) TimerEvent: {}
[270.894503] (hdl_localization) StdoutLine: {'line': b'-- Configuring done\n'}
[270.960457] (-) TimerEvent: {}
[271.061487] (-) TimerEvent: {}
[271.162622] (-) TimerEvent: {}
[271.263739] (-) TimerEvent: {}
[271.364989] (-) TimerEvent: {}
[271.466189] (-) TimerEvent: {}
[271.567231] (-) TimerEvent: {}
[271.668381] (-) TimerEvent: {}
[271.769492] (-) TimerEvent: {}
[271.789660] (hdl_localization) StdoutLine: {'line': b'-- Generating done\n'}
[271.813091] (hdl_localization) StdoutLine: {'line': b'-- Build files have been written to: /home/ysc/lite_cog_ros2/nav/build/hdl_localization\n'}
[271.869783] (-) TimerEvent: {}
[271.897698] (hdl_localization) CommandEnded: {'returncode': 0}
[271.903396] (hdl_localization) JobProgress: {'identifier': 'hdl_localization', 'progress': 'build'}
[271.905733] (hdl_localization) Command: {'cmd': ['/usr/bin/cmake', '--build', '/home/ysc/lite_cog_ros2/nav/build/hdl_localization', '--', '-j6', '-l6'], 'cwd': '/home/ysc/lite_cog_ros2/nav/build/hdl_localization', 'env': OrderedDict([('GJS_DEBUG_TOPICS', 'JS ERROR;JS LOG'), ('LESSOPEN', '| /usr/bin/lesspipe %s'), ('USER', 'ysc'), ('LC_TIME', 'zh_CN.UTF-8'), ('SSH_AGENT_PID', '1805'), ('XDG_SESSION_TYPE', 'x11'), ('SHLVL', '1'), ('LD_LIBRARY_PATH', '/home/ysc/lite_cog_ros2/nav/install/hdl_global_localization/lib:/home/ysc/lite_cog_ros2/ndt_omp/install/ndt_omp/lib:/home/ysc/lite_cog_ros2/fast_gicp/install/fast_gicp/lib:/usr/lib/aarch64-linux-gnu/gazebo-11/plugins:/opt/ros/foxy/opt/yaml_cpp_vendor/lib:/opt/ros/foxy/opt/rviz_ogre_vendor/lib:/opt/ros/foxy/lib/aarch64-linux-gnu:/opt/ros/foxy/lib:/usr/local/cuda-11.4/lib64'), ('HOME', '/home/ysc'), ('OLDPWD', '/home/ysc/lite_cog_ros2'), ('DESKTOP_SESSION', 'ubuntu'), ('ROS_PYTHON_VERSION', '3'), ('GNOME_SHELL_SESSION_MODE', 'ubuntu'), ('GTK_MODULES', 'gail:atk-bridge'), ('LC_MONETARY', 'zh_CN.UTF-8'), ('MANAGERPID', '1399'), ('ROS_LOG_DIR', '/home/ysc/lite_cog_ros2/system/log'), ('DBUS_SESSION_BUS_ADDRESS', 'unix:path=/run/user/1000/bus'), ('COLORTERM', 'truecolor'), ('_colcon_cd_root', '/opt/ros/foxy/'), ('IM_CONFIG_PHASE', '1'), ('COLCON_PREFIX_PATH', '/home/ysc/lite_cog_ros2/ndt_omp/install:/home/ysc/lite_cog_ros2/fast_gicp/install'), ('ROS_DISTRO', 'foxy'), ('LOGNAME', 'ysc'), ('JOURNAL_STREAM', '8:46044'), ('_', '/usr/bin/colcon'), ('ROS_VERSION', '2'), ('XDG_SESSION_CLASS', 'user'), ('USERNAME', 'ysc'), ('TERM', 'xterm-256color'), ('GNOME_DESKTOP_SESSION_ID', 'this-is-deprecated'), ('ROS_LOCALHOST_ONLY', '0'), ('WINDOWPATH', '2'), ('PATH', '/opt/ros/foxy/bin:/usr/local/cuda-11.4/bin:/home/ysc/.local/bin:/usr/local/sbin:/usr/local/bin:/usr/sbin:/usr/bin:/sbin:/bin:/usr/games:/usr/local/games:/snap/bin'), ('SESSION_MANAGER', 'local/lite:@/tmp/.ICE-unix/1983,unix/lite:/tmp/.ICE-unix/1983'), ('FASTRTPS_DEFAULT_PROFILES_FILE', '/home/ysc/lite_cog_ros2/system/fastdds_profile.xml'), ('INVOCATION_ID', '1bf911e44b454cbe8457b4f284c2b3c1'), ('XDG_MENU_PREFIX', 'gnome-'), ('LC_ADDRESS', 'zh_CN.UTF-8'), ('GNOME_TERMINAL_SCREEN', '/org/gnome/Terminal/screen/7ef9d830_3e2c_4561_8aa9_5b556ddb01fc'), ('XDG_RUNTIME_DIR', '/run/user/1000'), ('DISPLAY', ':0'), ('LANG', 'en_US.UTF-8'), ('XDG_CURRENT_DESKTOP', 'ubuntu:GNOME'), ('LC_TELEPHONE', 'zh_CN.UTF-8'), ('RMW_IMPLEMENTATION', 'rmw_cyclonedds_cpp'), ('XMODIFIERS', '@im=ibus'), ('XDG_SESSION_DESKTOP', 'ubuntu'), ('XAUTHORITY', '/run/user/1000/gdm/Xauthority'), ('LS_COLORS', 'rs=0:di=01;34:ln=01;36:mh=00:pi=40;33:so=01;35:do=01;35:bd=40;33;01:cd=40;33;01:or=40;31;01:mi=00:su=37;41:sg=30;43:ca=30;41:tw=30;42:ow=34;42:st=37;44:ex=01;32:*.tar=01;31:*.tgz=01;31:*.arc=01;31:*.arj=01;31:*.taz=01;31:*.lha=01;31:*.lz4=01;31:*.lzh=01;31:*.lzma=01;31:*.tlz=01;31:*.txz=01;31:*.tzo=01;31:*.t7z=01;31:*.zip=01;31:*.z=01;31:*.dz=01;31:*.gz=01;31:*.lrz=01;31:*.lz=01;31:*.lzo=01;31:*.xz=01;31:*.zst=01;31:*.tzst=01;31:*.bz2=01;31:*.bz=01;31:*.tbz=01;31:*.tbz2=01;31:*.tz=01;31:*.deb=01;31:*.rpm=01;31:*.jar=01;31:*.war=01;31:*.ear=01;31:*.sar=01;31:*.rar=01;31:*.alz=01;31:*.ace=01;31:*.zoo=01;31:*.cpio=01;31:*.7z=01;31:*.rz=01;31:*.cab=01;31:*.wim=01;31:*.swm=01;31:*.dwm=01;31:*.esd=01;31:*.jpg=01;35:*.jpeg=01;35:*.mjpg=01;35:*.mjpeg=01;35:*.gif=01;35:*.bmp=01;35:*.pbm=01;35:*.pgm=01;35:*.ppm=01;35:*.tga=01;35:*.xbm=01;35:*.xpm=01;35:*.tif=01;35:*.tiff=01;35:*.png=01;35:*.svg=01;35:*.svgz=01;35:*.mng=01;35:*.pcx=01;35:*.mov=01;35:*.mpg=01;35:*.mpeg=01;35:*.m2v=01;35:*.mkv=01;35:*.webm=01;35:*.ogm=01;35:*.mp4=01;35:*.m4v=01;35:*.mp4v=01;35:*.vob=01;35:*.qt=01;35:*.nuv=01;35:*.wmv=01;35:*.asf=01;35:*.rm=01;35:*.rmvb=01;35:*.flc=01;35:*.avi=01;35:*.fli=01;35:*.flv=01;35:*.gl=01;35:*.dl=01;35:*.xcf=01;35:*.xwd=01;35:*.yuv=01;35:*.cgm=01;35:*.emf=01;35:*.ogv=01;35:*.ogx=01;35:*.aac=00;36:*.au=00;36:*.flac=00;36:*.m4a=00;36:*.mid=00;36:*.midi=00;36:*.mka=00;36:*.mp3=00;36:*.mpc=00;36:*.ogg=00;36:*.ra=00;36:*.wav=00;36:*.oga=00;36:*.opus=00;36:*.spx=00;36:*.xspf=00;36:'), ('GNOME_TERMINAL_SERVICE', ':1.79'), ('SSH_AUTH_SOCK', '/run/user/1000/keyring/ssh'), ('ROS_DOMAIN_ID', '0'), ('AMENT_PREFIX_PATH', '/home/ysc/lite_cog_ros2/nav/install/hdl_global_localization:/home/ysc/lite_cog_ros2/ndt_omp/install/ndt_omp:/home/ysc/lite_cog_ros2/fast_gicp/install/fast_gicp:/opt/ros/foxy'), ('SHELL', '/bin/bash'), ('LC_NAME', 'zh_CN.UTF-8'), ('QT_ACCESSIBILITY', '1'), ('GDMSESSION', 'ubuntu'), ('LESSCLOSE', '/usr/bin/lesspipe %s %s'), ('LC_MEASUREMENT', 'zh_CN.UTF-8'), ('GPG_AGENT_INFO', '/run/user/1000/gnupg/S.gpg-agent:0:1'), ('GJS_DEBUG_OUTPUT', 'stderr'), ('LC_IDENTIFICATION', 'zh_CN.UTF-8'), ('QT_IM_MODULE', 'ibus'), ('PWD', '/home/ysc/lite_cog_ros2/nav/build/hdl_localization'), ('LC_ALL', 'en_US.UTF-8'), ('XDG_CONFIG_DIRS', '/etc/xdg/xdg-ubuntu:/etc/xdg'), ('XDG_DATA_DIRS', '/usr/share/ubuntu:/usr/local/share/:/usr/share/:/var/lib/snapd/desktop'), ('PYTHONPATH', '/home/ysc/lite_cog_ros2/nav/install/hdl_global_localization/lib/python3.8/site-packages:/opt/ros/foxy/lib/python3.8/site-packages'), ('LC_NUMERIC', 'zh_CN.UTF-8'), ('LC_PAPER', 'zh_CN.UTF-8'), ('COLCON', '1'), ('VTE_VERSION', '6003'), ('CMAKE_PREFIX_PATH', '/home/ysc/lite_cog_ros2/nav/install/hdl_global_localization:/home/ysc/lite_cog_ros2/ndt_omp/install/ndt_omp:/home/ysc/lite_cog_ros2/fast_gicp/install/fast_gicp:/opt/ros/foxy')]), 'shell': False}
[271.972225] (-) TimerEvent: {}
[272.073771] (-) TimerEvent: {}
[272.175132] (-) TimerEvent: {}
[272.209676] (hdl_localization) StdoutLine: {'line': b'\x1b[35m\x1b[1mScanning dependencies of target hdl_localization__cpp\x1b[0m\n'}
[272.221513] (hdl_localization) StdoutLine: {'line': b'[  2%] \x1b[34m\x1b[1mGenerating C code for ROS interfaces\x1b[0m\n'}
[272.275283] (-) TimerEvent: {}
[272.289884] (hdl_localization) StdoutLine: {'line': b'[  5%] \x1b[34m\x1b[1mGenerating C++ code for ROS interfaces\x1b[0m\n'}
[272.375539] (-) TimerEvent: {}
[272.476628] (-) TimerEvent: {}
[272.577657] (-) TimerEvent: {}
[272.678588] (-) TimerEvent: {}
[272.779564] (-) TimerEvent: {}
[272.880741] (-) TimerEvent: {}
[272.981870] (-) TimerEvent: {}
[273.082843] (-) TimerEvent: {}
[273.183702] (-) TimerEvent: {}
[273.284767] (-) TimerEvent: {}
[273.386074] (-) TimerEvent: {}
[273.447140] (hdl_localization) StdoutLine: {'line': b'\x1b[35m\x1b[1mScanning dependencies of target hdl_localization__rosidl_generator_c\x1b[0m\n'}
[273.487083] (-) TimerEvent: {}
[273.543351] (hdl_localization) StdoutLine: {'line': b'[  5%] Built target hdl_localization__cpp\n'}
[273.548064] (hdl_localization) StdoutLine: {'line': b'[  8%] \x1b[32mBuilding C object CMakeFiles/hdl_localization__rosidl_generator_c.dir/rosidl_generator_c/hdl_localization/msg/detail/scan_matching_status__functions.c.o\x1b[0m\n'}
[273.584347] (hdl_localization) StderrLine: {'line': b'\x1b[01m\x1b[Kcc1:\x1b[m\x1b[K \x1b[01;35m\x1b[Kwarning: \x1b[m\x1b[Kcommand line option \xe2\x80\x98\x1b[01m\x1b[K-std=c++14\x1b[m\x1b[K\xe2\x80\x99 is valid for C++/ObjC++ but not for C\n'}
[273.586654] (-) TimerEvent: {}
[273.628261] (hdl_localization) StdoutLine: {'line': b'[ 11%] \x1b[34m\x1b[1mGenerating C++ type support dispatch for ROS interfaces\x1b[0m\n'}
[273.630480] (hdl_localization) StdoutLine: {'line': b'[ 14%] \x1b[34m\x1b[1mGenerating C++ type support for eProsima Fast-RTPS\x1b[0m\n'}
[273.637056] (hdl_localization) StdoutLine: {'line': b'[ 17%] \x1b[34m\x1b[1mGenerating C++ introspection for ROS interfaces\x1b[0m\n'}
[273.686969] (-) TimerEvent: {}
[273.788724] (-) TimerEvent: {}
[273.890223] (-) TimerEvent: {}
[273.992017] (-) TimerEvent: {}
[274.093532] (-) TimerEvent: {}
[274.195000] (-) TimerEvent: {}
[274.362464] (-) TimerEvent: {}
[274.465442] (-) TimerEvent: {}
[274.494820] (hdl_localization) StdoutLine: {'line': b'[ 20%] \x1b[32m\x1b[1mLinking C shared library libhdl_localization__rosidl_generator_c.so\x1b[0m\n'}
[274.565706] (-) TimerEvent: {}
[274.666798] (-) TimerEvent: {}
[274.767954] (-) TimerEvent: {}
[274.799365] (hdl_localization) StdoutLine: {'line': b'[ 20%] Built target hdl_localization__rosidl_generator_c\n'}
[274.868478] (-) TimerEvent: {}
[274.892318] (hdl_localization) StdoutLine: {'line': b'\x1b[35m\x1b[1mScanning dependencies of target hdl_localization__rosidl_typesupport_fastrtps_cpp\x1b[0m\n'}
[274.900723] (hdl_localization) StdoutLine: {'line': b'\x1b[35m\x1b[1mScanning dependencies of target hdl_localization__rosidl_typesupport_cpp\x1b[0m\n'}
[274.933364] (hdl_localization) StdoutLine: {'line': b'[ 23%] \x1b[34m\x1b[1mGenerating C introspection for ROS interfaces\x1b[0m\n'}
[274.951604] (hdl_localization) StdoutLine: {'line': b'[ 26%] \x1b[34m\x1b[1mGenerating C type support dispatch for ROS interfaces\x1b[0m\n'}
[274.968786] (-) TimerEvent: {}
[274.995253] (hdl_localization) StdoutLine: {'line': b'\x1b[35m\x1b[1mScanning dependencies of target hdl_localization__rosidl_typesupport_introspection_cpp\x1b[0m\n'}
[275.017466] (hdl_localization) StdoutLine: {'line': b'[ 29%] \x1b[32mBuilding CXX object CMakeFiles/hdl_localization__rosidl_typesupport_cpp.dir/rosidl_typesupport_cpp/hdl_localization/msg/scan_matching_status__type_support.cpp.o\x1b[0m\n'}
[275.069016] (-) TimerEvent: {}
[275.081051] (hdl_localization) StdoutLine: {'line': b'[ 32%] \x1b[32mBuilding CXX object CMakeFiles/hdl_localization__rosidl_typesupport_fastrtps_cpp.dir/rosidl_typesupport_fastrtps_cpp/hdl_localization/msg/detail/dds_fastrtps/scan_matching_status__type_support.cpp.o\x1b[0m\n'}
[275.137759] (hdl_localization) StdoutLine: {'line': b'[ 35%] \x1b[32mBuilding CXX object CMakeFiles/hdl_localization__rosidl_typesupport_introspection_cpp.dir/rosidl_typesupport_introspection_cpp/hdl_localization/msg/detail/scan_matching_status__type_support.cpp.o\x1b[0m\n'}
[275.169272] (-) TimerEvent: {}
[275.270311] (-) TimerEvent: {}
[275.371817] (-) TimerEvent: {}
[275.473452] (-) TimerEvent: {}
[275.574979] (-) TimerEvent: {}
[275.676752] (-) TimerEvent: {}
[275.778285] (-) TimerEvent: {}
[275.879273] (-) TimerEvent: {}
[275.980809] (-) TimerEvent: {}
[276.082395] (-) TimerEvent: {}
[276.132492] (hdl_localization) StdoutLine: {'line': b'\x1b[35m\x1b[1mScanning dependencies of target hdl_localization__rosidl_typesupport_c\x1b[0m\n'}
[276.182670] (-) TimerEvent: {}
[276.284347] (-) TimerEvent: {}
[276.349380] (hdl_localization) StdoutLine: {'line': b'[ 38%] \x1b[32mBuilding CXX object CMakeFiles/hdl_localization__rosidl_typesupport_c.dir/rosidl_typesupport_c/hdl_localization/msg/scan_matching_status__type_support.cpp.o\x1b[0m\n'}
[276.384643] (-) TimerEvent: {}
[276.470995] (hdl_localization) StdoutLine: {'line': b'\x1b[35m\x1b[1mScanning dependencies of target hdl_localization__rosidl_typesupport_introspection_c\x1b[0m\n'}
[276.484934] (-) TimerEvent: {}
[276.586070] (-) TimerEvent: {}
[276.687238] (-) TimerEvent: {}
[276.689262] (hdl_localization) StdoutLine: {'line': b'[ 41%] \x1b[32mBuilding C object CMakeFiles/hdl_localization__rosidl_typesupport_introspection_c.dir/rosidl_typesupport_introspection_c/hdl_localization/msg/detail/scan_matching_status__type_support.c.o\x1b[0m\n'}
[276.708055] (hdl_localization) StdoutLine: {'line': b'[ 44%] \x1b[32m\x1b[1mLinking CXX shared library libhdl_localization__rosidl_typesupport_c.so\x1b[0m\n'}
[276.753811] (hdl_localization) StderrLine: {'line': b'\x1b[01m\x1b[Kcc1:\x1b[m\x1b[K \x1b[01;35m\x1b[Kwarning: \x1b[m\x1b[Kcommand line option \xe2\x80\x98\x1b[01m\x1b[K-std=c++14\x1b[m\x1b[K\xe2\x80\x99 is valid for C++/ObjC++ but not for C\n'}
[276.787546] (-) TimerEvent: {}
[276.889878] (-) TimerEvent: {}
[276.991138] (-) TimerEvent: {}
[277.092526] (-) TimerEvent: {}
[277.193867] (-) TimerEvent: {}
[277.195846] (hdl_localization) StdoutLine: {'line': b'[ 44%] Built target hdl_localization__rosidl_typesupport_c\n'}
[277.220008] (hdl_localization) StdoutLine: {'line': b'[ 47%] \x1b[32m\x1b[1mLinking C shared library libhdl_localization__rosidl_typesupport_introspection_c.so\x1b[0m\n'}
[277.222845] (hdl_localization) StdoutLine: {'line': b'[ 50%] \x1b[32m\x1b[1mLinking CXX shared library libhdl_localization__rosidl_typesupport_cpp.so\x1b[0m\n'}
[277.294147] (-) TimerEvent: {}
[277.395409] (-) TimerEvent: {}
[277.496686] (-) TimerEvent: {}
[277.503078] (hdl_localization) StdoutLine: {'line': b'[ 50%] Built target hdl_localization__rosidl_typesupport_introspection_c\n'}
[277.591538] (hdl_localization) StdoutLine: {'line': b'[ 50%] Built target hdl_localization__rosidl_typesupport_cpp\n'}
[277.596896] (-) TimerEvent: {}
[277.697979] (-) TimerEvent: {}
[277.799135] (-) TimerEvent: {}
[277.901215] (-) TimerEvent: {}
[278.002429] (-) TimerEvent: {}
[278.103514] (-) TimerEvent: {}
[278.204637] (-) TimerEvent: {}
[278.296933] (hdl_localization) StdoutLine: {'line': b'[ 52%] \x1b[32m\x1b[1mLinking CXX shared library libhdl_localization__rosidl_typesupport_introspection_cpp.so\x1b[0m\n'}
[278.304902] (-) TimerEvent: {}
[278.405914] (-) TimerEvent: {}
[278.507116] (-) TimerEvent: {}
[278.608226] (-) TimerEvent: {}
[278.672121] (hdl_localization) StdoutLine: {'line': b'[ 52%] Built target hdl_localization__rosidl_typesupport_introspection_cpp\n'}
[278.708420] (-) TimerEvent: {}
[278.809525] (-) TimerEvent: {}
[278.911239] (-) TimerEvent: {}
[279.012638] (-) TimerEvent: {}
[279.031254] (hdl_localization) StdoutLine: {'line': b'[ 55%] \x1b[32m\x1b[1mLinking CXX shared library libhdl_localization__rosidl_typesupport_fastrtps_cpp.so\x1b[0m\n'}
[279.112866] (-) TimerEvent: {}
[279.348382] (-) TimerEvent: {}
[279.449440] (-) TimerEvent: {}
[279.550395] (-) TimerEvent: {}
[279.636965] (hdl_localization) StdoutLine: {'line': b'[ 55%] Built target hdl_localization__rosidl_typesupport_fastrtps_cpp\n'}
[279.650617] (-) TimerEvent: {}
[279.714028] (hdl_localization) StdoutLine: {'line': b'[ 58%] \x1b[34m\x1b[1mGenerating C type support for eProsima Fast-RTPS\x1b[0m\n'}
[279.751826] (-) TimerEvent: {}
[279.854868] (-) TimerEvent: {}
[279.955901] (-) TimerEvent: {}
[280.057546] (-) TimerEvent: {}
[280.158862] (-) TimerEvent: {}
[280.261563] (-) TimerEvent: {}
[280.362560] (-) TimerEvent: {}
[280.463504] (-) TimerEvent: {}
[280.564543] (-) TimerEvent: {}
[280.666146] (-) TimerEvent: {}
[280.767130] (-) TimerEvent: {}
[280.859591] (hdl_localization) StdoutLine: {'line': b'\x1b[35m\x1b[1mScanning dependencies of target hdl_localization__rosidl_typesupport_fastrtps_c\x1b[0m\n'}
[280.867325] (-) TimerEvent: {}
[280.968387] (-) TimerEvent: {}
[280.989152] (hdl_localization) StdoutLine: {'line': b'[ 61%] \x1b[32mBuilding CXX object CMakeFiles/hdl_localization__rosidl_typesupport_fastrtps_c.dir/rosidl_typesupport_fastrtps_c/hdl_localization/msg/detail/scan_matching_status__type_support_c.cpp.o\x1b[0m\n'}
[281.068670] (-) TimerEvent: {}
[281.170047] (-) TimerEvent: {}
[281.271151] (-) TimerEvent: {}
[281.372391] (-) TimerEvent: {}
[281.473502] (-) TimerEvent: {}
[281.574518] (-) TimerEvent: {}
[281.675810] (-) TimerEvent: {}
[281.776973] (-) TimerEvent: {}
[281.878056] (-) TimerEvent: {}
[281.979138] (-) TimerEvent: {}
[282.080314] (-) TimerEvent: {}
[282.181440] (-) TimerEvent: {}
[282.282527] (-) TimerEvent: {}
[282.383607] (-) TimerEvent: {}
[282.484764] (-) TimerEvent: {}
[282.585840] (-) TimerEvent: {}
[282.686911] (-) TimerEvent: {}
[282.787952] (-) TimerEvent: {}
[282.889236] (-) TimerEvent: {}
[282.990277] (-) TimerEvent: {}
[283.091435] (-) TimerEvent: {}
[283.192992] (-) TimerEvent: {}
[283.216707] (hdl_localization) StdoutLine: {'line': b'[ 64%] \x1b[32m\x1b[1mLinking CXX shared library libhdl_localization__rosidl_typesupport_fastrtps_c.so\x1b[0m\n'}
[283.293252] (-) TimerEvent: {}
[283.394339] (-) TimerEvent: {}
[283.495431] (-) TimerEvent: {}
[283.596632] (-) TimerEvent: {}
[283.697775] (-) TimerEvent: {}
[283.711214] (hdl_localization) StdoutLine: {'line': b'[ 64%] Built target hdl_localization__rosidl_typesupport_fastrtps_c\n'}
[283.782397] (hdl_localization) StdoutLine: {'line': b'\x1b[35m\x1b[1mScanning dependencies of target hdl_localization\x1b[0m\n'}
[283.798133] (-) TimerEvent: {}
[283.853332] (hdl_localization) StdoutLine: {'line': b'[ 64%] Built target hdl_localization\n'}
[283.898407] (-) TimerEvent: {}
[283.919523] (hdl_localization) StdoutLine: {'line': b'\x1b[35m\x1b[1mScanning dependencies of target hdl_localization__py\x1b[0m\n'}
[283.924690] (hdl_localization) StdoutLine: {'line': b'\x1b[35m\x1b[1mScanning dependencies of target hdl_localization_composition\x1b[0m\n'}
[283.996642] (hdl_localization) StdoutLine: {'line': b'[ 67%] \x1b[34m\x1b[1mGenerating Python code for ROS interfaces\x1b[0m\n'}
[283.998533] (-) TimerEvent: {}
[284.099756] (-) TimerEvent: {}
[284.202925] (-) TimerEvent: {}
[284.304312] (-) TimerEvent: {}
[284.405466] (-) TimerEvent: {}
[284.507649] (-) TimerEvent: {}
[284.609098] (-) TimerEvent: {}
[284.710190] (-) TimerEvent: {}
[284.812849] (-) TimerEvent: {}
[284.829583] (hdl_localization) StdoutLine: {'line': b'[ 70%] \x1b[32mBuilding CXX object CMakeFiles/hdl_localization_composition.dir/src/hdl_localization/pose_estimator.cpp.o\x1b[0m\n'}
[284.867364] (hdl_localization) StdoutLine: {'line': b'[ 73%] \x1b[32mBuilding CXX object CMakeFiles/hdl_localization_composition.dir/apps/hdl_localization_composition.cpp.o\x1b[0m\n'}
[284.913160] (-) TimerEvent: {}
[285.014434] (-) TimerEvent: {}
[285.116084] (-) TimerEvent: {}
[285.217598] (-) TimerEvent: {}
[285.318612] (-) TimerEvent: {}
[285.419643] (-) TimerEvent: {}
[285.522635] (-) TimerEvent: {}
[285.624033] (-) TimerEvent: {}
[285.726527] (-) TimerEvent: {}
[285.827687] (-) TimerEvent: {}
[285.929531] (-) TimerEvent: {}
[285.995825] (hdl_localization) StdoutLine: {'line': b'[ 73%] Built target hdl_localization__py\n'}
[286.029828] (-) TimerEvent: {}
[286.087758] (hdl_localization) StdoutLine: {'line': b'\x1b[35m\x1b[1mScanning dependencies of target hdl_localization__python\x1b[0m\n'}
[286.130126] (-) TimerEvent: {}
[286.232448] (-) TimerEvent: {}
[286.244351] (hdl_localization) StdoutLine: {'line': b'[ 76%] \x1b[32mBuilding C object CMakeFiles/hdl_localization__python.dir/rosidl_generator_py/hdl_localization/msg/_scan_matching_status_s.c.o\x1b[0m\n'}
[286.289542] (hdl_localization) StderrLine: {'line': b'\x1b[01m\x1b[Kcc1:\x1b[m\x1b[K \x1b[01;35m\x1b[Kwarning: \x1b[m\x1b[Kcommand line option \xe2\x80\x98\x1b[01m\x1b[K-std=c++14\x1b[m\x1b[K\xe2\x80\x99 is valid for C++/ObjC++ but not for C\n'}
[286.332757] (-) TimerEvent: {}
[286.433802] (-) TimerEvent: {}
[286.534916] (-) TimerEvent: {}
[286.637217] (-) TimerEvent: {}
[286.738298] (-) TimerEvent: {}
[286.840878] (-) TimerEvent: {}
[286.942758] (-) TimerEvent: {}
[287.044453] (-) TimerEvent: {}
[287.145440] (-) TimerEvent: {}
[287.247164] (-) TimerEvent: {}
[287.351539] (-) TimerEvent: {}
[287.469681] (-) TimerEvent: {}
[287.489885] (hdl_localization) StdoutLine: {'line': b'[ 79%] \x1b[32m\x1b[1mLinking C shared library rosidl_generator_py/hdl_localization/libhdl_localization__python.so\x1b[0m\n'}
[287.569982] (-) TimerEvent: {}
[287.671805] (-) TimerEvent: {}
[287.774935] (-) TimerEvent: {}
[287.832419] (hdl_localization) StdoutLine: {'line': b'[ 79%] Built target hdl_localization__python\n'}
[287.875238] (-) TimerEvent: {}
[287.913491] (hdl_localization) StdoutLine: {'line': b'\x1b[35m\x1b[1mScanning dependencies of target hdl_localization__rosidl_typesupport_fastrtps_c__pyext\x1b[0m\n'}
[287.922186] (hdl_localization) StdoutLine: {'line': b'\x1b[35m\x1b[1mScanning dependencies of target hdl_localization__rosidl_typesupport_introspection_c__pyext\x1b[0m\n'}
[287.928245] (hdl_localization) StdoutLine: {'line': b'\x1b[35m\x1b[1mScanning dependencies of target hdl_localization__rosidl_typesupport_c__pyext\x1b[0m\n'}
[287.975472] (-) TimerEvent: {}
[288.076649] (-) TimerEvent: {}
[288.129185] (hdl_localization) StdoutLine: {'line': b'[ 82%] \x1b[32mBuilding C object CMakeFiles/hdl_localization__rosidl_typesupport_fastrtps_c__pyext.dir/rosidl_generator_py/hdl_localization/_hdl_localization_s.ep.rosidl_typesupport_fastrtps_c.c.o\x1b[0m\n'}
[288.132578] (hdl_localization) StdoutLine: {'line': b'[ 85%] \x1b[32mBuilding C object CMakeFiles/hdl_localization__rosidl_typesupport_introspection_c__pyext.dir/rosidl_generator_py/hdl_localization/_hdl_localization_s.ep.rosidl_typesupport_introspection_c.c.o\x1b[0m\n'}
[288.165111] (hdl_localization) StderrLine: {'line': b'\x1b[01m\x1b[Kcc1:\x1b[m\x1b[K \x1b[01;35m\x1b[Kwarning: \x1b[m\x1b[Kcommand line option \xe2\x80\x98\x1b[01m\x1b[K-std=c++14\x1b[m\x1b[K\xe2\x80\x99 is valid for C++/ObjC++ but not for C\n'}
[288.177458] (-) TimerEvent: {}
[288.179598] (hdl_localization) StdoutLine: {'line': b'[ 88%] \x1b[32mBuilding C object CMakeFiles/hdl_localization__rosidl_typesupport_c__pyext.dir/rosidl_generator_py/hdl_localization/_hdl_localization_s.ep.rosidl_typesupport_c.c.o\x1b[0m\n'}
[288.181667] (hdl_localization) StderrLine: {'line': b'\x1b[01m\x1b[Kcc1:\x1b[m\x1b[K \x1b[01;35m\x1b[Kwarning: \x1b[m\x1b[Kcommand line option \xe2\x80\x98\x1b[01m\x1b[K-std=c++14\x1b[m\x1b[K\xe2\x80\x99 is valid for C++/ObjC++ but not for C\n'}
[288.226806] (hdl_localization) StderrLine: {'line': b'\x1b[01m\x1b[Kcc1:\x1b[m\x1b[K \x1b[01;35m\x1b[Kwarning: \x1b[m\x1b[Kcommand line option \xe2\x80\x98\x1b[01m\x1b[K-std=c++14\x1b[m\x1b[K\xe2\x80\x99 is valid for C++/ObjC++ but not for C\n'}
[288.277618] (-) TimerEvent: {}
[288.378836] (-) TimerEvent: {}
[288.479959] (-) TimerEvent: {}
[288.581182] (-) TimerEvent: {}
[288.682438] (-) TimerEvent: {}
[288.783720] (-) TimerEvent: {}
[288.887499] (-) TimerEvent: {}
[288.989446] (-) TimerEvent: {}
[289.052335] (hdl_localization) StdoutLine: {'line': b'[ 91%] \x1b[32m\x1b[1mLinking C shared library rosidl_generator_py/hdl_localization/hdl_localization_s__rosidl_typesupport_introspection_c.cpython-38-aarch64-linux-gnu.so\x1b[0m\n'}
[289.089693] (-) TimerEvent: {}
[289.098013] (hdl_localization) StdoutLine: {'line': b'[ 94%] \x1b[32m\x1b[1mLinking C shared library rosidl_generator_py/hdl_localization/hdl_localization_s__rosidl_typesupport_c.cpython-38-aarch64-linux-gnu.so\x1b[0m\n'}
[289.106103] (hdl_localization) StdoutLine: {'line': b'[ 97%] \x1b[32m\x1b[1mLinking CXX shared library rosidl_generator_py/hdl_localization/hdl_localization_s__rosidl_typesupport_fastrtps_c.cpython-38-aarch64-linux-gnu.so\x1b[0m\n'}
[289.189971] (-) TimerEvent: {}
[289.389355] (-) TimerEvent: {}
[289.490419] (-) TimerEvent: {}
[289.575577] (hdl_localization) StdoutLine: {'line': b'[ 97%] Built target hdl_localization__rosidl_typesupport_c__pyext\n'}
[289.590750] (-) TimerEvent: {}
[289.693729] (-) TimerEvent: {}
[289.746872] (hdl_localization) StdoutLine: {'line': b'[ 97%] Built target hdl_localization__rosidl_typesupport_introspection_c__pyext\n'}
[289.792254] (-) TimerEvent: {}
[289.842103] (hdl_localization) StdoutLine: {'line': b'[ 97%] Built target hdl_localization__rosidl_typesupport_fastrtps_c__pyext\n'}
[289.892413] (-) TimerEvent: {}
[289.994580] (-) TimerEvent: {}
[290.095952] (-) TimerEvent: {}
[290.199396] (-) TimerEvent: {}
[290.305444] (-) TimerEvent: {}
[290.406862] (-) TimerEvent: {}
[290.509834] (-) TimerEvent: {}
[290.611135] (-) TimerEvent: {}
[290.712398] (-) TimerEvent: {}
[290.813560] (-) TimerEvent: {}
[290.914834] (-) TimerEvent: {}
[291.017665] (-) TimerEvent: {}
[291.118640] (-) TimerEvent: {}
[291.219552] (-) TimerEvent: {}
[291.320644] (-) TimerEvent: {}
[291.421750] (-) TimerEvent: {}
[291.522704] (-) TimerEvent: {}
[291.623734] (-) TimerEvent: {}
[291.724789] (-) TimerEvent: {}
[291.825835] (-) TimerEvent: {}
[291.927332] (-) TimerEvent: {}
[292.028726] (-) TimerEvent: {}
[292.131814] (-) TimerEvent: {}
[292.233010] (-) TimerEvent: {}
[292.334059] (-) TimerEvent: {}
[292.435099] (-) TimerEvent: {}
[292.536399] (-) TimerEvent: {}
[292.637784] (-) TimerEvent: {}
[292.738786] (-) TimerEvent: {}
[292.839814] (-) TimerEvent: {}
[292.941621] (-) TimerEvent: {}
[293.042671] (-) TimerEvent: {}
[293.143716] (-) TimerEvent: {}
[293.244789] (-) TimerEvent: {}
[293.345794] (-) TimerEvent: {}
[293.446859] (-) TimerEvent: {}
[293.548372] (-) TimerEvent: {}
[293.650248] (-) TimerEvent: {}
[293.751445] (-) TimerEvent: {}
[293.852564] (-) TimerEvent: {}
[293.953640] (-) TimerEvent: {}
[294.054701] (-) TimerEvent: {}
[294.155783] (-) TimerEvent: {}
[294.257163] (-) TimerEvent: {}
[294.507937] (-) TimerEvent: {}
[294.609210] (-) TimerEvent: {}
[294.710512] (-) TimerEvent: {}
[294.811598] (-) TimerEvent: {}
[294.913678] (-) TimerEvent: {}
[295.015358] (-) TimerEvent: {}
[295.116957] (-) TimerEvent: {}
[295.218202] (-) TimerEvent: {}
[295.319357] (-) TimerEvent: {}
[295.420543] (-) TimerEvent: {}
[295.521866] (-) TimerEvent: {}
[295.623659] (-) TimerEvent: {}
[295.726247] (-) TimerEvent: {}
[295.827537] (-) TimerEvent: {}
[295.928956] (-) TimerEvent: {}
[296.030905] (-) TimerEvent: {}
[296.132861] (-) TimerEvent: {}
[296.234881] (-) TimerEvent: {}
[296.336127] (-) TimerEvent: {}
[296.437663] (-) TimerEvent: {}
[296.538758] (-) TimerEvent: {}
[296.640020] (-) TimerEvent: {}
[296.741276] (-) TimerEvent: {}
[296.842766] (-) TimerEvent: {}
[296.943971] (-) TimerEvent: {}
[297.045217] (-) TimerEvent: {}
[297.146385] (-) TimerEvent: {}
[297.248316] (-) TimerEvent: {}
[297.349563] (-) TimerEvent: {}
[297.453790] (-) TimerEvent: {}
[297.555036] (-) TimerEvent: {}
[297.656902] (-) TimerEvent: {}
[297.758017] (-) TimerEvent: {}
[297.859230] (-) TimerEvent: {}
[297.960457] (-) TimerEvent: {}
[298.061645] (-) TimerEvent: {}
[298.162721] (-) TimerEvent: {}
[298.263846] (-) TimerEvent: {}
[298.365158] (-) TimerEvent: {}
[298.466299] (-) TimerEvent: {}
[298.567486] (-) TimerEvent: {}
[298.668768] (-) TimerEvent: {}
[298.769938] (-) TimerEvent: {}
[298.871848] (-) TimerEvent: {}
[298.974464] (-) TimerEvent: {}
[299.075642] (-) TimerEvent: {}
[299.177040] (-) TimerEvent: {}
[299.278196] (-) TimerEvent: {}
[299.379482] (-) TimerEvent: {}
[299.524020] (-) TimerEvent: {}
[299.628345] (-) TimerEvent: {}
[299.729470] (-) TimerEvent: {}
[299.830877] (-) TimerEvent: {}
[299.933602] (-) TimerEvent: {}
[300.034691] (-) TimerEvent: {}
[300.135741] (-) TimerEvent: {}
[300.237114] (-) TimerEvent: {}
[300.338093] (-) TimerEvent: {}
[300.439190] (-) TimerEvent: {}
[300.540333] (-) TimerEvent: {}
[300.641460] (-) TimerEvent: {}
[300.742641] (-) TimerEvent: {}
[300.843687] (-) TimerEvent: {}
[300.944867] (-) TimerEvent: {}
[301.045987] (-) TimerEvent: {}
[301.147092] (-) TimerEvent: {}
[301.248245] (-) TimerEvent: {}
[301.349360] (-) TimerEvent: {}
[301.450479] (-) TimerEvent: {}
[301.551617] (-) TimerEvent: {}
[301.652747] (-) TimerEvent: {}
[301.753893] (-) TimerEvent: {}
[301.854974] (-) TimerEvent: {}
[301.956011] (-) TimerEvent: {}
[302.057145] (-) TimerEvent: {}
[302.158186] (-) TimerEvent: {}
[302.259275] (-) TimerEvent: {}
[302.360400] (-) TimerEvent: {}
[302.461457] (-) TimerEvent: {}
[302.562554] (-) TimerEvent: {}
[302.663532] (-) TimerEvent: {}
[302.764671] (-) TimerEvent: {}
[302.865770] (-) TimerEvent: {}
[302.966891] (-) TimerEvent: {}
[303.067944] (-) TimerEvent: {}
[303.169037] (-) TimerEvent: {}
[303.270004] (-) TimerEvent: {}
[303.371737] (-) TimerEvent: {}
[303.473004] (-) TimerEvent: {}
[303.574073] (-) TimerEvent: {}
[303.675155] (-) TimerEvent: {}
[303.776437] (-) TimerEvent: {}
[303.877485] (-) TimerEvent: {}
[303.978667] (-) TimerEvent: {}
[304.079789] (-) TimerEvent: {}
[304.180954] (-) TimerEvent: {}
[304.282070] (-) TimerEvent: {}
[304.383136] (-) TimerEvent: {}
[304.484459] (-) TimerEvent: {}
[304.633634] (-) TimerEvent: {}
[304.734728] (-) TimerEvent: {}
[304.835778] (-) TimerEvent: {}
[304.936945] (-) TimerEvent: {}
[305.038042] (-) TimerEvent: {}
[305.139186] (-) TimerEvent: {}
[305.240447] (-) TimerEvent: {}
[305.341644] (-) TimerEvent: {}
[305.442688] (-) TimerEvent: {}
[305.543692] (-) TimerEvent: {}
[305.644865] (-) TimerEvent: {}
[305.745962] (-) TimerEvent: {}
[305.846940] (-) TimerEvent: {}
[305.947983] (-) TimerEvent: {}
[306.049031] (-) TimerEvent: {}
[306.151618] (-) TimerEvent: {}
[306.252842] (-) TimerEvent: {}
[306.353939] (-) TimerEvent: {}
[306.455068] (-) TimerEvent: {}
[306.556114] (-) TimerEvent: {}
[306.657363] (-) TimerEvent: {}
[306.758565] (-) TimerEvent: {}
[306.859760] (-) TimerEvent: {}
[306.961105] (-) TimerEvent: {}
[307.062261] (-) TimerEvent: {}
[307.163371] (-) TimerEvent: {}
[307.264617] (-) TimerEvent: {}
[307.365710] (-) TimerEvent: {}
[307.466773] (-) TimerEvent: {}
[307.567895] (-) TimerEvent: {}
[307.669081] (-) TimerEvent: {}
[307.770194] (-) TimerEvent: {}
[307.871316] (-) TimerEvent: {}
[307.972393] (-) TimerEvent: {}
[308.073394] (-) TimerEvent: {}
[308.174517] (-) TimerEvent: {}
[308.275607] (-) TimerEvent: {}
[308.376701] (-) TimerEvent: {}
[308.477698] (-) TimerEvent: {}
[308.578784] (-) TimerEvent: {}
[308.679867] (-) TimerEvent: {}
[308.781081] (-) TimerEvent: {}
[308.882219] (-) TimerEvent: {}
[308.983292] (-) TimerEvent: {}
[309.084420] (-) TimerEvent: {}
[309.185555] (-) TimerEvent: {}
[309.286808] (-) TimerEvent: {}
[309.387851] (-) TimerEvent: {}
[309.489032] (-) TimerEvent: {}
[309.675146] (-) TimerEvent: {}
[309.776323] (-) TimerEvent: {}
[309.877451] (-) TimerEvent: {}
[309.978494] (-) TimerEvent: {}
[310.079528] (-) TimerEvent: {}
[310.181551] (-) TimerEvent: {}
[310.282601] (-) TimerEvent: {}
[310.383737] (-) TimerEvent: {}
[310.484916] (-) TimerEvent: {}
[310.586309] (-) TimerEvent: {}
[310.687489] (-) TimerEvent: {}
[310.788798] (-) TimerEvent: {}
[310.889933] (-) TimerEvent: {}
[310.991727] (-) TimerEvent: {}
[311.093178] (-) TimerEvent: {}
[311.194366] (-) TimerEvent: {}
[311.295577] (-) TimerEvent: {}
[311.397076] (-) TimerEvent: {}
[311.498322] (-) TimerEvent: {}
[311.599578] (-) TimerEvent: {}
[311.700996] (-) TimerEvent: {}
[311.802275] (-) TimerEvent: {}
[311.903371] (-) TimerEvent: {}
[312.004438] (-) TimerEvent: {}
[312.105752] (-) TimerEvent: {}
[312.207143] (-) TimerEvent: {}
[312.308475] (-) TimerEvent: {}
[312.409579] (-) TimerEvent: {}
[312.510814] (-) TimerEvent: {}
[312.612079] (-) TimerEvent: {}
[312.713483] (-) TimerEvent: {}
[312.814598] (-) TimerEvent: {}
[312.915817] (-) TimerEvent: {}
[313.017084] (-) TimerEvent: {}
[313.118366] (-) TimerEvent: {}
[313.219582] (-) TimerEvent: {}
[313.321047] (-) TimerEvent: {}
[313.422242] (-) TimerEvent: {}
[313.523474] (-) TimerEvent: {}
[313.624704] (-) TimerEvent: {}
[313.725951] (-) TimerEvent: {}
[313.827200] (-) TimerEvent: {}
[313.928435] (-) TimerEvent: {}
[314.030148] (-) TimerEvent: {}
[314.131383] (-) TimerEvent: {}
[314.232721] (-) TimerEvent: {}
[314.333975] (-) TimerEvent: {}
[314.435180] (-) TimerEvent: {}
[314.537121] (-) TimerEvent: {}
[314.638334] (-) TimerEvent: {}
[314.782471] (-) TimerEvent: {}
[314.883650] (-) TimerEvent: {}
[314.984835] (-) TimerEvent: {}
[315.086610] (-) TimerEvent: {}
[315.187826] (-) TimerEvent: {}
[315.288973] (-) TimerEvent: {}
[315.390134] (-) TimerEvent: {}
[315.491322] (-) TimerEvent: {}
[315.592473] (-) TimerEvent: {}
[315.693849] (-) TimerEvent: {}
[315.794979] (-) TimerEvent: {}
[315.896385] (-) TimerEvent: {}
[315.997438] (-) TimerEvent: {}
[316.098561] (-) TimerEvent: {}
[316.199702] (-) TimerEvent: {}
[316.300899] (-) TimerEvent: {}
[316.402050] (-) TimerEvent: {}
[316.503246] (-) TimerEvent: {}
[316.604704] (-) TimerEvent: {}
[316.706192] (-) TimerEvent: {}
[316.807411] (-) TimerEvent: {}
[316.908813] (-) TimerEvent: {}
[317.009825] (-) TimerEvent: {}
[317.111264] (-) TimerEvent: {}
[317.212738] (-) TimerEvent: {}
[317.313725] (-) TimerEvent: {}
[317.414822] (-) TimerEvent: {}
[317.515878] (-) TimerEvent: {}
[317.617070] (-) TimerEvent: {}
[317.718120] (-) TimerEvent: {}
[317.736603] (hdl_localization) StderrLine: {'line': b'In file included from \x1b[01m\x1b[K/home/ysc/lite_cog_ros2/nav/src/hdl_localization/apps/hdl_localization_composition.cpp:2\x1b[m\x1b[K:\n'}
[317.737674] (hdl_localization) StderrLine: {'line': b'\x1b[01m\x1b[K/home/ysc/lite_cog_ros2/nav/src/hdl_localization/apps/./hdl_localization_app.hpp:\x1b[m\x1b[K In member function \xe2\x80\x98\x1b[01m\x1b[Kbool hdl_localization::HdlLocalizationApp::GetClosestImuData(const rclcpp::Time&, sensor_msgs::msg::Imu_<std::allocator<void> >::SharedPtr&)\x1b[m\x1b[K\xe2\x80\x99:\n'}
[317.738334] (hdl_localization) StderrLine: {'line': b'\x1b[01m\x1b[K/home/ysc/lite_cog_ros2/nav/src/hdl_localization/apps/./hdl_localization_app.hpp:372:26:\x1b[m\x1b[K \x1b[01;35m\x1b[Kwarning: \x1b[m\x1b[Kcomparison of integer expressions of different signedness: \xe2\x80\x98\x1b[01m\x1b[Kint\x1b[m\x1b[K\xe2\x80\x99 and \xe2\x80\x98\x1b[01m\x1b[Kstd::deque<std::shared_ptr<sensor_msgs::msg::Imu_<std::allocator<void> > > >::size_type\x1b[m\x1b[K\xe2\x80\x99 {aka \xe2\x80\x98\x1b[01m\x1b[Klong unsigned int\x1b[m\x1b[K\xe2\x80\x99} [\x1b[01;35m\x1b[K-Wsign-compare\x1b[m\x1b[K]\n'}
[317.739236] (hdl_localization) StderrLine: {'line': b'  372 |         for(int i = 0; \x1b[01;35m\x1b[Ki < imu_data_buffer_.size()\x1b[m\x1b[K; i++){\n'}
[317.739743] (hdl_localization) StderrLine: {'line': b'      |                        \x1b[01;35m\x1b[K~~^~~~~~~~~~~~~~~~~~~~~~~~~\x1b[m\x1b[K\n'}
[317.818408] (-) TimerEvent: {}
[317.919597] (-) TimerEvent: {}
[318.021028] (-) TimerEvent: {}
[318.042873] (hdl_localization) StderrLine: {'line': b'\x1b[01m\x1b[K/home/ysc/lite_cog_ros2/nav/src/hdl_localization/apps/./hdl_localization_app.hpp:\x1b[m\x1b[K In member function \xe2\x80\x98\x1b[01m\x1b[Kbool hdl_localization::HdlLocalizationApp::Relocalize(std::shared_ptr<rmw_request_id_t>, std::shared_ptr<std_srvs::srv::Empty_Request_<std::allocator<void> > >, std::shared_ptr<std_srvs::srv::Empty_Response_<std::allocator<void> > >)\x1b[m\x1b[K\xe2\x80\x99:\n'}
[318.043950] (hdl_localization) StderrLine: {'line': b'\x1b[01m\x1b[K/home/ysc/lite_cog_ros2/nav/src/hdl_localization/apps/./hdl_localization_app.hpp:566:56:\x1b[m\x1b[K \x1b[01;35m\x1b[Kwarning: \x1b[m\x1b[Kunused parameter \xe2\x80\x98\x1b[01m\x1b[Kreq\x1b[m\x1b[K\xe2\x80\x99 [\x1b[01;35m\x1b[K-Wunused-parameter\x1b[m\x1b[K]\n'}
[318.044627] (hdl_localization) StderrLine: {'line': b'  566 |         \x1b[01;35m\x1b[Kstd::shared_ptr<std_srvs::srv::Empty::Request> req\x1b[m\x1b[K,\n'}
[318.045216] (hdl_localization) StderrLine: {'line': b'      |         \x1b[01;35m\x1b[K~~~~~~~~~~~~~~~~~~~~~~~~~~~~~~~~~~~~~~~~~~~~~~~^~~\x1b[m\x1b[K\n'}
[318.045890] (hdl_localization) StderrLine: {'line': b'\x1b[01m\x1b[K/home/ysc/lite_cog_ros2/nav/src/hdl_localization/apps/./hdl_localization_app.hpp:567:57:\x1b[m\x1b[K \x1b[01;35m\x1b[Kwarning: \x1b[m\x1b[Kunused parameter \xe2\x80\x98\x1b[01m\x1b[Kres\x1b[m\x1b[K\xe2\x80\x99 [\x1b[01;35m\x1b[K-Wunused-parameter\x1b[m\x1b[K]\n'}
[318.046519] (hdl_localization) StderrLine: {'line': b'  567 |         \x1b[01;35m\x1b[Kstd::shared_ptr<std_srvs::srv::Empty::Response> res\x1b[m\x1b[K)\n'}
[318.047003] (hdl_localization) StderrLine: {'line': b'      |         \x1b[01;35m\x1b[K~~~~~~~~~~~~~~~~~~~~~~~~~~~~~~~~~~~~~~~~~~~~~~~~^~~\x1b[m\x1b[K\n'}
[318.121266] (-) TimerEvent: {}
[318.222583] (-) TimerEvent: {}
[318.304677] (hdl_localization) StderrLine: {'line': b'\x1b[01m\x1b[K/home/ysc/lite_cog_ros2/nav/src/hdl_localization/apps/./hdl_localization_app.hpp:\x1b[m\x1b[K In member function \xe2\x80\x98\x1b[01m\x1b[Kvoid hdl_localization::HdlLocalizationApp::TimerCallback()\x1b[m\x1b[K\xe2\x80\x99:\n'}
[318.305613] (hdl_localization) StderrLine: {'line': b'\x1b[01m\x1b[K/home/ysc/lite_cog_ros2/nav/src/hdl_localization/apps/./hdl_localization_app.hpp:809:27:\x1b[m\x1b[K \x1b[01;35m\x1b[Kwarning: \x1b[m\x1b[Kcomparison of integer expressions of different signedness: \xe2\x80\x98\x1b[01m\x1b[Kint\x1b[m\x1b[K\xe2\x80\x99 and \xe2\x80\x98\x1b[01m\x1b[Kstd::deque<double>::size_type\x1b[m\x1b[K\xe2\x80\x99 {aka \xe2\x80\x98\x1b[01m\x1b[Klong unsigned int\x1b[m\x1b[K\xe2\x80\x99} [\x1b[01;35m\x1b[K-Wsign-compare\x1b[m\x1b[K]\n'}
[318.306665] (hdl_localization) StderrLine: {'line': b'  809 |             for(int i=0; \x1b[01;35m\x1b[Ki<ms_deque_.size()\x1b[m\x1b[K; i++){\n'}
[318.307251] (hdl_localization) StderrLine: {'line': b'      |                          \x1b[01;35m\x1b[K~^~~~~~~~~~~~~~~~~\x1b[m\x1b[K\n'}
[318.323025] (-) TimerEvent: {}
[318.425748] (-) TimerEvent: {}
[318.527247] (-) TimerEvent: {}
[318.628670] (-) TimerEvent: {}
[318.729933] (-) TimerEvent: {}
[318.831508] (-) TimerEvent: {}
[318.933258] (-) TimerEvent: {}
[319.034540] (-) TimerEvent: {}
[319.135936] (-) TimerEvent: {}
[319.237231] (-) TimerEvent: {}
[319.338619] (-) TimerEvent: {}
[319.439787] (-) TimerEvent: {}
[319.541146] (-) TimerEvent: {}
[319.642299] (-) TimerEvent: {}
[319.744071] (-) TimerEvent: {}
[319.845475] (-) TimerEvent: {}
[319.946725] (-) TimerEvent: {}
[320.047885] (-) TimerEvent: {}
[320.149345] (-) TimerEvent: {}
[320.250721] (-) TimerEvent: {}
[320.351860] (-) TimerEvent: {}
[320.453190] (-) TimerEvent: {}
[320.555037] (-) TimerEvent: {}
[320.656350] (-) TimerEvent: {}
[320.757595] (-) TimerEvent: {}
[320.858869] (-) TimerEvent: {}
[320.960346] (-) TimerEvent: {}
[321.061710] (-) TimerEvent: {}
[321.162901] (-) TimerEvent: {}
[321.264343] (-) TimerEvent: {}
[321.365754] (-) TimerEvent: {}
[321.467090] (-) TimerEvent: {}
[321.568441] (-) TimerEvent: {}
[321.669803] (-) TimerEvent: {}
[321.771488] (-) TimerEvent: {}
[321.872560] (-) TimerEvent: {}
[321.973632] (-) TimerEvent: {}
[322.075184] (-) TimerEvent: {}
[322.176364] (-) TimerEvent: {}
[322.277411] (-) TimerEvent: {}
[322.378522] (-) TimerEvent: {}
[322.479593] (-) TimerEvent: {}
[322.580785] (-) TimerEvent: {}
[322.681898] (-) TimerEvent: {}
[322.783062] (-) TimerEvent: {}
[322.885264] (-) TimerEvent: {}
[322.986852] (-) TimerEvent: {}
[323.088037] (-) TimerEvent: {}
[323.189466] (-) TimerEvent: {}
[323.290818] (-) TimerEvent: {}
[323.392052] (-) TimerEvent: {}
[323.493339] (-) TimerEvent: {}
[323.594985] (-) TimerEvent: {}
[323.696848] (-) TimerEvent: {}
[323.798287] (-) TimerEvent: {}
[323.899661] (-) TimerEvent: {}
[324.001204] (-) TimerEvent: {}
[324.102359] (-) TimerEvent: {}
[324.203561] (-) TimerEvent: {}
[324.306162] (-) TimerEvent: {}
[324.407425] (-) TimerEvent: {}
[324.509578] (-) TimerEvent: {}
[324.610805] (-) TimerEvent: {}
[324.712033] (-) TimerEvent: {}
[324.813277] (-) TimerEvent: {}
[324.953940] (-) TimerEvent: {}
[325.055106] (-) TimerEvent: {}
[325.156276] (-) TimerEvent: {}
[325.257341] (-) TimerEvent: {}
[325.358536] (-) TimerEvent: {}
[325.459684] (-) TimerEvent: {}
[325.560832] (-) TimerEvent: {}
[325.661882] (-) TimerEvent: {}
[325.763201] (-) TimerEvent: {}
[325.864555] (-) TimerEvent: {}
[325.965782] (-) TimerEvent: {}
[326.066973] (-) TimerEvent: {}
[326.168211] (-) TimerEvent: {}
[326.269570] (-) TimerEvent: {}
[326.370969] (-) TimerEvent: {}
[326.472382] (-) TimerEvent: {}
[326.573486] (-) TimerEvent: {}
[326.675238] (-) TimerEvent: {}
[326.777007] (-) TimerEvent: {}
[326.878220] (-) TimerEvent: {}
[326.979471] (-) TimerEvent: {}
[327.081221] (-) TimerEvent: {}
[327.182342] (-) TimerEvent: {}
[327.283584] (-) TimerEvent: {}
[327.386074] (-) TimerEvent: {}
[327.487328] (-) TimerEvent: {}
[327.589308] (-) TimerEvent: {}
[327.690508] (-) TimerEvent: {}
[327.791884] (-) TimerEvent: {}
[327.893334] (-) TimerEvent: {}
[327.995248] (-) TimerEvent: {}
[328.096833] (-) TimerEvent: {}
[328.198339] (-) TimerEvent: {}
[328.299665] (-) TimerEvent: {}
[328.401058] (-) TimerEvent: {}
[328.502379] (-) TimerEvent: {}
[328.603496] (-) TimerEvent: {}
[328.704663] (-) TimerEvent: {}
[328.805868] (-) TimerEvent: {}
[328.907431] (-) TimerEvent: {}
[329.008871] (-) TimerEvent: {}
[329.110167] (-) TimerEvent: {}
[329.211802] (-) TimerEvent: {}
[329.313189] (-) TimerEvent: {}
[329.414609] (-) TimerEvent: {}
[329.515835] (-) TimerEvent: {}
[329.617088] (-) TimerEvent: {}
[329.718146] (-) TimerEvent: {}
[329.819391] (-) TimerEvent: {}
[329.920722] (-) TimerEvent: {}
[330.062401] (-) TimerEvent: {}
[330.163508] (-) TimerEvent: {}
[330.265972] (-) TimerEvent: {}
[330.367308] (-) TimerEvent: {}
[330.468829] (-) TimerEvent: {}
[330.570109] (-) TimerEvent: {}
[330.671685] (-) TimerEvent: {}
[330.773043] (-) TimerEvent: {}
[330.874688] (-) TimerEvent: {}
[330.976006] (-) TimerEvent: {}
[331.077413] (-) TimerEvent: {}
[331.178631] (-) TimerEvent: {}
[331.279850] (-) TimerEvent: {}
[331.381466] (-) TimerEvent: {}
[331.482801] (-) TimerEvent: {}
[331.584052] (-) TimerEvent: {}
[331.686078] (-) TimerEvent: {}
[331.787299] (-) TimerEvent: {}
[331.888589] (-) TimerEvent: {}
[331.989864] (-) TimerEvent: {}
[332.091124] (-) TimerEvent: {}
[332.193246] (-) TimerEvent: {}
[332.294940] (-) TimerEvent: {}
[332.396381] (-) TimerEvent: {}
[332.497589] (-) TimerEvent: {}
[332.598997] (-) TimerEvent: {}
[332.700128] (-) TimerEvent: {}
[332.802653] (-) TimerEvent: {}
[332.903941] (-) TimerEvent: {}
[333.005257] (-) TimerEvent: {}
[333.106453] (-) TimerEvent: {}
[333.207655] (-) TimerEvent: {}
[333.308970] (-) TimerEvent: {}
[333.410183] (-) TimerEvent: {}
[333.511801] (-) TimerEvent: {}
[333.613091] (-) TimerEvent: {}
[333.714249] (-) TimerEvent: {}
[333.815384] (-) TimerEvent: {}
[333.916726] (-) TimerEvent: {}
[334.017942] (-) TimerEvent: {}
[334.119148] (-) TimerEvent: {}
[334.220503] (-) TimerEvent: {}
[334.321733] (-) TimerEvent: {}
[334.422939] (-) TimerEvent: {}
[334.524052] (-) TimerEvent: {}
[334.625338] (-) TimerEvent: {}
[334.727085] (-) TimerEvent: {}
[334.828911] (-) TimerEvent: {}
[334.930677] (-) TimerEvent: {}
[335.174132] (-) TimerEvent: {}
[335.275415] (-) TimerEvent: {}
[335.376711] (-) TimerEvent: {}
[335.477999] (-) TimerEvent: {}
[335.579682] (-) TimerEvent: {}
[335.680857] (-) TimerEvent: {}
[335.781988] (-) TimerEvent: {}
[335.883302] (-) TimerEvent: {}
[335.985321] (-) TimerEvent: {}
[336.086482] (-) TimerEvent: {}
[336.187599] (-) TimerEvent: {}
[336.288957] (-) TimerEvent: {}
[336.390011] (-) TimerEvent: {}
[336.491282] (-) TimerEvent: {}
[336.592766] (-) TimerEvent: {}
[336.694510] (-) TimerEvent: {}
[336.795868] (-) TimerEvent: {}
[336.897195] (-) TimerEvent: {}
[336.998394] (-) TimerEvent: {}
[337.099821] (-) TimerEvent: {}
[337.201277] (-) TimerEvent: {}
[337.302542] (-) TimerEvent: {}
[337.403966] (-) TimerEvent: {}
[337.505449] (-) TimerEvent: {}
[337.606816] (-) TimerEvent: {}
[337.707960] (-) TimerEvent: {}
[337.809542] (-) TimerEvent: {}
[337.910732] (-) TimerEvent: {}
[338.011759] (-) TimerEvent: {}
[338.112970] (-) TimerEvent: {}
[338.214442] (-) TimerEvent: {}
[338.315513] (-) TimerEvent: {}
[338.416764] (-) TimerEvent: {}
[338.517923] (-) TimerEvent: {}
[338.619068] (-) TimerEvent: {}
[338.720516] (-) TimerEvent: {}
[338.821720] (-) TimerEvent: {}
[338.922833] (-) TimerEvent: {}
[339.023986] (-) TimerEvent: {}
[339.125990] (-) TimerEvent: {}
[339.227131] (-) TimerEvent: {}
[339.328573] (-) TimerEvent: {}
[339.429639] (-) TimerEvent: {}
[339.530669] (-) TimerEvent: {}
[339.631885] (-) TimerEvent: {}
[339.733175] (-) TimerEvent: {}
[339.834377] (-) TimerEvent: {}
[339.935474] (-) TimerEvent: {}
[340.175201] (-) TimerEvent: {}
[340.276919] (-) TimerEvent: {}
[340.378233] (-) TimerEvent: {}
[340.480925] (-) TimerEvent: {}
[340.582216] (-) TimerEvent: {}
[340.683528] (-) TimerEvent: {}
[340.785762] (-) TimerEvent: {}
[340.887103] (-) TimerEvent: {}
[340.988374] (-) TimerEvent: {}
[341.089635] (-) TimerEvent: {}
[341.190878] (-) TimerEvent: {}
[341.292127] (-) TimerEvent: {}
[341.393531] (-) TimerEvent: {}
[341.495073] (-) TimerEvent: {}
[341.596639] (-) TimerEvent: {}
[341.698205] (-) TimerEvent: {}
[341.799423] (-) TimerEvent: {}
[341.900767] (-) TimerEvent: {}
[342.002243] (-) TimerEvent: {}
[342.103497] (-) TimerEvent: {}
[342.205096] (-) TimerEvent: {}
[342.306758] (-) TimerEvent: {}
[342.407961] (-) TimerEvent: {}
[342.509372] (-) TimerEvent: {}
[342.610674] (-) TimerEvent: {}
[342.711801] (-) TimerEvent: {}
[342.813071] (-) TimerEvent: {}
[342.914157] (-) TimerEvent: {}
[343.015647] (-) TimerEvent: {}
[343.116818] (-) TimerEvent: {}
[343.217949] (-) TimerEvent: {}
[343.319027] (-) TimerEvent: {}
[343.420278] (-) TimerEvent: {}
[343.521459] (-) TimerEvent: {}
[343.622659] (-) TimerEvent: {}
[343.723961] (-) TimerEvent: {}
[343.825573] (-) TimerEvent: {}
[343.926847] (-) TimerEvent: {}
[344.028337] (-) TimerEvent: {}
[344.129839] (-) TimerEvent: {}
[344.231100] (-) TimerEvent: {}
[344.332357] (-) TimerEvent: {}
[344.433490] (-) TimerEvent: {}
[344.534646] (-) TimerEvent: {}
[344.635841] (-) TimerEvent: {}
[344.737134] (-) TimerEvent: {}
[344.838705] (-) TimerEvent: {}
[344.939936] (-) TimerEvent: {}
[345.041447] (-) TimerEvent: {}
[345.184850] (-) TimerEvent: {}
[345.286201] (-) TimerEvent: {}
[345.387418] (-) TimerEvent: {}
[345.488768] (-) TimerEvent: {}
[345.590554] (-) TimerEvent: {}
[345.691847] (-) TimerEvent: {}
[345.793134] (-) TimerEvent: {}
[345.894409] (-) TimerEvent: {}
[345.995801] (-) TimerEvent: {}
[346.097252] (-) TimerEvent: {}
[346.198348] (-) TimerEvent: {}
[346.299575] (-) TimerEvent: {}
[346.401307] (-) TimerEvent: {}
[346.502562] (-) TimerEvent: {}
[346.603859] (-) TimerEvent: {}
[346.705522] (-) TimerEvent: {}
[346.806604] (-) TimerEvent: {}
[346.907793] (-) TimerEvent: {}
[347.008949] (-) TimerEvent: {}
[347.110053] (-) TimerEvent: {}
[347.211154] (-) TimerEvent: {}
[347.312250] (-) TimerEvent: {}
[347.413887] (-) TimerEvent: {}
[347.514990] (-) TimerEvent: {}
[347.616105] (-) TimerEvent: {}
[347.717282] (-) TimerEvent: {}
[347.818441] (-) TimerEvent: {}
[347.919497] (-) TimerEvent: {}
[348.020760] (-) TimerEvent: {}
[348.122055] (-) TimerEvent: {}
[348.223244] (-) TimerEvent: {}
[348.324803] (-) TimerEvent: {}
[348.426372] (-) TimerEvent: {}
[348.527820] (-) TimerEvent: {}
[348.629040] (-) TimerEvent: {}
[348.730185] (-) TimerEvent: {}
[348.831336] (-) TimerEvent: {}
[348.932489] (-) TimerEvent: {}
[349.033539] (-) TimerEvent: {}
[349.135385] (-) TimerEvent: {}
[349.236872] (-) TimerEvent: {}
[349.338297] (-) TimerEvent: {}
[349.439364] (-) TimerEvent: {}
[349.541393] (-) TimerEvent: {}
[349.643137] (-) TimerEvent: {}
[349.744413] (-) TimerEvent: {}
[349.845735] (-) TimerEvent: {}
[349.946821] (-) TimerEvent: {}
[350.048013] (-) TimerEvent: {}
[350.300749] (-) TimerEvent: {}
[350.401959] (-) TimerEvent: {}
[350.503582] (-) TimerEvent: {}
[350.608034] (-) TimerEvent: {}
[350.711285] (-) TimerEvent: {}
[350.816314] (-) TimerEvent: {}
[350.917720] (-) TimerEvent: {}
[351.019182] (-) TimerEvent: {}
[351.120527] (-) TimerEvent: {}
[351.221967] (-) TimerEvent: {}
[351.323463] (-) TimerEvent: {}
[351.424988] (-) TimerEvent: {}
[351.527065] (-) TimerEvent: {}
[351.628384] (-) TimerEvent: {}
[351.729450] (-) TimerEvent: {}
[351.830599] (-) TimerEvent: {}
[351.931677] (-) TimerEvent: {}
[352.032808] (-) TimerEvent: {}
[352.134009] (-) TimerEvent: {}
[352.235178] (-) TimerEvent: {}
[352.336394] (-) TimerEvent: {}
[352.437454] (-) TimerEvent: {}
[352.538560] (-) TimerEvent: {}
[352.639770] (-) TimerEvent: {}
[352.741118] (-) TimerEvent: {}
[352.842328] (-) TimerEvent: {}
[352.943536] (-) TimerEvent: {}
[353.044741] (-) TimerEvent: {}
[353.145862] (-) TimerEvent: {}
[353.247021] (-) TimerEvent: {}
[353.348343] (-) TimerEvent: {}
[353.449742] (-) TimerEvent: {}
[353.551311] (-) TimerEvent: {}
[353.652536] (-) TimerEvent: {}
[353.754040] (-) TimerEvent: {}
[353.855880] (-) TimerEvent: {}
[353.957125] (-) TimerEvent: {}
[354.058656] (-) TimerEvent: {}
[354.159811] (-) TimerEvent: {}
[354.261175] (-) TimerEvent: {}
[354.362437] (-) TimerEvent: {}
[354.463648] (-) TimerEvent: {}
[354.566339] (-) TimerEvent: {}
[354.667502] (-) TimerEvent: {}
[354.769345] (-) TimerEvent: {}
[354.871128] (-) TimerEvent: {}
[354.972538] (-) TimerEvent: {}
[355.073903] (-) TimerEvent: {}
[355.317373] (-) TimerEvent: {}
[355.418493] (-) TimerEvent: {}
[355.519635] (-) TimerEvent: {}
[355.621088] (-) TimerEvent: {}
[355.722170] (-) TimerEvent: {}
[355.823646] (-) TimerEvent: {}
[355.925095] (-) TimerEvent: {}
[356.026285] (-) TimerEvent: {}
[356.127707] (-) TimerEvent: {}
[356.229130] (-) TimerEvent: {}
[356.330576] (-) TimerEvent: {}
[356.431939] (-) TimerEvent: {}
[356.533323] (-) TimerEvent: {}
[356.634619] (-) TimerEvent: {}
[356.735979] (-) TimerEvent: {}
[356.837378] (-) TimerEvent: {}
[356.938678] (-) TimerEvent: {}
[357.039913] (-) TimerEvent: {}
[357.141312] (-) TimerEvent: {}
[357.242463] (-) TimerEvent: {}
[357.343649] (-) TimerEvent: {}
[357.444936] (-) TimerEvent: {}
[357.546263] (-) TimerEvent: {}
[357.647553] (-) TimerEvent: {}
[357.748871] (-) TimerEvent: {}
[357.850123] (-) TimerEvent: {}
[357.951597] (-) TimerEvent: {}
[358.053448] (-) TimerEvent: {}
[358.155279] (-) TimerEvent: {}
[358.257737] (-) TimerEvent: {}
[358.358822] (-) TimerEvent: {}
[358.459885] (-) TimerEvent: {}
[358.561222] (-) TimerEvent: {}
[358.662388] (-) TimerEvent: {}
[358.763602] (-) TimerEvent: {}
[358.865493] (-) TimerEvent: {}
[358.966716] (-) TimerEvent: {}
[359.067944] (-) TimerEvent: {}
[359.169552] (-) TimerEvent: {}
[359.271295] (-) TimerEvent: {}
[359.372653] (-) TimerEvent: {}
[359.473957] (-) TimerEvent: {}
[359.575226] (-) TimerEvent: {}
[359.676432] (-) TimerEvent: {}
[359.777623] (-) TimerEvent: {}
[359.878812] (-) TimerEvent: {}
[359.980131] (-) TimerEvent: {}
[360.081694] (-) TimerEvent: {}
[360.183096] (-) TimerEvent: {}
[360.324475] (-) TimerEvent: {}
[360.427844] (-) TimerEvent: {}
[360.529044] (-) TimerEvent: {}
[360.630211] (-) TimerEvent: {}
[360.731449] (-) TimerEvent: {}
[360.832721] (-) TimerEvent: {}
[360.933819] (-) TimerEvent: {}
[361.034992] (-) TimerEvent: {}
[361.136213] (-) TimerEvent: {}
[361.237362] (-) TimerEvent: {}
[361.338524] (-) TimerEvent: {}
[361.439644] (-) TimerEvent: {}
[361.540898] (-) TimerEvent: {}
[361.642128] (-) TimerEvent: {}
[361.743238] (-) TimerEvent: {}
[361.845583] (-) TimerEvent: {}
[361.946783] (-) TimerEvent: {}
[362.048003] (-) TimerEvent: {}
[362.149307] (-) TimerEvent: {}
[362.250522] (-) TimerEvent: {}
[362.351766] (-) TimerEvent: {}
[362.453199] (-) TimerEvent: {}
[362.554529] (-) TimerEvent: {}
[362.656390] (-) TimerEvent: {}
[362.757564] (-) TimerEvent: {}
[362.858930] (-) TimerEvent: {}
[362.960338] (-) TimerEvent: {}
[363.061545] (-) TimerEvent: {}
[363.162784] (-) TimerEvent: {}
[363.264207] (-) TimerEvent: {}
[363.365478] (-) TimerEvent: {}
[363.466720] (-) TimerEvent: {}
[363.567907] (-) TimerEvent: {}
[363.669889] (-) TimerEvent: {}
[363.771702] (-) TimerEvent: {}
[363.873485] (-) TimerEvent: {}
[363.976712] (-) TimerEvent: {}
[364.078322] (-) TimerEvent: {}
[364.180281] (-) TimerEvent: {}
[364.281577] (-) TimerEvent: {}
[364.383134] (-) TimerEvent: {}
[364.484577] (-) TimerEvent: {}
[364.588572] (-) TimerEvent: {}
[364.689845] (-) TimerEvent: {}
[364.791109] (-) TimerEvent: {}
[364.892337] (-) TimerEvent: {}
[364.993475] (-) TimerEvent: {}
[365.094839] (-) TimerEvent: {}
[365.196338] (-) TimerEvent: {}
[365.339954] (-) TimerEvent: {}
[365.441390] (-) TimerEvent: {}
[365.542490] (-) TimerEvent: {}
[365.643576] (-) TimerEvent: {}
[365.745733] (-) TimerEvent: {}
[365.846810] (-) TimerEvent: {}
[365.948283] (-) TimerEvent: {}
[366.049768] (-) TimerEvent: {}
[366.151327] (-) TimerEvent: {}
[366.252717] (-) TimerEvent: {}
[366.354960] (-) TimerEvent: {}
[366.456239] (-) TimerEvent: {}
[366.557393] (-) TimerEvent: {}
[366.658433] (-) TimerEvent: {}
[366.759525] (-) TimerEvent: {}
[366.861084] (-) TimerEvent: {}
[366.962934] (-) TimerEvent: {}
[367.065633] (-) TimerEvent: {}
[367.166847] (-) TimerEvent: {}
[367.268027] (-) TimerEvent: {}
[367.369495] (-) TimerEvent: {}
[367.470708] (-) TimerEvent: {}
[367.571959] (-) TimerEvent: {}
[367.673496] (-) TimerEvent: {}
[367.774871] (-) TimerEvent: {}
[367.876326] (-) TimerEvent: {}
[367.977570] (-) TimerEvent: {}
[368.078778] (-) TimerEvent: {}
[368.180096] (-) TimerEvent: {}
[368.281595] (-) TimerEvent: {}
[368.382835] (-) TimerEvent: {}
[368.484602] (-) TimerEvent: {}
[368.586361] (-) TimerEvent: {}
[368.688201] (-) TimerEvent: {}
[368.789701] (-) TimerEvent: {}
[368.891275] (-) TimerEvent: {}
[368.993042] (-) TimerEvent: {}
[369.094901] (-) TimerEvent: {}
[369.196335] (-) TimerEvent: {}
[369.298555] (-) TimerEvent: {}
[369.399797] (-) TimerEvent: {}
[369.501320] (-) TimerEvent: {}
[369.602711] (-) TimerEvent: {}
[369.704296] (-) TimerEvent: {}
[369.805665] (-) TimerEvent: {}
[369.907096] (-) TimerEvent: {}
[370.008561] (-) TimerEvent: {}
[370.109859] (-) TimerEvent: {}
[370.211525] (-) TimerEvent: {}
[370.314638] (-) TimerEvent: {}
[370.455289] (-) TimerEvent: {}
[370.556527] (-) TimerEvent: {}
[370.657655] (-) TimerEvent: {}
[370.758895] (-) TimerEvent: {}
[370.860423] (-) TimerEvent: {}
[370.962309] (-) TimerEvent: {}
[371.064598] (-) TimerEvent: {}
[371.165785] (-) TimerEvent: {}
[371.267153] (-) TimerEvent: {}
[371.368515] (-) TimerEvent: {}
[371.470786] (-) TimerEvent: {}
[371.572077] (-) TimerEvent: {}
[371.674267] (-) TimerEvent: {}
[371.775894] (-) TimerEvent: {}
[371.877288] (-) TimerEvent: {}
[371.978481] (-) TimerEvent: {}
[372.081150] (-) TimerEvent: {}
[372.182346] (-) TimerEvent: {}
[372.283569] (-) TimerEvent: {}
[372.385693] (-) TimerEvent: {}
[372.486915] (-) TimerEvent: {}
[372.588346] (-) TimerEvent: {}
[372.689739] (-) TimerEvent: {}
[372.791241] (-) TimerEvent: {}
[372.892872] (-) TimerEvent: {}
[372.994631] (-) TimerEvent: {}
[373.095950] (-) TimerEvent: {}
[373.197497] (-) TimerEvent: {}
[373.298730] (-) TimerEvent: {}
[373.400003] (-) TimerEvent: {}
[373.501346] (-) TimerEvent: {}
[373.602677] (-) TimerEvent: {}
[373.703964] (-) TimerEvent: {}
[373.805482] (-) TimerEvent: {}
[373.906869] (-) TimerEvent: {}
[374.008807] (-) TimerEvent: {}
[374.110197] (-) TimerEvent: {}
[374.211596] (-) TimerEvent: {}
[374.313072] (-) TimerEvent: {}
[374.414418] (-) TimerEvent: {}
[374.515692] (-) TimerEvent: {}
[374.616885] (-) TimerEvent: {}
[374.717965] (-) TimerEvent: {}
[374.819107] (-) TimerEvent: {}
[374.920946] (-) TimerEvent: {}
[375.022123] (-) TimerEvent: {}
[375.125002] (-) TimerEvent: {}
[375.226623] (-) TimerEvent: {}
[375.328084] (-) TimerEvent: {}
[375.573235] (-) TimerEvent: {}
[375.674467] (-) TimerEvent: {}
[375.775663] (-) TimerEvent: {}
[375.877031] (-) TimerEvent: {}
[375.978180] (-) TimerEvent: {}
[376.079495] (-) TimerEvent: {}
[376.180939] (-) TimerEvent: {}
[376.282168] (-) TimerEvent: {}
[376.383410] (-) TimerEvent: {}
[376.485437] (-) TimerEvent: {}
[376.586625] (-) TimerEvent: {}
[376.687819] (-) TimerEvent: {}
[376.789175] (-) TimerEvent: {}
[376.890655] (-) TimerEvent: {}
[376.991834] (-) TimerEvent: {}
[377.093130] (-) TimerEvent: {}
[377.194587] (-) TimerEvent: {}
[377.295833] (-) TimerEvent: {}
[377.397208] (-) TimerEvent: {}
[377.498811] (-) TimerEvent: {}
[377.600682] (-) TimerEvent: {}
[377.702256] (-) TimerEvent: {}
[377.803698] (-) TimerEvent: {}
[377.905276] (-) TimerEvent: {}
[378.006542] (-) TimerEvent: {}
[378.107914] (-) TimerEvent: {}
[378.209897] (-) TimerEvent: {}
[378.311297] (-) TimerEvent: {}
[378.412781] (-) TimerEvent: {}
[378.517175] (-) TimerEvent: {}
[378.618636] (-) TimerEvent: {}
[378.719939] (-) TimerEvent: {}
[378.821327] (-) TimerEvent: {}
[378.922691] (-) TimerEvent: {}
[379.025230] (-) TimerEvent: {}
[379.126676] (-) TimerEvent: {}
[379.228300] (-) TimerEvent: {}
[379.329702] (-) TimerEvent: {}
[379.431021] (-) TimerEvent: {}
[379.532485] (-) TimerEvent: {}
[379.634603] (-) TimerEvent: {}
[379.735950] (-) TimerEvent: {}
[379.837396] (-) TimerEvent: {}
[379.938778] (-) TimerEvent: {}
[380.040311] (-) TimerEvent: {}
[380.141624] (-) TimerEvent: {}
[380.243023] (-) TimerEvent: {}
[380.344654] (-) TimerEvent: {}
[380.446255] (-) TimerEvent: {}
[380.547690] (-) TimerEvent: {}
[380.649356] (-) TimerEvent: {}
[380.750770] (-) TimerEvent: {}
[380.852076] (-) TimerEvent: {}
[380.953587] (-) TimerEvent: {}
[381.055058] (-) TimerEvent: {}
[381.156527] (-) TimerEvent: {}
[381.257929] (-) TimerEvent: {}
[381.359218] (-) TimerEvent: {}
[381.460393] (-) TimerEvent: {}
[381.561603] (-) TimerEvent: {}
[381.662871] (-) TimerEvent: {}
[381.765406] (-) TimerEvent: {}
[381.866531] (-) TimerEvent: {}
[381.967911] (-) TimerEvent: {}
[382.069117] (-) TimerEvent: {}
[382.170365] (-) TimerEvent: {}
[382.271376] (-) TimerEvent: {}
[382.372434] (-) TimerEvent: {}
[382.473565] (-) TimerEvent: {}
[382.574917] (-) TimerEvent: {}
[382.676033] (-) TimerEvent: {}
[382.777246] (-) TimerEvent: {}
[382.878331] (-) TimerEvent: {}
[382.979567] (-) TimerEvent: {}
[383.080914] (-) TimerEvent: {}
[383.182139] (-) TimerEvent: {}
[383.283215] (-) TimerEvent: {}
[383.384611] (-) TimerEvent: {}
[383.485684] (-) TimerEvent: {}
[383.586919] (-) TimerEvent: {}
[383.688063] (-) TimerEvent: {}
[383.789308] (-) TimerEvent: {}
[383.890486] (-) TimerEvent: {}
[383.991618] (-) TimerEvent: {}
[384.092798] (-) TimerEvent: {}
[384.193995] (-) TimerEvent: {}
[384.295300] (-) TimerEvent: {}
[384.396367] (-) TimerEvent: {}
[384.497455] (-) TimerEvent: {}
[384.599031] (-) TimerEvent: {}
[384.700226] (-) TimerEvent: {}
[384.801420] (-) TimerEvent: {}
[384.902532] (-) TimerEvent: {}
[385.003648] (-) TimerEvent: {}
[385.105229] (-) TimerEvent: {}
[385.206389] (-) TimerEvent: {}
[385.307603] (-) TimerEvent: {}
[385.408829] (-) TimerEvent: {}
[385.510022] (-) TimerEvent: {}
[385.611243] (-) TimerEvent: {}
[385.712414] (-) TimerEvent: {}
[385.813630] (-) TimerEvent: {}
[385.914744] (-) TimerEvent: {}
[386.015972] (-) TimerEvent: {}
[386.117198] (-) TimerEvent: {}
[386.218416] (-) TimerEvent: {}
[386.319638] (-) TimerEvent: {}
[386.420961] (-) TimerEvent: {}
[386.522125] (-) TimerEvent: {}
[386.623209] (-) TimerEvent: {}
[386.724476] (-) TimerEvent: {}
[386.825732] (-) TimerEvent: {}
[387.045050] (-) TimerEvent: {}
[387.146231] (-) TimerEvent: {}
[387.247366] (-) TimerEvent: {}
[387.348652] (-) TimerEvent: {}
[387.449842] (-) TimerEvent: {}
[387.551054] (-) TimerEvent: {}
[387.652382] (-) TimerEvent: {}
[387.753580] (-) TimerEvent: {}
[387.854749] (-) TimerEvent: {}
[387.955751] (-) TimerEvent: {}
[388.056967] (-) TimerEvent: {}
[388.158039] (-) TimerEvent: {}
[388.259330] (-) TimerEvent: {}
[388.360699] (-) TimerEvent: {}
[388.461887] (-) TimerEvent: {}
[388.562983] (-) TimerEvent: {}
[388.664102] (-) TimerEvent: {}
[388.765340] (-) TimerEvent: {}
[388.866706] (-) TimerEvent: {}
[388.969020] (-) TimerEvent: {}
[389.070250] (-) TimerEvent: {}
[389.171579] (-) TimerEvent: {}
[389.272898] (-) TimerEvent: {}
[389.374047] (-) TimerEvent: {}
[389.475581] (-) TimerEvent: {}
[389.576821] (-) TimerEvent: {}
[389.678170] (-) TimerEvent: {}
[389.780612] (-) TimerEvent: {}
[389.882149] (-) TimerEvent: {}
[389.983482] (-) TimerEvent: {}
[390.085035] (-) TimerEvent: {}
[390.186233] (-) TimerEvent: {}
[390.287286] (-) TimerEvent: {}
[390.388398] (-) TimerEvent: {}
[390.489670] (-) TimerEvent: {}
[390.590860] (-) TimerEvent: {}
[390.692117] (-) TimerEvent: {}
[390.793423] (-) TimerEvent: {}
[390.894697] (-) TimerEvent: {}
[390.995863] (-) TimerEvent: {}
[391.097082] (-) TimerEvent: {}
[391.198304] (-) TimerEvent: {}
[391.299699] (-) TimerEvent: {}
[391.401195] (-) TimerEvent: {}
[391.502407] (-) TimerEvent: {}
[391.603541] (-) TimerEvent: {}
[391.705000] (-) TimerEvent: {}
[391.807035] (-) TimerEvent: {}
[391.908501] (-) TimerEvent: {}
[392.080515] (-) TimerEvent: {}
[392.181700] (-) TimerEvent: {}
[392.282941] (-) TimerEvent: {}
[392.384058] (-) TimerEvent: {}
[392.485469] (-) TimerEvent: {}
[392.586748] (-) TimerEvent: {}
[392.688092] (-) TimerEvent: {}
[392.789475] (-) TimerEvent: {}
[392.890978] (-) TimerEvent: {}
[392.992513] (-) TimerEvent: {}
[393.093629] (-) TimerEvent: {}
[393.195126] (-) TimerEvent: {}
[393.296383] (-) TimerEvent: {}
[393.397611] (-) TimerEvent: {}
[393.499158] (-) TimerEvent: {}
[393.600703] (-) TimerEvent: {}
[393.702037] (-) TimerEvent: {}
[393.803307] (-) TimerEvent: {}
[393.904760] (-) TimerEvent: {}
[394.005995] (-) TimerEvent: {}
[394.107167] (-) TimerEvent: {}
[394.208735] (-) TimerEvent: {}
[394.310539] (-) TimerEvent: {}
[394.411954] (-) TimerEvent: {}
[394.514890] (-) TimerEvent: {}
[394.616463] (-) TimerEvent: {}
[394.717839] (-) TimerEvent: {}
[394.819233] (-) TimerEvent: {}
[394.920427] (-) TimerEvent: {}
[395.021674] (-) TimerEvent: {}
[395.122960] (-) TimerEvent: {}
[395.224275] (-) TimerEvent: {}
[395.325496] (-) TimerEvent: {}
[395.426633] (-) TimerEvent: {}
[395.527821] (-) TimerEvent: {}
[395.629413] (-) TimerEvent: {}
[395.730772] (-) TimerEvent: {}
[395.832202] (-) TimerEvent: {}
[395.933422] (-) TimerEvent: {}
[396.034612] (-) TimerEvent: {}
[396.135806] (-) TimerEvent: {}
[396.237265] (-) TimerEvent: {}
[396.338585] (-) TimerEvent: {}
[396.440062] (-) TimerEvent: {}
[396.541528] (-) TimerEvent: {}
[396.643176] (-) TimerEvent: {}
[396.744675] (-) TimerEvent: {}
[396.845803] (-) TimerEvent: {}
[396.947041] (-) TimerEvent: {}
[397.089829] (-) TimerEvent: {}
[397.191024] (-) TimerEvent: {}
[397.292259] (-) TimerEvent: {}
[397.393426] (-) TimerEvent: {}
[397.494688] (-) TimerEvent: {}
[397.596013] (-) TimerEvent: {}
[397.697432] (-) TimerEvent: {}
[397.799477] (-) TimerEvent: {}
[397.900785] (-) TimerEvent: {}
[398.001959] (-) TimerEvent: {}
[398.103162] (-) TimerEvent: {}
[398.204486] (-) TimerEvent: {}
[398.305841] (-) TimerEvent: {}
[398.407106] (-) TimerEvent: {}
[398.508496] (-) TimerEvent: {}
[398.609927] (-) TimerEvent: {}
[398.711277] (-) TimerEvent: {}
[398.812839] (-) TimerEvent: {}
[398.914218] (-) TimerEvent: {}
[399.015494] (-) TimerEvent: {}
[399.116813] (-) TimerEvent: {}
[399.218434] (-) TimerEvent: {}
[399.320377] (-) TimerEvent: {}
[399.421947] (-) TimerEvent: {}
[399.523329] (-) TimerEvent: {}
[399.624778] (-) TimerEvent: {}
[399.726036] (-) TimerEvent: {}
[399.827286] (-) TimerEvent: {}
[399.929151] (-) TimerEvent: {}
[400.030445] (-) TimerEvent: {}
[400.131599] (-) TimerEvent: {}
[400.232910] (-) TimerEvent: {}
[400.334095] (-) TimerEvent: {}
[400.435278] (-) TimerEvent: {}
[400.536549] (-) TimerEvent: {}
[400.638050] (-) TimerEvent: {}
[400.739629] (-) TimerEvent: {}
[400.841247] (-) TimerEvent: {}
[400.942475] (-) TimerEvent: {}
[401.043662] (-) TimerEvent: {}
[401.145051] (-) TimerEvent: {}
[401.246382] (-) TimerEvent: {}
[401.347795] (-) TimerEvent: {}
[401.449582] (-) TimerEvent: {}
[401.550685] (-) TimerEvent: {}
[401.651685] (-) TimerEvent: {}
[401.752914] (-) TimerEvent: {}
[401.853946] (-) TimerEvent: {}
[401.954889] (-) TimerEvent: {}
[402.168553] (-) TimerEvent: {}
[402.269828] (-) TimerEvent: {}
[402.371064] (-) TimerEvent: {}
[402.472335] (-) TimerEvent: {}
[402.573509] (-) TimerEvent: {}
[402.674711] (-) TimerEvent: {}
[402.775862] (-) TimerEvent: {}
[402.877115] (-) TimerEvent: {}
[402.978307] (-) TimerEvent: {}
[403.079441] (-) TimerEvent: {}
[403.180608] (-) TimerEvent: {}
[403.281700] (-) TimerEvent: {}
[403.382881] (-) TimerEvent: {}
[403.484045] (-) TimerEvent: {}
[403.585481] (-) TimerEvent: {}
[403.687109] (-) TimerEvent: {}
[403.788939] (-) TimerEvent: {}
[403.890946] (-) TimerEvent: {}
[403.991933] (-) TimerEvent: {}
[404.093143] (-) TimerEvent: {}
[404.194337] (-) TimerEvent: {}
[404.295425] (-) TimerEvent: {}
[404.396536] (-) TimerEvent: {}
[404.497710] (-) TimerEvent: {}
[404.599010] (-) TimerEvent: {}
[404.700230] (-) TimerEvent: {}
[404.801510] (-) TimerEvent: {}
[404.902786] (-) TimerEvent: {}
[405.004321] (-) TimerEvent: {}
[405.105637] (-) TimerEvent: {}
[405.206770] (-) TimerEvent: {}
[405.308508] (-) TimerEvent: {}
[405.410763] (-) TimerEvent: {}
[405.512232] (-) TimerEvent: {}
[405.613365] (-) TimerEvent: {}
[405.714417] (-) TimerEvent: {}
[405.815477] (-) TimerEvent: {}
[405.916580] (-) TimerEvent: {}
[406.018037] (-) TimerEvent: {}
[406.119418] (-) TimerEvent: {}
[406.220573] (-) TimerEvent: {}
[406.321581] (-) TimerEvent: {}
[406.422557] (-) TimerEvent: {}
[406.524441] (-) TimerEvent: {}
[406.626165] (-) TimerEvent: {}
[406.727699] (-) TimerEvent: {}
[406.829377] (-) TimerEvent: {}
[406.930748] (-) TimerEvent: {}
[407.100446] (-) TimerEvent: {}
[407.201463] (-) TimerEvent: {}
[407.302492] (-) TimerEvent: {}
[407.403545] (-) TimerEvent: {}
[407.504623] (-) TimerEvent: {}
[407.605670] (-) TimerEvent: {}
[407.672451] (hdl_localization) StderrLine: {'line': b'\x1b[01m\x1b[K/home/ysc/lite_cog_ros2/nav/src/hdl_localization/apps/./hdl_localization_app.hpp:812:24:\x1b[m\x1b[K \x1b[01;35m\x1b[Kwarning: \x1b[m\x1b[K\xe2\x80\x98\x1b[01m\x1b[Ktotal_ms\x1b[m\x1b[K\xe2\x80\x99 may be used uninitialized in this function [\x1b[01;35m\x1b[K-Wmaybe-uninitialized\x1b[m\x1b[K]\n'}
[407.673462] (hdl_localization) StderrLine: {'line': b'  812 |             \x1b[01;35m\x1b[Kaverage_ms = total_ms / ms_deque_.size()\x1b[m\x1b[K;\n'}
[407.674000] (hdl_localization) StderrLine: {'line': b'      |             \x1b[01;35m\x1b[K~~~~~~~~~~~^~~~~~~~~~~~~~~~~~~~~~~~~~~~~\x1b[m\x1b[K\n'}
[407.705886] (-) TimerEvent: {}
[407.806945] (-) TimerEvent: {}
[407.908024] (-) TimerEvent: {}
[408.009806] (-) TimerEvent: {}
[408.110969] (-) TimerEvent: {}
[408.212233] (-) TimerEvent: {}
[408.313340] (-) TimerEvent: {}
[408.414600] (-) TimerEvent: {}
[408.515827] (-) TimerEvent: {}
[408.617140] (-) TimerEvent: {}
[408.719274] (-) TimerEvent: {}
[408.821139] (-) TimerEvent: {}
[408.922356] (-) TimerEvent: {}
[409.024831] (-) TimerEvent: {}
[409.126069] (-) TimerEvent: {}
[409.227275] (-) TimerEvent: {}
[409.328438] (-) TimerEvent: {}
[409.429658] (-) TimerEvent: {}
[409.530831] (-) TimerEvent: {}
[409.632037] (-) TimerEvent: {}
[409.733391] (-) TimerEvent: {}
[409.834913] (-) TimerEvent: {}
[409.936055] (-) TimerEvent: {}
[410.037283] (-) TimerEvent: {}
[410.138466] (-) TimerEvent: {}
[410.239762] (-) TimerEvent: {}
[410.341202] (-) TimerEvent: {}
[410.442637] (-) TimerEvent: {}
[410.543922] (-) TimerEvent: {}
[410.645382] (-) TimerEvent: {}
[410.746713] (-) TimerEvent: {}
[410.847992] (-) TimerEvent: {}
[410.950477] (-) TimerEvent: {}
[411.051716] (-) TimerEvent: {}
[411.153068] (-) TimerEvent: {}
[411.254387] (-) TimerEvent: {}
[411.356498] (-) TimerEvent: {}
[411.457622] (-) TimerEvent: {}
[411.558738] (-) TimerEvent: {}
[411.659914] (-) TimerEvent: {}
[411.761191] (-) TimerEvent: {}
[411.862880] (-) TimerEvent: {}
[411.964080] (-) TimerEvent: {}
[412.119695] (-) TimerEvent: {}
[412.220723] (-) TimerEvent: {}
[412.321784] (-) TimerEvent: {}
[412.423583] (-) TimerEvent: {}
[412.524693] (-) TimerEvent: {}
[412.625736] (-) TimerEvent: {}
[412.726897] (-) TimerEvent: {}
[412.827954] (-) TimerEvent: {}
[412.929299] (-) TimerEvent: {}
[413.030281] (-) TimerEvent: {}
[413.131395] (-) TimerEvent: {}
[413.232461] (-) TimerEvent: {}
[413.333615] (-) TimerEvent: {}
[413.434700] (-) TimerEvent: {}
[413.535666] (-) TimerEvent: {}
[413.636859] (-) TimerEvent: {}
[413.740011] (-) TimerEvent: {}
[413.841173] (-) TimerEvent: {}
[413.942242] (-) TimerEvent: {}
[414.043268] (-) TimerEvent: {}
[414.144537] (-) TimerEvent: {}
[414.245553] (-) TimerEvent: {}
[414.346673] (-) TimerEvent: {}
[414.447863] (-) TimerEvent: {}
[414.549307] (-) TimerEvent: {}
[414.650489] (-) TimerEvent: {}
[414.751644] (-) TimerEvent: {}
[414.852851] (-) TimerEvent: {}
[414.953962] (-) TimerEvent: {}
[415.055119] (-) TimerEvent: {}
[415.156456] (-) TimerEvent: {}
[415.257710] (-) TimerEvent: {}
[415.358942] (-) TimerEvent: {}
[415.460394] (-) TimerEvent: {}
[415.561547] (-) TimerEvent: {}
[415.664448] (-) TimerEvent: {}
[415.765576] (-) TimerEvent: {}
[415.866834] (-) TimerEvent: {}
[415.968098] (-) TimerEvent: {}
[416.069389] (-) TimerEvent: {}
[416.170563] (-) TimerEvent: {}
[416.271806] (-) TimerEvent: {}
[416.373296] (-) TimerEvent: {}
[416.474555] (-) TimerEvent: {}
[416.575923] (-) TimerEvent: {}
[416.677209] (-) TimerEvent: {}
[416.778553] (-) TimerEvent: {}
[416.880108] (-) TimerEvent: {}
[416.981480] (-) TimerEvent: {}
[417.181473] (-) TimerEvent: {}
[417.282646] (-) TimerEvent: {}
[417.383926] (-) TimerEvent: {}
[417.485757] (-) TimerEvent: {}
[417.587067] (-) TimerEvent: {}
[417.688389] (-) TimerEvent: {}
[417.790275] (-) TimerEvent: {}
[417.891491] (-) TimerEvent: {}
[417.992693] (-) TimerEvent: {}
[418.093994] (-) TimerEvent: {}
[418.195578] (-) TimerEvent: {}
[418.296914] (-) TimerEvent: {}
[418.398206] (-) TimerEvent: {}
[418.500319] (-) TimerEvent: {}
[418.601557] (-) TimerEvent: {}
[418.702712] (-) TimerEvent: {}
[418.804290] (-) TimerEvent: {}
[418.905416] (-) TimerEvent: {}
[419.006572] (-) TimerEvent: {}
[419.107728] (-) TimerEvent: {}
[419.208984] (-) TimerEvent: {}
[419.310587] (-) TimerEvent: {}
[419.411726] (-) TimerEvent: {}
[419.512733] (-) TimerEvent: {}
[419.615076] (-) TimerEvent: {}
[419.722869] (-) TimerEvent: {}
[419.824511] (-) TimerEvent: {}
[419.928279] (-) TimerEvent: {}
[420.040424] (-) TimerEvent: {}
[420.141586] (-) TimerEvent: {}
[420.275244] (-) TimerEvent: {}
[420.380900] (-) TimerEvent: {}
[420.483777] (-) TimerEvent: {}
[420.588656] (-) TimerEvent: {}
[420.695476] (-) TimerEvent: {}
[420.801304] (-) TimerEvent: {}
[420.903095] (-) TimerEvent: {}
[421.006202] (-) TimerEvent: {}
[421.107232] (-) TimerEvent: {}
[421.208434] (-) TimerEvent: {}
[421.309464] (-) TimerEvent: {}
[421.412429] (-) TimerEvent: {}
[421.515379] (-) TimerEvent: {}
[421.618491] (-) TimerEvent: {}
[421.723102] (-) TimerEvent: {}
[421.826781] (-) TimerEvent: {}
[421.932389] (-) TimerEvent: {}
[422.033686] (-) TimerEvent: {}
[422.157752] (-) TimerEvent: {}
[422.259410] (-) TimerEvent: {}
[422.363419] (-) TimerEvent: {}
[422.465439] (-) TimerEvent: {}
[422.567357] (-) TimerEvent: {}
[422.669430] (-) TimerEvent: {}
[422.770986] (-) TimerEvent: {}
[422.872248] (-) TimerEvent: {}
[422.973329] (-) TimerEvent: {}
[423.074194] (-) TimerEvent: {}
[423.175265] (-) TimerEvent: {}
[423.276419] (-) TimerEvent: {}
[423.377557] (-) TimerEvent: {}
[423.478624] (-) TimerEvent: {}
[423.579659] (-) TimerEvent: {}
[423.680819] (-) TimerEvent: {}
[423.781828] (-) TimerEvent: {}
[423.882951] (-) TimerEvent: {}
[423.984223] (-) TimerEvent: {}
[424.085333] (-) TimerEvent: {}
[424.186464] (-) TimerEvent: {}
[424.287464] (-) TimerEvent: {}
[424.389842] (-) TimerEvent: {}
[424.491435] (-) TimerEvent: {}
[424.593313] (-) TimerEvent: {}
[424.695592] (-) TimerEvent: {}
[424.799406] (-) TimerEvent: {}
[424.901729] (-) TimerEvent: {}
[425.003216] (-) TimerEvent: {}
[425.105931] (-) TimerEvent: {}
[425.207789] (-) TimerEvent: {}
[425.312131] (-) TimerEvent: {}
[425.415309] (-) TimerEvent: {}
[425.516628] (-) TimerEvent: {}
[425.617588] (-) TimerEvent: {}
[425.718748] (-) TimerEvent: {}
[425.819833] (-) TimerEvent: {}
[425.924387] (-) TimerEvent: {}
[426.028353] (-) TimerEvent: {}
[426.129384] (-) TimerEvent: {}
[426.231031] (-) TimerEvent: {}
[426.332753] (-) TimerEvent: {}
[426.433781] (-) TimerEvent: {}
[426.534851] (-) TimerEvent: {}
[426.636034] (-) TimerEvent: {}
[426.737216] (-) TimerEvent: {}
[426.838185] (-) TimerEvent: {}
[426.940952] (-) TimerEvent: {}
[427.041982] (-) TimerEvent: {}
[427.143113] (-) TimerEvent: {}
[427.244639] (-) TimerEvent: {}
[427.348335] (-) TimerEvent: {}
[427.449331] (-) TimerEvent: {}
[427.551395] (-) TimerEvent: {}
[427.656040] (-) TimerEvent: {}
[427.788520] (-) TimerEvent: {}
[427.889586] (-) TimerEvent: {}
[427.991052] (-) TimerEvent: {}
[428.092359] (-) TimerEvent: {}
[428.194088] (-) TimerEvent: {}
[428.295460] (-) TimerEvent: {}
[428.396471] (-) TimerEvent: {}
[428.497556] (-) TimerEvent: {}
[428.598707] (-) TimerEvent: {}
[428.700511] (-) TimerEvent: {}
[428.801772] (-) TimerEvent: {}
[428.903080] (-) TimerEvent: {}
[429.004275] (-) TimerEvent: {}
[429.105407] (-) TimerEvent: {}
[429.206520] (-) TimerEvent: {}
[429.308396] (-) TimerEvent: {}
[429.412955] (-) TimerEvent: {}
[429.514047] (-) TimerEvent: {}
[429.615085] (-) TimerEvent: {}
[429.720361] (-) TimerEvent: {}
[429.829933] (-) TimerEvent: {}
[429.934024] (-) TimerEvent: {}
[430.037672] (-) TimerEvent: {}
[430.138805] (-) TimerEvent: {}
[430.239738] (-) TimerEvent: {}
[430.340851] (-) TimerEvent: {}
[430.442020] (-) TimerEvent: {}
[430.543434] (-) TimerEvent: {}
[430.644471] (-) TimerEvent: {}
[430.745555] (-) TimerEvent: {}
[430.846650] (-) TimerEvent: {}
[430.947719] (-) TimerEvent: {}
[431.052482] (-) TimerEvent: {}
[431.155101] (-) TimerEvent: {}
[431.256192] (-) TimerEvent: {}
[431.357243] (-) TimerEvent: {}
[431.458262] (-) TimerEvent: {}
[431.561264] (-) TimerEvent: {}
[431.662449] (-) TimerEvent: {}
[431.774033] (-) TimerEvent: {}
[431.874894] (-) TimerEvent: {}
[431.976412] (-) TimerEvent: {}
[432.078119] (-) TimerEvent: {}
[432.180315] (-) TimerEvent: {}
[432.420432] (-) TimerEvent: {}
[432.522261] (-) TimerEvent: {}
[432.623238] (-) TimerEvent: {}
[432.724266] (-) TimerEvent: {}
[432.825469] (-) TimerEvent: {}
[432.927531] (-) TimerEvent: {}
[433.032479] (-) TimerEvent: {}
[433.134419] (-) TimerEvent: {}
[433.236950] (-) TimerEvent: {}
[433.338359] (-) TimerEvent: {}
[433.439421] (-) TimerEvent: {}
[433.542476] (-) TimerEvent: {}
[433.644085] (-) TimerEvent: {}
[433.745676] (-) TimerEvent: {}
[433.846825] (-) TimerEvent: {}
[433.947906] (-) TimerEvent: {}
[434.049505] (-) TimerEvent: {}
[434.151081] (-) TimerEvent: {}
[434.252205] (-) TimerEvent: {}
[434.354527] (-) TimerEvent: {}
[434.460647] (-) TimerEvent: {}
[434.561803] (-) TimerEvent: {}
[434.662952] (-) TimerEvent: {}
[434.764125] (-) TimerEvent: {}
[434.865873] (-) TimerEvent: {}
[434.966857] (-) TimerEvent: {}
[435.067998] (-) TimerEvent: {}
[435.169484] (-) TimerEvent: {}
[435.270634] (-) TimerEvent: {}
[435.371848] (-) TimerEvent: {}
[435.476001] (-) TimerEvent: {}
[435.577214] (-) TimerEvent: {}
[435.678219] (-) TimerEvent: {}
[435.779415] (-) TimerEvent: {}
[435.880758] (-) TimerEvent: {}
[435.982455] (-) TimerEvent: {}
[436.084821] (-) TimerEvent: {}
[436.185991] (-) TimerEvent: {}
[436.287803] (-) TimerEvent: {}
[436.389858] (-) TimerEvent: {}
[436.492315] (-) TimerEvent: {}
[436.593615] (-) TimerEvent: {}
[436.694618] (-) TimerEvent: {}
[436.795855] (-) TimerEvent: {}
[436.897243] (-) TimerEvent: {}
[437.000929] (-) TimerEvent: {}
[437.102440] (-) TimerEvent: {}
[437.203462] (-) TimerEvent: {}
[437.433935] (-) TimerEvent: {}
[437.534889] (-) TimerEvent: {}
[437.635849] (-) TimerEvent: {}
[437.736853] (-) TimerEvent: {}
[437.837802] (-) TimerEvent: {}
[437.939984] (-) TimerEvent: {}
[438.041162] (-) TimerEvent: {}
[438.142277] (-) TimerEvent: {}
[438.243287] (-) TimerEvent: {}
[438.344831] (-) TimerEvent: {}
[438.445843] (-) TimerEvent: {}
[438.546850] (-) TimerEvent: {}
[438.647892] (-) TimerEvent: {}
[438.749622] (-) TimerEvent: {}
[438.850617] (-) TimerEvent: {}
[438.951602] (-) TimerEvent: {}
[439.052737] (-) TimerEvent: {}
[439.153847] (-) TimerEvent: {}
[439.254857] (-) TimerEvent: {}
[439.355933] (-) TimerEvent: {}
[439.457056] (-) TimerEvent: {}
[439.560984] (-) TimerEvent: {}
[439.662322] (-) TimerEvent: {}
[439.763506] (-) TimerEvent: {}
[439.865110] (-) TimerEvent: {}
[439.966284] (-) TimerEvent: {}
[440.067514] (-) TimerEvent: {}
[440.169232] (-) TimerEvent: {}
[440.270563] (-) TimerEvent: {}
[440.371831] (-) TimerEvent: {}
[440.473217] (-) TimerEvent: {}
[440.576712] (-) TimerEvent: {}
[440.677705] (-) TimerEvent: {}
[440.779659] (-) TimerEvent: {}
[440.880672] (-) TimerEvent: {}
[440.981664] (-) TimerEvent: {}
[441.082798] (-) TimerEvent: {}
[441.183862] (-) TimerEvent: {}
[441.285422] (-) TimerEvent: {}
[441.386492] (-) TimerEvent: {}
[441.487460] (-) TimerEvent: {}
[441.588630] (-) TimerEvent: {}
[441.689642] (-) TimerEvent: {}
[441.790712] (-) TimerEvent: {}
[441.891621] (-) TimerEvent: {}
[441.992693] (-) TimerEvent: {}
[442.093760] (-) TimerEvent: {}
[442.194905] (-) TimerEvent: {}
[442.296102] (-) TimerEvent: {}
[442.397327] (-) TimerEvent: {}
[442.499615] (-) TimerEvent: {}
[442.600865] (-) TimerEvent: {}
[442.701848] (-) TimerEvent: {}
[442.802859] (-) TimerEvent: {}
[442.903860] (-) TimerEvent: {}
[443.004898] (-) TimerEvent: {}
[443.105849] (-) TimerEvent: {}
[443.206894] (-) TimerEvent: {}
[443.307879] (-) TimerEvent: {}
[443.408911] (-) TimerEvent: {}
[443.509897] (-) TimerEvent: {}
[443.610919] (-) TimerEvent: {}
[443.711855] (-) TimerEvent: {}
[443.813002] (-) TimerEvent: {}
[443.913970] (-) TimerEvent: {}
[444.014946] (-) TimerEvent: {}
[444.115976] (-) TimerEvent: {}
[444.217168] (-) TimerEvent: {}
[444.318084] (-) TimerEvent: {}
[444.419447] (-) TimerEvent: {}
[444.521350] (-) TimerEvent: {}
[444.622440] (-) TimerEvent: {}
[444.723383] (-) TimerEvent: {}
[444.824564] (-) TimerEvent: {}
[444.925588] (-) TimerEvent: {}
[445.026471] (-) TimerEvent: {}
[445.127481] (-) TimerEvent: {}
[445.228661] (-) TimerEvent: {}
[445.329708] (-) TimerEvent: {}
[445.430767] (-) TimerEvent: {}
[445.531757] (-) TimerEvent: {}
[445.632899] (-) TimerEvent: {}
[445.734224] (-) TimerEvent: {}
[445.835256] (-) TimerEvent: {}
[445.936541] (-) TimerEvent: {}
[446.037603] (-) TimerEvent: {}
[446.139723] (-) TimerEvent: {}
[446.241181] (-) TimerEvent: {}
[446.342166] (-) TimerEvent: {}
[446.443262] (-) TimerEvent: {}
[446.544330] (-) TimerEvent: {}
[446.645332] (-) TimerEvent: {}
[446.746370] (-) TimerEvent: {}
[446.847470] (-) TimerEvent: {}
[446.948609] (-) TimerEvent: {}
[447.049679] (-) TimerEvent: {}
[447.150777] (-) TimerEvent: {}
[447.251857] (-) TimerEvent: {}
[447.353049] (-) TimerEvent: {}
[447.495014] (-) TimerEvent: {}
[447.596082] (-) TimerEvent: {}
[447.697233] (-) TimerEvent: {}
[447.798391] (-) TimerEvent: {}
[447.899640] (-) TimerEvent: {}
[448.000862] (-) TimerEvent: {}
[448.102242] (-) TimerEvent: {}
[448.203862] (-) TimerEvent: {}
[448.304977] (-) TimerEvent: {}
[448.405981] (-) TimerEvent: {}
[448.507013] (-) TimerEvent: {}
[448.607978] (-) TimerEvent: {}
[448.710240] (-) TimerEvent: {}
[448.811240] (-) TimerEvent: {}
[448.912273] (-) TimerEvent: {}
[449.013348] (-) TimerEvent: {}
[449.114401] (-) TimerEvent: {}
[449.215524] (-) TimerEvent: {}
[449.316741] (-) TimerEvent: {}
[449.417741] (-) TimerEvent: {}
[449.519231] (-) TimerEvent: {}
[449.620376] (-) TimerEvent: {}
[449.721357] (-) TimerEvent: {}
[449.822403] (-) TimerEvent: {}
[449.923461] (-) TimerEvent: {}
[450.024485] (-) TimerEvent: {}
[450.125766] (-) TimerEvent: {}
[450.226838] (-) TimerEvent: {}
[450.327831] (-) TimerEvent: {}
[450.428930] (-) TimerEvent: {}
[450.529963] (-) TimerEvent: {}
[450.631049] (-) TimerEvent: {}
[450.732107] (-) TimerEvent: {}
[450.833245] (-) TimerEvent: {}
[450.934351] (-) TimerEvent: {}
[451.035520] (-) TimerEvent: {}
[451.136688] (-) TimerEvent: {}
[451.237651] (-) TimerEvent: {}
[451.338750] (-) TimerEvent: {}
[451.439803] (-) TimerEvent: {}
[451.540897] (-) TimerEvent: {}
[451.641999] (-) TimerEvent: {}
[451.743133] (-) TimerEvent: {}
[451.844254] (-) TimerEvent: {}
[451.945233] (-) TimerEvent: {}
[452.046206] (-) TimerEvent: {}
[452.147212] (-) TimerEvent: {}
[452.248297] (-) TimerEvent: {}
[452.349419] (-) TimerEvent: {}
[452.578963] (-) TimerEvent: {}
[452.681143] (-) TimerEvent: {}
[452.782395] (-) TimerEvent: {}
[452.883744] (-) TimerEvent: {}
[452.984810] (-) TimerEvent: {}
[453.085869] (-) TimerEvent: {}
[453.186885] (-) TimerEvent: {}
[453.287830] (-) TimerEvent: {}
[453.389096] (-) TimerEvent: {}
[453.490231] (-) TimerEvent: {}
[453.591341] (-) TimerEvent: {}
[453.692402] (-) TimerEvent: {}
[453.793421] (-) TimerEvent: {}
[453.894469] (-) TimerEvent: {}
[453.996345] (-) TimerEvent: {}
[454.097411] (-) TimerEvent: {}
[454.198402] (-) TimerEvent: {}
[454.299496] (-) TimerEvent: {}
[454.400723] (-) TimerEvent: {}
[454.501783] (-) TimerEvent: {}
[454.602761] (-) TimerEvent: {}
[454.703753] (-) TimerEvent: {}
[454.804831] (-) TimerEvent: {}
[454.905928] (-) TimerEvent: {}
[455.006984] (-) TimerEvent: {}
[455.108028] (-) TimerEvent: {}
[455.209236] (-) TimerEvent: {}
[455.310318] (-) TimerEvent: {}
[455.411387] (-) TimerEvent: {}
[455.512588] (-) TimerEvent: {}
[455.613698] (-) TimerEvent: {}
[455.714719] (-) TimerEvent: {}
[455.815785] (-) TimerEvent: {}
[455.917328] (-) TimerEvent: {}
[456.018806] (-) TimerEvent: {}
[456.120447] (-) TimerEvent: {}
[456.221531] (-) TimerEvent: {}
[456.322693] (-) TimerEvent: {}
[456.424562] (-) TimerEvent: {}
[456.526184] (-) TimerEvent: {}
[456.627205] (-) TimerEvent: {}
[456.728285] (-) TimerEvent: {}
[456.829295] (-) TimerEvent: {}
[456.930313] (-) TimerEvent: {}
[457.031291] (-) TimerEvent: {}
[457.132453] (-) TimerEvent: {}
[457.233495] (-) TimerEvent: {}
[457.334604] (-) TimerEvent: {}
[457.435632] (-) TimerEvent: {}
[457.667841] (-) TimerEvent: {}
[457.769361] (-) TimerEvent: {}
[457.870505] (-) TimerEvent: {}
[457.971594] (-) TimerEvent: {}
[458.073391] (-) TimerEvent: {}
[458.174475] (-) TimerEvent: {}
[458.275489] (-) TimerEvent: {}
[458.376566] (-) TimerEvent: {}
[458.477597] (-) TimerEvent: {}
[458.578876] (-) TimerEvent: {}
[458.680379] (-) TimerEvent: {}
[458.781505] (-) TimerEvent: {}
[458.882682] (-) TimerEvent: {}
[458.983839] (-) TimerEvent: {}
[459.084989] (-) TimerEvent: {}
[459.186095] (-) TimerEvent: {}
[459.287082] (-) TimerEvent: {}
[459.388218] (-) TimerEvent: {}
[459.489325] (-) TimerEvent: {}
[459.590379] (-) TimerEvent: {}
[459.691463] (-) TimerEvent: {}
[459.792820] (-) TimerEvent: {}
[459.893832] (-) TimerEvent: {}
[459.995251] (-) TimerEvent: {}
[460.096330] (-) TimerEvent: {}
[460.197385] (-) TimerEvent: {}
[460.298461] (-) TimerEvent: {}
[460.399572] (-) TimerEvent: {}
[460.500758] (-) TimerEvent: {}
[460.601878] (-) TimerEvent: {}
[460.702919] (-) TimerEvent: {}
[460.804018] (-) TimerEvent: {}
[460.905100] (-) TimerEvent: {}
[461.006087] (-) TimerEvent: {}
[461.107165] (-) TimerEvent: {}
[461.208456] (-) TimerEvent: {}
[461.309902] (-) TimerEvent: {}
[461.410922] (-) TimerEvent: {}
[461.511967] (-) TimerEvent: {}
[461.613070] (-) TimerEvent: {}
[461.714026] (-) TimerEvent: {}
[461.815059] (-) TimerEvent: {}
[461.916217] (-) TimerEvent: {}
[462.017339] (-) TimerEvent: {}
[462.118456] (-) TimerEvent: {}
[462.219642] (-) TimerEvent: {}
[462.320802] (-) TimerEvent: {}
[462.421855] (-) TimerEvent: {}
[462.523026] (-) TimerEvent: {}
[462.726099] (-) TimerEvent: {}
[462.827223] (-) TimerEvent: {}
[462.928353] (-) TimerEvent: {}
[463.029446] (-) TimerEvent: {}
[463.130584] (-) TimerEvent: {}
[463.163528] (hdl_localization) StdoutLine: {'line': b'[100%] \x1b[32m\x1b[1mLinking CXX executable hdl_localization_composition\x1b[0m\n'}
[463.231029] (-) TimerEvent: {}
[463.332404] (-) TimerEvent: {}
[463.433496] (-) TimerEvent: {}
[463.535295] (-) TimerEvent: {}
[463.636747] (-) TimerEvent: {}
[463.738134] (-) TimerEvent: {}
[463.839777] (-) TimerEvent: {}
[463.940876] (-) TimerEvent: {}
[464.041918] (-) TimerEvent: {}
[464.144268] (-) TimerEvent: {}
[464.245597] (-) TimerEvent: {}
[464.346677] (-) TimerEvent: {}
[464.447853] (-) TimerEvent: {}
[464.549063] (-) TimerEvent: {}
[464.650272] (-) TimerEvent: {}
[464.751350] (-) TimerEvent: {}
[464.852984] (-) TimerEvent: {}
[464.953948] (-) TimerEvent: {}
[465.055092] (-) TimerEvent: {}
[465.156089] (-) TimerEvent: {}
[465.257216] (-) TimerEvent: {}
[465.358329] (-) TimerEvent: {}
[465.459318] (-) TimerEvent: {}
[465.560393] (-) TimerEvent: {}
[465.661490] (-) TimerEvent: {}
[465.762599] (-) TimerEvent: {}
[465.863680] (-) TimerEvent: {}
[465.964964] (-) TimerEvent: {}
[466.066149] (-) TimerEvent: {}
[466.167316] (-) TimerEvent: {}
[466.269087] (-) TimerEvent: {}
[466.370172] (-) TimerEvent: {}
[466.471173] (-) TimerEvent: {}
[466.572341] (-) TimerEvent: {}
[466.673483] (-) TimerEvent: {}
[466.774568] (-) TimerEvent: {}
[466.875774] (-) TimerEvent: {}
[466.976910] (-) TimerEvent: {}
[467.077985] (-) TimerEvent: {}
[467.179175] (-) TimerEvent: {}
[467.280352] (-) TimerEvent: {}
[467.381371] (-) TimerEvent: {}
[467.482454] (-) TimerEvent: {}
[467.583587] (-) TimerEvent: {}
[467.818075] (-) TimerEvent: {}
[467.919611] (-) TimerEvent: {}
[468.020723] (-) TimerEvent: {}
[468.060283] (hdl_localization) StdoutLine: {'line': b'[100%] Built target hdl_localization_composition\n'}
[468.120963] (-) TimerEvent: {}
[468.221115] (hdl_localization) CommandEnded: {'returncode': 0}
[468.224438] (-) TimerEvent: {}
[468.327672] (-) TimerEvent: {}
[468.430545] (-) TimerEvent: {}
[468.531634] (-) TimerEvent: {}
[468.633367] (-) TimerEvent: {}
[468.734457] (-) TimerEvent: {}
[468.803952] (hdl_localization) JobProgress: {'identifier': 'hdl_localization', 'progress': 'install'}
[468.807278] (hdl_localization) Command: {'cmd': ['/usr/bin/cmake', '--install', '/home/ysc/lite_cog_ros2/nav/build/hdl_localization'], 'cwd': '/home/ysc/lite_cog_ros2/nav/build/hdl_localization', 'env': OrderedDict([('GJS_DEBUG_TOPICS', 'JS ERROR;JS LOG'), ('LESSOPEN', '| /usr/bin/lesspipe %s'), ('USER', 'ysc'), ('LC_TIME', 'zh_CN.UTF-8'), ('SSH_AGENT_PID', '1805'), ('XDG_SESSION_TYPE', 'x11'), ('SHLVL', '1'), ('LD_LIBRARY_PATH', '/home/ysc/lite_cog_ros2/nav/install/hdl_global_localization/lib:/home/ysc/lite_cog_ros2/ndt_omp/install/ndt_omp/lib:/home/ysc/lite_cog_ros2/fast_gicp/install/fast_gicp/lib:/usr/lib/aarch64-linux-gnu/gazebo-11/plugins:/opt/ros/foxy/opt/yaml_cpp_vendor/lib:/opt/ros/foxy/opt/rviz_ogre_vendor/lib:/opt/ros/foxy/lib/aarch64-linux-gnu:/opt/ros/foxy/lib:/usr/local/cuda-11.4/lib64'), ('HOME', '/home/ysc'), ('OLDPWD', '/home/ysc/lite_cog_ros2'), ('DESKTOP_SESSION', 'ubuntu'), ('ROS_PYTHON_VERSION', '3'), ('GNOME_SHELL_SESSION_MODE', 'ubuntu'), ('GTK_MODULES', 'gail:atk-bridge'), ('LC_MONETARY', 'zh_CN.UTF-8'), ('MANAGERPID', '1399'), ('ROS_LOG_DIR', '/home/ysc/lite_cog_ros2/system/log'), ('DBUS_SESSION_BUS_ADDRESS', 'unix:path=/run/user/1000/bus'), ('COLORTERM', 'truecolor'), ('_colcon_cd_root', '/opt/ros/foxy/'), ('IM_CONFIG_PHASE', '1'), ('COLCON_PREFIX_PATH', '/home/ysc/lite_cog_ros2/ndt_omp/install:/home/ysc/lite_cog_ros2/fast_gicp/install'), ('ROS_DISTRO', 'foxy'), ('LOGNAME', 'ysc'), ('JOURNAL_STREAM', '8:46044'), ('_', '/usr/bin/colcon'), ('ROS_VERSION', '2'), ('XDG_SESSION_CLASS', 'user'), ('USERNAME', 'ysc'), ('TERM', 'xterm-256color'), ('GNOME_DESKTOP_SESSION_ID', 'this-is-deprecated'), ('ROS_LOCALHOST_ONLY', '0'), ('WINDOWPATH', '2'), ('PATH', '/opt/ros/foxy/bin:/usr/local/cuda-11.4/bin:/home/ysc/.local/bin:/usr/local/sbin:/usr/local/bin:/usr/sbin:/usr/bin:/sbin:/bin:/usr/games:/usr/local/games:/snap/bin'), ('SESSION_MANAGER', 'local/lite:@/tmp/.ICE-unix/1983,unix/lite:/tmp/.ICE-unix/1983'), ('FASTRTPS_DEFAULT_PROFILES_FILE', '/home/ysc/lite_cog_ros2/system/fastdds_profile.xml'), ('INVOCATION_ID', '1bf911e44b454cbe8457b4f284c2b3c1'), ('XDG_MENU_PREFIX', 'gnome-'), ('LC_ADDRESS', 'zh_CN.UTF-8'), ('GNOME_TERMINAL_SCREEN', '/org/gnome/Terminal/screen/7ef9d830_3e2c_4561_8aa9_5b556ddb01fc'), ('XDG_RUNTIME_DIR', '/run/user/1000'), ('DISPLAY', ':0'), ('LANG', 'en_US.UTF-8'), ('XDG_CURRENT_DESKTOP', 'ubuntu:GNOME'), ('LC_TELEPHONE', 'zh_CN.UTF-8'), ('RMW_IMPLEMENTATION', 'rmw_cyclonedds_cpp'), ('XMODIFIERS', '@im=ibus'), ('XDG_SESSION_DESKTOP', 'ubuntu'), ('XAUTHORITY', '/run/user/1000/gdm/Xauthority'), ('LS_COLORS', 'rs=0:di=01;34:ln=01;36:mh=00:pi=40;33:so=01;35:do=01;35:bd=40;33;01:cd=40;33;01:or=40;31;01:mi=00:su=37;41:sg=30;43:ca=30;41:tw=30;42:ow=34;42:st=37;44:ex=01;32:*.tar=01;31:*.tgz=01;31:*.arc=01;31:*.arj=01;31:*.taz=01;31:*.lha=01;31:*.lz4=01;31:*.lzh=01;31:*.lzma=01;31:*.tlz=01;31:*.txz=01;31:*.tzo=01;31:*.t7z=01;31:*.zip=01;31:*.z=01;31:*.dz=01;31:*.gz=01;31:*.lrz=01;31:*.lz=01;31:*.lzo=01;31:*.xz=01;31:*.zst=01;31:*.tzst=01;31:*.bz2=01;31:*.bz=01;31:*.tbz=01;31:*.tbz2=01;31:*.tz=01;31:*.deb=01;31:*.rpm=01;31:*.jar=01;31:*.war=01;31:*.ear=01;31:*.sar=01;31:*.rar=01;31:*.alz=01;31:*.ace=01;31:*.zoo=01;31:*.cpio=01;31:*.7z=01;31:*.rz=01;31:*.cab=01;31:*.wim=01;31:*.swm=01;31:*.dwm=01;31:*.esd=01;31:*.jpg=01;35:*.jpeg=01;35:*.mjpg=01;35:*.mjpeg=01;35:*.gif=01;35:*.bmp=01;35:*.pbm=01;35:*.pgm=01;35:*.ppm=01;35:*.tga=01;35:*.xbm=01;35:*.xpm=01;35:*.tif=01;35:*.tiff=01;35:*.png=01;35:*.svg=01;35:*.svgz=01;35:*.mng=01;35:*.pcx=01;35:*.mov=01;35:*.mpg=01;35:*.mpeg=01;35:*.m2v=01;35:*.mkv=01;35:*.webm=01;35:*.ogm=01;35:*.mp4=01;35:*.m4v=01;35:*.mp4v=01;35:*.vob=01;35:*.qt=01;35:*.nuv=01;35:*.wmv=01;35:*.asf=01;35:*.rm=01;35:*.rmvb=01;35:*.flc=01;35:*.avi=01;35:*.fli=01;35:*.flv=01;35:*.gl=01;35:*.dl=01;35:*.xcf=01;35:*.xwd=01;35:*.yuv=01;35:*.cgm=01;35:*.emf=01;35:*.ogv=01;35:*.ogx=01;35:*.aac=00;36:*.au=00;36:*.flac=00;36:*.m4a=00;36:*.mid=00;36:*.midi=00;36:*.mka=00;36:*.mp3=00;36:*.mpc=00;36:*.ogg=00;36:*.ra=00;36:*.wav=00;36:*.oga=00;36:*.opus=00;36:*.spx=00;36:*.xspf=00;36:'), ('GNOME_TERMINAL_SERVICE', ':1.79'), ('SSH_AUTH_SOCK', '/run/user/1000/keyring/ssh'), ('ROS_DOMAIN_ID', '0'), ('AMENT_PREFIX_PATH', '/home/ysc/lite_cog_ros2/nav/install/hdl_global_localization:/home/ysc/lite_cog_ros2/ndt_omp/install/ndt_omp:/home/ysc/lite_cog_ros2/fast_gicp/install/fast_gicp:/opt/ros/foxy'), ('SHELL', '/bin/bash'), ('LC_NAME', 'zh_CN.UTF-8'), ('QT_ACCESSIBILITY', '1'), ('GDMSESSION', 'ubuntu'), ('LESSCLOSE', '/usr/bin/lesspipe %s %s'), ('LC_MEASUREMENT', 'zh_CN.UTF-8'), ('GPG_AGENT_INFO', '/run/user/1000/gnupg/S.gpg-agent:0:1'), ('GJS_DEBUG_OUTPUT', 'stderr'), ('LC_IDENTIFICATION', 'zh_CN.UTF-8'), ('QT_IM_MODULE', 'ibus'), ('PWD', '/home/ysc/lite_cog_ros2/nav/build/hdl_localization'), ('LC_ALL', 'en_US.UTF-8'), ('XDG_CONFIG_DIRS', '/etc/xdg/xdg-ubuntu:/etc/xdg'), ('XDG_DATA_DIRS', '/usr/share/ubuntu:/usr/local/share/:/usr/share/:/var/lib/snapd/desktop'), ('PYTHONPATH', '/home/ysc/lite_cog_ros2/nav/install/hdl_global_localization/lib/python3.8/site-packages:/opt/ros/foxy/lib/python3.8/site-packages'), ('LC_NUMERIC', 'zh_CN.UTF-8'), ('LC_PAPER', 'zh_CN.UTF-8'), ('COLCON', '1'), ('VTE_VERSION', '6003'), ('CMAKE_PREFIX_PATH', '/home/ysc/lite_cog_ros2/nav/install/hdl_global_localization:/home/ysc/lite_cog_ros2/ndt_omp/install/ndt_omp:/home/ysc/lite_cog_ros2/fast_gicp/install/fast_gicp:/opt/ros/foxy')]), 'shell': False}
[468.834813] (-) TimerEvent: {}
[468.867018] (hdl_localization) StdoutLine: {'line': b'-- Install configuration: "RELEASE"\n'}
[468.870219] (hdl_localization) StdoutLine: {'line': b'-- Execute custom install script\n'}
[468.935001] (-) TimerEvent: {}
[469.015102] (hdl_localization) StdoutLine: {'line': b'-- Symlinking: /home/ysc/lite_cog_ros2/nav/install/hdl_localization/share/ament_index/resource_index/rosidl_interfaces/hdl_localization\n'}
[469.035320] (-) TimerEvent: {}
[469.074022] (hdl_localization) StdoutLine: {'line': b'-- Symlinking: /home/ysc/lite_cog_ros2/nav/install/hdl_localization/include/hdl_localization/msg/detail/scan_matching_status__functions.h\n'}
[469.130671] (hdl_localization) StdoutLine: {'line': b'-- Symlinking: /home/ysc/lite_cog_ros2/nav/install/hdl_localization/include/hdl_localization/msg/detail/scan_matching_status__struct.h\n'}
[469.135573] (-) TimerEvent: {}
[469.200092] (hdl_localization) StdoutLine: {'line': b'-- Symlinking: /home/ysc/lite_cog_ros2/nav/install/hdl_localization/include/hdl_localization/msg/detail/scan_matching_status__type_support.h\n'}
[469.235909] (-) TimerEvent: {}
[469.262682] (hdl_localization) StdoutLine: {'line': b'-- Symlinking: /home/ysc/lite_cog_ros2/nav/install/hdl_localization/include/hdl_localization/msg/rosidl_generator_c__visibility_control.h\n'}
[469.326990] (hdl_localization) StdoutLine: {'line': b'-- Symlinking: /home/ysc/lite_cog_ros2/nav/install/hdl_localization/include/hdl_localization/msg/scan_matching_status.h\n'}
[469.336270] (-) TimerEvent: {}
[469.384409] (hdl_localization) StdoutLine: {'line': b'-- Symlinking: /home/ysc/lite_cog_ros2/nav/install/hdl_localization/share/hdl_localization/environment/library_path.sh\n'}
[469.436538] (-) TimerEvent: {}
[469.446267] (hdl_localization) StdoutLine: {'line': b'-- Symlinking: /home/ysc/lite_cog_ros2/nav/install/hdl_localization/share/hdl_localization/environment/library_path.dsv\n'}
[469.512801] (hdl_localization) StdoutLine: {'line': b'-- Symlinking: /home/ysc/lite_cog_ros2/nav/install/hdl_localization/include/hdl_localization/msg/detail/scan_matching_status__rosidl_typesupport_fastrtps_c.h\n'}
[469.536801] (-) TimerEvent: {}
[469.575975] (hdl_localization) StdoutLine: {'line': b'-- Symlinking: /home/ysc/lite_cog_ros2/nav/install/hdl_localization/include/hdl_localization/msg/rosidl_typesupport_fastrtps_c__visibility_control.h\n'}
[469.637205] (-) TimerEvent: {}
[469.641727] (hdl_localization) StdoutLine: {'line': b'-- Symlinking: /home/ysc/lite_cog_ros2/nav/install/hdl_localization/lib/libhdl_localization__rosidl_typesupport_fastrtps_c.so\n'}
[469.710683] (hdl_localization) StdoutLine: {'line': b'-- Symlinking: /home/ysc/lite_cog_ros2/nav/install/hdl_localization/include/hdl_localization/msg/detail/scan_matching_status__rosidl_typesupport_fastrtps_cpp.hpp\n'}
[469.737445] (-) TimerEvent: {}
[469.767923] (hdl_localization) StdoutLine: {'line': b'-- Symlinking: /home/ysc/lite_cog_ros2/nav/install/hdl_localization/include/hdl_localization/msg/rosidl_typesupport_fastrtps_cpp__visibility_control.h\n'}
[469.837821] (-) TimerEvent: {}
[469.839377] (hdl_localization) StdoutLine: {'line': b'-- Symlinking: /home/ysc/lite_cog_ros2/nav/install/hdl_localization/lib/libhdl_localization__rosidl_typesupport_fastrtps_cpp.so\n'}
[469.906727] (hdl_localization) StdoutLine: {'line': b'-- Symlinking: /home/ysc/lite_cog_ros2/nav/install/hdl_localization/include/hdl_localization/msg/detail/scan_matching_status__rosidl_typesupport_introspection_c.h\n'}
[469.938055] (-) TimerEvent: {}
[469.974009] (hdl_localization) StdoutLine: {'line': b'-- Symlinking: /home/ysc/lite_cog_ros2/nav/install/hdl_localization/include/hdl_localization/msg/rosidl_typesupport_introspection_c__visibility_control.h\n'}
[470.038636] (-) TimerEvent: {}
[470.052268] (hdl_localization) StdoutLine: {'line': b'-- Symlinking: /home/ysc/lite_cog_ros2/nav/install/hdl_localization/include/hdl_localization/msg/detail/scan_matching_status__builder.hpp\n'}
[470.113362] (hdl_localization) StdoutLine: {'line': b'-- Symlinking: /home/ysc/lite_cog_ros2/nav/install/hdl_localization/include/hdl_localization/msg/detail/scan_matching_status__struct.hpp\n'}
[470.138880] (-) TimerEvent: {}
[470.171798] (hdl_localization) StdoutLine: {'line': b'-- Symlinking: /home/ysc/lite_cog_ros2/nav/install/hdl_localization/include/hdl_localization/msg/detail/scan_matching_status__traits.hpp\n'}
[470.236208] (hdl_localization) StdoutLine: {'line': b'-- Symlinking: /home/ysc/lite_cog_ros2/nav/install/hdl_localization/include/hdl_localization/msg/detail/scan_matching_status__type_support.hpp\n'}
[470.239281] (-) TimerEvent: {}
[470.317969] (hdl_localization) StdoutLine: {'line': b'-- Symlinking: /home/ysc/lite_cog_ros2/nav/install/hdl_localization/include/hdl_localization/msg/rosidl_generator_cpp__visibility_control.hpp\n'}
[470.339514] (-) TimerEvent: {}
[470.375321] (hdl_localization) StdoutLine: {'line': b'-- Symlinking: /home/ysc/lite_cog_ros2/nav/install/hdl_localization/include/hdl_localization/msg/scan_matching_status.hpp\n'}
[470.439870] (-) TimerEvent: {}
[470.448919] (hdl_localization) StdoutLine: {'line': b'-- Symlinking: /home/ysc/lite_cog_ros2/nav/install/hdl_localization/include/hdl_localization/msg/detail/scan_matching_status__rosidl_typesupport_introspection_cpp.hpp\n'}
[470.515184] (hdl_localization) StdoutLine: {'line': b'-- Symlinking: /home/ysc/lite_cog_ros2/nav/install/hdl_localization/share/hdl_localization/environment/pythonpath.sh\n'}
[470.540300] (-) TimerEvent: {}
[470.606939] (hdl_localization) StdoutLine: {'line': b'-- Symlinking: /home/ysc/lite_cog_ros2/nav/install/hdl_localization/share/hdl_localization/environment/pythonpath.dsv\n'}
[470.640551] (-) TimerEvent: {}
[470.666396] (hdl_localization) StdoutLine: {'line': b'-- Symlinking: /home/ysc/lite_cog_ros2/nav/install/hdl_localization/lib/python3.8/site-packages/hdl_localization/__init__.py\n'}
[470.740986] (-) TimerEvent: {}
[470.842114] (-) TimerEvent: {}
[470.873812] (hdl_localization) StdoutLine: {'line': b'-- Symlinking: /home/ysc/lite_cog_ros2/nav/install/hdl_localization/lib/python3.8/site-packages/hdl_localization/msg/__init__.py\n'}
[470.937646] (hdl_localization) StdoutLine: {'line': b'-- Symlinking: /home/ysc/lite_cog_ros2/nav/install/hdl_localization/lib/python3.8/site-packages/hdl_localization/msg/_scan_matching_status.py\n'}
[470.942363] (-) TimerEvent: {}
[470.996018] (hdl_localization) StdoutLine: {'line': b'-- Symlinking: /home/ysc/lite_cog_ros2/nav/install/hdl_localization/lib/python3.8/site-packages/hdl_localization/hdl_localization_s__rosidl_typesupport_fastrtps_c.cpython-38-aarch64-linux-gnu.so\n'}
[471.042677] (-) TimerEvent: {}
[471.050406] (hdl_localization) StdoutLine: {'line': b'-- Symlinking: /home/ysc/lite_cog_ros2/nav/install/hdl_localization/lib/python3.8/site-packages/hdl_localization/hdl_localization_s__rosidl_typesupport_introspection_c.cpython-38-aarch64-linux-gnu.so\n'}
[471.127949] (hdl_localization) StdoutLine: {'line': b'-- Symlinking: /home/ysc/lite_cog_ros2/nav/install/hdl_localization/lib/python3.8/site-packages/hdl_localization/hdl_localization_s__rosidl_typesupport_c.cpython-38-aarch64-linux-gnu.so\n'}
[471.142945] (-) TimerEvent: {}
[471.197097] (hdl_localization) StdoutLine: {'line': b'-- Symlinking: /home/ysc/lite_cog_ros2/nav/install/hdl_localization/lib/libhdl_localization__python.so\n'}
[471.243448] (-) TimerEvent: {}
[471.271554] (hdl_localization) StdoutLine: {'line': b'-- Symlinking: /home/ysc/lite_cog_ros2/nav/install/hdl_localization/share/hdl_localization/msg/ScanMatchingStatus.idl\n'}
[471.343820] (-) TimerEvent: {}
[471.347364] (hdl_localization) StdoutLine: {'line': b'-- Symlinking: /home/ysc/lite_cog_ros2/nav/install/hdl_localization/share/hdl_localization/msg/ScanMatchingStatus.msg\n'}
[471.408653] (hdl_localization) StdoutLine: {'line': b'-- Symlinking: /home/ysc/lite_cog_ros2/nav/install/hdl_localization/lib/hdl_localization/hdl_localization_composition\n'}
[471.444358] (-) TimerEvent: {}
[471.477331] (hdl_localization) StdoutLine: {'line': b'-- Symlinking: /home/ysc/lite_cog_ros2/nav/install/hdl_localization/share/hdl_localization/launch/__pycache__/lite_localization.launch.cpython-38.pyc\n'}
[471.538248] (hdl_localization) StdoutLine: {'line': b'-- Symlinking: /home/ysc/lite_cog_ros2/nav/install/hdl_localization/share/hdl_localization/launch/lite_localization.launch.py\n'}
[471.545058] (-) TimerEvent: {}
[471.603037] (hdl_localization) StdoutLine: {'line': b'-- Symlinking: /home/ysc/lite_cog_ros2/nav/install/hdl_localization/include/hdl_localization/delta_estimater.hpp\n'}
[471.645313] (-) TimerEvent: {}
[471.663138] (hdl_localization) StdoutLine: {'line': b'-- Symlinking: /home/ysc/lite_cog_ros2/nav/install/hdl_localization/include/hdl_localization/odom_system.hpp\n'}
[471.728538] (hdl_localization) StdoutLine: {'line': b'-- Symlinking: /home/ysc/lite_cog_ros2/nav/install/hdl_localization/include/hdl_localization/pose_estimator.hpp\n'}
[471.745517] (-) TimerEvent: {}
[471.779777] (hdl_localization) StdoutLine: {'line': b'-- Symlinking: /home/ysc/lite_cog_ros2/nav/install/hdl_localization/include/hdl_localization/pose_system.hpp\n'}
[471.838368] (hdl_localization) StdoutLine: {'line': b'-- Symlinking: /home/ysc/lite_cog_ros2/nav/install/hdl_localization/include/kkl/alg/unscented_kalman_filter.hpp\n'}
[471.847123] (-) TimerEvent: {}
[471.921199] (hdl_localization) StdoutLine: {'line': b'-- Up-to-date symlink: /home/ysc/lite_cog_ros2/nav/install/hdl_localization/lib/hdl_localization/hdl_localization_composition\n'}
[471.925872] (hdl_localization) StdoutLine: {'line': b'-- Symlinking: /home/ysc/lite_cog_ros2/nav/install/hdl_localization/share/ament_index/resource_index/package_run_dependencies/hdl_localization\n'}
[471.946833] (-) TimerEvent: {}
[471.980347] (hdl_localization) StdoutLine: {'line': b'-- Symlinking: /home/ysc/lite_cog_ros2/nav/install/hdl_localization/share/ament_index/resource_index/parent_prefix_path/hdl_localization\n'}
[472.036070] (hdl_localization) StdoutLine: {'line': b'-- Symlinking: /home/ysc/lite_cog_ros2/nav/install/hdl_localization/share/hdl_localization/environment/ament_prefix_path.sh\n'}
[472.047852] (-) TimerEvent: {}
[472.095677] (hdl_localization) StdoutLine: {'line': b'-- Symlinking: /home/ysc/lite_cog_ros2/nav/install/hdl_localization/share/hdl_localization/environment/ament_prefix_path.dsv\n'}
[472.148096] (-) TimerEvent: {}
[472.157746] (hdl_localization) StdoutLine: {'line': b'-- Symlinking: /home/ysc/lite_cog_ros2/nav/install/hdl_localization/share/hdl_localization/environment/path.sh\n'}
[472.233394] (hdl_localization) StdoutLine: {'line': b'-- Symlinking: /home/ysc/lite_cog_ros2/nav/install/hdl_localization/share/hdl_localization/environment/path.dsv\n'}
[472.248445] (-) TimerEvent: {}
[472.295387] (hdl_localization) StdoutLine: {'line': b'-- Symlinking: /home/ysc/lite_cog_ros2/nav/install/hdl_localization/share/hdl_localization/local_setup.bash\n'}
[472.348834] (-) TimerEvent: {}
[472.359005] (hdl_localization) StdoutLine: {'line': b'-- Symlinking: /home/ysc/lite_cog_ros2/nav/install/hdl_localization/share/hdl_localization/local_setup.sh\n'}
[472.432434] (hdl_localization) StdoutLine: {'line': b'-- Symlinking: /home/ysc/lite_cog_ros2/nav/install/hdl_localization/share/hdl_localization/local_setup.zsh\n'}
[472.449062] (-) TimerEvent: {}
[472.485337] (hdl_localization) StdoutLine: {'line': b'-- Symlinking: /home/ysc/lite_cog_ros2/nav/install/hdl_localization/share/hdl_localization/local_setup.dsv\n'}
[472.549303] (-) TimerEvent: {}
[472.555196] (hdl_localization) StdoutLine: {'line': b'-- Symlinking: /home/ysc/lite_cog_ros2/nav/install/hdl_localization/share/hdl_localization/package.dsv\n'}
[472.649640] (-) TimerEvent: {}
[472.772263] (hdl_localization) StdoutLine: {'line': b'-- Symlinking: /home/ysc/lite_cog_ros2/nav/install/hdl_localization/share/ament_index/resource_index/packages/hdl_localization\n'}
[472.773016] (-) TimerEvent: {}
[472.843689] (hdl_localization) StdoutLine: {'line': b'-- Symlinking: /home/ysc/lite_cog_ros2/nav/install/hdl_localization/share/hdl_localization/cmake/rosidl_cmake-extras.cmake\n'}
[472.873315] (-) TimerEvent: {}
[472.922175] (hdl_localization) StdoutLine: {'line': b'-- Symlinking: /home/ysc/lite_cog_ros2/nav/install/hdl_localization/share/hdl_localization/cmake/ament_cmake_export_dependencies-extras.cmake\n'}
[472.973704] (-) TimerEvent: {}
[472.986870] (hdl_localization) StdoutLine: {'line': b'-- Symlinking: /home/ysc/lite_cog_ros2/nav/install/hdl_localization/share/hdl_localization/cmake/ament_cmake_export_libraries-extras.cmake\n'}
[473.064656] (hdl_localization) StdoutLine: {'line': b'-- Symlinking: /home/ysc/lite_cog_ros2/nav/install/hdl_localization/share/hdl_localization/cmake/ament_cmake_export_targets-extras.cmake\n'}
[473.074686] (-) TimerEvent: {}
[473.137470] (hdl_localization) StdoutLine: {'line': b'-- Symlinking: /home/ysc/lite_cog_ros2/nav/install/hdl_localization/share/hdl_localization/cmake/ament_cmake_export_include_directories-extras.cmake\n'}
[473.174791] (-) TimerEvent: {}
[473.191077] (hdl_localization) StdoutLine: {'line': b'-- Symlinking: /home/ysc/lite_cog_ros2/nav/install/hdl_localization/share/hdl_localization/cmake/rosidl_cmake_export_typesupport_libraries-extras.cmake\n'}
[473.266924] (hdl_localization) StdoutLine: {'line': b'-- Symlinking: /home/ysc/lite_cog_ros2/nav/install/hdl_localization/share/hdl_localization/cmake/rosidl_cmake_export_typesupport_targets-extras.cmake\n'}
[473.275867] (-) TimerEvent: {}
[473.330041] (hdl_localization) StdoutLine: {'line': b'-- Symlinking: /home/ysc/lite_cog_ros2/nav/install/hdl_localization/share/hdl_localization/cmake/hdl_localizationConfig.cmake\n'}
[473.375842] (-) TimerEvent: {}
[473.391409] (hdl_localization) StdoutLine: {'line': b'-- Symlinking: /home/ysc/lite_cog_ros2/nav/install/hdl_localization/share/hdl_localization/cmake/hdl_localizationConfig-version.cmake\n'}
[473.457506] (hdl_localization) StdoutLine: {'line': b'-- Symlinking: /home/ysc/lite_cog_ros2/nav/install/hdl_localization/share/hdl_localization/package.xml\n'}
[473.476398] (-) TimerEvent: {}
[473.525089] (hdl_localization) StdoutLine: {'line': b'-- Installing: /home/ysc/lite_cog_ros2/nav/install/hdl_localization/lib/libhdl_localization__rosidl_generator_c.so\n'}
[473.535669] (hdl_localization) StdoutLine: {'line': b'-- Set runtime path of "/home/ysc/lite_cog_ros2/nav/install/hdl_localization/lib/libhdl_localization__rosidl_generator_c.so" to ""\n'}
[473.542853] (hdl_localization) StdoutLine: {'line': b'-- Installing: /home/ysc/lite_cog_ros2/nav/install/hdl_localization/lib/libhdl_localization__rosidl_typesupport_introspection_c.so\n'}
[473.550387] (hdl_localization) StdoutLine: {'line': b'-- Set runtime path of "/home/ysc/lite_cog_ros2/nav/install/hdl_localization/lib/libhdl_localization__rosidl_typesupport_introspection_c.so" to ""\n'}
[473.551519] (hdl_localization) StdoutLine: {'line': b'-- Installing: /home/ysc/lite_cog_ros2/nav/install/hdl_localization/lib/libhdl_localization__rosidl_typesupport_c.so\n'}
[473.554968] (hdl_localization) StdoutLine: {'line': b'-- Set runtime path of "/home/ysc/lite_cog_ros2/nav/install/hdl_localization/lib/libhdl_localization__rosidl_typesupport_c.so" to ""\n'}
[473.556045] (hdl_localization) StdoutLine: {'line': b'-- Installing: /home/ysc/lite_cog_ros2/nav/install/hdl_localization/lib/libhdl_localization__rosidl_typesupport_introspection_cpp.so\n'}
[473.560416] (hdl_localization) StdoutLine: {'line': b'-- Set runtime path of "/home/ysc/lite_cog_ros2/nav/install/hdl_localization/lib/libhdl_localization__rosidl_typesupport_introspection_cpp.so" to ""\n'}
[473.561256] (hdl_localization) StdoutLine: {'line': b'-- Installing: /home/ysc/lite_cog_ros2/nav/install/hdl_localization/lib/libhdl_localization__rosidl_typesupport_cpp.so\n'}
[473.564445] (hdl_localization) StdoutLine: {'line': b'-- Set runtime path of "/home/ysc/lite_cog_ros2/nav/install/hdl_localization/lib/libhdl_localization__rosidl_typesupport_cpp.so" to ""\n'}
[473.576582] (-) TimerEvent: {}
[473.677437] (-) TimerEvent: {}
[473.737860] (hdl_localization) StdoutLine: {'line': b"Compiling '/home/ysc/lite_cog_ros2/nav/install/hdl_localization/lib/python3.8/site-packages/hdl_localization/__init__.py'...\n"}
[473.758822] (hdl_localization) StdoutLine: {'line': b'-- Installing: /home/ysc/lite_cog_ros2/nav/install/hdl_localization/share/hdl_localization/cmake/hdl_localization__rosidl_generator_cExport.cmake\n'}
[473.760365] (hdl_localization) StdoutLine: {'line': b'-- Installing: /home/ysc/lite_cog_ros2/nav/install/hdl_localization/share/hdl_localization/cmake/hdl_localization__rosidl_generator_cExport-release.cmake\n'}
[473.761612] (hdl_localization) StdoutLine: {'line': b'-- Installing: /home/ysc/lite_cog_ros2/nav/install/hdl_localization/share/hdl_localization/cmake/hdl_localization__rosidl_typesupport_introspection_cExport.cmake\n'}
[473.762755] (hdl_localization) StdoutLine: {'line': b'-- Installing: /home/ysc/lite_cog_ros2/nav/install/hdl_localization/share/hdl_localization/cmake/hdl_localization__rosidl_typesupport_introspection_cExport-release.cmake\n'}
[473.764348] (hdl_localization) StdoutLine: {'line': b'-- Installing: /home/ysc/lite_cog_ros2/nav/install/hdl_localization/share/hdl_localization/cmake/hdl_localization__rosidl_typesupport_cExport.cmake\n'}
[473.765367] (hdl_localization) StdoutLine: {'line': b'-- Installing: /home/ysc/lite_cog_ros2/nav/install/hdl_localization/share/hdl_localization/cmake/hdl_localization__rosidl_typesupport_cExport-release.cmake\n'}
[473.766626] (hdl_localization) StdoutLine: {'line': b'-- Installing: /home/ysc/lite_cog_ros2/nav/install/hdl_localization/share/hdl_localization/cmake/hdl_localization__rosidl_generator_cppExport.cmake\n'}
[473.768279] (hdl_localization) StdoutLine: {'line': b'-- Installing: /home/ysc/lite_cog_ros2/nav/install/hdl_localization/share/hdl_localization/cmake/hdl_localization__rosidl_typesupport_introspection_cppExport.cmake\n'}
[473.769727] (hdl_localization) StdoutLine: {'line': b'-- Installing: /home/ysc/lite_cog_ros2/nav/install/hdl_localization/share/hdl_localization/cmake/hdl_localization__rosidl_typesupport_introspection_cppExport-release.cmake\n'}
[473.770546] (hdl_localization) StdoutLine: {'line': b'-- Installing: /home/ysc/lite_cog_ros2/nav/install/hdl_localization/share/hdl_localization/cmake/hdl_localization__rosidl_typesupport_cppExport.cmake\n'}
[473.772280] (hdl_localization) StdoutLine: {'line': b'-- Installing: /home/ysc/lite_cog_ros2/nav/install/hdl_localization/share/hdl_localization/cmake/hdl_localization__rosidl_typesupport_cppExport-release.cmake\n'}
[473.777583] (-) TimerEvent: {}
[473.783729] (hdl_localization) CommandEnded: {'returncode': 0}
[473.880111] (-) TimerEvent: {}
[473.986952] (-) TimerEvent: {}
[474.088858] (-) TimerEvent: {}
[474.190218] (-) TimerEvent: {}
[474.291635] (-) TimerEvent: {}
[474.395000] (-) TimerEvent: {}
[474.415263] (hdl_localization) JobEnded: {'identifier': 'hdl_localization', 'rc': 0}
[474.422621] (-) EventReactorShutdown: {}
