[0.000000] (-) TimerEvent: {}
[0.000694] (dr_nav2) JobQueued: {'identifier': 'dr_nav2', 'dependencies': OrderedDict()}
[0.001842] (hdl_global_localization) JobQueued: {'identifier': 'hdl_global_localization', 'dependencies': OrderedDict()}
[0.003208] (sensor_test) JobQueued: {'identifier': 'sensor_test', 'dependencies': OrderedDict()}
[0.004078] (hdl_localization) JobQueued: {'identifier': 'hdl_localization', 'dependencies': OrderedDict([('hdl_global_localization', '/home/ysc/lite_cog_ros2/nav/install/hdl_global_localization')])}
[0.004807] (hdl_global_localization) JobStarted: {'identifier': 'hdl_global_localization'}
[0.098358] (-) TimerEvent: {}
[0.199645] (-) TimerEvent: {}
[0.300685] (-) TimerEvent: {}
[0.342345] (dr_nav2) JobStarted: {'identifier': 'dr_nav2'}
[0.405420] (sensor_test) JobStarted: {'identifier': 'sensor_test'}
[0.407502] (-) TimerEvent: {}
[0.468294] (hdl_global_localization) JobProgress: {'identifier': 'hdl_global_localization', 'progress': 'cmake'}
[0.507868] (-) TimerEvent: {}
[0.537210] (hdl_global_localization) JobProgress: {'identifier': 'hdl_global_localization', 'progress': 'build'}
[0.542447] (hdl_global_localization) Command: {'cmd': ['/usr/bin/cmake', '--build', '/home/ysc/lite_cog_ros2/nav/build/hdl_global_localization', '--', '-j6', '-l6'], 'cwd': '/home/ysc/lite_cog_ros2/nav/build/hdl_global_localization', 'env': OrderedDict([('GJS_DEBUG_TOPICS', 'JS ERROR;JS LOG'), ('LESSOPEN', '| /usr/bin/lesspipe %s'), ('USER', 'ysc'), ('LC_TIME', 'zh_CN.UTF-8'), ('SSH_AGENT_PID', '2002'), ('XDG_SESSION_TYPE', 'x11'), ('SHLVL', '2'), ('LD_LIBRARY_PATH', '/usr/local/cuda-11.4/lib64:/usr/lib/aarch64-linux-gnu/gazebo-11/plugins:/opt/ros/foxy/opt/yaml_cpp_vendor/lib:/opt/ros/foxy/opt/rviz_ogre_vendor/lib:/opt/ros/foxy/lib/aarch64-linux-gnu:/opt/ros/foxy/lib:/usr/local/cuda-11.4/lib64:'), ('HOME', '/home/ysc'), ('OLDPWD', '/home/ysc/lite_cog_ros2/nav/src/dr_nav2/config'), ('DESKTOP_SESSION', 'ubuntu'), ('JETSON_L4T', '35.4.1'), ('ROS_PYTHON_VERSION', '3'), ('GNOME_SHELL_SESSION_MODE', 'ubuntu'), ('GTK_MODULES', 'gail:atk-bridge'), ('JETSON_MODEL', 'NVIDIA Jetson Xavier NX Developer Kit'), ('LC_MONETARY', 'zh_CN.UTF-8'), ('MANAGERPID', '1564'), ('ROS_LOG_DIR', '/home/ysc/lite_cog_ros2/system/log'), ('DBUS_SESSION_BUS_ADDRESS', 'unix:path=/run/user/1000/bus'), ('COLORTERM', 'truecolor'), ('_colcon_cd_root', '/opt/ros/foxy/'), ('IM_CONFIG_PHASE', '1'), ('ROS_DISTRO', 'foxy'), ('LOGNAME', 'ysc'), ('JETSON_MODULE', 'NVIDIA Jetson Xavier NX'), ('JETSON_SERIAL_NUMBER', '1422822003249'), ('JOURNAL_STREAM', '8:44866'), ('_', '/usr/bin/colcon'), ('ROS_VERSION', '2'), ('JETSON_CODENAME', 'Jakku'), ('XDG_SESSION_CLASS', 'user'), ('USERNAME', 'ysc'), ('TERM', 'xterm-256color'), ('GNOME_DESKTOP_SESSION_ID', 'this-is-deprecated'), ('ROS_LOCALHOST_ONLY', '0'), ('WINDOWPATH', '2'), ('PATH', '/usr/local/cuda-11.4/bin:/opt/ros/foxy/bin:/usr/local/cuda-11.4/bin:/home/ysc/.local/bin:/usr/local/sbin:/usr/local/bin:/usr/sbin:/usr/bin:/sbin:/bin:/usr/games:/usr/local/games:/snap/bin'), ('SESSION_MANAGER', 'local/lite:@/tmp/.ICE-unix/2103,unix/lite:/tmp/.ICE-unix/2103'), ('INVOCATION_ID', '48e48ed605a7473faf1229757d62ee4f'), ('XDG_MENU_PREFIX', 'gnome-'), ('LC_ADDRESS', 'zh_CN.UTF-8'), ('GNOME_TERMINAL_SCREEN', '/org/gnome/Terminal/screen/4bc5433e_7edd_467c_8d6a_6879039ff7e2'), ('XDG_RUNTIME_DIR', '/run/user/1000'), ('DISPLAY', ':0'), ('LANG', 'en_US.UTF-8'), ('XDG_CURRENT_DESKTOP', 'ubuntu:GNOME'), ('LC_TELEPHONE', 'zh_CN.UTF-8'), ('RMW_IMPLEMENTATION', 'rmw_cyclonedds_cpp'), ('XMODIFIERS', '@im=ibus'), ('XDG_SESSION_DESKTOP', 'ubuntu'), ('XAUTHORITY', '/run/user/1000/gdm/Xauthority'), ('LS_COLORS', 'rs=0:di=01;34:ln=01;36:mh=00:pi=40;33:so=01;35:do=01;35:bd=40;33;01:cd=40;33;01:or=40;31;01:mi=00:su=37;41:sg=30;43:ca=30;41:tw=30;42:ow=34;42:st=37;44:ex=01;32:*.tar=01;31:*.tgz=01;31:*.arc=01;31:*.arj=01;31:*.taz=01;31:*.lha=01;31:*.lz4=01;31:*.lzh=01;31:*.lzma=01;31:*.tlz=01;31:*.txz=01;31:*.tzo=01;31:*.t7z=01;31:*.zip=01;31:*.z=01;31:*.dz=01;31:*.gz=01;31:*.lrz=01;31:*.lz=01;31:*.lzo=01;31:*.xz=01;31:*.zst=01;31:*.tzst=01;31:*.bz2=01;31:*.bz=01;31:*.tbz=01;31:*.tbz2=01;31:*.tz=01;31:*.deb=01;31:*.rpm=01;31:*.jar=01;31:*.war=01;31:*.ear=01;31:*.sar=01;31:*.rar=01;31:*.alz=01;31:*.ace=01;31:*.zoo=01;31:*.cpio=01;31:*.7z=01;31:*.rz=01;31:*.cab=01;31:*.wim=01;31:*.swm=01;31:*.dwm=01;31:*.esd=01;31:*.jpg=01;35:*.jpeg=01;35:*.mjpg=01;35:*.mjpeg=01;35:*.gif=01;35:*.bmp=01;35:*.pbm=01;35:*.pgm=01;35:*.ppm=01;35:*.tga=01;35:*.xbm=01;35:*.xpm=01;35:*.tif=01;35:*.tiff=01;35:*.png=01;35:*.svg=01;35:*.svgz=01;35:*.mng=01;35:*.pcx=01;35:*.mov=01;35:*.mpg=01;35:*.mpeg=01;35:*.m2v=01;35:*.mkv=01;35:*.webm=01;35:*.ogm=01;35:*.mp4=01;35:*.m4v=01;35:*.mp4v=01;35:*.vob=01;35:*.qt=01;35:*.nuv=01;35:*.wmv=01;35:*.asf=01;35:*.rm=01;35:*.rmvb=01;35:*.flc=01;35:*.avi=01;35:*.fli=01;35:*.flv=01;35:*.gl=01;35:*.dl=01;35:*.xcf=01;35:*.xwd=01;35:*.yuv=01;35:*.cgm=01;35:*.emf=01;35:*.ogv=01;35:*.ogx=01;35:*.aac=00;36:*.au=00;36:*.flac=00;36:*.m4a=00;36:*.mid=00;36:*.midi=00;36:*.mka=00;36:*.mp3=00;36:*.mpc=00;36:*.ogg=00;36:*.ra=00;36:*.wav=00;36:*.oga=00;36:*.opus=00;36:*.spx=00;36:*.xspf=00;36:'), ('JETSON_SOC', 'tegra194'), ('GNOME_TERMINAL_SERVICE', ':1.90'), ('SSH_AUTH_SOCK', '/run/user/1000/keyring/ssh'), ('ROS_DOMAIN_ID', '0'), ('AMENT_PREFIX_PATH', '/opt/ros/foxy'), ('SHELL', '/bin/bash'), ('LC_NAME', 'zh_CN.UTF-8'), ('QT_ACCESSIBILITY', '1'), ('GDMSESSION', 'ubuntu'), ('LESSCLOSE', '/usr/bin/lesspipe %s %s'), ('LC_MEASUREMENT', 'zh_CN.UTF-8'), ('GPG_AGENT_INFO', '/run/user/1000/gnupg/S.gpg-agent:0:1'), ('GJS_DEBUG_OUTPUT', 'stderr'), ('LC_IDENTIFICATION', 'zh_CN.UTF-8'), ('QT_IM_MODULE', 'ibus'), ('JETSON_CUDA_ARCH_BIN', '7.2'), ('PWD', '/home/ysc/lite_cog_ros2/nav/build/hdl_global_localization'), ('LC_ALL', 'en_US.UTF-8'), ('XDG_CONFIG_DIRS', '/etc/xdg/xdg-ubuntu:/etc/xdg'), ('XDG_DATA_DIRS', '/usr/share/ubuntu:/usr/local/share/:/usr/share/:/var/lib/snapd/desktop'), ('PYTHONPATH', '/opt/ros/foxy/lib/python3.8/site-packages'), ('LC_NUMERIC', 'zh_CN.UTF-8'), ('LC_PAPER', 'zh_CN.UTF-8'), ('COLCON', '1'), ('VTE_VERSION', '6003'), ('JETSON_JETPACK', '5.1.2'), ('JETSON_P_NUMBER', 'p3668-0001'), ('CMAKE_PREFIX_PATH', '/opt/ros/foxy')]), 'shell': False}
[0.610639] (-) TimerEvent: {}
[0.715140] (-) TimerEvent: {}
[0.739774] (dr_nav2) JobProgress: {'identifier': 'dr_nav2', 'progress': 'cmake'}
[0.760141] (dr_nav2) JobProgress: {'identifier': 'dr_nav2', 'progress': 'build'}
[0.771127] (dr_nav2) Command: {'cmd': ['/usr/bin/cmake', '--build', '/home/ysc/lite_cog_ros2/nav/build/dr_nav2', '--', '-j6', '-l6'], 'cwd': '/home/ysc/lite_cog_ros2/nav/build/dr_nav2', 'env': OrderedDict([('GJS_DEBUG_TOPICS', 'JS ERROR;JS LOG'), ('LESSOPEN', '| /usr/bin/lesspipe %s'), ('USER', 'ysc'), ('LC_TIME', 'zh_CN.UTF-8'), ('SSH_AGENT_PID', '2002'), ('XDG_SESSION_TYPE', 'x11'), ('SHLVL', '2'), ('LD_LIBRARY_PATH', '/usr/local/cuda-11.4/lib64:/usr/lib/aarch64-linux-gnu/gazebo-11/plugins:/opt/ros/foxy/opt/yaml_cpp_vendor/lib:/opt/ros/foxy/opt/rviz_ogre_vendor/lib:/opt/ros/foxy/lib/aarch64-linux-gnu:/opt/ros/foxy/lib:/usr/local/cuda-11.4/lib64:'), ('HOME', '/home/ysc'), ('OLDPWD', '/home/ysc/lite_cog_ros2/nav/src/dr_nav2/config'), ('DESKTOP_SESSION', 'ubuntu'), ('JETSON_L4T', '35.4.1'), ('ROS_PYTHON_VERSION', '3'), ('GNOME_SHELL_SESSION_MODE', 'ubuntu'), ('GTK_MODULES', 'gail:atk-bridge'), ('JETSON_MODEL', 'NVIDIA Jetson Xavier NX Developer Kit'), ('LC_MONETARY', 'zh_CN.UTF-8'), ('MANAGERPID', '1564'), ('ROS_LOG_DIR', '/home/ysc/lite_cog_ros2/system/log'), ('DBUS_SESSION_BUS_ADDRESS', 'unix:path=/run/user/1000/bus'), ('COLORTERM', 'truecolor'), ('_colcon_cd_root', '/opt/ros/foxy/'), ('IM_CONFIG_PHASE', '1'), ('ROS_DISTRO', 'foxy'), ('LOGNAME', 'ysc'), ('JETSON_MODULE', 'NVIDIA Jetson Xavier NX'), ('JETSON_SERIAL_NUMBER', '1422822003249'), ('JOURNAL_STREAM', '8:44866'), ('_', '/usr/bin/colcon'), ('ROS_VERSION', '2'), ('JETSON_CODENAME', 'Jakku'), ('XDG_SESSION_CLASS', 'user'), ('USERNAME', 'ysc'), ('TERM', 'xterm-256color'), ('GNOME_DESKTOP_SESSION_ID', 'this-is-deprecated'), ('ROS_LOCALHOST_ONLY', '0'), ('WINDOWPATH', '2'), ('PATH', '/usr/local/cuda-11.4/bin:/opt/ros/foxy/bin:/usr/local/cuda-11.4/bin:/home/ysc/.local/bin:/usr/local/sbin:/usr/local/bin:/usr/sbin:/usr/bin:/sbin:/bin:/usr/games:/usr/local/games:/snap/bin'), ('SESSION_MANAGER', 'local/lite:@/tmp/.ICE-unix/2103,unix/lite:/tmp/.ICE-unix/2103'), ('INVOCATION_ID', '48e48ed605a7473faf1229757d62ee4f'), ('XDG_MENU_PREFIX', 'gnome-'), ('LC_ADDRESS', 'zh_CN.UTF-8'), ('GNOME_TERMINAL_SCREEN', '/org/gnome/Terminal/screen/4bc5433e_7edd_467c_8d6a_6879039ff7e2'), ('XDG_RUNTIME_DIR', '/run/user/1000'), ('DISPLAY', ':0'), ('LANG', 'en_US.UTF-8'), ('XDG_CURRENT_DESKTOP', 'ubuntu:GNOME'), ('LC_TELEPHONE', 'zh_CN.UTF-8'), ('RMW_IMPLEMENTATION', 'rmw_cyclonedds_cpp'), ('XMODIFIERS', '@im=ibus'), ('XDG_SESSION_DESKTOP', 'ubuntu'), ('XAUTHORITY', '/run/user/1000/gdm/Xauthority'), ('LS_COLORS', 'rs=0:di=01;34:ln=01;36:mh=00:pi=40;33:so=01;35:do=01;35:bd=40;33;01:cd=40;33;01:or=40;31;01:mi=00:su=37;41:sg=30;43:ca=30;41:tw=30;42:ow=34;42:st=37;44:ex=01;32:*.tar=01;31:*.tgz=01;31:*.arc=01;31:*.arj=01;31:*.taz=01;31:*.lha=01;31:*.lz4=01;31:*.lzh=01;31:*.lzma=01;31:*.tlz=01;31:*.txz=01;31:*.tzo=01;31:*.t7z=01;31:*.zip=01;31:*.z=01;31:*.dz=01;31:*.gz=01;31:*.lrz=01;31:*.lz=01;31:*.lzo=01;31:*.xz=01;31:*.zst=01;31:*.tzst=01;31:*.bz2=01;31:*.bz=01;31:*.tbz=01;31:*.tbz2=01;31:*.tz=01;31:*.deb=01;31:*.rpm=01;31:*.jar=01;31:*.war=01;31:*.ear=01;31:*.sar=01;31:*.rar=01;31:*.alz=01;31:*.ace=01;31:*.zoo=01;31:*.cpio=01;31:*.7z=01;31:*.rz=01;31:*.cab=01;31:*.wim=01;31:*.swm=01;31:*.dwm=01;31:*.esd=01;31:*.jpg=01;35:*.jpeg=01;35:*.mjpg=01;35:*.mjpeg=01;35:*.gif=01;35:*.bmp=01;35:*.pbm=01;35:*.pgm=01;35:*.ppm=01;35:*.tga=01;35:*.xbm=01;35:*.xpm=01;35:*.tif=01;35:*.tiff=01;35:*.png=01;35:*.svg=01;35:*.svgz=01;35:*.mng=01;35:*.pcx=01;35:*.mov=01;35:*.mpg=01;35:*.mpeg=01;35:*.m2v=01;35:*.mkv=01;35:*.webm=01;35:*.ogm=01;35:*.mp4=01;35:*.m4v=01;35:*.mp4v=01;35:*.vob=01;35:*.qt=01;35:*.nuv=01;35:*.wmv=01;35:*.asf=01;35:*.rm=01;35:*.rmvb=01;35:*.flc=01;35:*.avi=01;35:*.fli=01;35:*.flv=01;35:*.gl=01;35:*.dl=01;35:*.xcf=01;35:*.xwd=01;35:*.yuv=01;35:*.cgm=01;35:*.emf=01;35:*.ogv=01;35:*.ogx=01;35:*.aac=00;36:*.au=00;36:*.flac=00;36:*.m4a=00;36:*.mid=00;36:*.midi=00;36:*.mka=00;36:*.mp3=00;36:*.mpc=00;36:*.ogg=00;36:*.ra=00;36:*.wav=00;36:*.oga=00;36:*.opus=00;36:*.spx=00;36:*.xspf=00;36:'), ('JETSON_SOC', 'tegra194'), ('GNOME_TERMINAL_SERVICE', ':1.90'), ('SSH_AUTH_SOCK', '/run/user/1000/keyring/ssh'), ('ROS_DOMAIN_ID', '0'), ('AMENT_PREFIX_PATH', '/opt/ros/foxy'), ('SHELL', '/bin/bash'), ('LC_NAME', 'zh_CN.UTF-8'), ('QT_ACCESSIBILITY', '1'), ('GDMSESSION', 'ubuntu'), ('LESSCLOSE', '/usr/bin/lesspipe %s %s'), ('LC_MEASUREMENT', 'zh_CN.UTF-8'), ('GPG_AGENT_INFO', '/run/user/1000/gnupg/S.gpg-agent:0:1'), ('GJS_DEBUG_OUTPUT', 'stderr'), ('LC_IDENTIFICATION', 'zh_CN.UTF-8'), ('QT_IM_MODULE', 'ibus'), ('JETSON_CUDA_ARCH_BIN', '7.2'), ('PWD', '/home/ysc/lite_cog_ros2/nav/build/dr_nav2'), ('LC_ALL', 'en_US.UTF-8'), ('XDG_CONFIG_DIRS', '/etc/xdg/xdg-ubuntu:/etc/xdg'), ('XDG_DATA_DIRS', '/usr/share/ubuntu:/usr/local/share/:/usr/share/:/var/lib/snapd/desktop'), ('PYTHONPATH', '/opt/ros/foxy/lib/python3.8/site-packages'), ('LC_NUMERIC', 'zh_CN.UTF-8'), ('LC_PAPER', 'zh_CN.UTF-8'), ('COLCON', '1'), ('VTE_VERSION', '6003'), ('JETSON_JETPACK', '5.1.2'), ('JETSON_P_NUMBER', 'p3668-0001'), ('CMAKE_PREFIX_PATH', '/opt/ros/foxy')]), 'shell': False}
[0.814450] (sensor_test) JobProgress: {'identifier': 'sensor_test', 'progress': 'cmake'}
[0.815919] (-) TimerEvent: {}
[0.917193] (-) TimerEvent: {}
[0.979108] (sensor_test) JobProgress: {'identifier': 'sensor_test', 'progress': 'build'}
[0.982163] (sensor_test) Command: {'cmd': ['/usr/bin/cmake', '--build', '/home/ysc/lite_cog_ros2/nav/build/sensor_test', '--', '-j6', '-l6'], 'cwd': '/home/ysc/lite_cog_ros2/nav/build/sensor_test', 'env': OrderedDict([('GJS_DEBUG_TOPICS', 'JS ERROR;JS LOG'), ('LESSOPEN', '| /usr/bin/lesspipe %s'), ('USER', 'ysc'), ('LC_TIME', 'zh_CN.UTF-8'), ('SSH_AGENT_PID', '2002'), ('XDG_SESSION_TYPE', 'x11'), ('SHLVL', '2'), ('LD_LIBRARY_PATH', '/usr/local/cuda-11.4/lib64:/usr/lib/aarch64-linux-gnu/gazebo-11/plugins:/opt/ros/foxy/opt/yaml_cpp_vendor/lib:/opt/ros/foxy/opt/rviz_ogre_vendor/lib:/opt/ros/foxy/lib/aarch64-linux-gnu:/opt/ros/foxy/lib:/usr/local/cuda-11.4/lib64:'), ('HOME', '/home/ysc'), ('OLDPWD', '/home/ysc/lite_cog_ros2/nav/src/dr_nav2/config'), ('DESKTOP_SESSION', 'ubuntu'), ('JETSON_L4T', '35.4.1'), ('ROS_PYTHON_VERSION', '3'), ('GNOME_SHELL_SESSION_MODE', 'ubuntu'), ('GTK_MODULES', 'gail:atk-bridge'), ('JETSON_MODEL', 'NVIDIA Jetson Xavier NX Developer Kit'), ('LC_MONETARY', 'zh_CN.UTF-8'), ('MANAGERPID', '1564'), ('ROS_LOG_DIR', '/home/ysc/lite_cog_ros2/system/log'), ('DBUS_SESSION_BUS_ADDRESS', 'unix:path=/run/user/1000/bus'), ('COLORTERM', 'truecolor'), ('_colcon_cd_root', '/opt/ros/foxy/'), ('IM_CONFIG_PHASE', '1'), ('ROS_DISTRO', 'foxy'), ('LOGNAME', 'ysc'), ('JETSON_MODULE', 'NVIDIA Jetson Xavier NX'), ('JETSON_SERIAL_NUMBER', '1422822003249'), ('JOURNAL_STREAM', '8:44866'), ('_', '/usr/bin/colcon'), ('ROS_VERSION', '2'), ('JETSON_CODENAME', 'Jakku'), ('XDG_SESSION_CLASS', 'user'), ('USERNAME', 'ysc'), ('TERM', 'xterm-256color'), ('GNOME_DESKTOP_SESSION_ID', 'this-is-deprecated'), ('ROS_LOCALHOST_ONLY', '0'), ('WINDOWPATH', '2'), ('PATH', '/usr/local/cuda-11.4/bin:/opt/ros/foxy/bin:/usr/local/cuda-11.4/bin:/home/ysc/.local/bin:/usr/local/sbin:/usr/local/bin:/usr/sbin:/usr/bin:/sbin:/bin:/usr/games:/usr/local/games:/snap/bin'), ('SESSION_MANAGER', 'local/lite:@/tmp/.ICE-unix/2103,unix/lite:/tmp/.ICE-unix/2103'), ('INVOCATION_ID', '48e48ed605a7473faf1229757d62ee4f'), ('XDG_MENU_PREFIX', 'gnome-'), ('LC_ADDRESS', 'zh_CN.UTF-8'), ('GNOME_TERMINAL_SCREEN', '/org/gnome/Terminal/screen/4bc5433e_7edd_467c_8d6a_6879039ff7e2'), ('XDG_RUNTIME_DIR', '/run/user/1000'), ('DISPLAY', ':0'), ('LANG', 'en_US.UTF-8'), ('XDG_CURRENT_DESKTOP', 'ubuntu:GNOME'), ('LC_TELEPHONE', 'zh_CN.UTF-8'), ('RMW_IMPLEMENTATION', 'rmw_cyclonedds_cpp'), ('XMODIFIERS', '@im=ibus'), ('XDG_SESSION_DESKTOP', 'ubuntu'), ('XAUTHORITY', '/run/user/1000/gdm/Xauthority'), ('LS_COLORS', 'rs=0:di=01;34:ln=01;36:mh=00:pi=40;33:so=01;35:do=01;35:bd=40;33;01:cd=40;33;01:or=40;31;01:mi=00:su=37;41:sg=30;43:ca=30;41:tw=30;42:ow=34;42:st=37;44:ex=01;32:*.tar=01;31:*.tgz=01;31:*.arc=01;31:*.arj=01;31:*.taz=01;31:*.lha=01;31:*.lz4=01;31:*.lzh=01;31:*.lzma=01;31:*.tlz=01;31:*.txz=01;31:*.tzo=01;31:*.t7z=01;31:*.zip=01;31:*.z=01;31:*.dz=01;31:*.gz=01;31:*.lrz=01;31:*.lz=01;31:*.lzo=01;31:*.xz=01;31:*.zst=01;31:*.tzst=01;31:*.bz2=01;31:*.bz=01;31:*.tbz=01;31:*.tbz2=01;31:*.tz=01;31:*.deb=01;31:*.rpm=01;31:*.jar=01;31:*.war=01;31:*.ear=01;31:*.sar=01;31:*.rar=01;31:*.alz=01;31:*.ace=01;31:*.zoo=01;31:*.cpio=01;31:*.7z=01;31:*.rz=01;31:*.cab=01;31:*.wim=01;31:*.swm=01;31:*.dwm=01;31:*.esd=01;31:*.jpg=01;35:*.jpeg=01;35:*.mjpg=01;35:*.mjpeg=01;35:*.gif=01;35:*.bmp=01;35:*.pbm=01;35:*.pgm=01;35:*.ppm=01;35:*.tga=01;35:*.xbm=01;35:*.xpm=01;35:*.tif=01;35:*.tiff=01;35:*.png=01;35:*.svg=01;35:*.svgz=01;35:*.mng=01;35:*.pcx=01;35:*.mov=01;35:*.mpg=01;35:*.mpeg=01;35:*.m2v=01;35:*.mkv=01;35:*.webm=01;35:*.ogm=01;35:*.mp4=01;35:*.m4v=01;35:*.mp4v=01;35:*.vob=01;35:*.qt=01;35:*.nuv=01;35:*.wmv=01;35:*.asf=01;35:*.rm=01;35:*.rmvb=01;35:*.flc=01;35:*.avi=01;35:*.fli=01;35:*.flv=01;35:*.gl=01;35:*.dl=01;35:*.xcf=01;35:*.xwd=01;35:*.yuv=01;35:*.cgm=01;35:*.emf=01;35:*.ogv=01;35:*.ogx=01;35:*.aac=00;36:*.au=00;36:*.flac=00;36:*.m4a=00;36:*.mid=00;36:*.midi=00;36:*.mka=00;36:*.mp3=00;36:*.mpc=00;36:*.ogg=00;36:*.ra=00;36:*.wav=00;36:*.oga=00;36:*.opus=00;36:*.spx=00;36:*.xspf=00;36:'), ('JETSON_SOC', 'tegra194'), ('GNOME_TERMINAL_SERVICE', ':1.90'), ('SSH_AUTH_SOCK', '/run/user/1000/keyring/ssh'), ('ROS_DOMAIN_ID', '0'), ('AMENT_PREFIX_PATH', '/opt/ros/foxy'), ('SHELL', '/bin/bash'), ('LC_NAME', 'zh_CN.UTF-8'), ('QT_ACCESSIBILITY', '1'), ('GDMSESSION', 'ubuntu'), ('LESSCLOSE', '/usr/bin/lesspipe %s %s'), ('LC_MEASUREMENT', 'zh_CN.UTF-8'), ('GPG_AGENT_INFO', '/run/user/1000/gnupg/S.gpg-agent:0:1'), ('GJS_DEBUG_OUTPUT', 'stderr'), ('LC_IDENTIFICATION', 'zh_CN.UTF-8'), ('QT_IM_MODULE', 'ibus'), ('JETSON_CUDA_ARCH_BIN', '7.2'), ('PWD', '/home/ysc/lite_cog_ros2/nav/build/sensor_test'), ('LC_ALL', 'en_US.UTF-8'), ('XDG_CONFIG_DIRS', '/etc/xdg/xdg-ubuntu:/etc/xdg'), ('XDG_DATA_DIRS', '/usr/share/ubuntu:/usr/local/share/:/usr/share/:/var/lib/snapd/desktop'), ('PYTHONPATH', '/opt/ros/foxy/lib/python3.8/site-packages'), ('LC_NUMERIC', 'zh_CN.UTF-8'), ('LC_PAPER', 'zh_CN.UTF-8'), ('COLCON', '1'), ('VTE_VERSION', '6003'), ('JETSON_JETPACK', '5.1.2'), ('JETSON_P_NUMBER', 'p3668-0001'), ('CMAKE_PREFIX_PATH', '/opt/ros/foxy')]), 'shell': False}
[1.017791] (-) TimerEvent: {}
[1.119338] (-) TimerEvent: {}
[1.220470] (-) TimerEvent: {}
[1.322070] (-) TimerEvent: {}
[1.423726] (-) TimerEvent: {}
[1.507584] (dr_nav2) CommandEnded: {'returncode': 0}
[1.532709] (-) TimerEvent: {}
[1.634685] (-) TimerEvent: {}
[1.663744] (dr_nav2) JobProgress: {'identifier': 'dr_nav2', 'progress': 'install'}
[1.731663] (hdl_global_localization) StdoutLine: {'line': b'[  1%] Built target hdl_global_localization__cpp\n'}
[1.735920] (-) TimerEvent: {}
[1.756435] (dr_nav2) Command: {'cmd': ['/usr/bin/cmake', '--install', '/home/ysc/lite_cog_ros2/nav/build/dr_nav2'], 'cwd': '/home/ysc/lite_cog_ros2/nav/build/dr_nav2', 'env': OrderedDict([('GJS_DEBUG_TOPICS', 'JS ERROR;JS LOG'), ('LESSOPEN', '| /usr/bin/lesspipe %s'), ('USER', 'ysc'), ('LC_TIME', 'zh_CN.UTF-8'), ('SSH_AGENT_PID', '2002'), ('XDG_SESSION_TYPE', 'x11'), ('SHLVL', '2'), ('LD_LIBRARY_PATH', '/usr/local/cuda-11.4/lib64:/usr/lib/aarch64-linux-gnu/gazebo-11/plugins:/opt/ros/foxy/opt/yaml_cpp_vendor/lib:/opt/ros/foxy/opt/rviz_ogre_vendor/lib:/opt/ros/foxy/lib/aarch64-linux-gnu:/opt/ros/foxy/lib:/usr/local/cuda-11.4/lib64:'), ('HOME', '/home/ysc'), ('OLDPWD', '/home/ysc/lite_cog_ros2/nav/src/dr_nav2/config'), ('DESKTOP_SESSION', 'ubuntu'), ('JETSON_L4T', '35.4.1'), ('ROS_PYTHON_VERSION', '3'), ('GNOME_SHELL_SESSION_MODE', 'ubuntu'), ('GTK_MODULES', 'gail:atk-bridge'), ('JETSON_MODEL', 'NVIDIA Jetson Xavier NX Developer Kit'), ('LC_MONETARY', 'zh_CN.UTF-8'), ('MANAGERPID', '1564'), ('ROS_LOG_DIR', '/home/ysc/lite_cog_ros2/system/log'), ('DBUS_SESSION_BUS_ADDRESS', 'unix:path=/run/user/1000/bus'), ('COLORTERM', 'truecolor'), ('_colcon_cd_root', '/opt/ros/foxy/'), ('IM_CONFIG_PHASE', '1'), ('ROS_DISTRO', 'foxy'), ('LOGNAME', 'ysc'), ('JETSON_MODULE', 'NVIDIA Jetson Xavier NX'), ('JETSON_SERIAL_NUMBER', '1422822003249'), ('JOURNAL_STREAM', '8:44866'), ('_', '/usr/bin/colcon'), ('ROS_VERSION', '2'), ('JETSON_CODENAME', 'Jakku'), ('XDG_SESSION_CLASS', 'user'), ('USERNAME', 'ysc'), ('TERM', 'xterm-256color'), ('GNOME_DESKTOP_SESSION_ID', 'this-is-deprecated'), ('ROS_LOCALHOST_ONLY', '0'), ('WINDOWPATH', '2'), ('PATH', '/usr/local/cuda-11.4/bin:/opt/ros/foxy/bin:/usr/local/cuda-11.4/bin:/home/ysc/.local/bin:/usr/local/sbin:/usr/local/bin:/usr/sbin:/usr/bin:/sbin:/bin:/usr/games:/usr/local/games:/snap/bin'), ('SESSION_MANAGER', 'local/lite:@/tmp/.ICE-unix/2103,unix/lite:/tmp/.ICE-unix/2103'), ('INVOCATION_ID', '48e48ed605a7473faf1229757d62ee4f'), ('XDG_MENU_PREFIX', 'gnome-'), ('LC_ADDRESS', 'zh_CN.UTF-8'), ('GNOME_TERMINAL_SCREEN', '/org/gnome/Terminal/screen/4bc5433e_7edd_467c_8d6a_6879039ff7e2'), ('XDG_RUNTIME_DIR', '/run/user/1000'), ('DISPLAY', ':0'), ('LANG', 'en_US.UTF-8'), ('XDG_CURRENT_DESKTOP', 'ubuntu:GNOME'), ('LC_TELEPHONE', 'zh_CN.UTF-8'), ('RMW_IMPLEMENTATION', 'rmw_cyclonedds_cpp'), ('XMODIFIERS', '@im=ibus'), ('XDG_SESSION_DESKTOP', 'ubuntu'), ('XAUTHORITY', '/run/user/1000/gdm/Xauthority'), ('LS_COLORS', 'rs=0:di=01;34:ln=01;36:mh=00:pi=40;33:so=01;35:do=01;35:bd=40;33;01:cd=40;33;01:or=40;31;01:mi=00:su=37;41:sg=30;43:ca=30;41:tw=30;42:ow=34;42:st=37;44:ex=01;32:*.tar=01;31:*.tgz=01;31:*.arc=01;31:*.arj=01;31:*.taz=01;31:*.lha=01;31:*.lz4=01;31:*.lzh=01;31:*.lzma=01;31:*.tlz=01;31:*.txz=01;31:*.tzo=01;31:*.t7z=01;31:*.zip=01;31:*.z=01;31:*.dz=01;31:*.gz=01;31:*.lrz=01;31:*.lz=01;31:*.lzo=01;31:*.xz=01;31:*.zst=01;31:*.tzst=01;31:*.bz2=01;31:*.bz=01;31:*.tbz=01;31:*.tbz2=01;31:*.tz=01;31:*.deb=01;31:*.rpm=01;31:*.jar=01;31:*.war=01;31:*.ear=01;31:*.sar=01;31:*.rar=01;31:*.alz=01;31:*.ace=01;31:*.zoo=01;31:*.cpio=01;31:*.7z=01;31:*.rz=01;31:*.cab=01;31:*.wim=01;31:*.swm=01;31:*.dwm=01;31:*.esd=01;31:*.jpg=01;35:*.jpeg=01;35:*.mjpg=01;35:*.mjpeg=01;35:*.gif=01;35:*.bmp=01;35:*.pbm=01;35:*.pgm=01;35:*.ppm=01;35:*.tga=01;35:*.xbm=01;35:*.xpm=01;35:*.tif=01;35:*.tiff=01;35:*.png=01;35:*.svg=01;35:*.svgz=01;35:*.mng=01;35:*.pcx=01;35:*.mov=01;35:*.mpg=01;35:*.mpeg=01;35:*.m2v=01;35:*.mkv=01;35:*.webm=01;35:*.ogm=01;35:*.mp4=01;35:*.m4v=01;35:*.mp4v=01;35:*.vob=01;35:*.qt=01;35:*.nuv=01;35:*.wmv=01;35:*.asf=01;35:*.rm=01;35:*.rmvb=01;35:*.flc=01;35:*.avi=01;35:*.fli=01;35:*.flv=01;35:*.gl=01;35:*.dl=01;35:*.xcf=01;35:*.xwd=01;35:*.yuv=01;35:*.cgm=01;35:*.emf=01;35:*.ogv=01;35:*.ogx=01;35:*.aac=00;36:*.au=00;36:*.flac=00;36:*.m4a=00;36:*.mid=00;36:*.midi=00;36:*.mka=00;36:*.mp3=00;36:*.mpc=00;36:*.ogg=00;36:*.ra=00;36:*.wav=00;36:*.oga=00;36:*.opus=00;36:*.spx=00;36:*.xspf=00;36:'), ('JETSON_SOC', 'tegra194'), ('GNOME_TERMINAL_SERVICE', ':1.90'), ('SSH_AUTH_SOCK', '/run/user/1000/keyring/ssh'), ('ROS_DOMAIN_ID', '0'), ('AMENT_PREFIX_PATH', '/opt/ros/foxy'), ('SHELL', '/bin/bash'), ('LC_NAME', 'zh_CN.UTF-8'), ('QT_ACCESSIBILITY', '1'), ('GDMSESSION', 'ubuntu'), ('LESSCLOSE', '/usr/bin/lesspipe %s %s'), ('LC_MEASUREMENT', 'zh_CN.UTF-8'), ('GPG_AGENT_INFO', '/run/user/1000/gnupg/S.gpg-agent:0:1'), ('GJS_DEBUG_OUTPUT', 'stderr'), ('LC_IDENTIFICATION', 'zh_CN.UTF-8'), ('QT_IM_MODULE', 'ibus'), ('JETSON_CUDA_ARCH_BIN', '7.2'), ('PWD', '/home/ysc/lite_cog_ros2/nav/build/dr_nav2'), ('LC_ALL', 'en_US.UTF-8'), ('XDG_CONFIG_DIRS', '/etc/xdg/xdg-ubuntu:/etc/xdg'), ('XDG_DATA_DIRS', '/usr/share/ubuntu:/usr/local/share/:/usr/share/:/var/lib/snapd/desktop'), ('PYTHONPATH', '/opt/ros/foxy/lib/python3.8/site-packages'), ('LC_NUMERIC', 'zh_CN.UTF-8'), ('LC_PAPER', 'zh_CN.UTF-8'), ('COLCON', '1'), ('VTE_VERSION', '6003'), ('JETSON_JETPACK', '5.1.2'), ('JETSON_P_NUMBER', 'p3668-0001'), ('CMAKE_PREFIX_PATH', '/opt/ros/foxy')]), 'shell': False}
[1.783669] (hdl_global_localization) StdoutLine: {'line': b'[ 10%] Built target hdl_global_localization__rosidl_generator_c\n'}
[1.836131] (-) TimerEvent: {}
[1.872225] (dr_nav2) StdoutLine: {'line': b'-- Install configuration: ""\n'}
[1.899182] (dr_nav2) StdoutLine: {'line': b'-- Execute custom install script\n'}
[1.906397] (dr_nav2) StdoutLine: {'line': b'-- Up-to-date symlink: /home/ysc/lite_cog_ros2/nav/install/dr_nav2/share/dr_nav2/config/lite_nav2.yaml\n'}
[1.911278] (dr_nav2) StdoutLine: {'line': b'-- Up-to-date symlink: /home/ysc/lite_cog_ros2/nav/install/dr_nav2/share/dr_nav2/launch/dr_nav2.launch.py\n'}
[1.920085] (dr_nav2) StdoutLine: {'line': b'-- Up-to-date symlink: /home/ysc/lite_cog_ros2/nav/install/dr_nav2/share/dr_nav2/rviz/dr_nav2.rviz\n'}
[1.945241] (-) TimerEvent: {}
[2.046438] (-) TimerEvent: {}
[2.075747] (sensor_test) StdoutLine: {'line': b'[100%] Built target sensor_test\n'}
[2.088791] (dr_nav2) StdoutLine: {'line': b'-- Up-to-date symlink: /home/ysc/lite_cog_ros2/nav/install/dr_nav2/share/ament_index/resource_index/package_run_dependencies/dr_nav2\n'}
[2.115270] (dr_nav2) StdoutLine: {'line': b'-- Up-to-date symlink: /home/ysc/lite_cog_ros2/nav/install/dr_nav2/share/ament_index/resource_index/parent_prefix_path/dr_nav2\n'}
[2.149480] (dr_nav2) StdoutLine: {'line': b'-- Up-to-date symlink: /home/ysc/lite_cog_ros2/nav/install/dr_nav2/share/dr_nav2/environment/ament_prefix_path.sh\n'}
[2.153809] (-) TimerEvent: {}
[2.162358] (dr_nav2) StdoutLine: {'line': b'-- Up-to-date symlink: /home/ysc/lite_cog_ros2/nav/install/dr_nav2/share/dr_nav2/environment/ament_prefix_path.dsv\n'}
[2.166881] (dr_nav2) StdoutLine: {'line': b'-- Up-to-date symlink: /home/ysc/lite_cog_ros2/nav/install/dr_nav2/share/dr_nav2/environment/path.sh\n'}
[2.167514] (dr_nav2) StdoutLine: {'line': b'-- Up-to-date symlink: /home/ysc/lite_cog_ros2/nav/install/dr_nav2/share/dr_nav2/environment/path.dsv\n'}
[2.168021] (dr_nav2) StdoutLine: {'line': b'-- Up-to-date symlink: /home/ysc/lite_cog_ros2/nav/install/dr_nav2/share/dr_nav2/local_setup.bash\n'}
[2.168498] (dr_nav2) StdoutLine: {'line': b'-- Up-to-date symlink: /home/ysc/lite_cog_ros2/nav/install/dr_nav2/share/dr_nav2/local_setup.sh\n'}
[2.169073] (dr_nav2) StdoutLine: {'line': b'-- Up-to-date symlink: /home/ysc/lite_cog_ros2/nav/install/dr_nav2/share/dr_nav2/local_setup.zsh\n'}
[2.169622] (dr_nav2) StdoutLine: {'line': b'-- Up-to-date symlink: /home/ysc/lite_cog_ros2/nav/install/dr_nav2/share/dr_nav2/local_setup.dsv\n'}
[2.170043] (dr_nav2) StdoutLine: {'line': b'-- Symlinking: /home/ysc/lite_cog_ros2/nav/install/dr_nav2/share/dr_nav2/package.dsv\n'}
[2.205580] (hdl_global_localization) StdoutLine: {'line': b'[ 18%] Built target hdl_global_localization__rosidl_typesupport_cpp\n'}
[2.249583] (sensor_test) CommandEnded: {'returncode': 0}
[2.288117] (-) TimerEvent: {}
[2.290326] (hdl_global_localization) StdoutLine: {'line': b'[ 27%] Built target hdl_global_localization__rosidl_typesupport_introspection_cpp\n'}
[2.293304] (hdl_global_localization) StdoutLine: {'line': b'[ 36%] Built target hdl_global_localization__rosidl_typesupport_c\n'}
[2.299403] (hdl_global_localization) StdoutLine: {'line': b'[ 44%] Built target hdl_global_localization__rosidl_typesupport_fastrtps_cpp\n'}
[2.306647] (hdl_global_localization) StdoutLine: {'line': b'[ 53%] Built target hdl_global_localization__rosidl_typesupport_introspection_c\n'}
[2.387376] (hdl_global_localization) StdoutLine: {'line': b'[ 65%] Built target hdl_global_localization_engines\n'}
[2.389231] (-) TimerEvent: {}
[2.453843] (sensor_test) JobProgress: {'identifier': 'sensor_test', 'progress': 'install'}
[2.455881] (sensor_test) Command: {'cmd': ['/usr/bin/cmake', '--install', '/home/ysc/lite_cog_ros2/nav/build/sensor_test'], 'cwd': '/home/ysc/lite_cog_ros2/nav/build/sensor_test', 'env': OrderedDict([('GJS_DEBUG_TOPICS', 'JS ERROR;JS LOG'), ('LESSOPEN', '| /usr/bin/lesspipe %s'), ('USER', 'ysc'), ('LC_TIME', 'zh_CN.UTF-8'), ('SSH_AGENT_PID', '2002'), ('XDG_SESSION_TYPE', 'x11'), ('SHLVL', '2'), ('LD_LIBRARY_PATH', '/usr/local/cuda-11.4/lib64:/usr/lib/aarch64-linux-gnu/gazebo-11/plugins:/opt/ros/foxy/opt/yaml_cpp_vendor/lib:/opt/ros/foxy/opt/rviz_ogre_vendor/lib:/opt/ros/foxy/lib/aarch64-linux-gnu:/opt/ros/foxy/lib:/usr/local/cuda-11.4/lib64:'), ('HOME', '/home/ysc'), ('OLDPWD', '/home/ysc/lite_cog_ros2/nav/src/dr_nav2/config'), ('DESKTOP_SESSION', 'ubuntu'), ('JETSON_L4T', '35.4.1'), ('ROS_PYTHON_VERSION', '3'), ('GNOME_SHELL_SESSION_MODE', 'ubuntu'), ('GTK_MODULES', 'gail:atk-bridge'), ('JETSON_MODEL', 'NVIDIA Jetson Xavier NX Developer Kit'), ('LC_MONETARY', 'zh_CN.UTF-8'), ('MANAGERPID', '1564'), ('ROS_LOG_DIR', '/home/ysc/lite_cog_ros2/system/log'), ('DBUS_SESSION_BUS_ADDRESS', 'unix:path=/run/user/1000/bus'), ('COLORTERM', 'truecolor'), ('_colcon_cd_root', '/opt/ros/foxy/'), ('IM_CONFIG_PHASE', '1'), ('ROS_DISTRO', 'foxy'), ('LOGNAME', 'ysc'), ('JETSON_MODULE', 'NVIDIA Jetson Xavier NX'), ('JETSON_SERIAL_NUMBER', '1422822003249'), ('JOURNAL_STREAM', '8:44866'), ('_', '/usr/bin/colcon'), ('ROS_VERSION', '2'), ('JETSON_CODENAME', 'Jakku'), ('XDG_SESSION_CLASS', 'user'), ('USERNAME', 'ysc'), ('TERM', 'xterm-256color'), ('GNOME_DESKTOP_SESSION_ID', 'this-is-deprecated'), ('ROS_LOCALHOST_ONLY', '0'), ('WINDOWPATH', '2'), ('PATH', '/usr/local/cuda-11.4/bin:/opt/ros/foxy/bin:/usr/local/cuda-11.4/bin:/home/ysc/.local/bin:/usr/local/sbin:/usr/local/bin:/usr/sbin:/usr/bin:/sbin:/bin:/usr/games:/usr/local/games:/snap/bin'), ('SESSION_MANAGER', 'local/lite:@/tmp/.ICE-unix/2103,unix/lite:/tmp/.ICE-unix/2103'), ('INVOCATION_ID', '48e48ed605a7473faf1229757d62ee4f'), ('XDG_MENU_PREFIX', 'gnome-'), ('LC_ADDRESS', 'zh_CN.UTF-8'), ('GNOME_TERMINAL_SCREEN', '/org/gnome/Terminal/screen/4bc5433e_7edd_467c_8d6a_6879039ff7e2'), ('XDG_RUNTIME_DIR', '/run/user/1000'), ('DISPLAY', ':0'), ('LANG', 'en_US.UTF-8'), ('XDG_CURRENT_DESKTOP', 'ubuntu:GNOME'), ('LC_TELEPHONE', 'zh_CN.UTF-8'), ('RMW_IMPLEMENTATION', 'rmw_cyclonedds_cpp'), ('XMODIFIERS', '@im=ibus'), ('XDG_SESSION_DESKTOP', 'ubuntu'), ('XAUTHORITY', '/run/user/1000/gdm/Xauthority'), ('LS_COLORS', 'rs=0:di=01;34:ln=01;36:mh=00:pi=40;33:so=01;35:do=01;35:bd=40;33;01:cd=40;33;01:or=40;31;01:mi=00:su=37;41:sg=30;43:ca=30;41:tw=30;42:ow=34;42:st=37;44:ex=01;32:*.tar=01;31:*.tgz=01;31:*.arc=01;31:*.arj=01;31:*.taz=01;31:*.lha=01;31:*.lz4=01;31:*.lzh=01;31:*.lzma=01;31:*.tlz=01;31:*.txz=01;31:*.tzo=01;31:*.t7z=01;31:*.zip=01;31:*.z=01;31:*.dz=01;31:*.gz=01;31:*.lrz=01;31:*.lz=01;31:*.lzo=01;31:*.xz=01;31:*.zst=01;31:*.tzst=01;31:*.bz2=01;31:*.bz=01;31:*.tbz=01;31:*.tbz2=01;31:*.tz=01;31:*.deb=01;31:*.rpm=01;31:*.jar=01;31:*.war=01;31:*.ear=01;31:*.sar=01;31:*.rar=01;31:*.alz=01;31:*.ace=01;31:*.zoo=01;31:*.cpio=01;31:*.7z=01;31:*.rz=01;31:*.cab=01;31:*.wim=01;31:*.swm=01;31:*.dwm=01;31:*.esd=01;31:*.jpg=01;35:*.jpeg=01;35:*.mjpg=01;35:*.mjpeg=01;35:*.gif=01;35:*.bmp=01;35:*.pbm=01;35:*.pgm=01;35:*.ppm=01;35:*.tga=01;35:*.xbm=01;35:*.xpm=01;35:*.tif=01;35:*.tiff=01;35:*.png=01;35:*.svg=01;35:*.svgz=01;35:*.mng=01;35:*.pcx=01;35:*.mov=01;35:*.mpg=01;35:*.mpeg=01;35:*.m2v=01;35:*.mkv=01;35:*.webm=01;35:*.ogm=01;35:*.mp4=01;35:*.m4v=01;35:*.mp4v=01;35:*.vob=01;35:*.qt=01;35:*.nuv=01;35:*.wmv=01;35:*.asf=01;35:*.rm=01;35:*.rmvb=01;35:*.flc=01;35:*.avi=01;35:*.fli=01;35:*.flv=01;35:*.gl=01;35:*.dl=01;35:*.xcf=01;35:*.xwd=01;35:*.yuv=01;35:*.cgm=01;35:*.emf=01;35:*.ogv=01;35:*.ogx=01;35:*.aac=00;36:*.au=00;36:*.flac=00;36:*.m4a=00;36:*.mid=00;36:*.midi=00;36:*.mka=00;36:*.mp3=00;36:*.mpc=00;36:*.ogg=00;36:*.ra=00;36:*.wav=00;36:*.oga=00;36:*.opus=00;36:*.spx=00;36:*.xspf=00;36:'), ('JETSON_SOC', 'tegra194'), ('GNOME_TERMINAL_SERVICE', ':1.90'), ('SSH_AUTH_SOCK', '/run/user/1000/keyring/ssh'), ('ROS_DOMAIN_ID', '0'), ('AMENT_PREFIX_PATH', '/opt/ros/foxy'), ('SHELL', '/bin/bash'), ('LC_NAME', 'zh_CN.UTF-8'), ('QT_ACCESSIBILITY', '1'), ('GDMSESSION', 'ubuntu'), ('LESSCLOSE', '/usr/bin/lesspipe %s %s'), ('LC_MEASUREMENT', 'zh_CN.UTF-8'), ('GPG_AGENT_INFO', '/run/user/1000/gnupg/S.gpg-agent:0:1'), ('GJS_DEBUG_OUTPUT', 'stderr'), ('LC_IDENTIFICATION', 'zh_CN.UTF-8'), ('QT_IM_MODULE', 'ibus'), ('JETSON_CUDA_ARCH_BIN', '7.2'), ('PWD', '/home/ysc/lite_cog_ros2/nav/build/sensor_test'), ('LC_ALL', 'en_US.UTF-8'), ('XDG_CONFIG_DIRS', '/etc/xdg/xdg-ubuntu:/etc/xdg'), ('XDG_DATA_DIRS', '/usr/share/ubuntu:/usr/local/share/:/usr/share/:/var/lib/snapd/desktop'), ('PYTHONPATH', '/opt/ros/foxy/lib/python3.8/site-packages'), ('LC_NUMERIC', 'zh_CN.UTF-8'), ('LC_PAPER', 'zh_CN.UTF-8'), ('COLCON', '1'), ('VTE_VERSION', '6003'), ('JETSON_JETPACK', '5.1.2'), ('JETSON_P_NUMBER', 'p3668-0001'), ('CMAKE_PREFIX_PATH', '/opt/ros/foxy')]), 'shell': False}
[2.473611] (dr_nav2) StdoutLine: {'line': b'-- Up-to-date symlink: /home/ysc/lite_cog_ros2/nav/install/dr_nav2/share/ament_index/resource_index/packages/dr_nav2\n'}
[2.483471] (dr_nav2) StdoutLine: {'line': b'-- Up-to-date symlink: /home/ysc/lite_cog_ros2/nav/install/dr_nav2/share/dr_nav2/cmake/dr_nav2Config.cmake\n'}
[2.484498] (dr_nav2) StdoutLine: {'line': b'-- Up-to-date symlink: /home/ysc/lite_cog_ros2/nav/install/dr_nav2/share/dr_nav2/cmake/dr_nav2Config-version.cmake\n'}
[2.485683] (dr_nav2) StdoutLine: {'line': b'-- Up-to-date symlink: /home/ysc/lite_cog_ros2/nav/install/dr_nav2/share/dr_nav2/package.xml\n'}
[2.492546] (-) TimerEvent: {}
[2.500522] (dr_nav2) CommandEnded: {'returncode': 0}
[2.593787] (-) TimerEvent: {}
[2.653513] (sensor_test) StdoutLine: {'line': b'-- Install configuration: "RELEASE"\n'}
[2.659883] (sensor_test) StdoutLine: {'line': b'-- Execute custom install script\n'}
[2.665990] (sensor_test) StdoutLine: {'line': b'-- Up-to-date symlink: /home/ysc/lite_cog_ros2/nav/install/sensor_test/lib/sensor_test/sensor_test\n'}
[2.673406] (sensor_test) StdoutLine: {'line': b'-- Up-to-date symlink: /home/ysc/lite_cog_ros2/nav/install/sensor_test/lib/sensor_test/sensor_test\n'}
[2.681572] (sensor_test) StdoutLine: {'line': b'-- Up-to-date symlink: /home/ysc/lite_cog_ros2/nav/install/sensor_test/share/ament_index/resource_index/package_run_dependencies/sensor_test\n'}
[2.682782] (sensor_test) StdoutLine: {'line': b'-- Up-to-date symlink: /home/ysc/lite_cog_ros2/nav/install/sensor_test/share/ament_index/resource_index/parent_prefix_path/sensor_test\n'}
[2.685159] (sensor_test) StdoutLine: {'line': b'-- Up-to-date symlink: /home/ysc/lite_cog_ros2/nav/install/sensor_test/share/sensor_test/environment/ament_prefix_path.sh\n'}
[2.688542] (sensor_test) StdoutLine: {'line': b'-- Up-to-date symlink: /home/ysc/lite_cog_ros2/nav/install/sensor_test/share/sensor_test/environment/ament_prefix_path.dsv\n'}
[2.693408] (sensor_test) StdoutLine: {'line': b'-- Up-to-date symlink: /home/ysc/lite_cog_ros2/nav/install/sensor_test/share/sensor_test/environment/path.sh\n'}
[2.697958] (-) TimerEvent: {}
[2.699007] (sensor_test) StdoutLine: {'line': b'-- Up-to-date symlink: /home/ysc/lite_cog_ros2/nav/install/sensor_test/share/sensor_test/environment/path.dsv\n'}
[2.700200] (sensor_test) StdoutLine: {'line': b'-- Up-to-date symlink: /home/ysc/lite_cog_ros2/nav/install/sensor_test/share/sensor_test/local_setup.bash\n'}
[2.703107] (sensor_test) StdoutLine: {'line': b'-- Up-to-date symlink: /home/ysc/lite_cog_ros2/nav/install/sensor_test/share/sensor_test/local_setup.sh\n'}
[2.709979] (sensor_test) StdoutLine: {'line': b'-- Up-to-date symlink: /home/ysc/lite_cog_ros2/nav/install/sensor_test/share/sensor_test/local_setup.zsh\n'}
[2.716632] (sensor_test) StdoutLine: {'line': b'-- Up-to-date symlink: /home/ysc/lite_cog_ros2/nav/install/sensor_test/share/sensor_test/local_setup.dsv\n'}
[2.718260] (sensor_test) StdoutLine: {'line': b'-- Symlinking: /home/ysc/lite_cog_ros2/nav/install/sensor_test/share/sensor_test/package.dsv\n'}
[2.794330] (hdl_global_localization) StdoutLine: {'line': b'[ 74%] Built target hdl_global_localization__rosidl_typesupport_fastrtps_c\n'}
[2.798377] (-) TimerEvent: {}
[2.899736] (-) TimerEvent: {}
[2.931270] (sensor_test) StdoutLine: {'line': b'-- Up-to-date symlink: /home/ysc/lite_cog_ros2/nav/install/sensor_test/share/ament_index/resource_index/packages/sensor_test\n'}
[2.936274] (sensor_test) StdoutLine: {'line': b'-- Up-to-date symlink: /home/ysc/lite_cog_ros2/nav/install/sensor_test/share/sensor_test/cmake/ament_cmake_export_dependencies-extras.cmake\n'}
[2.941787] (sensor_test) StdoutLine: {'line': b'-- Up-to-date symlink: /home/ysc/lite_cog_ros2/nav/install/sensor_test/share/sensor_test/cmake/sensor_testConfig.cmake\n'}
[2.946038] (sensor_test) StdoutLine: {'line': b'-- Up-to-date symlink: /home/ysc/lite_cog_ros2/nav/install/sensor_test/share/sensor_test/cmake/sensor_testConfig-version.cmake\n'}
[2.947057] (sensor_test) StdoutLine: {'line': b'-- Up-to-date symlink: /home/ysc/lite_cog_ros2/nav/install/sensor_test/share/sensor_test/package.xml\n'}
[2.997105] (dr_nav2) JobEnded: {'identifier': 'dr_nav2', 'rc': 0}
[3.005811] (-) TimerEvent: {}
[3.006638] (sensor_test) CommandEnded: {'returncode': 0}
[3.106663] (-) TimerEvent: {}
[3.201669] (hdl_global_localization) StdoutLine: {'line': b'[ 74%] Built target hdl_global_localization\n'}
[3.206559] (-) TimerEvent: {}
[3.272126] (sensor_test) JobEnded: {'identifier': 'sensor_test', 'rc': 0}
[3.306834] (-) TimerEvent: {}
[3.408249] (-) TimerEvent: {}
[3.509361] (-) TimerEvent: {}
[3.610380] (-) TimerEvent: {}
[3.664553] (hdl_global_localization) StdoutLine: {'line': b'[ 75%] Built target hdl_global_localization__py\n'}
[3.710609] (-) TimerEvent: {}
[3.772456] (hdl_global_localization) StdoutLine: {'line': b'[ 79%] Built target hdl_global_localization_test\n'}
[3.789154] (hdl_global_localization) StdoutLine: {'line': b'[ 82%] Built target hdl_global_localization_node\n'}
[3.810841] (-) TimerEvent: {}
[3.911899] (-) TimerEvent: {}
[4.013035] (-) TimerEvent: {}
[4.114016] (-) TimerEvent: {}
[4.148117] (hdl_global_localization) StdoutLine: {'line': b'[ 89%] Built target hdl_global_localization__python\n'}
[4.214253] (-) TimerEvent: {}
[4.315361] (-) TimerEvent: {}
[4.417120] (-) TimerEvent: {}
[4.518372] (-) TimerEvent: {}
[4.619845] (-) TimerEvent: {}
[4.631630] (hdl_global_localization) StdoutLine: {'line': b'[ 93%] Built target hdl_global_localization__rosidl_typesupport_introspection_c__pyext\n'}
[4.634505] (hdl_global_localization) StdoutLine: {'line': b'[ 96%] Built target hdl_global_localization__rosidl_typesupport_fastrtps_c__pyext\n'}
[4.643657] (hdl_global_localization) StdoutLine: {'line': b'[100%] Built target hdl_global_localization__rosidl_typesupport_c__pyext\n'}
[4.720454] (-) TimerEvent: {}
[4.723169] (hdl_global_localization) CommandEnded: {'returncode': 0}
[4.821448] (-) TimerEvent: {}
[4.923581] (-) TimerEvent: {}
[5.024582] (-) TimerEvent: {}
[5.125674] (-) TimerEvent: {}
[5.226721] (-) TimerEvent: {}
[5.327702] (-) TimerEvent: {}
[5.428847] (-) TimerEvent: {}
[5.530061] (-) TimerEvent: {}
[5.540284] (hdl_global_localization) JobProgress: {'identifier': 'hdl_global_localization', 'progress': 'install'}
[5.562421] (hdl_global_localization) Command: {'cmd': ['/usr/bin/cmake', '--install', '/home/ysc/lite_cog_ros2/nav/build/hdl_global_localization'], 'cwd': '/home/ysc/lite_cog_ros2/nav/build/hdl_global_localization', 'env': OrderedDict([('GJS_DEBUG_TOPICS', 'JS ERROR;JS LOG'), ('LESSOPEN', '| /usr/bin/lesspipe %s'), ('USER', 'ysc'), ('LC_TIME', 'zh_CN.UTF-8'), ('SSH_AGENT_PID', '2002'), ('XDG_SESSION_TYPE', 'x11'), ('SHLVL', '2'), ('LD_LIBRARY_PATH', '/usr/local/cuda-11.4/lib64:/usr/lib/aarch64-linux-gnu/gazebo-11/plugins:/opt/ros/foxy/opt/yaml_cpp_vendor/lib:/opt/ros/foxy/opt/rviz_ogre_vendor/lib:/opt/ros/foxy/lib/aarch64-linux-gnu:/opt/ros/foxy/lib:/usr/local/cuda-11.4/lib64:'), ('HOME', '/home/ysc'), ('OLDPWD', '/home/ysc/lite_cog_ros2/nav/src/dr_nav2/config'), ('DESKTOP_SESSION', 'ubuntu'), ('JETSON_L4T', '35.4.1'), ('ROS_PYTHON_VERSION', '3'), ('GNOME_SHELL_SESSION_MODE', 'ubuntu'), ('GTK_MODULES', 'gail:atk-bridge'), ('JETSON_MODEL', 'NVIDIA Jetson Xavier NX Developer Kit'), ('LC_MONETARY', 'zh_CN.UTF-8'), ('MANAGERPID', '1564'), ('ROS_LOG_DIR', '/home/ysc/lite_cog_ros2/system/log'), ('DBUS_SESSION_BUS_ADDRESS', 'unix:path=/run/user/1000/bus'), ('COLORTERM', 'truecolor'), ('_colcon_cd_root', '/opt/ros/foxy/'), ('IM_CONFIG_PHASE', '1'), ('ROS_DISTRO', 'foxy'), ('LOGNAME', 'ysc'), ('JETSON_MODULE', 'NVIDIA Jetson Xavier NX'), ('JETSON_SERIAL_NUMBER', '1422822003249'), ('JOURNAL_STREAM', '8:44866'), ('_', '/usr/bin/colcon'), ('ROS_VERSION', '2'), ('JETSON_CODENAME', 'Jakku'), ('XDG_SESSION_CLASS', 'user'), ('USERNAME', 'ysc'), ('TERM', 'xterm-256color'), ('GNOME_DESKTOP_SESSION_ID', 'this-is-deprecated'), ('ROS_LOCALHOST_ONLY', '0'), ('WINDOWPATH', '2'), ('PATH', '/usr/local/cuda-11.4/bin:/opt/ros/foxy/bin:/usr/local/cuda-11.4/bin:/home/ysc/.local/bin:/usr/local/sbin:/usr/local/bin:/usr/sbin:/usr/bin:/sbin:/bin:/usr/games:/usr/local/games:/snap/bin'), ('SESSION_MANAGER', 'local/lite:@/tmp/.ICE-unix/2103,unix/lite:/tmp/.ICE-unix/2103'), ('INVOCATION_ID', '48e48ed605a7473faf1229757d62ee4f'), ('XDG_MENU_PREFIX', 'gnome-'), ('LC_ADDRESS', 'zh_CN.UTF-8'), ('GNOME_TERMINAL_SCREEN', '/org/gnome/Terminal/screen/4bc5433e_7edd_467c_8d6a_6879039ff7e2'), ('XDG_RUNTIME_DIR', '/run/user/1000'), ('DISPLAY', ':0'), ('LANG', 'en_US.UTF-8'), ('XDG_CURRENT_DESKTOP', 'ubuntu:GNOME'), ('LC_TELEPHONE', 'zh_CN.UTF-8'), ('RMW_IMPLEMENTATION', 'rmw_cyclonedds_cpp'), ('XMODIFIERS', '@im=ibus'), ('XDG_SESSION_DESKTOP', 'ubuntu'), ('XAUTHORITY', '/run/user/1000/gdm/Xauthority'), ('LS_COLORS', 'rs=0:di=01;34:ln=01;36:mh=00:pi=40;33:so=01;35:do=01;35:bd=40;33;01:cd=40;33;01:or=40;31;01:mi=00:su=37;41:sg=30;43:ca=30;41:tw=30;42:ow=34;42:st=37;44:ex=01;32:*.tar=01;31:*.tgz=01;31:*.arc=01;31:*.arj=01;31:*.taz=01;31:*.lha=01;31:*.lz4=01;31:*.lzh=01;31:*.lzma=01;31:*.tlz=01;31:*.txz=01;31:*.tzo=01;31:*.t7z=01;31:*.zip=01;31:*.z=01;31:*.dz=01;31:*.gz=01;31:*.lrz=01;31:*.lz=01;31:*.lzo=01;31:*.xz=01;31:*.zst=01;31:*.tzst=01;31:*.bz2=01;31:*.bz=01;31:*.tbz=01;31:*.tbz2=01;31:*.tz=01;31:*.deb=01;31:*.rpm=01;31:*.jar=01;31:*.war=01;31:*.ear=01;31:*.sar=01;31:*.rar=01;31:*.alz=01;31:*.ace=01;31:*.zoo=01;31:*.cpio=01;31:*.7z=01;31:*.rz=01;31:*.cab=01;31:*.wim=01;31:*.swm=01;31:*.dwm=01;31:*.esd=01;31:*.jpg=01;35:*.jpeg=01;35:*.mjpg=01;35:*.mjpeg=01;35:*.gif=01;35:*.bmp=01;35:*.pbm=01;35:*.pgm=01;35:*.ppm=01;35:*.tga=01;35:*.xbm=01;35:*.xpm=01;35:*.tif=01;35:*.tiff=01;35:*.png=01;35:*.svg=01;35:*.svgz=01;35:*.mng=01;35:*.pcx=01;35:*.mov=01;35:*.mpg=01;35:*.mpeg=01;35:*.m2v=01;35:*.mkv=01;35:*.webm=01;35:*.ogm=01;35:*.mp4=01;35:*.m4v=01;35:*.mp4v=01;35:*.vob=01;35:*.qt=01;35:*.nuv=01;35:*.wmv=01;35:*.asf=01;35:*.rm=01;35:*.rmvb=01;35:*.flc=01;35:*.avi=01;35:*.fli=01;35:*.flv=01;35:*.gl=01;35:*.dl=01;35:*.xcf=01;35:*.xwd=01;35:*.yuv=01;35:*.cgm=01;35:*.emf=01;35:*.ogv=01;35:*.ogx=01;35:*.aac=00;36:*.au=00;36:*.flac=00;36:*.m4a=00;36:*.mid=00;36:*.midi=00;36:*.mka=00;36:*.mp3=00;36:*.mpc=00;36:*.ogg=00;36:*.ra=00;36:*.wav=00;36:*.oga=00;36:*.opus=00;36:*.spx=00;36:*.xspf=00;36:'), ('JETSON_SOC', 'tegra194'), ('GNOME_TERMINAL_SERVICE', ':1.90'), ('SSH_AUTH_SOCK', '/run/user/1000/keyring/ssh'), ('ROS_DOMAIN_ID', '0'), ('AMENT_PREFIX_PATH', '/opt/ros/foxy'), ('SHELL', '/bin/bash'), ('LC_NAME', 'zh_CN.UTF-8'), ('QT_ACCESSIBILITY', '1'), ('GDMSESSION', 'ubuntu'), ('LESSCLOSE', '/usr/bin/lesspipe %s %s'), ('LC_MEASUREMENT', 'zh_CN.UTF-8'), ('GPG_AGENT_INFO', '/run/user/1000/gnupg/S.gpg-agent:0:1'), ('GJS_DEBUG_OUTPUT', 'stderr'), ('LC_IDENTIFICATION', 'zh_CN.UTF-8'), ('QT_IM_MODULE', 'ibus'), ('JETSON_CUDA_ARCH_BIN', '7.2'), ('PWD', '/home/ysc/lite_cog_ros2/nav/build/hdl_global_localization'), ('LC_ALL', 'en_US.UTF-8'), ('XDG_CONFIG_DIRS', '/etc/xdg/xdg-ubuntu:/etc/xdg'), ('XDG_DATA_DIRS', '/usr/share/ubuntu:/usr/local/share/:/usr/share/:/var/lib/snapd/desktop'), ('PYTHONPATH', '/opt/ros/foxy/lib/python3.8/site-packages'), ('LC_NUMERIC', 'zh_CN.UTF-8'), ('LC_PAPER', 'zh_CN.UTF-8'), ('COLCON', '1'), ('VTE_VERSION', '6003'), ('JETSON_JETPACK', '5.1.2'), ('JETSON_P_NUMBER', 'p3668-0001'), ('CMAKE_PREFIX_PATH', '/opt/ros/foxy')]), 'shell': False}
[5.630452] (-) TimerEvent: {}
[5.731948] (-) TimerEvent: {}
[5.766917] (hdl_global_localization) StdoutLine: {'line': b'-- Install configuration: ""\n'}
[5.772697] (hdl_global_localization) StdoutLine: {'line': b'-- Execute custom install script\n'}
[5.776823] (hdl_global_localization) StdoutLine: {'line': b'-- Up-to-date symlink: /home/ysc/lite_cog_ros2/nav/install/hdl_global_localization/share/ament_index/resource_index/rosidl_interfaces/hdl_global_localization\n'}
[5.783959] (hdl_global_localization) StdoutLine: {'line': b'-- Up-to-date symlink: /home/ysc/lite_cog_ros2/nav/install/hdl_global_localization/include/hdl_global_localization/msg/rosidl_generator_c__visibility_control.h\n'}
[5.786249] (hdl_global_localization) StdoutLine: {'line': b'-- Up-to-date symlink: /home/ysc/lite_cog_ros2/nav/install/hdl_global_localization/include/hdl_global_localization/srv/detail/query_global_localization__functions.h\n'}
[5.788444] (hdl_global_localization) StdoutLine: {'line': b'-- Up-to-date symlink: /home/ysc/lite_cog_ros2/nav/install/hdl_global_localization/include/hdl_global_localization/srv/detail/query_global_localization__struct.h\n'}
[5.793548] (hdl_global_localization) StdoutLine: {'line': b'-- Up-to-date symlink: /home/ysc/lite_cog_ros2/nav/install/hdl_global_localization/include/hdl_global_localization/srv/detail/query_global_localization__type_support.h\n'}
[5.794581] (hdl_global_localization) StdoutLine: {'line': b'-- Up-to-date symlink: /home/ysc/lite_cog_ros2/nav/install/hdl_global_localization/include/hdl_global_localization/srv/detail/set_global_localization_engine__functions.h\n'}
[5.795475] (hdl_global_localization) StdoutLine: {'line': b'-- Up-to-date symlink: /home/ysc/lite_cog_ros2/nav/install/hdl_global_localization/include/hdl_global_localization/srv/detail/set_global_localization_engine__struct.h\n'}
[5.797860] (hdl_global_localization) StdoutLine: {'line': b'-- Up-to-date symlink: /home/ysc/lite_cog_ros2/nav/install/hdl_global_localization/include/hdl_global_localization/srv/detail/set_global_localization_engine__type_support.h\n'}
[5.799851] (hdl_global_localization) StdoutLine: {'line': b'-- Up-to-date symlink: /home/ysc/lite_cog_ros2/nav/install/hdl_global_localization/include/hdl_global_localization/srv/detail/set_global_map__functions.h\n'}
[5.802285] (hdl_global_localization) StdoutLine: {'line': b'-- Up-to-date symlink: /home/ysc/lite_cog_ros2/nav/install/hdl_global_localization/include/hdl_global_localization/srv/detail/set_global_map__struct.h\n'}
[5.805252] (hdl_global_localization) StdoutLine: {'line': b'-- Up-to-date symlink: /home/ysc/lite_cog_ros2/nav/install/hdl_global_localization/include/hdl_global_localization/srv/detail/set_global_map__type_support.h\n'}
[5.807758] (hdl_global_localization) StdoutLine: {'line': b'-- Up-to-date symlink: /home/ysc/lite_cog_ros2/nav/install/hdl_global_localization/include/hdl_global_localization/srv/query_global_localization.h\n'}
[5.809895] (hdl_global_localization) StdoutLine: {'line': b'-- Up-to-date symlink: /home/ysc/lite_cog_ros2/nav/install/hdl_global_localization/include/hdl_global_localization/srv/set_global_localization_engine.h\n'}
[5.812010] (hdl_global_localization) StdoutLine: {'line': b'-- Up-to-date symlink: /home/ysc/lite_cog_ros2/nav/install/hdl_global_localization/include/hdl_global_localization/srv/set_global_map.h\n'}
[5.814943] (hdl_global_localization) StdoutLine: {'line': b'-- Up-to-date symlink: /home/ysc/lite_cog_ros2/nav/install/hdl_global_localization/share/hdl_global_localization/environment/library_path.sh\n'}
[5.817125] (hdl_global_localization) StdoutLine: {'line': b'-- Up-to-date symlink: /home/ysc/lite_cog_ros2/nav/install/hdl_global_localization/share/hdl_global_localization/environment/library_path.dsv\n'}
[5.823503] (hdl_global_localization) StdoutLine: {'line': b'-- Up-to-date symlink: /home/ysc/lite_cog_ros2/nav/install/hdl_global_localization/include/hdl_global_localization/msg/rosidl_typesupport_fastrtps_c__visibility_control.h\n'}
[5.825626] (hdl_global_localization) StdoutLine: {'line': b'-- Up-to-date symlink: /home/ysc/lite_cog_ros2/nav/install/hdl_global_localization/include/hdl_global_localization/srv/detail/query_global_localization__rosidl_typesupport_fastrtps_c.h\n'}
[5.828129] (hdl_global_localization) StdoutLine: {'line': b'-- Up-to-date symlink: /home/ysc/lite_cog_ros2/nav/install/hdl_global_localization/include/hdl_global_localization/srv/detail/set_global_localization_engine__rosidl_typesupport_fastrtps_c.h\n'}
[5.830071] (hdl_global_localization) StdoutLine: {'line': b'-- Up-to-date symlink: /home/ysc/lite_cog_ros2/nav/install/hdl_global_localization/include/hdl_global_localization/srv/detail/set_global_map__rosidl_typesupport_fastrtps_c.h\n'}
[5.832043] (-) TimerEvent: {}
[5.834341] (hdl_global_localization) StdoutLine: {'line': b'-- Up-to-date symlink: /home/ysc/lite_cog_ros2/nav/install/hdl_global_localization/lib/libhdl_global_localization__rosidl_typesupport_fastrtps_c.so\n'}
[5.841153] (hdl_global_localization) StdoutLine: {'line': b'-- Up-to-date symlink: /home/ysc/lite_cog_ros2/nav/install/hdl_global_localization/include/hdl_global_localization/msg/rosidl_typesupport_fastrtps_cpp__visibility_control.h\n'}
[5.843614] (hdl_global_localization) StdoutLine: {'line': b'-- Up-to-date symlink: /home/ysc/lite_cog_ros2/nav/install/hdl_global_localization/include/hdl_global_localization/srv/detail/query_global_localization__rosidl_typesupport_fastrtps_cpp.hpp\n'}
[5.845956] (hdl_global_localization) StdoutLine: {'line': b'-- Up-to-date symlink: /home/ysc/lite_cog_ros2/nav/install/hdl_global_localization/include/hdl_global_localization/srv/detail/set_global_localization_engine__rosidl_typesupport_fastrtps_cpp.hpp\n'}
[5.848801] (hdl_global_localization) StdoutLine: {'line': b'-- Up-to-date symlink: /home/ysc/lite_cog_ros2/nav/install/hdl_global_localization/include/hdl_global_localization/srv/detail/set_global_map__rosidl_typesupport_fastrtps_cpp.hpp\n'}
[5.853417] (hdl_global_localization) StdoutLine: {'line': b'-- Up-to-date symlink: /home/ysc/lite_cog_ros2/nav/install/hdl_global_localization/lib/libhdl_global_localization__rosidl_typesupport_fastrtps_cpp.so\n'}
[5.858221] (hdl_global_localization) StdoutLine: {'line': b'-- Up-to-date symlink: /home/ysc/lite_cog_ros2/nav/install/hdl_global_localization/include/hdl_global_localization/msg/rosidl_typesupport_introspection_c__visibility_control.h\n'}
[5.860603] (hdl_global_localization) StdoutLine: {'line': b'-- Up-to-date symlink: /home/ysc/lite_cog_ros2/nav/install/hdl_global_localization/include/hdl_global_localization/srv/detail/query_global_localization__rosidl_typesupport_introspection_c.h\n'}
[5.864534] (hdl_global_localization) StdoutLine: {'line': b'-- Up-to-date symlink: /home/ysc/lite_cog_ros2/nav/install/hdl_global_localization/include/hdl_global_localization/srv/detail/set_global_localization_engine__rosidl_typesupport_introspection_c.h\n'}
[5.866264] (hdl_global_localization) StdoutLine: {'line': b'-- Up-to-date symlink: /home/ysc/lite_cog_ros2/nav/install/hdl_global_localization/include/hdl_global_localization/srv/detail/set_global_map__rosidl_typesupport_introspection_c.h\n'}
[5.873027] (hdl_global_localization) StdoutLine: {'line': b'-- Up-to-date symlink: /home/ysc/lite_cog_ros2/nav/install/hdl_global_localization/include/hdl_global_localization/msg/rosidl_generator_cpp__visibility_control.hpp\n'}
[5.875304] (hdl_global_localization) StdoutLine: {'line': b'-- Up-to-date symlink: /home/ysc/lite_cog_ros2/nav/install/hdl_global_localization/include/hdl_global_localization/srv/detail/query_global_localization__builder.hpp\n'}
[5.878552] (hdl_global_localization) StdoutLine: {'line': b'-- Up-to-date symlink: /home/ysc/lite_cog_ros2/nav/install/hdl_global_localization/include/hdl_global_localization/srv/detail/query_global_localization__struct.hpp\n'}
[5.882445] (hdl_global_localization) StdoutLine: {'line': b'-- Up-to-date symlink: /home/ysc/lite_cog_ros2/nav/install/hdl_global_localization/include/hdl_global_localization/srv/detail/query_global_localization__traits.hpp\n'}
[5.883833] (hdl_global_localization) StdoutLine: {'line': b'-- Up-to-date symlink: /home/ysc/lite_cog_ros2/nav/install/hdl_global_localization/include/hdl_global_localization/srv/detail/query_global_localization__type_support.hpp\n'}
[5.885827] (hdl_global_localization) StdoutLine: {'line': b'-- Up-to-date symlink: /home/ysc/lite_cog_ros2/nav/install/hdl_global_localization/include/hdl_global_localization/srv/detail/set_global_localization_engine__builder.hpp\n'}
[5.888051] (hdl_global_localization) StdoutLine: {'line': b'-- Up-to-date symlink: /home/ysc/lite_cog_ros2/nav/install/hdl_global_localization/include/hdl_global_localization/srv/detail/set_global_localization_engine__struct.hpp\n'}
[5.890393] (hdl_global_localization) StdoutLine: {'line': b'-- Up-to-date symlink: /home/ysc/lite_cog_ros2/nav/install/hdl_global_localization/include/hdl_global_localization/srv/detail/set_global_localization_engine__traits.hpp\n'}
[5.893892] (hdl_global_localization) StdoutLine: {'line': b'-- Up-to-date symlink: /home/ysc/lite_cog_ros2/nav/install/hdl_global_localization/include/hdl_global_localization/srv/detail/set_global_localization_engine__type_support.hpp\n'}
[5.896243] (hdl_global_localization) StdoutLine: {'line': b'-- Up-to-date symlink: /home/ysc/lite_cog_ros2/nav/install/hdl_global_localization/include/hdl_global_localization/srv/detail/set_global_map__builder.hpp\n'}
[5.898771] (hdl_global_localization) StdoutLine: {'line': b'-- Up-to-date symlink: /home/ysc/lite_cog_ros2/nav/install/hdl_global_localization/include/hdl_global_localization/srv/detail/set_global_map__struct.hpp\n'}
[5.901187] (hdl_global_localization) StdoutLine: {'line': b'-- Up-to-date symlink: /home/ysc/lite_cog_ros2/nav/install/hdl_global_localization/include/hdl_global_localization/srv/detail/set_global_map__traits.hpp\n'}
[5.903430] (hdl_global_localization) StdoutLine: {'line': b'-- Up-to-date symlink: /home/ysc/lite_cog_ros2/nav/install/hdl_global_localization/include/hdl_global_localization/srv/detail/set_global_map__type_support.hpp\n'}
[5.905597] (hdl_global_localization) StdoutLine: {'line': b'-- Up-to-date symlink: /home/ysc/lite_cog_ros2/nav/install/hdl_global_localization/include/hdl_global_localization/srv/query_global_localization.hpp\n'}
[5.907668] (hdl_global_localization) StdoutLine: {'line': b'-- Up-to-date symlink: /home/ysc/lite_cog_ros2/nav/install/hdl_global_localization/include/hdl_global_localization/srv/set_global_localization_engine.hpp\n'}
[5.909758] (hdl_global_localization) StdoutLine: {'line': b'-- Up-to-date symlink: /home/ysc/lite_cog_ros2/nav/install/hdl_global_localization/include/hdl_global_localization/srv/set_global_map.hpp\n'}
[5.914816] (hdl_global_localization) StdoutLine: {'line': b'-- Up-to-date symlink: /home/ysc/lite_cog_ros2/nav/install/hdl_global_localization/include/hdl_global_localization/srv/detail/query_global_localization__rosidl_typesupport_introspection_cpp.hpp\n'}
[5.917305] (hdl_global_localization) StdoutLine: {'line': b'-- Up-to-date symlink: /home/ysc/lite_cog_ros2/nav/install/hdl_global_localization/include/hdl_global_localization/srv/detail/set_global_localization_engine__rosidl_typesupport_introspection_cpp.hpp\n'}
[5.919197] (hdl_global_localization) StdoutLine: {'line': b'-- Up-to-date symlink: /home/ysc/lite_cog_ros2/nav/install/hdl_global_localization/include/hdl_global_localization/srv/detail/set_global_map__rosidl_typesupport_introspection_cpp.hpp\n'}
[5.921925] (hdl_global_localization) StdoutLine: {'line': b'-- Up-to-date symlink: /home/ysc/lite_cog_ros2/nav/install/hdl_global_localization/share/hdl_global_localization/environment/pythonpath.sh\n'}
[5.924048] (hdl_global_localization) StdoutLine: {'line': b'-- Up-to-date symlink: /home/ysc/lite_cog_ros2/nav/install/hdl_global_localization/share/hdl_global_localization/environment/pythonpath.dsv\n'}
[5.927009] (hdl_global_localization) StdoutLine: {'line': b'-- Up-to-date symlink: /home/ysc/lite_cog_ros2/nav/install/hdl_global_localization/lib/python3.8/site-packages/hdl_global_localization/__init__.py\n'}
[5.932746] (-) TimerEvent: {}
[5.935259] (hdl_global_localization) StdoutLine: {'line': b'-- Up-to-date symlink: /home/ysc/lite_cog_ros2/nav/install/hdl_global_localization/lib/python3.8/site-packages/hdl_global_localization/srv/__init__.py\n'}
[5.938880] (hdl_global_localization) StdoutLine: {'line': b'-- Up-to-date symlink: /home/ysc/lite_cog_ros2/nav/install/hdl_global_localization/lib/python3.8/site-packages/hdl_global_localization/srv/_query_global_localization.py\n'}
[5.939507] (hdl_global_localization) StdoutLine: {'line': b'-- Up-to-date symlink: /home/ysc/lite_cog_ros2/nav/install/hdl_global_localization/lib/python3.8/site-packages/hdl_global_localization/srv/_set_global_localization_engine.py\n'}
[5.940359] (hdl_global_localization) StdoutLine: {'line': b'-- Up-to-date symlink: /home/ysc/lite_cog_ros2/nav/install/hdl_global_localization/lib/python3.8/site-packages/hdl_global_localization/srv/_set_global_map.py\n'}
[5.945533] (hdl_global_localization) StdoutLine: {'line': b'-- Up-to-date symlink: /home/ysc/lite_cog_ros2/nav/install/hdl_global_localization/lib/python3.8/site-packages/hdl_global_localization/hdl_global_localization_s__rosidl_typesupport_fastrtps_c.cpython-38-aarch64-linux-gnu.so\n'}
[5.950525] (hdl_global_localization) StdoutLine: {'line': b'-- Up-to-date symlink: /home/ysc/lite_cog_ros2/nav/install/hdl_global_localization/lib/python3.8/site-packages/hdl_global_localization/hdl_global_localization_s__rosidl_typesupport_introspection_c.cpython-38-aarch64-linux-gnu.so\n'}
[5.955430] (hdl_global_localization) StdoutLine: {'line': b'-- Up-to-date symlink: /home/ysc/lite_cog_ros2/nav/install/hdl_global_localization/lib/python3.8/site-packages/hdl_global_localization/hdl_global_localization_s__rosidl_typesupport_c.cpython-38-aarch64-linux-gnu.so\n'}
[5.960170] (hdl_global_localization) StdoutLine: {'line': b'-- Up-to-date symlink: /home/ysc/lite_cog_ros2/nav/install/hdl_global_localization/lib/libhdl_global_localization__python.so\n'}
[5.963682] (hdl_global_localization) StdoutLine: {'line': b'-- Up-to-date symlink: /home/ysc/lite_cog_ros2/nav/install/hdl_global_localization/share/hdl_global_localization/srv/QueryGlobalLocalization.idl\n'}
[5.967279] (hdl_global_localization) StdoutLine: {'line': b'-- Up-to-date symlink: /home/ysc/lite_cog_ros2/nav/install/hdl_global_localization/share/hdl_global_localization/srv/SetGlobalLocalizationEngine.idl\n'}
[5.970465] (hdl_global_localization) StdoutLine: {'line': b'-- Up-to-date symlink: /home/ysc/lite_cog_ros2/nav/install/hdl_global_localization/share/hdl_global_localization/srv/SetGlobalMap.idl\n'}
[5.974153] (hdl_global_localization) StdoutLine: {'line': b'-- Up-to-date symlink: /home/ysc/lite_cog_ros2/nav/install/hdl_global_localization/share/hdl_global_localization/srv/QueryGlobalLocalization.srv\n'}
[5.979495] (hdl_global_localization) StdoutLine: {'line': b'-- Up-to-date symlink: /home/ysc/lite_cog_ros2/nav/install/hdl_global_localization/share/hdl_global_localization/srv/QueryGlobalLocalization_Request.msg\n'}
[5.983526] (hdl_global_localization) StdoutLine: {'line': b'-- Up-to-date symlink: /home/ysc/lite_cog_ros2/nav/install/hdl_global_localization/share/hdl_global_localization/srv/QueryGlobalLocalization_Response.msg\n'}
[5.988071] (hdl_global_localization) StdoutLine: {'line': b'-- Up-to-date symlink: /home/ysc/lite_cog_ros2/nav/install/hdl_global_localization/share/hdl_global_localization/srv/SetGlobalLocalizationEngine.srv\n'}
[5.991956] (hdl_global_localization) StdoutLine: {'line': b'-- Up-to-date symlink: /home/ysc/lite_cog_ros2/nav/install/hdl_global_localization/share/hdl_global_localization/srv/SetGlobalLocalizationEngine_Request.msg\n'}
[5.994953] (hdl_global_localization) StdoutLine: {'line': b'-- Up-to-date symlink: /home/ysc/lite_cog_ros2/nav/install/hdl_global_localization/share/hdl_global_localization/srv/SetGlobalLocalizationEngine_Response.msg\n'}
[5.998381] (hdl_global_localization) StdoutLine: {'line': b'-- Up-to-date symlink: /home/ysc/lite_cog_ros2/nav/install/hdl_global_localization/share/hdl_global_localization/srv/SetGlobalMap.srv\n'}
[6.001180] (hdl_global_localization) StdoutLine: {'line': b'-- Up-to-date symlink: /home/ysc/lite_cog_ros2/nav/install/hdl_global_localization/share/hdl_global_localization/srv/SetGlobalMap_Request.msg\n'}
[6.003795] (hdl_global_localization) StdoutLine: {'line': b'-- Up-to-date symlink: /home/ysc/lite_cog_ros2/nav/install/hdl_global_localization/share/hdl_global_localization/srv/SetGlobalMap_Response.msg\n'}
[6.009351] (hdl_global_localization) StdoutLine: {'line': b'-- Up-to-date symlink: /home/ysc/lite_cog_ros2/nav/install/hdl_global_localization/share/hdl_global_localization/config/config.json\n'}
[6.011351] (hdl_global_localization) StdoutLine: {'line': b'-- Up-to-date symlink: /home/ysc/lite_cog_ros2/nav/install/hdl_global_localization/share/hdl_global_localization/config/config_base.json\n'}
[6.013493] (hdl_global_localization) StdoutLine: {'line': b'-- Up-to-date symlink: /home/ysc/lite_cog_ros2/nav/install/hdl_global_localization/share/hdl_global_localization/config/config_bbs.json\n'}
[6.016178] (hdl_global_localization) StdoutLine: {'line': b'-- Up-to-date symlink: /home/ysc/lite_cog_ros2/nav/install/hdl_global_localization/share/hdl_global_localization/config/ros1/bbs_config.yaml\n'}
[6.017837] (hdl_global_localization) StdoutLine: {'line': b'-- Up-to-date symlink: /home/ysc/lite_cog_ros2/nav/install/hdl_global_localization/share/hdl_global_localization/config/ros1/fpfh_config.yaml\n'}
[6.020072] (hdl_global_localization) StdoutLine: {'line': b'-- Up-to-date symlink: /home/ysc/lite_cog_ros2/nav/install/hdl_global_localization/share/hdl_global_localization/config/ros1/general_config.yaml\n'}
[6.022698] (hdl_global_localization) StdoutLine: {'line': b'-- Up-to-date symlink: /home/ysc/lite_cog_ros2/nav/install/hdl_global_localization/share/hdl_global_localization/config/ros1/ransac_config.yaml\n'}
[6.025843] (hdl_global_localization) StdoutLine: {'line': b'-- Up-to-date symlink: /home/ysc/lite_cog_ros2/nav/install/hdl_global_localization/share/hdl_global_localization/config/ros1/teaser_config.yaml\n'}
[6.027688] (hdl_global_localization) StdoutLine: {'line': b'-- Up-to-date symlink: /home/ysc/lite_cog_ros2/nav/install/hdl_global_localization/share/hdl_global_localization/config/test.rviz\n'}
[6.032972] (-) TimerEvent: {}
[6.037843] (hdl_global_localization) StdoutLine: {'line': b'-- Up-to-date symlink: /home/ysc/lite_cog_ros2/nav/install/hdl_global_localization/include/hdl_global_localization/bbs/bbs_localization.hpp\n'}
[6.040451] (hdl_global_localization) StdoutLine: {'line': b'-- Up-to-date symlink: /home/ysc/lite_cog_ros2/nav/install/hdl_global_localization/include/hdl_global_localization/bbs/occupancy_gridmap.hpp\n'}
[6.042932] (hdl_global_localization) StdoutLine: {'line': b'-- Up-to-date symlink: /home/ysc/lite_cog_ros2/nav/install/hdl_global_localization/include/hdl_global_localization/engines/global_localization_bbs.hpp\n'}
[6.044943] (hdl_global_localization) StdoutLine: {'line': b'-- Up-to-date symlink: /home/ysc/lite_cog_ros2/nav/install/hdl_global_localization/include/hdl_global_localization/engines/global_localization_engine.hpp\n'}
[6.047354] (hdl_global_localization) StdoutLine: {'line': b'-- Up-to-date symlink: /home/ysc/lite_cog_ros2/nav/install/hdl_global_localization/include/hdl_global_localization/engines/global_localization_fpfh_ransac.hpp\n'}
[6.049546] (hdl_global_localization) StdoutLine: {'line': b'-- Up-to-date symlink: /home/ysc/lite_cog_ros2/nav/install/hdl_global_localization/include/hdl_global_localization/engines/global_localization_fpfh_teaser.hpp\n'}
[6.051789] (hdl_global_localization) StdoutLine: {'line': b'-- Up-to-date symlink: /home/ysc/lite_cog_ros2/nav/install/hdl_global_localization/include/hdl_global_localization/global_localization_results.hpp\n'}
[6.053996] (hdl_global_localization) StdoutLine: {'line': b'-- Up-to-date symlink: /home/ysc/lite_cog_ros2/nav/install/hdl_global_localization/include/hdl_global_localization/ransac/matching_cost_evaluater.hpp\n'}
[6.056365] (hdl_global_localization) StdoutLine: {'line': b'-- Up-to-date symlink: /home/ysc/lite_cog_ros2/nav/install/hdl_global_localization/include/hdl_global_localization/ransac/matching_cost_evaluater_flann.hpp\n'}
[6.058212] (hdl_global_localization) StdoutLine: {'line': b'-- Up-to-date symlink: /home/ysc/lite_cog_ros2/nav/install/hdl_global_localization/include/hdl_global_localization/ransac/matching_cost_evaluater_voxels.hpp\n'}
[6.061421] (hdl_global_localization) StdoutLine: {'line': b'-- Up-to-date symlink: /home/ysc/lite_cog_ros2/nav/install/hdl_global_localization/include/hdl_global_localization/ransac/ransac_pose_estimation.hpp\n'}
[6.062917] (hdl_global_localization) StdoutLine: {'line': b'-- Up-to-date symlink: /home/ysc/lite_cog_ros2/nav/install/hdl_global_localization/include/hdl_global_localization/ransac/voxelset.hpp\n'}
[6.065033] (hdl_global_localization) StdoutLine: {'line': b'-- Up-to-date symlink: /home/ysc/lite_cog_ros2/nav/install/hdl_global_localization/include/hdl_global_localization/util/config.hpp\n'}
[6.067072] (hdl_global_localization) StdoutLine: {'line': b'-- Up-to-date symlink: /home/ysc/lite_cog_ros2/nav/install/hdl_global_localization/include/hdl_global_localization/util/convert_to_string.hpp\n'}
[6.071871] (hdl_global_localization) StdoutLine: {'line': b'-- Up-to-date symlink: /home/ysc/lite_cog_ros2/nav/install/hdl_global_localization/lib/libhdl_global_localization_engines.so\n'}
[6.077140] (hdl_global_localization) StdoutLine: {'line': b'-- Up-to-date symlink: /home/ysc/lite_cog_ros2/nav/install/hdl_global_localization/lib/hdl_global_localization/hdl_global_localization_node\n'}
[6.082628] (hdl_global_localization) StdoutLine: {'line': b'-- Up-to-date symlink: /home/ysc/lite_cog_ros2/nav/install/hdl_global_localization/lib/hdl_global_localization/hdl_global_localization_test\n'}
[6.087893] (hdl_global_localization) StdoutLine: {'line': b'-- Up-to-date symlink: /home/ysc/lite_cog_ros2/nav/install/hdl_global_localization/share/ament_index/resource_index/package_run_dependencies/hdl_global_localization\n'}
[6.092733] (hdl_global_localization) StdoutLine: {'line': b'-- Up-to-date symlink: /home/ysc/lite_cog_ros2/nav/install/hdl_global_localization/share/ament_index/resource_index/parent_prefix_path/hdl_global_localization\n'}
[6.096224] (hdl_global_localization) StdoutLine: {'line': b'-- Up-to-date symlink: /home/ysc/lite_cog_ros2/nav/install/hdl_global_localization/share/hdl_global_localization/environment/ament_prefix_path.sh\n'}
[6.098789] (hdl_global_localization) StdoutLine: {'line': b'-- Up-to-date symlink: /home/ysc/lite_cog_ros2/nav/install/hdl_global_localization/share/hdl_global_localization/environment/ament_prefix_path.dsv\n'}
[6.102303] (hdl_global_localization) StdoutLine: {'line': b'-- Up-to-date symlink: /home/ysc/lite_cog_ros2/nav/install/hdl_global_localization/share/hdl_global_localization/environment/path.sh\n'}
[6.104990] (hdl_global_localization) StdoutLine: {'line': b'-- Up-to-date symlink: /home/ysc/lite_cog_ros2/nav/install/hdl_global_localization/share/hdl_global_localization/environment/path.dsv\n'}
[6.108798] (hdl_global_localization) StdoutLine: {'line': b'-- Up-to-date symlink: /home/ysc/lite_cog_ros2/nav/install/hdl_global_localization/share/hdl_global_localization/local_setup.bash\n'}
[6.112059] (hdl_global_localization) StdoutLine: {'line': b'-- Up-to-date symlink: /home/ysc/lite_cog_ros2/nav/install/hdl_global_localization/share/hdl_global_localization/local_setup.sh\n'}
[6.114916] (hdl_global_localization) StdoutLine: {'line': b'-- Up-to-date symlink: /home/ysc/lite_cog_ros2/nav/install/hdl_global_localization/share/hdl_global_localization/local_setup.zsh\n'}
[6.117233] (hdl_global_localization) StdoutLine: {'line': b'-- Up-to-date symlink: /home/ysc/lite_cog_ros2/nav/install/hdl_global_localization/share/hdl_global_localization/local_setup.dsv\n'}
[6.119037] (hdl_global_localization) StdoutLine: {'line': b'-- Symlinking: /home/ysc/lite_cog_ros2/nav/install/hdl_global_localization/share/hdl_global_localization/package.dsv\n'}
[6.133088] (-) TimerEvent: {}
[6.234019] (-) TimerEvent: {}
[6.323675] (hdl_global_localization) StdoutLine: {'line': b'-- Up-to-date symlink: /home/ysc/lite_cog_ros2/nav/install/hdl_global_localization/share/ament_index/resource_index/packages/hdl_global_localization\n'}
[6.326636] (hdl_global_localization) StdoutLine: {'line': b'-- Up-to-date symlink: /home/ysc/lite_cog_ros2/nav/install/hdl_global_localization/share/hdl_global_localization/cmake/rosidl_cmake-extras.cmake\n'}
[6.329530] (hdl_global_localization) StdoutLine: {'line': b'-- Up-to-date symlink: /home/ysc/lite_cog_ros2/nav/install/hdl_global_localization/share/hdl_global_localization/cmake/ament_cmake_export_dependencies-extras.cmake\n'}
[6.332486] (hdl_global_localization) StdoutLine: {'line': b'-- Up-to-date symlink: /home/ysc/lite_cog_ros2/nav/install/hdl_global_localization/share/hdl_global_localization/cmake/ament_cmake_export_libraries-extras.cmake\n'}
[6.334157] (-) TimerEvent: {}
[6.335307] (hdl_global_localization) StdoutLine: {'line': b'-- Up-to-date symlink: /home/ysc/lite_cog_ros2/nav/install/hdl_global_localization/share/hdl_global_localization/cmake/ament_cmake_export_targets-extras.cmake\n'}
[6.338105] (hdl_global_localization) StdoutLine: {'line': b'-- Up-to-date symlink: /home/ysc/lite_cog_ros2/nav/install/hdl_global_localization/share/hdl_global_localization/cmake/ament_cmake_export_include_directories-extras.cmake\n'}
[6.340963] (hdl_global_localization) StdoutLine: {'line': b'-- Up-to-date symlink: /home/ysc/lite_cog_ros2/nav/install/hdl_global_localization/share/hdl_global_localization/cmake/rosidl_cmake_export_typesupport_libraries-extras.cmake\n'}
[6.343726] (hdl_global_localization) StdoutLine: {'line': b'-- Up-to-date symlink: /home/ysc/lite_cog_ros2/nav/install/hdl_global_localization/share/hdl_global_localization/cmake/rosidl_cmake_export_typesupport_targets-extras.cmake\n'}
[6.346927] (hdl_global_localization) StdoutLine: {'line': b'-- Up-to-date symlink: /home/ysc/lite_cog_ros2/nav/install/hdl_global_localization/share/hdl_global_localization/cmake/hdl_global_localizationConfig.cmake\n'}
[6.349016] (hdl_global_localization) StdoutLine: {'line': b'-- Up-to-date symlink: /home/ysc/lite_cog_ros2/nav/install/hdl_global_localization/share/hdl_global_localization/cmake/hdl_global_localizationConfig-version.cmake\n'}
[6.351972] (hdl_global_localization) StdoutLine: {'line': b'-- Up-to-date symlink: /home/ysc/lite_cog_ros2/nav/install/hdl_global_localization/share/hdl_global_localization/package.xml\n'}
[6.357815] (hdl_global_localization) StdoutLine: {'line': b'-- Up-to-date: /home/ysc/lite_cog_ros2/nav/install/hdl_global_localization/lib/libhdl_global_localization__rosidl_generator_c.so\n'}
[6.362193] (hdl_global_localization) StdoutLine: {'line': b'-- Up-to-date: /home/ysc/lite_cog_ros2/nav/install/hdl_global_localization/lib/libhdl_global_localization__rosidl_typesupport_introspection_c.so\n'}
[6.366490] (hdl_global_localization) StdoutLine: {'line': b'-- Up-to-date: /home/ysc/lite_cog_ros2/nav/install/hdl_global_localization/lib/libhdl_global_localization__rosidl_typesupport_c.so\n'}
[6.371972] (hdl_global_localization) StdoutLine: {'line': b'-- Up-to-date: /home/ysc/lite_cog_ros2/nav/install/hdl_global_localization/lib/libhdl_global_localization__rosidl_typesupport_introspection_cpp.so\n'}
[6.375931] (hdl_global_localization) StdoutLine: {'line': b'-- Up-to-date: /home/ysc/lite_cog_ros2/nav/install/hdl_global_localization/lib/libhdl_global_localization__rosidl_typesupport_cpp.so\n'}
[6.434385] (-) TimerEvent: {}
[6.535374] (-) TimerEvent: {}
[6.636543] (-) TimerEvent: {}
[6.737862] (-) TimerEvent: {}
[6.838788] (-) TimerEvent: {}
[6.939831] (-) TimerEvent: {}
[7.021592] (hdl_global_localization) StdoutLine: {'line': b'-- Up-to-date: /home/ysc/lite_cog_ros2/nav/install/hdl_global_localization/share/hdl_global_localization/cmake/hdl_global_localization__rosidl_generator_cExport.cmake\n'}
[7.022530] (hdl_global_localization) StdoutLine: {'line': b'-- Up-to-date: /home/ysc/lite_cog_ros2/nav/install/hdl_global_localization/share/hdl_global_localization/cmake/hdl_global_localization__rosidl_generator_cExport-noconfig.cmake\n'}
[7.024483] (hdl_global_localization) StdoutLine: {'line': b'-- Up-to-date: /home/ysc/lite_cog_ros2/nav/install/hdl_global_localization/share/hdl_global_localization/cmake/hdl_global_localization__rosidl_typesupport_introspection_cExport.cmake\n'}
[7.025161] (hdl_global_localization) StdoutLine: {'line': b'-- Up-to-date: /home/ysc/lite_cog_ros2/nav/install/hdl_global_localization/share/hdl_global_localization/cmake/hdl_global_localization__rosidl_typesupport_introspection_cExport-noconfig.cmake\n'}
[7.027452] (hdl_global_localization) StdoutLine: {'line': b'-- Up-to-date: /home/ysc/lite_cog_ros2/nav/install/hdl_global_localization/share/hdl_global_localization/cmake/hdl_global_localization__rosidl_typesupport_cExport.cmake\n'}
[7.028188] (hdl_global_localization) StdoutLine: {'line': b'-- Up-to-date: /home/ysc/lite_cog_ros2/nav/install/hdl_global_localization/share/hdl_global_localization/cmake/hdl_global_localization__rosidl_typesupport_cExport-noconfig.cmake\n'}
[7.030291] (hdl_global_localization) StdoutLine: {'line': b'-- Up-to-date: /home/ysc/lite_cog_ros2/nav/install/hdl_global_localization/share/hdl_global_localization/cmake/hdl_global_localization__rosidl_generator_cppExport.cmake\n'}
[7.033111] (hdl_global_localization) StdoutLine: {'line': b'-- Up-to-date: /home/ysc/lite_cog_ros2/nav/install/hdl_global_localization/share/hdl_global_localization/cmake/hdl_global_localization__rosidl_typesupport_introspection_cppExport.cmake\n'}
[7.034123] (hdl_global_localization) StdoutLine: {'line': b'-- Up-to-date: /home/ysc/lite_cog_ros2/nav/install/hdl_global_localization/share/hdl_global_localization/cmake/hdl_global_localization__rosidl_typesupport_introspection_cppExport-noconfig.cmake\n'}
[7.035797] (hdl_global_localization) StdoutLine: {'line': b'-- Up-to-date: /home/ysc/lite_cog_ros2/nav/install/hdl_global_localization/share/hdl_global_localization/cmake/hdl_global_localization__rosidl_typesupport_cppExport.cmake\n'}
[7.036640] (hdl_global_localization) StdoutLine: {'line': b'-- Up-to-date: /home/ysc/lite_cog_ros2/nav/install/hdl_global_localization/share/hdl_global_localization/cmake/hdl_global_localization__rosidl_typesupport_cppExport-noconfig.cmake\n'}
[7.039947] (-) TimerEvent: {}
[7.050011] (hdl_global_localization) CommandEnded: {'returncode': 0}
[7.141247] (-) TimerEvent: {}
[7.242834] (-) TimerEvent: {}
[7.346666] (-) TimerEvent: {}
[7.447544] (-) TimerEvent: {}
[7.596325] (-) TimerEvent: {}
[7.697218] (-) TimerEvent: {}
[7.798201] (-) TimerEvent: {}
[7.899232] (-) TimerEvent: {}
[8.000616] (-) TimerEvent: {}
[8.012305] (hdl_global_localization) JobEnded: {'identifier': 'hdl_global_localization', 'rc': 0}
[8.020694] (hdl_localization) JobStarted: {'identifier': 'hdl_localization'}
[8.101538] (-) TimerEvent: {}
[8.132278] (hdl_localization) JobProgress: {'identifier': 'hdl_localization', 'progress': 'cmake'}
[8.201543] (-) TimerEvent: {}
[8.278740] (hdl_localization) JobProgress: {'identifier': 'hdl_localization', 'progress': 'build'}
[8.282704] (hdl_localization) Command: {'cmd': ['/usr/bin/cmake', '--build', '/home/ysc/lite_cog_ros2/nav/build/hdl_localization', '--', '-j6', '-l6'], 'cwd': '/home/ysc/lite_cog_ros2/nav/build/hdl_localization', 'env': OrderedDict([('GJS_DEBUG_TOPICS', 'JS ERROR;JS LOG'), ('LESSOPEN', '| /usr/bin/lesspipe %s'), ('USER', 'ysc'), ('LC_TIME', 'zh_CN.UTF-8'), ('SSH_AGENT_PID', '2002'), ('XDG_SESSION_TYPE', 'x11'), ('SHLVL', '2'), ('LD_LIBRARY_PATH', '/home/ysc/lite_cog_ros2/nav/install/hdl_global_localization/lib:/usr/local/cuda-11.4/lib64:/usr/lib/aarch64-linux-gnu/gazebo-11/plugins:/opt/ros/foxy/opt/yaml_cpp_vendor/lib:/opt/ros/foxy/opt/rviz_ogre_vendor/lib:/opt/ros/foxy/lib/aarch64-linux-gnu:/opt/ros/foxy/lib:/usr/local/cuda-11.4/lib64'), ('HOME', '/home/ysc'), ('OLDPWD', '/home/ysc/lite_cog_ros2/nav/src/dr_nav2/config'), ('DESKTOP_SESSION', 'ubuntu'), ('JETSON_L4T', '35.4.1'), ('ROS_PYTHON_VERSION', '3'), ('GNOME_SHELL_SESSION_MODE', 'ubuntu'), ('GTK_MODULES', 'gail:atk-bridge'), ('JETSON_MODEL', 'NVIDIA Jetson Xavier NX Developer Kit'), ('LC_MONETARY', 'zh_CN.UTF-8'), ('MANAGERPID', '1564'), ('ROS_LOG_DIR', '/home/ysc/lite_cog_ros2/system/log'), ('DBUS_SESSION_BUS_ADDRESS', 'unix:path=/run/user/1000/bus'), ('COLORTERM', 'truecolor'), ('_colcon_cd_root', '/opt/ros/foxy/'), ('IM_CONFIG_PHASE', '1'), ('ROS_DISTRO', 'foxy'), ('LOGNAME', 'ysc'), ('JETSON_MODULE', 'NVIDIA Jetson Xavier NX'), ('JETSON_SERIAL_NUMBER', '1422822003249'), ('JOURNAL_STREAM', '8:44866'), ('_', '/usr/bin/colcon'), ('ROS_VERSION', '2'), ('JETSON_CODENAME', 'Jakku'), ('XDG_SESSION_CLASS', 'user'), ('USERNAME', 'ysc'), ('TERM', 'xterm-256color'), ('GNOME_DESKTOP_SESSION_ID', 'this-is-deprecated'), ('ROS_LOCALHOST_ONLY', '0'), ('WINDOWPATH', '2'), ('PATH', '/usr/local/cuda-11.4/bin:/opt/ros/foxy/bin:/usr/local/cuda-11.4/bin:/home/ysc/.local/bin:/usr/local/sbin:/usr/local/bin:/usr/sbin:/usr/bin:/sbin:/bin:/usr/games:/usr/local/games:/snap/bin'), ('SESSION_MANAGER', 'local/lite:@/tmp/.ICE-unix/2103,unix/lite:/tmp/.ICE-unix/2103'), ('INVOCATION_ID', '48e48ed605a7473faf1229757d62ee4f'), ('XDG_MENU_PREFIX', 'gnome-'), ('LC_ADDRESS', 'zh_CN.UTF-8'), ('GNOME_TERMINAL_SCREEN', '/org/gnome/Terminal/screen/4bc5433e_7edd_467c_8d6a_6879039ff7e2'), ('XDG_RUNTIME_DIR', '/run/user/1000'), ('DISPLAY', ':0'), ('LANG', 'en_US.UTF-8'), ('XDG_CURRENT_DESKTOP', 'ubuntu:GNOME'), ('LC_TELEPHONE', 'zh_CN.UTF-8'), ('RMW_IMPLEMENTATION', 'rmw_cyclonedds_cpp'), ('XMODIFIERS', '@im=ibus'), ('XDG_SESSION_DESKTOP', 'ubuntu'), ('XAUTHORITY', '/run/user/1000/gdm/Xauthority'), ('LS_COLORS', 'rs=0:di=01;34:ln=01;36:mh=00:pi=40;33:so=01;35:do=01;35:bd=40;33;01:cd=40;33;01:or=40;31;01:mi=00:su=37;41:sg=30;43:ca=30;41:tw=30;42:ow=34;42:st=37;44:ex=01;32:*.tar=01;31:*.tgz=01;31:*.arc=01;31:*.arj=01;31:*.taz=01;31:*.lha=01;31:*.lz4=01;31:*.lzh=01;31:*.lzma=01;31:*.tlz=01;31:*.txz=01;31:*.tzo=01;31:*.t7z=01;31:*.zip=01;31:*.z=01;31:*.dz=01;31:*.gz=01;31:*.lrz=01;31:*.lz=01;31:*.lzo=01;31:*.xz=01;31:*.zst=01;31:*.tzst=01;31:*.bz2=01;31:*.bz=01;31:*.tbz=01;31:*.tbz2=01;31:*.tz=01;31:*.deb=01;31:*.rpm=01;31:*.jar=01;31:*.war=01;31:*.ear=01;31:*.sar=01;31:*.rar=01;31:*.alz=01;31:*.ace=01;31:*.zoo=01;31:*.cpio=01;31:*.7z=01;31:*.rz=01;31:*.cab=01;31:*.wim=01;31:*.swm=01;31:*.dwm=01;31:*.esd=01;31:*.jpg=01;35:*.jpeg=01;35:*.mjpg=01;35:*.mjpeg=01;35:*.gif=01;35:*.bmp=01;35:*.pbm=01;35:*.pgm=01;35:*.ppm=01;35:*.tga=01;35:*.xbm=01;35:*.xpm=01;35:*.tif=01;35:*.tiff=01;35:*.png=01;35:*.svg=01;35:*.svgz=01;35:*.mng=01;35:*.pcx=01;35:*.mov=01;35:*.mpg=01;35:*.mpeg=01;35:*.m2v=01;35:*.mkv=01;35:*.webm=01;35:*.ogm=01;35:*.mp4=01;35:*.m4v=01;35:*.mp4v=01;35:*.vob=01;35:*.qt=01;35:*.nuv=01;35:*.wmv=01;35:*.asf=01;35:*.rm=01;35:*.rmvb=01;35:*.flc=01;35:*.avi=01;35:*.fli=01;35:*.flv=01;35:*.gl=01;35:*.dl=01;35:*.xcf=01;35:*.xwd=01;35:*.yuv=01;35:*.cgm=01;35:*.emf=01;35:*.ogv=01;35:*.ogx=01;35:*.aac=00;36:*.au=00;36:*.flac=00;36:*.m4a=00;36:*.mid=00;36:*.midi=00;36:*.mka=00;36:*.mp3=00;36:*.mpc=00;36:*.ogg=00;36:*.ra=00;36:*.wav=00;36:*.oga=00;36:*.opus=00;36:*.spx=00;36:*.xspf=00;36:'), ('JETSON_SOC', 'tegra194'), ('GNOME_TERMINAL_SERVICE', ':1.90'), ('SSH_AUTH_SOCK', '/run/user/1000/keyring/ssh'), ('ROS_DOMAIN_ID', '0'), ('AMENT_PREFIX_PATH', '/home/ysc/lite_cog_ros2/nav/install/hdl_global_localization:/opt/ros/foxy'), ('SHELL', '/bin/bash'), ('LC_NAME', 'zh_CN.UTF-8'), ('QT_ACCESSIBILITY', '1'), ('GDMSESSION', 'ubuntu'), ('LESSCLOSE', '/usr/bin/lesspipe %s %s'), ('LC_MEASUREMENT', 'zh_CN.UTF-8'), ('GPG_AGENT_INFO', '/run/user/1000/gnupg/S.gpg-agent:0:1'), ('GJS_DEBUG_OUTPUT', 'stderr'), ('LC_IDENTIFICATION', 'zh_CN.UTF-8'), ('QT_IM_MODULE', 'ibus'), ('JETSON_CUDA_ARCH_BIN', '7.2'), ('PWD', '/home/ysc/lite_cog_ros2/nav/build/hdl_localization'), ('LC_ALL', 'en_US.UTF-8'), ('XDG_CONFIG_DIRS', '/etc/xdg/xdg-ubuntu:/etc/xdg'), ('XDG_DATA_DIRS', '/usr/share/ubuntu:/usr/local/share/:/usr/share/:/var/lib/snapd/desktop'), ('PYTHONPATH', '/home/ysc/lite_cog_ros2/nav/install/hdl_global_localization/lib/python3.8/site-packages:/opt/ros/foxy/lib/python3.8/site-packages'), ('LC_NUMERIC', 'zh_CN.UTF-8'), ('LC_PAPER', 'zh_CN.UTF-8'), ('COLCON', '1'), ('VTE_VERSION', '6003'), ('JETSON_JETPACK', '5.1.2'), ('JETSON_P_NUMBER', 'p3668-0001'), ('CMAKE_PREFIX_PATH', '/home/ysc/lite_cog_ros2/nav/install/hdl_global_localization:/opt/ros/foxy')]), 'shell': False}
[8.304598] (-) TimerEvent: {}
[8.405950] (-) TimerEvent: {}
[8.507017] (-) TimerEvent: {}
[8.608110] (-) TimerEvent: {}
[8.709276] (-) TimerEvent: {}
[8.810323] (-) TimerEvent: {}
[8.911475] (-) TimerEvent: {}
[9.012575] (-) TimerEvent: {}
[9.113703] (-) TimerEvent: {}
[9.214768] (-) TimerEvent: {}
[9.315830] (-) TimerEvent: {}
[9.417069] (-) TimerEvent: {}
[9.515988] (hdl_localization) StdoutLine: {'line': b'[  8%] Built target hdl_localization__rosidl_generator_c\n'}
[9.517184] (-) TimerEvent: {}
[9.522782] (hdl_localization) StdoutLine: {'line': b'[ 11%] Built target hdl_localization__cpp\n'}
[9.617519] (-) TimerEvent: {}
[9.720024] (-) TimerEvent: {}
[9.822289] (-) TimerEvent: {}
[9.923350] (-) TimerEvent: {}
[9.963885] (hdl_localization) StdoutLine: {'line': b'[ 20%] Built target hdl_localization__rosidl_typesupport_c\n'}
[9.987571] (hdl_localization) StdoutLine: {'line': b'[ 29%] Built target hdl_localization__rosidl_typesupport_introspection_cpp\n'}
[9.988791] (hdl_localization) StdoutLine: {'line': b'[ 47%] Built target hdl_localization__rosidl_typesupport_fastrtps_cpp\n'}
[9.989710] (hdl_localization) StdoutLine: {'line': b'[ 47%] Built target hdl_localization__rosidl_typesupport_introspection_c\n'}
[9.993444] (hdl_localization) StdoutLine: {'line': b'[ 55%] Built target hdl_localization__rosidl_typesupport_cpp\n'}
[10.023611] (-) TimerEvent: {}
[10.124658] (-) TimerEvent: {}
[10.225869] (-) TimerEvent: {}
[10.326912] (-) TimerEvent: {}
[10.428040] (-) TimerEvent: {}
[10.457002] (hdl_localization) StdoutLine: {'line': b'[ 64%] Built target hdl_localization__rosidl_typesupport_fastrtps_c\n'}
[10.528279] (-) TimerEvent: {}
[10.629517] (-) TimerEvent: {}
[10.731382] (-) TimerEvent: {}
[10.833412] (-) TimerEvent: {}
[10.876136] (hdl_localization) StdoutLine: {'line': b'[ 64%] Built target hdl_localization\n'}
[10.933641] (-) TimerEvent: {}
[11.034706] (-) TimerEvent: {}
[11.135940] (-) TimerEvent: {}
[11.237591] (-) TimerEvent: {}
[11.263556] (hdl_localization) StdoutLine: {'line': b'[ 67%] Built target hdl_localization__py\n'}
[11.337831] (-) TimerEvent: {}
[11.438939] (-) TimerEvent: {}
[11.540286] (-) TimerEvent: {}
[11.641500] (-) TimerEvent: {}
[11.643378] (hdl_localization) StdoutLine: {'line': b'[ 76%] Built target hdl_localization_composition\n'}
[11.695139] (hdl_localization) StdoutLine: {'line': b'[ 82%] Built target hdl_localization__python\n'}
[11.741732] (-) TimerEvent: {}
[11.842741] (-) TimerEvent: {}
[11.943793] (-) TimerEvent: {}
[12.044967] (-) TimerEvent: {}
[12.146313] (-) TimerEvent: {}
[12.158783] (hdl_localization) StdoutLine: {'line': b'[ 88%] Built target hdl_localization__rosidl_typesupport_fastrtps_c__pyext\n'}
[12.165139] (hdl_localization) StdoutLine: {'line': b'[ 97%] Built target hdl_localization__rosidl_typesupport_introspection_c__pyext\n'}
[12.167135] (hdl_localization) StdoutLine: {'line': b'[100%] Built target hdl_localization__rosidl_typesupport_c__pyext\n'}
[12.246528] (-) TimerEvent: {}
[12.254841] (hdl_localization) CommandEnded: {'returncode': 0}
[12.347036] (-) TimerEvent: {}
[12.448843] (-) TimerEvent: {}
[12.550396] (-) TimerEvent: {}
[12.651330] (-) TimerEvent: {}
[12.688680] (hdl_localization) JobProgress: {'identifier': 'hdl_localization', 'progress': 'install'}
[12.694994] (hdl_localization) Command: {'cmd': ['/usr/bin/cmake', '--install', '/home/ysc/lite_cog_ros2/nav/build/hdl_localization'], 'cwd': '/home/ysc/lite_cog_ros2/nav/build/hdl_localization', 'env': OrderedDict([('GJS_DEBUG_TOPICS', 'JS ERROR;JS LOG'), ('LESSOPEN', '| /usr/bin/lesspipe %s'), ('USER', 'ysc'), ('LC_TIME', 'zh_CN.UTF-8'), ('SSH_AGENT_PID', '2002'), ('XDG_SESSION_TYPE', 'x11'), ('SHLVL', '2'), ('LD_LIBRARY_PATH', '/home/ysc/lite_cog_ros2/nav/install/hdl_global_localization/lib:/usr/local/cuda-11.4/lib64:/usr/lib/aarch64-linux-gnu/gazebo-11/plugins:/opt/ros/foxy/opt/yaml_cpp_vendor/lib:/opt/ros/foxy/opt/rviz_ogre_vendor/lib:/opt/ros/foxy/lib/aarch64-linux-gnu:/opt/ros/foxy/lib:/usr/local/cuda-11.4/lib64'), ('HOME', '/home/ysc'), ('OLDPWD', '/home/ysc/lite_cog_ros2/nav/src/dr_nav2/config'), ('DESKTOP_SESSION', 'ubuntu'), ('JETSON_L4T', '35.4.1'), ('ROS_PYTHON_VERSION', '3'), ('GNOME_SHELL_SESSION_MODE', 'ubuntu'), ('GTK_MODULES', 'gail:atk-bridge'), ('JETSON_MODEL', 'NVIDIA Jetson Xavier NX Developer Kit'), ('LC_MONETARY', 'zh_CN.UTF-8'), ('MANAGERPID', '1564'), ('ROS_LOG_DIR', '/home/ysc/lite_cog_ros2/system/log'), ('DBUS_SESSION_BUS_ADDRESS', 'unix:path=/run/user/1000/bus'), ('COLORTERM', 'truecolor'), ('_colcon_cd_root', '/opt/ros/foxy/'), ('IM_CONFIG_PHASE', '1'), ('ROS_DISTRO', 'foxy'), ('LOGNAME', 'ysc'), ('JETSON_MODULE', 'NVIDIA Jetson Xavier NX'), ('JETSON_SERIAL_NUMBER', '1422822003249'), ('JOURNAL_STREAM', '8:44866'), ('_', '/usr/bin/colcon'), ('ROS_VERSION', '2'), ('JETSON_CODENAME', 'Jakku'), ('XDG_SESSION_CLASS', 'user'), ('USERNAME', 'ysc'), ('TERM', 'xterm-256color'), ('GNOME_DESKTOP_SESSION_ID', 'this-is-deprecated'), ('ROS_LOCALHOST_ONLY', '0'), ('WINDOWPATH', '2'), ('PATH', '/usr/local/cuda-11.4/bin:/opt/ros/foxy/bin:/usr/local/cuda-11.4/bin:/home/ysc/.local/bin:/usr/local/sbin:/usr/local/bin:/usr/sbin:/usr/bin:/sbin:/bin:/usr/games:/usr/local/games:/snap/bin'), ('SESSION_MANAGER', 'local/lite:@/tmp/.ICE-unix/2103,unix/lite:/tmp/.ICE-unix/2103'), ('INVOCATION_ID', '48e48ed605a7473faf1229757d62ee4f'), ('XDG_MENU_PREFIX', 'gnome-'), ('LC_ADDRESS', 'zh_CN.UTF-8'), ('GNOME_TERMINAL_SCREEN', '/org/gnome/Terminal/screen/4bc5433e_7edd_467c_8d6a_6879039ff7e2'), ('XDG_RUNTIME_DIR', '/run/user/1000'), ('DISPLAY', ':0'), ('LANG', 'en_US.UTF-8'), ('XDG_CURRENT_DESKTOP', 'ubuntu:GNOME'), ('LC_TELEPHONE', 'zh_CN.UTF-8'), ('RMW_IMPLEMENTATION', 'rmw_cyclonedds_cpp'), ('XMODIFIERS', '@im=ibus'), ('XDG_SESSION_DESKTOP', 'ubuntu'), ('XAUTHORITY', '/run/user/1000/gdm/Xauthority'), ('LS_COLORS', 'rs=0:di=01;34:ln=01;36:mh=00:pi=40;33:so=01;35:do=01;35:bd=40;33;01:cd=40;33;01:or=40;31;01:mi=00:su=37;41:sg=30;43:ca=30;41:tw=30;42:ow=34;42:st=37;44:ex=01;32:*.tar=01;31:*.tgz=01;31:*.arc=01;31:*.arj=01;31:*.taz=01;31:*.lha=01;31:*.lz4=01;31:*.lzh=01;31:*.lzma=01;31:*.tlz=01;31:*.txz=01;31:*.tzo=01;31:*.t7z=01;31:*.zip=01;31:*.z=01;31:*.dz=01;31:*.gz=01;31:*.lrz=01;31:*.lz=01;31:*.lzo=01;31:*.xz=01;31:*.zst=01;31:*.tzst=01;31:*.bz2=01;31:*.bz=01;31:*.tbz=01;31:*.tbz2=01;31:*.tz=01;31:*.deb=01;31:*.rpm=01;31:*.jar=01;31:*.war=01;31:*.ear=01;31:*.sar=01;31:*.rar=01;31:*.alz=01;31:*.ace=01;31:*.zoo=01;31:*.cpio=01;31:*.7z=01;31:*.rz=01;31:*.cab=01;31:*.wim=01;31:*.swm=01;31:*.dwm=01;31:*.esd=01;31:*.jpg=01;35:*.jpeg=01;35:*.mjpg=01;35:*.mjpeg=01;35:*.gif=01;35:*.bmp=01;35:*.pbm=01;35:*.pgm=01;35:*.ppm=01;35:*.tga=01;35:*.xbm=01;35:*.xpm=01;35:*.tif=01;35:*.tiff=01;35:*.png=01;35:*.svg=01;35:*.svgz=01;35:*.mng=01;35:*.pcx=01;35:*.mov=01;35:*.mpg=01;35:*.mpeg=01;35:*.m2v=01;35:*.mkv=01;35:*.webm=01;35:*.ogm=01;35:*.mp4=01;35:*.m4v=01;35:*.mp4v=01;35:*.vob=01;35:*.qt=01;35:*.nuv=01;35:*.wmv=01;35:*.asf=01;35:*.rm=01;35:*.rmvb=01;35:*.flc=01;35:*.avi=01;35:*.fli=01;35:*.flv=01;35:*.gl=01;35:*.dl=01;35:*.xcf=01;35:*.xwd=01;35:*.yuv=01;35:*.cgm=01;35:*.emf=01;35:*.ogv=01;35:*.ogx=01;35:*.aac=00;36:*.au=00;36:*.flac=00;36:*.m4a=00;36:*.mid=00;36:*.midi=00;36:*.mka=00;36:*.mp3=00;36:*.mpc=00;36:*.ogg=00;36:*.ra=00;36:*.wav=00;36:*.oga=00;36:*.opus=00;36:*.spx=00;36:*.xspf=00;36:'), ('JETSON_SOC', 'tegra194'), ('GNOME_TERMINAL_SERVICE', ':1.90'), ('SSH_AUTH_SOCK', '/run/user/1000/keyring/ssh'), ('ROS_DOMAIN_ID', '0'), ('AMENT_PREFIX_PATH', '/home/ysc/lite_cog_ros2/nav/install/hdl_global_localization:/opt/ros/foxy'), ('SHELL', '/bin/bash'), ('LC_NAME', 'zh_CN.UTF-8'), ('QT_ACCESSIBILITY', '1'), ('GDMSESSION', 'ubuntu'), ('LESSCLOSE', '/usr/bin/lesspipe %s %s'), ('LC_MEASUREMENT', 'zh_CN.UTF-8'), ('GPG_AGENT_INFO', '/run/user/1000/gnupg/S.gpg-agent:0:1'), ('GJS_DEBUG_OUTPUT', 'stderr'), ('LC_IDENTIFICATION', 'zh_CN.UTF-8'), ('QT_IM_MODULE', 'ibus'), ('JETSON_CUDA_ARCH_BIN', '7.2'), ('PWD', '/home/ysc/lite_cog_ros2/nav/build/hdl_localization'), ('LC_ALL', 'en_US.UTF-8'), ('XDG_CONFIG_DIRS', '/etc/xdg/xdg-ubuntu:/etc/xdg'), ('XDG_DATA_DIRS', '/usr/share/ubuntu:/usr/local/share/:/usr/share/:/var/lib/snapd/desktop'), ('PYTHONPATH', '/home/ysc/lite_cog_ros2/nav/install/hdl_global_localization/lib/python3.8/site-packages:/opt/ros/foxy/lib/python3.8/site-packages'), ('LC_NUMERIC', 'zh_CN.UTF-8'), ('LC_PAPER', 'zh_CN.UTF-8'), ('COLCON', '1'), ('VTE_VERSION', '6003'), ('JETSON_JETPACK', '5.1.2'), ('JETSON_P_NUMBER', 'p3668-0001'), ('CMAKE_PREFIX_PATH', '/home/ysc/lite_cog_ros2/nav/install/hdl_global_localization:/opt/ros/foxy')]), 'shell': False}
[12.751815] (-) TimerEvent: {}
[12.853451] (-) TimerEvent: {}
[12.895762] (hdl_localization) StdoutLine: {'line': b'-- Install configuration: "RELEASE"\n'}
[12.901797] (hdl_localization) StdoutLine: {'line': b'-- Execute custom install script\n'}
[12.905843] (hdl_localization) StdoutLine: {'line': b'-- Up-to-date symlink: /home/ysc/lite_cog_ros2/nav/install/hdl_localization/share/ament_index/resource_index/rosidl_interfaces/hdl_localization\n'}
[12.911124] (hdl_localization) StdoutLine: {'line': b'-- Up-to-date symlink: /home/ysc/lite_cog_ros2/nav/install/hdl_localization/include/hdl_localization/msg/detail/scan_matching_status__functions.h\n'}
[12.913593] (hdl_localization) StdoutLine: {'line': b'-- Up-to-date symlink: /home/ysc/lite_cog_ros2/nav/install/hdl_localization/include/hdl_localization/msg/detail/scan_matching_status__struct.h\n'}
[12.915578] (hdl_localization) StdoutLine: {'line': b'-- Up-to-date symlink: /home/ysc/lite_cog_ros2/nav/install/hdl_localization/include/hdl_localization/msg/detail/scan_matching_status__type_support.h\n'}
[12.917832] (hdl_localization) StdoutLine: {'line': b'-- Up-to-date symlink: /home/ysc/lite_cog_ros2/nav/install/hdl_localization/include/hdl_localization/msg/rosidl_generator_c__visibility_control.h\n'}
[12.919838] (hdl_localization) StdoutLine: {'line': b'-- Up-to-date symlink: /home/ysc/lite_cog_ros2/nav/install/hdl_localization/include/hdl_localization/msg/scan_matching_status.h\n'}
[12.922108] (hdl_localization) StdoutLine: {'line': b'-- Up-to-date symlink: /home/ysc/lite_cog_ros2/nav/install/hdl_localization/share/hdl_localization/environment/library_path.sh\n'}
[12.924131] (hdl_localization) StdoutLine: {'line': b'-- Up-to-date symlink: /home/ysc/lite_cog_ros2/nav/install/hdl_localization/share/hdl_localization/environment/library_path.dsv\n'}
[12.930135] (hdl_localization) StdoutLine: {'line': b'-- Up-to-date symlink: /home/ysc/lite_cog_ros2/nav/install/hdl_localization/include/hdl_localization/msg/detail/scan_matching_status__rosidl_typesupport_fastrtps_c.h\n'}
[12.932027] (hdl_localization) StdoutLine: {'line': b'-- Up-to-date symlink: /home/ysc/lite_cog_ros2/nav/install/hdl_localization/include/hdl_localization/msg/rosidl_typesupport_fastrtps_c__visibility_control.h\n'}
[12.936008] (hdl_localization) StdoutLine: {'line': b'-- Up-to-date symlink: /home/ysc/lite_cog_ros2/nav/install/hdl_localization/lib/libhdl_localization__rosidl_typesupport_fastrtps_c.so\n'}
[12.941347] (hdl_localization) StdoutLine: {'line': b'-- Up-to-date symlink: /home/ysc/lite_cog_ros2/nav/install/hdl_localization/include/hdl_localization/msg/detail/scan_matching_status__rosidl_typesupport_fastrtps_cpp.hpp\n'}
[12.943381] (hdl_localization) StdoutLine: {'line': b'-- Up-to-date symlink: /home/ysc/lite_cog_ros2/nav/install/hdl_localization/include/hdl_localization/msg/rosidl_typesupport_fastrtps_cpp__visibility_control.h\n'}
[12.947419] (hdl_localization) StdoutLine: {'line': b'-- Up-to-date symlink: /home/ysc/lite_cog_ros2/nav/install/hdl_localization/lib/libhdl_localization__rosidl_typesupport_fastrtps_cpp.so\n'}
[12.951780] (hdl_localization) StdoutLine: {'line': b'-- Up-to-date symlink: /home/ysc/lite_cog_ros2/nav/install/hdl_localization/include/hdl_localization/msg/detail/scan_matching_status__rosidl_typesupport_introspection_c.h\n'}
[12.953569] (-) TimerEvent: {}
[12.954302] (hdl_localization) StdoutLine: {'line': b'-- Up-to-date symlink: /home/ysc/lite_cog_ros2/nav/install/hdl_localization/include/hdl_localization/msg/rosidl_typesupport_introspection_c__visibility_control.h\n'}
[12.958433] (hdl_localization) StdoutLine: {'line': b'-- Up-to-date symlink: /home/ysc/lite_cog_ros2/nav/install/hdl_localization/include/hdl_localization/msg/detail/scan_matching_status__builder.hpp\n'}
[12.960424] (hdl_localization) StdoutLine: {'line': b'-- Up-to-date symlink: /home/ysc/lite_cog_ros2/nav/install/hdl_localization/include/hdl_localization/msg/detail/scan_matching_status__struct.hpp\n'}
[12.962489] (hdl_localization) StdoutLine: {'line': b'-- Up-to-date symlink: /home/ysc/lite_cog_ros2/nav/install/hdl_localization/include/hdl_localization/msg/detail/scan_matching_status__traits.hpp\n'}
[12.964484] (hdl_localization) StdoutLine: {'line': b'-- Up-to-date symlink: /home/ysc/lite_cog_ros2/nav/install/hdl_localization/include/hdl_localization/msg/detail/scan_matching_status__type_support.hpp\n'}
[12.966580] (hdl_localization) StdoutLine: {'line': b'-- Up-to-date symlink: /home/ysc/lite_cog_ros2/nav/install/hdl_localization/include/hdl_localization/msg/rosidl_generator_cpp__visibility_control.hpp\n'}
[12.968514] (hdl_localization) StdoutLine: {'line': b'-- Up-to-date symlink: /home/ysc/lite_cog_ros2/nav/install/hdl_localization/include/hdl_localization/msg/scan_matching_status.hpp\n'}
[12.973129] (hdl_localization) StdoutLine: {'line': b'-- Up-to-date symlink: /home/ysc/lite_cog_ros2/nav/install/hdl_localization/include/hdl_localization/msg/detail/scan_matching_status__rosidl_typesupport_introspection_cpp.hpp\n'}
[12.975110] (hdl_localization) StdoutLine: {'line': b'-- Up-to-date symlink: /home/ysc/lite_cog_ros2/nav/install/hdl_localization/share/hdl_localization/environment/pythonpath.sh\n'}
[12.977096] (hdl_localization) StdoutLine: {'line': b'-- Up-to-date symlink: /home/ysc/lite_cog_ros2/nav/install/hdl_localization/share/hdl_localization/environment/pythonpath.dsv\n'}
[12.979647] (hdl_localization) StdoutLine: {'line': b'-- Up-to-date symlink: /home/ysc/lite_cog_ros2/nav/install/hdl_localization/lib/python3.8/site-packages/hdl_localization/__init__.py\n'}
[12.984186] (hdl_localization) StdoutLine: {'line': b'-- Up-to-date symlink: /home/ysc/lite_cog_ros2/nav/install/hdl_localization/lib/python3.8/site-packages/hdl_localization/msg/__init__.py\n'}
[12.986872] (hdl_localization) StdoutLine: {'line': b'-- Up-to-date symlink: /home/ysc/lite_cog_ros2/nav/install/hdl_localization/lib/python3.8/site-packages/hdl_localization/msg/_scan_matching_status.py\n'}
[12.990591] (hdl_localization) StdoutLine: {'line': b'-- Up-to-date symlink: /home/ysc/lite_cog_ros2/nav/install/hdl_localization/lib/python3.8/site-packages/hdl_localization/hdl_localization_s__rosidl_typesupport_fastrtps_c.cpython-38-aarch64-linux-gnu.so\n'}
[12.994970] (hdl_localization) StdoutLine: {'line': b'-- Up-to-date symlink: /home/ysc/lite_cog_ros2/nav/install/hdl_localization/lib/python3.8/site-packages/hdl_localization/hdl_localization_s__rosidl_typesupport_introspection_c.cpython-38-aarch64-linux-gnu.so\n'}
[12.999508] (hdl_localization) StdoutLine: {'line': b'-- Up-to-date symlink: /home/ysc/lite_cog_ros2/nav/install/hdl_localization/lib/python3.8/site-packages/hdl_localization/hdl_localization_s__rosidl_typesupport_c.cpython-38-aarch64-linux-gnu.so\n'}
[13.004447] (hdl_localization) StdoutLine: {'line': b'-- Up-to-date symlink: /home/ysc/lite_cog_ros2/nav/install/hdl_localization/lib/libhdl_localization__python.so\n'}
[13.006706] (hdl_localization) StdoutLine: {'line': b'-- Up-to-date symlink: /home/ysc/lite_cog_ros2/nav/install/hdl_localization/share/hdl_localization/msg/ScanMatchingStatus.idl\n'}
[13.008864] (hdl_localization) StdoutLine: {'line': b'-- Up-to-date symlink: /home/ysc/lite_cog_ros2/nav/install/hdl_localization/share/hdl_localization/msg/ScanMatchingStatus.msg\n'}
[13.012300] (hdl_localization) StdoutLine: {'line': b'-- Up-to-date symlink: /home/ysc/lite_cog_ros2/nav/install/hdl_localization/lib/hdl_localization/hdl_localization_composition\n'}
[13.016280] (hdl_localization) StdoutLine: {'line': b'-- Symlinking: /home/ysc/lite_cog_ros2/nav/install/hdl_localization/share/hdl_localization/launch/__pycache__/lite_localization.launch.cpython-38.pyc\n'}
[13.054160] (-) TimerEvent: {}
[13.158104] (-) TimerEvent: {}
[13.211567] (hdl_localization) StdoutLine: {'line': b'-- Up-to-date symlink: /home/ysc/lite_cog_ros2/nav/install/hdl_localization/share/hdl_localization/launch/lite_localization.launch.py\n'}
[13.258349] (-) TimerEvent: {}
[13.356565] (hdl_localization) StdoutLine: {'line': b'-- Up-to-date symlink: /home/ysc/lite_cog_ros2/nav/install/hdl_localization/include/hdl_localization/delta_estimater.hpp\n'}
[13.358485] (-) TimerEvent: {}
[13.359343] (hdl_localization) StdoutLine: {'line': b'-- Up-to-date symlink: /home/ysc/lite_cog_ros2/nav/install/hdl_localization/include/hdl_localization/odom_system.hpp\n'}
[13.360810] (hdl_localization) StdoutLine: {'line': b'-- Up-to-date symlink: /home/ysc/lite_cog_ros2/nav/install/hdl_localization/include/hdl_localization/pose_estimator.hpp\n'}
[13.363057] (hdl_localization) StdoutLine: {'line': b'-- Up-to-date symlink: /home/ysc/lite_cog_ros2/nav/install/hdl_localization/include/hdl_localization/pose_system.hpp\n'}
[13.365118] (hdl_localization) StdoutLine: {'line': b'-- Up-to-date symlink: /home/ysc/lite_cog_ros2/nav/install/hdl_localization/include/kkl/alg/unscented_kalman_filter.hpp\n'}
[13.370146] (hdl_localization) StdoutLine: {'line': b'-- Up-to-date symlink: /home/ysc/lite_cog_ros2/nav/install/hdl_localization/lib/hdl_localization/hdl_localization_composition\n'}
[13.372968] (hdl_localization) StdoutLine: {'line': b'-- Up-to-date symlink: /home/ysc/lite_cog_ros2/nav/install/hdl_localization/share/ament_index/resource_index/package_run_dependencies/hdl_localization\n'}
[13.375658] (hdl_localization) StdoutLine: {'line': b'-- Up-to-date symlink: /home/ysc/lite_cog_ros2/nav/install/hdl_localization/share/ament_index/resource_index/parent_prefix_path/hdl_localization\n'}
[13.377802] (hdl_localization) StdoutLine: {'line': b'-- Up-to-date symlink: /home/ysc/lite_cog_ros2/nav/install/hdl_localization/share/hdl_localization/environment/ament_prefix_path.sh\n'}
[13.379775] (hdl_localization) StdoutLine: {'line': b'-- Up-to-date symlink: /home/ysc/lite_cog_ros2/nav/install/hdl_localization/share/hdl_localization/environment/ament_prefix_path.dsv\n'}
[13.381843] (hdl_localization) StdoutLine: {'line': b'-- Up-to-date symlink: /home/ysc/lite_cog_ros2/nav/install/hdl_localization/share/hdl_localization/environment/path.sh\n'}
[13.383982] (hdl_localization) StdoutLine: {'line': b'-- Up-to-date symlink: /home/ysc/lite_cog_ros2/nav/install/hdl_localization/share/hdl_localization/environment/path.dsv\n'}
[13.385849] (hdl_localization) StdoutLine: {'line': b'-- Up-to-date symlink: /home/ysc/lite_cog_ros2/nav/install/hdl_localization/share/hdl_localization/local_setup.bash\n'}
[13.388029] (hdl_localization) StdoutLine: {'line': b'-- Up-to-date symlink: /home/ysc/lite_cog_ros2/nav/install/hdl_localization/share/hdl_localization/local_setup.sh\n'}
[13.390250] (hdl_localization) StdoutLine: {'line': b'-- Up-to-date symlink: /home/ysc/lite_cog_ros2/nav/install/hdl_localization/share/hdl_localization/local_setup.zsh\n'}
[13.392299] (hdl_localization) StdoutLine: {'line': b'-- Up-to-date symlink: /home/ysc/lite_cog_ros2/nav/install/hdl_localization/share/hdl_localization/local_setup.dsv\n'}
[13.393820] (hdl_localization) StdoutLine: {'line': b'-- Symlinking: /home/ysc/lite_cog_ros2/nav/install/hdl_localization/share/hdl_localization/package.dsv\n'}
[13.453421] (hdl_localization) StdoutLine: {'line': b'-- Up-to-date symlink: /home/ysc/lite_cog_ros2/nav/install/hdl_localization/share/ament_index/resource_index/packages/hdl_localization\n'}
[13.455292] (hdl_localization) StdoutLine: {'line': b'-- Up-to-date symlink: /home/ysc/lite_cog_ros2/nav/install/hdl_localization/share/hdl_localization/cmake/rosidl_cmake-extras.cmake\n'}
[13.457299] (hdl_localization) StdoutLine: {'line': b'-- Up-to-date symlink: /home/ysc/lite_cog_ros2/nav/install/hdl_localization/share/hdl_localization/cmake/ament_cmake_export_dependencies-extras.cmake\n'}
[13.458609] (-) TimerEvent: {}
[13.459334] (hdl_localization) StdoutLine: {'line': b'-- Up-to-date symlink: /home/ysc/lite_cog_ros2/nav/install/hdl_localization/share/hdl_localization/cmake/ament_cmake_export_libraries-extras.cmake\n'}
[13.461368] (hdl_localization) StdoutLine: {'line': b'-- Up-to-date symlink: /home/ysc/lite_cog_ros2/nav/install/hdl_localization/share/hdl_localization/cmake/ament_cmake_export_targets-extras.cmake\n'}
[13.463775] (hdl_localization) StdoutLine: {'line': b'-- Up-to-date symlink: /home/ysc/lite_cog_ros2/nav/install/hdl_localization/share/hdl_localization/cmake/ament_cmake_export_include_directories-extras.cmake\n'}
[13.465862] (hdl_localization) StdoutLine: {'line': b'-- Up-to-date symlink: /home/ysc/lite_cog_ros2/nav/install/hdl_localization/share/hdl_localization/cmake/rosidl_cmake_export_typesupport_libraries-extras.cmake\n'}
[13.467733] (hdl_localization) StdoutLine: {'line': b'-- Up-to-date symlink: /home/ysc/lite_cog_ros2/nav/install/hdl_localization/share/hdl_localization/cmake/rosidl_cmake_export_typesupport_targets-extras.cmake\n'}
[13.469852] (hdl_localization) StdoutLine: {'line': b'-- Up-to-date symlink: /home/ysc/lite_cog_ros2/nav/install/hdl_localization/share/hdl_localization/cmake/hdl_localizationConfig.cmake\n'}
[13.471249] (hdl_localization) StdoutLine: {'line': b'-- Up-to-date symlink: /home/ysc/lite_cog_ros2/nav/install/hdl_localization/share/hdl_localization/cmake/hdl_localizationConfig-version.cmake\n'}
[13.473209] (hdl_localization) StdoutLine: {'line': b'-- Up-to-date symlink: /home/ysc/lite_cog_ros2/nav/install/hdl_localization/share/hdl_localization/package.xml\n'}
[13.558889] (-) TimerEvent: {}
[13.616479] (hdl_localization) StdoutLine: {'line': b'-- Up-to-date: /home/ysc/lite_cog_ros2/nav/install/hdl_localization/lib/libhdl_localization__rosidl_generator_c.so\n'}
[13.621172] (hdl_localization) StdoutLine: {'line': b'-- Up-to-date: /home/ysc/lite_cog_ros2/nav/install/hdl_localization/lib/libhdl_localization__rosidl_typesupport_introspection_c.so\n'}
[13.624863] (hdl_localization) StdoutLine: {'line': b'-- Up-to-date: /home/ysc/lite_cog_ros2/nav/install/hdl_localization/lib/libhdl_localization__rosidl_typesupport_c.so\n'}
[13.628134] (hdl_localization) StdoutLine: {'line': b'-- Up-to-date: /home/ysc/lite_cog_ros2/nav/install/hdl_localization/lib/libhdl_localization__rosidl_typesupport_introspection_cpp.so\n'}
[13.631486] (hdl_localization) StdoutLine: {'line': b'-- Up-to-date: /home/ysc/lite_cog_ros2/nav/install/hdl_localization/lib/libhdl_localization__rosidl_typesupport_cpp.so\n'}
[13.659105] (-) TimerEvent: {}
[13.760058] (-) TimerEvent: {}
[13.861802] (-) TimerEvent: {}
[13.963043] (-) TimerEvent: {}
[14.064306] (-) TimerEvent: {}
[14.117893] (hdl_localization) StdoutLine: {'line': b'-- Up-to-date: /home/ysc/lite_cog_ros2/nav/install/hdl_localization/share/hdl_localization/cmake/hdl_localization__rosidl_generator_cExport.cmake\n'}
[14.119015] (hdl_localization) StdoutLine: {'line': b'-- Up-to-date: /home/ysc/lite_cog_ros2/nav/install/hdl_localization/share/hdl_localization/cmake/hdl_localization__rosidl_generator_cExport-release.cmake\n'}
[14.121092] (hdl_localization) StdoutLine: {'line': b'-- Up-to-date: /home/ysc/lite_cog_ros2/nav/install/hdl_localization/share/hdl_localization/cmake/hdl_localization__rosidl_typesupport_introspection_cExport.cmake\n'}
[14.121981] (hdl_localization) StdoutLine: {'line': b'-- Up-to-date: /home/ysc/lite_cog_ros2/nav/install/hdl_localization/share/hdl_localization/cmake/hdl_localization__rosidl_typesupport_introspection_cExport-release.cmake\n'}
[14.124090] (hdl_localization) StdoutLine: {'line': b'-- Up-to-date: /home/ysc/lite_cog_ros2/nav/install/hdl_localization/share/hdl_localization/cmake/hdl_localization__rosidl_typesupport_cExport.cmake\n'}
[14.126050] (hdl_localization) StdoutLine: {'line': b'-- Up-to-date: /home/ysc/lite_cog_ros2/nav/install/hdl_localization/share/hdl_localization/cmake/hdl_localization__rosidl_typesupport_cExport-release.cmake\n'}
[14.127417] (hdl_localization) StdoutLine: {'line': b'-- Up-to-date: /home/ysc/lite_cog_ros2/nav/install/hdl_localization/share/hdl_localization/cmake/hdl_localization__rosidl_generator_cppExport.cmake\n'}
[14.130600] (hdl_localization) StdoutLine: {'line': b'-- Up-to-date: /home/ysc/lite_cog_ros2/nav/install/hdl_localization/share/hdl_localization/cmake/hdl_localization__rosidl_typesupport_introspection_cppExport.cmake\n'}
[14.133159] (hdl_localization) StdoutLine: {'line': b'-- Up-to-date: /home/ysc/lite_cog_ros2/nav/install/hdl_localization/share/hdl_localization/cmake/hdl_localization__rosidl_typesupport_introspection_cppExport-release.cmake\n'}
[14.135172] (hdl_localization) StdoutLine: {'line': b'-- Up-to-date: /home/ysc/lite_cog_ros2/nav/install/hdl_localization/share/hdl_localization/cmake/hdl_localization__rosidl_typesupport_cppExport.cmake\n'}
[14.137319] (hdl_localization) StdoutLine: {'line': b'-- Up-to-date: /home/ysc/lite_cog_ros2/nav/install/hdl_localization/share/hdl_localization/cmake/hdl_localization__rosidl_typesupport_cppExport-release.cmake\n'}
[14.149160] (hdl_localization) CommandEnded: {'returncode': 0}
[14.165709] (-) TimerEvent: {}
[14.268471] (-) TimerEvent: {}
[14.370630] (-) TimerEvent: {}
[14.472527] (-) TimerEvent: {}
[14.573776] (-) TimerEvent: {}
[14.674909] (-) TimerEvent: {}
[14.710680] (hdl_localization) JobEnded: {'identifier': 'hdl_localization', 'rc': 0}
[14.716227] (-) EventReactorShutdown: {}
