[0.000000] (-) TimerEvent: {}
[0.005558] (-) JobUnselected: {'identifier': 'dr_nav2'}
[0.007714] (-) JobUnselected: {'identifier': 'hdl_global_localization'}
[0.008019] (-) JobUnselected: {'identifier': 'sensor_test'}
[0.008266] (hdl_localization) JobQueued: {'identifier': 'hdl_localization', 'dependencies': OrderedDict([('hdl_global_localization', '/home/ysc/lite_cog_ros2/nav/install/hdl_global_localization')])}
[0.008564] (hdl_localization) JobStarted: {'identifier': 'hdl_localization'}
[0.095956] (-) TimerEvent: {}
[0.196949] (-) TimerEvent: {}
[0.298185] (-) TimerEvent: {}
[0.399712] (-) TimerEvent: {}
[0.502042] (-) TimerEvent: {}
[0.551781] (hdl_localization) JobProgress: {'identifier': 'hdl_localization', 'progress': 'cmake'}
[0.555948] (hdl_localization) Command: {'cmd': ['/usr/bin/cmake', '/home/ysc/lite_cog_ros2/nav/src/hdl_localization', '-DAMENT_CMAKE_SYMLINK_INSTALL=1', '-DCMAKE_INSTALL_PREFIX=/home/ysc/lite_cog_ros2/nav/install/hdl_localization'], 'cwd': '/home/ysc/lite_cog_ros2/nav/build/hdl_localization', 'env': OrderedDict([('GJS_DEBUG_TOPICS', 'JS ERROR;JS LOG'), ('LESSOPEN', '| /usr/bin/lesspipe %s'), ('USER', 'ysc'), ('LC_TIME', 'zh_CN.UTF-8'), ('SSH_AGENT_PID', '1922'), ('XDG_SESSION_TYPE', 'x11'), ('SHLVL', '1'), ('LD_LIBRARY_PATH', '/home/ysc/lite_cog_ros2/nav/install/hdl_global_localization/lib:/home/ysc/lite_cog_ros2/fast_gicp/install/fast_gicp/lib:/home/ysc/lite_cog_ros2/ndt_omp/install/ndt_omp/lib:/usr/local/cuda-11.4/lib64:/usr/lib/aarch64-linux-gnu/gazebo-11/plugins:/opt/ros/foxy/opt/yaml_cpp_vendor/lib:/opt/ros/foxy/opt/rviz_ogre_vendor/lib:/opt/ros/foxy/lib/aarch64-linux-gnu:/opt/ros/foxy/lib:/usr/local/cuda-11.4/lib64'), ('HOME', '/home/ysc'), ('DESKTOP_SESSION', 'ubuntu'), ('ROS_PYTHON_VERSION', '3'), ('GNOME_SHELL_SESSION_MODE', 'ubuntu'), ('GTK_MODULES', 'gail:atk-bridge'), ('LC_MONETARY', 'zh_CN.UTF-8'), ('MANAGERPID', '1532'), ('ROS_LOG_DIR', '/home/ysc/lite_cog_ros2/system/log'), ('DBUS_SESSION_BUS_ADDRESS', 'unix:path=/run/user/1000/bus'), ('COLORTERM', 'truecolor'), ('_colcon_cd_root', '/opt/ros/foxy/'), ('IM_CONFIG_PHASE', '1'), ('COLCON_PREFIX_PATH', '/home/ysc/lite_cog_ros2/fast_gicp/install:/home/ysc/lite_cog_ros2/ndt_omp/install'), ('ROS_DISTRO', 'foxy'), ('LOGNAME', 'ysc'), ('JOURNAL_STREAM', '8:47853'), ('_', '/usr/bin/colcon'), ('ROS_VERSION', '2'), ('XDG_SESSION_CLASS', 'user'), ('USERNAME', 'ysc'), ('TERM', 'xterm-256color'), ('GNOME_DESKTOP_SESSION_ID', 'this-is-deprecated'), ('ROS_LOCALHOST_ONLY', '0'), ('WINDOWPATH', '2'), ('PATH', '/usr/local/cuda-11.4/bin:/opt/ros/foxy/bin:/usr/local/cuda-11.4/bin:/home/ysc/.local/bin:/usr/local/sbin:/usr/local/bin:/usr/sbin:/usr/bin:/sbin:/bin:/usr/games:/usr/local/games:/snap/bin'), ('SESSION_MANAGER', 'local/lite:@/tmp/.ICE-unix/2025,unix/lite:/tmp/.ICE-unix/2025'), ('FASTRTPS_DEFAULT_PROFILES_FILE', '/home/ysc/lite_cog_ros2/system/fastdds_profile.xml'), ('INVOCATION_ID', 'f4c29952cc6e455ba737a6298d8c0796'), ('XDG_MENU_PREFIX', 'gnome-'), ('LC_ADDRESS', 'zh_CN.UTF-8'), ('GNOME_TERMINAL_SCREEN', '/org/gnome/Terminal/screen/9d503143_c77d_486b_97c6_7f158754111f'), ('XDG_RUNTIME_DIR', '/run/user/1000'), ('DISPLAY', ':0'), ('LANG', 'en_US.UTF-8'), ('XDG_CURRENT_DESKTOP', 'ubuntu:GNOME'), ('LC_TELEPHONE', 'zh_CN.UTF-8'), ('RMW_IMPLEMENTATION', 'rmw_cyclonedds_cpp'), ('XMODIFIERS', '@im=ibus'), ('XDG_SESSION_DESKTOP', 'ubuntu'), ('XAUTHORITY', '/run/user/1000/gdm/Xauthority'), ('LS_COLORS', 'rs=0:di=01;34:ln=01;36:mh=00:pi=40;33:so=01;35:do=01;35:bd=40;33;01:cd=40;33;01:or=40;31;01:mi=00:su=37;41:sg=30;43:ca=30;41:tw=30;42:ow=34;42:st=37;44:ex=01;32:*.tar=01;31:*.tgz=01;31:*.arc=01;31:*.arj=01;31:*.taz=01;31:*.lha=01;31:*.lz4=01;31:*.lzh=01;31:*.lzma=01;31:*.tlz=01;31:*.txz=01;31:*.tzo=01;31:*.t7z=01;31:*.zip=01;31:*.z=01;31:*.dz=01;31:*.gz=01;31:*.lrz=01;31:*.lz=01;31:*.lzo=01;31:*.xz=01;31:*.zst=01;31:*.tzst=01;31:*.bz2=01;31:*.bz=01;31:*.tbz=01;31:*.tbz2=01;31:*.tz=01;31:*.deb=01;31:*.rpm=01;31:*.jar=01;31:*.war=01;31:*.ear=01;31:*.sar=01;31:*.rar=01;31:*.alz=01;31:*.ace=01;31:*.zoo=01;31:*.cpio=01;31:*.7z=01;31:*.rz=01;31:*.cab=01;31:*.wim=01;31:*.swm=01;31:*.dwm=01;31:*.esd=01;31:*.jpg=01;35:*.jpeg=01;35:*.mjpg=01;35:*.mjpeg=01;35:*.gif=01;35:*.bmp=01;35:*.pbm=01;35:*.pgm=01;35:*.ppm=01;35:*.tga=01;35:*.xbm=01;35:*.xpm=01;35:*.tif=01;35:*.tiff=01;35:*.png=01;35:*.svg=01;35:*.svgz=01;35:*.mng=01;35:*.pcx=01;35:*.mov=01;35:*.mpg=01;35:*.mpeg=01;35:*.m2v=01;35:*.mkv=01;35:*.webm=01;35:*.ogm=01;35:*.mp4=01;35:*.m4v=01;35:*.mp4v=01;35:*.vob=01;35:*.qt=01;35:*.nuv=01;35:*.wmv=01;35:*.asf=01;35:*.rm=01;35:*.rmvb=01;35:*.flc=01;35:*.avi=01;35:*.fli=01;35:*.flv=01;35:*.gl=01;35:*.dl=01;35:*.xcf=01;35:*.xwd=01;35:*.yuv=01;35:*.cgm=01;35:*.emf=01;35:*.ogv=01;35:*.ogx=01;35:*.aac=00;36:*.au=00;36:*.flac=00;36:*.m4a=00;36:*.mid=00;36:*.midi=00;36:*.mka=00;36:*.mp3=00;36:*.mpc=00;36:*.ogg=00;36:*.ra=00;36:*.wav=00;36:*.oga=00;36:*.opus=00;36:*.spx=00;36:*.xspf=00;36:'), ('GNOME_TERMINAL_SERVICE', ':1.80'), ('SSH_AUTH_SOCK', '/run/user/1000/keyring/ssh'), ('ROS_DOMAIN_ID', '0'), ('AMENT_PREFIX_PATH', '/home/ysc/lite_cog_ros2/nav/install/hdl_global_localization:/home/ysc/lite_cog_ros2/fast_gicp/install/fast_gicp:/home/ysc/lite_cog_ros2/ndt_omp/install/ndt_omp:/opt/ros/foxy'), ('SHELL', '/bin/bash'), ('LC_NAME', 'zh_CN.UTF-8'), ('QT_ACCESSIBILITY', '1'), ('GDMSESSION', 'ubuntu'), ('LESSCLOSE', '/usr/bin/lesspipe %s %s'), ('LC_MEASUREMENT', 'zh_CN.UTF-8'), ('GPG_AGENT_INFO', '/run/user/1000/gnupg/S.gpg-agent:0:1'), ('GJS_DEBUG_OUTPUT', 'stderr'), ('LC_IDENTIFICATION', 'zh_CN.UTF-8'), ('QT_IM_MODULE', 'ibus'), ('PWD', '/home/ysc/lite_cog_ros2/nav/build/hdl_localization'), ('LC_ALL', 'en_US.UTF-8'), ('XDG_CONFIG_DIRS', '/etc/xdg/xdg-ubuntu:/etc/xdg'), ('XDG_DATA_DIRS', '/usr/share/ubuntu:/usr/local/share/:/usr/share/:/var/lib/snapd/desktop'), ('PYTHONPATH', '/home/ysc/lite_cog_ros2/nav/install/hdl_global_localization/lib/python3.8/site-packages:/opt/ros/foxy/lib/python3.8/site-packages'), ('LC_NUMERIC', 'zh_CN.UTF-8'), ('LC_PAPER', 'zh_CN.UTF-8'), ('COLCON', '1'), ('VTE_VERSION', '6003'), ('CMAKE_PREFIX_PATH', '/home/ysc/lite_cog_ros2/nav/install/hdl_global_localization:/home/ysc/lite_cog_ros2/fast_gicp/install/fast_gicp:/home/ysc/lite_cog_ros2/ndt_omp/install/ndt_omp:/opt/ros/foxy')]), 'shell': False}
[0.603552] (-) TimerEvent: {}
[0.707250] (-) TimerEvent: {}
[0.808333] (-) TimerEvent: {}
[0.910103] (-) TimerEvent: {}
[1.011841] (-) TimerEvent: {}
[1.113108] (-) TimerEvent: {}
[1.215671] (-) TimerEvent: {}
[1.316749] (-) TimerEvent: {}
[1.417868] (-) TimerEvent: {}
[1.518880] (-) TimerEvent: {}
[1.619962] (-) TimerEvent: {}
[1.721198] (-) TimerEvent: {}
[1.822398] (-) TimerEvent: {}
[1.923500] (-) TimerEvent: {}
[2.024871] (-) TimerEvent: {}
[2.126025] (-) TimerEvent: {}
[2.227334] (-) TimerEvent: {}
[2.328893] (-) TimerEvent: {}
[2.430086] (-) TimerEvent: {}
[2.531299] (-) TimerEvent: {}
[2.632394] (-) TimerEvent: {}
[2.733711] (-) TimerEvent: {}
[2.835079] (-) TimerEvent: {}
[2.839683] (hdl_localization) StdoutLine: {'line': b'-- The C compiler identification is GNU 9.4.0\n'}
[2.935305] (-) TimerEvent: {}
[3.036379] (-) TimerEvent: {}
[3.137397] (-) TimerEvent: {}
[3.238448] (-) TimerEvent: {}
[3.339386] (-) TimerEvent: {}
[3.440307] (-) TimerEvent: {}
[3.541467] (-) TimerEvent: {}
[3.642566] (-) TimerEvent: {}
[3.743666] (-) TimerEvent: {}
[3.845361] (-) TimerEvent: {}
[3.946320] (-) TimerEvent: {}
[4.048217] (-) TimerEvent: {}
[4.149311] (-) TimerEvent: {}
[4.250410] (-) TimerEvent: {}
[4.298942] (hdl_localization) StdoutLine: {'line': b'-- The CXX compiler identification is GNU 9.4.0\n'}
[4.350650] (-) TimerEvent: {}
[4.451607] (-) TimerEvent: {}
[4.495465] (hdl_localization) StdoutLine: {'line': b'-- Check for working C compiler: /usr/bin/cc\n'}
[4.551865] (-) TimerEvent: {}
[4.653021] (-) TimerEvent: {}
[4.754051] (-) TimerEvent: {}
[4.855136] (-) TimerEvent: {}
[4.956161] (-) TimerEvent: {}
[5.057405] (-) TimerEvent: {}
[5.158385] (-) TimerEvent: {}
[5.238912] (hdl_localization) StdoutLine: {'line': b'-- Check for working C compiler: /usr/bin/cc -- works\n'}
[5.258596] (-) TimerEvent: {}
[5.359711] (-) TimerEvent: {}
[5.400619] (hdl_localization) StdoutLine: {'line': b'-- Detecting C compiler ABI info\n'}
[5.459976] (-) TimerEvent: {}
[5.561747] (-) TimerEvent: {}
[5.662795] (-) TimerEvent: {}
[5.764411] (-) TimerEvent: {}
[5.865512] (-) TimerEvent: {}
[5.966609] (-) TimerEvent: {}
[6.067659] (-) TimerEvent: {}
[6.169173] (hdl_localization) StdoutLine: {'line': b'-- Detecting C compiler ABI info - done\n'}
[6.172025] (-) TimerEvent: {}
[6.275292] (-) TimerEvent: {}
[6.376392] (-) TimerEvent: {}
[6.392644] (hdl_localization) StdoutLine: {'line': b'-- Detecting C compile features\n'}
[6.395630] (hdl_localization) StdoutLine: {'line': b'-- Detecting C compile features - done\n'}
[6.415106] (hdl_localization) StdoutLine: {'line': b'-- Check for working CXX compiler: /usr/bin/c++\n'}
[6.476662] (-) TimerEvent: {}
[6.577705] (-) TimerEvent: {}
[6.678833] (-) TimerEvent: {}
[6.780124] (-) TimerEvent: {}
[6.881226] (-) TimerEvent: {}
[6.982318] (-) TimerEvent: {}
[7.069339] (hdl_localization) StdoutLine: {'line': b'-- Check for working CXX compiler: /usr/bin/c++ -- works\n'}
[7.078236] (hdl_localization) StdoutLine: {'line': b'-- Detecting CXX compiler ABI info\n'}
[7.082475] (-) TimerEvent: {}
[7.183345] (-) TimerEvent: {}
[7.284401] (-) TimerEvent: {}
[7.385472] (-) TimerEvent: {}
[7.486508] (-) TimerEvent: {}
[7.587529] (-) TimerEvent: {}
[7.688506] (-) TimerEvent: {}
[7.790858] (-) TimerEvent: {}
[7.798244] (hdl_localization) StdoutLine: {'line': b'-- Detecting CXX compiler ABI info - done\n'}
[7.879183] (hdl_localization) StdoutLine: {'line': b'-- Detecting CXX compile features\n'}
[7.882300] (hdl_localization) StdoutLine: {'line': b'-- Detecting CXX compile features - done\n'}
[7.890768] (-) TimerEvent: {}
[7.991781] (-) TimerEvent: {}
[8.042814] (hdl_localization) StdoutLine: {'line': b'-- Found ament_cmake_auto: 0.9.12 (/opt/ros/foxy/share/ament_cmake_auto/cmake)\n'}
[8.092042] (-) TimerEvent: {}
[8.193473] (-) TimerEvent: {}
[8.294512] (-) TimerEvent: {}
[8.395518] (-) TimerEvent: {}
[8.496671] (-) TimerEvent: {}
[8.526090] (hdl_localization) StdoutLine: {'line': b'-- Found PythonInterp: /usr/bin/python3 (found suitable version "3.8.10", minimum required is "3") \n'}
[8.527284] (hdl_localization) StdoutLine: {'line': b'-- Using PYTHON_EXECUTABLE: /usr/bin/python3\n'}
[8.596979] (-) TimerEvent: {}
[8.697916] (-) TimerEvent: {}
[8.798863] (-) TimerEvent: {}
[8.899806] (-) TimerEvent: {}
[9.000889] (-) TimerEvent: {}
[9.101779] (-) TimerEvent: {}
[9.203221] (-) TimerEvent: {}
[9.304085] (-) TimerEvent: {}
[9.405163] (-) TimerEvent: {}
[9.506047] (-) TimerEvent: {}
[9.607089] (-) TimerEvent: {}
[9.759686] (-) TimerEvent: {}
[9.860821] (-) TimerEvent: {}
[9.961855] (-) TimerEvent: {}
[10.063212] (-) TimerEvent: {}
[10.164992] (-) TimerEvent: {}
[10.188242] (hdl_localization) StdoutLine: {'line': b'-- Override CMake install command with custom implementation using symlinks instead of copying resources\n'}
[10.265228] (-) TimerEvent: {}
[10.366218] (-) TimerEvent: {}
[10.467239] (-) TimerEvent: {}
[10.568274] (-) TimerEvent: {}
[10.669465] (-) TimerEvent: {}
[10.770625] (-) TimerEvent: {}
[10.872173] (-) TimerEvent: {}
[10.973674] (-) TimerEvent: {}
[11.074686] (-) TimerEvent: {}
[11.175864] (-) TimerEvent: {}
[11.225382] (hdl_localization) StdoutLine: {'line': b'-- Using all available rosidl_typesupport_c: rosidl_typesupport_fastrtps_c;rosidl_typesupport_introspection_c\n'}
[11.276001] (-) TimerEvent: {}
[11.377153] (-) TimerEvent: {}
[11.478197] (-) TimerEvent: {}
[11.565267] (hdl_localization) StdoutLine: {'line': b'-- Found rosidl_adapter: 1.3.1 (/opt/ros/foxy/share/rosidl_adapter/cmake)\n'}
[11.578453] (-) TimerEvent: {}
[11.679568] (-) TimerEvent: {}
[11.780656] (-) TimerEvent: {}
[11.881788] (-) TimerEvent: {}
[11.982865] (-) TimerEvent: {}
[12.083982] (-) TimerEvent: {}
[12.185046] (-) TimerEvent: {}
[12.286089] (-) TimerEvent: {}
[12.387166] (-) TimerEvent: {}
[12.488344] (-) TimerEvent: {}
[12.589712] (-) TimerEvent: {}
[12.690780] (-) TimerEvent: {}
[12.792233] (-) TimerEvent: {}
[12.894103] (-) TimerEvent: {}
[12.995449] (-) TimerEvent: {}
[13.096380] (-) TimerEvent: {}
[13.197604] (-) TimerEvent: {}
[13.298707] (-) TimerEvent: {}
[13.390308] (hdl_localization) StdoutLine: {'line': b'-- Found OpenSSL: /usr/lib/aarch64-linux-gnu/libcrypto.so (found version "1.1.1f")  \n'}
[13.398951] (-) TimerEvent: {}
[13.499879] (-) TimerEvent: {}
[13.565420] (hdl_localization) StdoutLine: {'line': b'-- Found FastRTPS: /opt/ros/foxy/include  \n'}
[13.600126] (-) TimerEvent: {}
[13.701208] (-) TimerEvent: {}
[13.802169] (-) TimerEvent: {}
[13.903674] (-) TimerEvent: {}
[14.004656] (-) TimerEvent: {}
[14.105751] (-) TimerEvent: {}
[14.206670] (-) TimerEvent: {}
[14.307706] (-) TimerEvent: {}
[14.409510] (-) TimerEvent: {}
[14.510498] (-) TimerEvent: {}
[14.611415] (-) TimerEvent: {}
[14.712958] (-) TimerEvent: {}
[14.814113] (-) TimerEvent: {}
[14.915229] (-) TimerEvent: {}
[15.016223] (-) TimerEvent: {}
[15.117706] (-) TimerEvent: {}
[15.218864] (-) TimerEvent: {}
[15.237922] (hdl_localization) StdoutLine: {'line': b'-- Using all available rosidl_typesupport_cpp: rosidl_typesupport_fastrtps_cpp;rosidl_typesupport_introspection_cpp\n'}
[15.319152] (-) TimerEvent: {}
[15.420203] (-) TimerEvent: {}
[15.521242] (-) TimerEvent: {}
[15.622192] (-) TimerEvent: {}
[15.724247] (-) TimerEvent: {}
[15.825338] (-) TimerEvent: {}
[15.927261] (-) TimerEvent: {}
[16.028284] (-) TimerEvent: {}
[16.129362] (-) TimerEvent: {}
[16.230387] (-) TimerEvent: {}
[16.331424] (-) TimerEvent: {}
[16.432464] (-) TimerEvent: {}
[16.533563] (-) TimerEvent: {}
[16.634558] (-) TimerEvent: {}
[16.735479] (-) TimerEvent: {}
[16.836475] (-) TimerEvent: {}
[16.937568] (-) TimerEvent: {}
[17.038550] (-) TimerEvent: {}
[17.139583] (-) TimerEvent: {}
[17.240541] (-) TimerEvent: {}
[17.341526] (-) TimerEvent: {}
[17.443686] (-) TimerEvent: {}
[17.544669] (-) TimerEvent: {}
[17.645714] (-) TimerEvent: {}
[17.746790] (-) TimerEvent: {}
[17.848520] (-) TimerEvent: {}
[17.949774] (-) TimerEvent: {}
[18.015857] (hdl_localization) StdoutLine: {'line': b'-- Found rmw_implementation_cmake: 1.0.4 (/opt/ros/foxy/share/rmw_implementation_cmake/cmake)\n'}
[18.028455] (hdl_localization) StdoutLine: {'line': b"-- Using RMW implementation 'rmw_cyclonedds_cpp' as default\n"}
[18.036279] (hdl_localization) StdoutLine: {'line': b'-- Looking for pthread.h\n'}
[18.050013] (-) TimerEvent: {}
[18.150954] (-) TimerEvent: {}
[18.251987] (-) TimerEvent: {}
[18.353141] (-) TimerEvent: {}
[18.454133] (-) TimerEvent: {}
[18.555186] (-) TimerEvent: {}
[18.656261] (-) TimerEvent: {}
[18.669163] (hdl_localization) StdoutLine: {'line': b'-- Looking for pthread.h - found\n'}
[18.677471] (hdl_localization) StdoutLine: {'line': b'-- Performing Test CMAKE_HAVE_LIBC_PTHREAD\n'}
[18.756569] (-) TimerEvent: {}
[18.857820] (-) TimerEvent: {}
[18.958813] (-) TimerEvent: {}
[19.059931] (-) TimerEvent: {}
[19.161150] (-) TimerEvent: {}
[19.262198] (-) TimerEvent: {}
[19.363297] (-) TimerEvent: {}
[19.435899] (hdl_localization) StdoutLine: {'line': b'-- Performing Test CMAKE_HAVE_LIBC_PTHREAD - Failed\n'}
[19.437320] (hdl_localization) StdoutLine: {'line': b'-- Looking for pthread_create in pthreads\n'}
[19.463537] (-) TimerEvent: {}
[19.564643] (-) TimerEvent: {}
[19.665751] (-) TimerEvent: {}
[19.766781] (-) TimerEvent: {}
[19.907663] (-) TimerEvent: {}
[20.008758] (-) TimerEvent: {}
[20.109830] (-) TimerEvent: {}
[20.113144] (hdl_localization) StdoutLine: {'line': b'-- Looking for pthread_create in pthreads - not found\n'}
[20.114388] (hdl_localization) StdoutLine: {'line': b'-- Looking for pthread_create in pthread\n'}
[20.210317] (-) TimerEvent: {}
[20.311435] (-) TimerEvent: {}
[20.412459] (-) TimerEvent: {}
[20.513644] (-) TimerEvent: {}
[20.614683] (-) TimerEvent: {}
[20.707156] (hdl_localization) StdoutLine: {'line': b'-- Looking for pthread_create in pthread - found\n'}
[20.714935] (-) TimerEvent: {}
[20.716063] (hdl_localization) StdoutLine: {'line': b'-- Found Threads: TRUE  \n'}
[20.815187] (-) TimerEvent: {}
[20.916126] (-) TimerEvent: {}
[21.017343] (-) TimerEvent: {}
[21.118390] (-) TimerEvent: {}
[21.219299] (-) TimerEvent: {}
[21.320220] (-) TimerEvent: {}
[21.421688] (-) TimerEvent: {}
[21.523904] (-) TimerEvent: {}
[21.625292] (-) TimerEvent: {}
[21.727308] (-) TimerEvent: {}
[21.828315] (-) TimerEvent: {}
[21.929382] (-) TimerEvent: {}
[22.030393] (-) TimerEvent: {}
[22.131799] (-) TimerEvent: {}
[22.234267] (-) TimerEvent: {}
[22.335610] (-) TimerEvent: {}
[22.436643] (-) TimerEvent: {}
[22.537762] (-) TimerEvent: {}
[22.638721] (-) TimerEvent: {}
[22.739671] (-) TimerEvent: {}
[22.840696] (-) TimerEvent: {}
[22.941741] (-) TimerEvent: {}
[23.043003] (-) TimerEvent: {}
[23.144362] (-) TimerEvent: {}
[23.245552] (-) TimerEvent: {}
[23.346524] (-) TimerEvent: {}
[23.447828] (-) TimerEvent: {}
[23.548747] (-) TimerEvent: {}
[23.649773] (-) TimerEvent: {}
[23.750792] (-) TimerEvent: {}
[23.851994] (-) TimerEvent: {}
[23.953559] (-) TimerEvent: {}
[24.054640] (-) TimerEvent: {}
[24.155731] (-) TimerEvent: {}
[24.257203] (-) TimerEvent: {}
[24.358316] (-) TimerEvent: {}
[24.459383] (-) TimerEvent: {}
[24.560526] (-) TimerEvent: {}
[24.662290] (-) TimerEvent: {}
[24.763383] (-) TimerEvent: {}
[24.864526] (-) TimerEvent: {}
[25.007856] (-) TimerEvent: {}
[25.109025] (-) TimerEvent: {}
[25.210034] (-) TimerEvent: {}
[25.311109] (-) TimerEvent: {}
[25.412111] (-) TimerEvent: {}
[25.513094] (-) TimerEvent: {}
[25.614073] (-) TimerEvent: {}
[25.715111] (-) TimerEvent: {}
[25.816144] (-) TimerEvent: {}
[25.917222] (-) TimerEvent: {}
[26.018248] (-) TimerEvent: {}
[26.119264] (-) TimerEvent: {}
[26.220363] (-) TimerEvent: {}
[26.321408] (-) TimerEvent: {}
[26.422408] (-) TimerEvent: {}
[26.523439] (-) TimerEvent: {}
[26.624472] (-) TimerEvent: {}
[26.725603] (-) TimerEvent: {}
[26.827417] (-) TimerEvent: {}
[26.928974] (-) TimerEvent: {}
[27.030020] (-) TimerEvent: {}
[27.130923] (-) TimerEvent: {}
[27.231920] (-) TimerEvent: {}
[27.333003] (-) TimerEvent: {}
[27.434001] (-) TimerEvent: {}
[27.495691] (hdl_localization) StdoutLine: {'line': b'-- Found eigen3_cmake_module: 0.1.1 (/opt/ros/foxy/share/eigen3_cmake_module/cmake)\n'}
[27.534229] (-) TimerEvent: {}
[27.635232] (-) TimerEvent: {}
[27.656847] (hdl_localization) StdoutLine: {'line': b'-- Found Eigen3: TRUE (found version "3.3.7") \n'}
[27.735477] (-) TimerEvent: {}
[27.836505] (-) TimerEvent: {}
[27.937607] (-) TimerEvent: {}
[28.038679] (-) TimerEvent: {}
[28.139690] (-) TimerEvent: {}
[28.240657] (-) TimerEvent: {}
[28.341710] (-) TimerEvent: {}
[28.442753] (-) TimerEvent: {}
[28.543965] (-) TimerEvent: {}
[28.644996] (-) TimerEvent: {}
[28.746026] (-) TimerEvent: {}
[28.847028] (-) TimerEvent: {}
[28.948046] (-) TimerEvent: {}
[29.049034] (-) TimerEvent: {}
[29.150031] (-) TimerEvent: {}
[29.251033] (-) TimerEvent: {}
[29.352108] (-) TimerEvent: {}
[29.453148] (-) TimerEvent: {}
[29.554245] (-) TimerEvent: {}
[29.655251] (-) TimerEvent: {}
[29.756233] (-) TimerEvent: {}
[29.857372] (-) TimerEvent: {}
[29.958402] (-) TimerEvent: {}
[30.059569] (-) TimerEvent: {}
[30.201851] (-) TimerEvent: {}
[30.302903] (-) TimerEvent: {}
[30.403965] (-) TimerEvent: {}
[30.505078] (-) TimerEvent: {}
[30.606177] (-) TimerEvent: {}
[30.707250] (-) TimerEvent: {}
[30.759382] (hdl_localization) StdoutLine: {'line': b"-- Checking for module 'eigen3'\n"}
[30.807492] (-) TimerEvent: {}
[30.908431] (-) TimerEvent: {}
[31.009608] (-) TimerEvent: {}
[31.042898] (hdl_localization) StdoutLine: {'line': b'--   Found eigen3, version 3.3.7\n'}
[31.110778] (-) TimerEvent: {}
[31.215554] (-) TimerEvent: {}
[31.316539] (-) TimerEvent: {}
[31.417976] (-) TimerEvent: {}
[31.518998] (-) TimerEvent: {}
[31.620621] (-) TimerEvent: {}
[31.623985] (hdl_localization) StdoutLine: {'line': b'-- Found Eigen: /usr/include/eigen3 (Required is at least version "3.1") \n'}
[31.625140] (hdl_localization) StdoutLine: {'line': b'-- Eigen found (include: /usr/include/eigen3, version: 3.3.7)\n'}
[31.720927] (-) TimerEvent: {}
[31.821950] (-) TimerEvent: {}
[31.922903] (-) TimerEvent: {}
[32.023967] (-) TimerEvent: {}
[32.125009] (-) TimerEvent: {}
[32.225988] (-) TimerEvent: {}
[32.327075] (-) TimerEvent: {}
[32.428489] (-) TimerEvent: {}
[32.529860] (-) TimerEvent: {}
[32.630946] (-) TimerEvent: {}
[32.732051] (-) TimerEvent: {}
[32.834009] (-) TimerEvent: {}
[32.857214] (hdl_localization) StdoutLine: {'line': b"-- Checking for module 'flann'\n"}
[32.934226] (-) TimerEvent: {}
[33.035141] (-) TimerEvent: {}
[33.136213] (-) TimerEvent: {}
[33.145229] (hdl_localization) StdoutLine: {'line': b'--   Found flann, version 1.9.1\n'}
[33.237403] (-) TimerEvent: {}
[33.338592] (-) TimerEvent: {}
[33.439622] (-) TimerEvent: {}
[33.540661] (-) TimerEvent: {}
[33.641722] (-) TimerEvent: {}
[33.742698] (-) TimerEvent: {}
[33.790736] (hdl_localization) StdoutLine: {'line': b'-- Found FLANN: /usr/lib/aarch64-linux-gnu/libflann_cpp.so  \n'}
[33.842934] (-) TimerEvent: {}
[33.944175] (-) TimerEvent: {}
[34.045155] (-) TimerEvent: {}
[34.146127] (-) TimerEvent: {}
[34.247182] (-) TimerEvent: {}
[34.348212] (-) TimerEvent: {}
[34.449255] (-) TimerEvent: {}
[34.550328] (-) TimerEvent: {}
[34.651379] (-) TimerEvent: {}
[34.739295] (hdl_localization) StdoutLine: {'line': b'-- The imported target "vtkParseOGLExt" references the file\n'}
[34.740067] (hdl_localization) StdoutLine: {'line': b'   "/usr/bin/vtkParseOGLExt-7.1"\n'}
[34.740558] (hdl_localization) StdoutLine: {'line': b'but this file does not exist.  Possible reasons include:\n'}
[34.741053] (hdl_localization) StdoutLine: {'line': b'* The file was deleted, renamed, or moved to another location.\n'}
[34.741548] (hdl_localization) StdoutLine: {'line': b'* An install or uninstall procedure did not complete successfully.\n'}
[34.742018] (hdl_localization) StdoutLine: {'line': b'* The installation package was faulty and contained\n'}
[34.742437] (hdl_localization) StdoutLine: {'line': b'   "/usr/lib/cmake/vtk-7.1/VTKTargets.cmake"\n'}
[34.742884] (hdl_localization) StdoutLine: {'line': b'but not all the files it references.\n'}
[34.743328] (hdl_localization) StdoutLine: {'line': b'\n'}
[34.747651] (hdl_localization) StdoutLine: {'line': b'-- The imported target "vtkRenderingPythonTkWidgets" references the file\n'}
[34.748365] (hdl_localization) StdoutLine: {'line': b'   "/usr/lib/aarch64-linux-gnu/libvtkRenderingPythonTkWidgets.so"\n'}
[34.748767] (hdl_localization) StdoutLine: {'line': b'but this file does not exist.  Possible reasons include:\n'}
[34.749336] (hdl_localization) StdoutLine: {'line': b'* The file was deleted, renamed, or moved to another location.\n'}
[34.749762] (hdl_localization) StdoutLine: {'line': b'* An install or uninstall procedure did not complete successfully.\n'}
[34.750201] (hdl_localization) StdoutLine: {'line': b'* The installation package was faulty and contained\n'}
[34.750679] (hdl_localization) StdoutLine: {'line': b'   "/usr/lib/cmake/vtk-7.1/VTKTargets.cmake"\n'}
[34.751059] (hdl_localization) StdoutLine: {'line': b'but not all the files it references.\n'}
[34.751432] (-) TimerEvent: {}
[34.751974] (hdl_localization) StdoutLine: {'line': b'\n'}
[34.752971] (hdl_localization) StdoutLine: {'line': b'-- The imported target "vtk" references the file\n'}
[34.753537] (hdl_localization) StdoutLine: {'line': b'   "/usr/bin/vtk"\n'}
[34.754337] (hdl_localization) StdoutLine: {'line': b'but this file does not exist.  Possible reasons include:\n'}
[34.754758] (hdl_localization) StdoutLine: {'line': b'* The file was deleted, renamed, or moved to another location.\n'}
[34.755202] (hdl_localization) StdoutLine: {'line': b'* An install or uninstall procedure did not complete successfully.\n'}
[34.755573] (hdl_localization) StdoutLine: {'line': b'* The installation package was faulty and contained\n'}
[34.756020] (hdl_localization) StdoutLine: {'line': b'   "/usr/lib/cmake/vtk-7.1/VTKTargets.cmake"\n'}
[34.756417] (hdl_localization) StdoutLine: {'line': b'but not all the files it references.\n'}
[34.756874] (hdl_localization) StdoutLine: {'line': b'\n'}
[34.757387] (hdl_localization) StdoutLine: {'line': b'-- The imported target "pvtk" references the file\n'}
[34.757759] (hdl_localization) StdoutLine: {'line': b'   "/usr/bin/pvtk"\n'}
[34.758172] (hdl_localization) StdoutLine: {'line': b'but this file does not exist.  Possible reasons include:\n'}
[34.758650] (hdl_localization) StdoutLine: {'line': b'* The file was deleted, renamed, or moved to another location.\n'}
[34.759021] (hdl_localization) StdoutLine: {'line': b'* An install or uninstall procedure did not complete successfully.\n'}
[34.759420] (hdl_localization) StdoutLine: {'line': b'* The installation package was faulty and contained\n'}
[34.759834] (hdl_localization) StdoutLine: {'line': b'   "/usr/lib/cmake/vtk-7.1/VTKTargets.cmake"\n'}
[34.760221] (hdl_localization) StdoutLine: {'line': b'but not all the files it references.\n'}
[34.760631] (hdl_localization) StdoutLine: {'line': b'\n'}
[34.851789] (-) TimerEvent: {}
[34.953800] (-) TimerEvent: {}
[35.054509] (hdl_localization) StdoutLine: {'line': b"-- Checking for module 'libusb-1.0'\n"}
[35.055262] (-) TimerEvent: {}
[35.156171] (-) TimerEvent: {}
[35.257332] (-) TimerEvent: {}
[35.358370] (hdl_localization) StdoutLine: {'line': b'--   Found libusb-1.0, version 1.0.23\n'}
[35.359224] (-) TimerEvent: {}
[35.461543] (-) TimerEvent: {}
[35.567278] (-) TimerEvent: {}
[35.670814] (-) TimerEvent: {}
[35.771954] (-) TimerEvent: {}
[35.873476] (-) TimerEvent: {}
[35.958058] (hdl_localization) StdoutLine: {'line': b'-- Found USB_10: /usr/lib/aarch64-linux-gnu/libusb-1.0.so  \n'}
[35.973737] (-) TimerEvent: {}
[36.074691] (-) TimerEvent: {}
[36.175617] (-) TimerEvent: {}
[36.276549] (-) TimerEvent: {}
[36.377675] (-) TimerEvent: {}
[36.479696] (-) TimerEvent: {}
[36.583307] (-) TimerEvent: {}
[36.684249] (-) TimerEvent: {}
[36.785329] (-) TimerEvent: {}
[36.853111] (hdl_localization) StdoutLine: {'line': b'-- OpenNI found (include: /usr/include/ni, lib: /usr/lib/libOpenNI.so)\n'}
[36.885558] (-) TimerEvent: {}
[36.986532] (-) TimerEvent: {}
[37.087634] (-) TimerEvent: {}
[37.188711] (-) TimerEvent: {}
[37.289870] (-) TimerEvent: {}
[37.390864] (-) TimerEvent: {}
[37.494720] (-) TimerEvent: {}
[37.597016] (-) TimerEvent: {}
[37.697977] (-) TimerEvent: {}
[37.798997] (-) TimerEvent: {}
[37.817080] (hdl_localization) StdoutLine: {'line': b'-- OpenNI2 found (include: /usr/include/openni2, lib: /usr/lib/libOpenNI2.so)\n'}
[37.894018] (hdl_localization) StdoutLine: {'line': b'-- Found libusb-1.0: /usr/include  \n'}
[37.899130] (-) TimerEvent: {}
[37.934491] (hdl_localization) StdoutLine: {'line': b'-- OpenNI found (include: /usr/include/ni, lib: /usr/lib/libOpenNI.so)\n'}
[37.982210] (hdl_localization) StdoutLine: {'line': b'-- OpenNI2 found (include: /usr/include/openni2, lib: /usr/lib/libOpenNI2.so)\n'}
[37.999395] (-) TimerEvent: {}
[38.100431] (-) TimerEvent: {}
[38.201861] (-) TimerEvent: {}
[38.294564] (hdl_localization) StdoutLine: {'line': b'-- Found Qhull: optimized;/usr/lib/aarch64-linux-gnu/libqhull.so;debug;/usr/lib/aarch64-linux-gnu/libqhull.so  \n'}
[38.295568] (hdl_localization) StdoutLine: {'line': b'-- QHULL found (include: /usr/include, lib: optimized;/usr/lib/aarch64-linux-gnu/libqhull.so;debug;/usr/lib/aarch64-linux-gnu/libqhull.so)\n'}
[38.302105] (-) TimerEvent: {}
[38.330729] (hdl_localization) StdoutLine: {'line': b'-- OpenNI found (include: /usr/include/ni, lib: /usr/lib/libOpenNI.so)\n'}
[38.402324] (-) TimerEvent: {}
[38.428643] (hdl_localization) StdoutLine: {'line': b'-- Found PCL_COMMON: /usr/lib/aarch64-linux-gnu/libpcl_common.so  \n'}
[38.440667] (hdl_localization) StdoutLine: {'line': b'-- Found PCL_KDTREE: /usr/lib/aarch64-linux-gnu/libpcl_kdtree.so  \n'}
[38.450206] (hdl_localization) StdoutLine: {'line': b'-- Found PCL_OCTREE: /usr/lib/aarch64-linux-gnu/libpcl_octree.so  \n'}
[38.459780] (hdl_localization) StdoutLine: {'line': b'-- Found PCL_SEARCH: /usr/lib/aarch64-linux-gnu/libpcl_search.so  \n'}
[38.470337] (hdl_localization) StdoutLine: {'line': b'-- Found PCL_SAMPLE_CONSENSUS: /usr/lib/aarch64-linux-gnu/libpcl_sample_consensus.so  \n'}
[38.479832] (hdl_localization) StdoutLine: {'line': b'-- Found PCL_FILTERS: /usr/lib/aarch64-linux-gnu/libpcl_filters.so  \n'}
[38.483831] (hdl_localization) StdoutLine: {'line': b'-- Found PCL_2D: /usr/include/pcl-1.10  \n'}
[38.488330] (hdl_localization) StdoutLine: {'line': b'-- Found PCL_GEOMETRY: /usr/include/pcl-1.10  \n'}
[38.496231] (hdl_localization) StdoutLine: {'line': b'-- Found PCL_IO: /usr/lib/aarch64-linux-gnu/libpcl_io.so  \n'}
[38.502473] (-) TimerEvent: {}
[38.505413] (hdl_localization) StdoutLine: {'line': b'-- Found PCL_FEATURES: /usr/lib/aarch64-linux-gnu/libpcl_features.so  \n'}
[38.514200] (hdl_localization) StdoutLine: {'line': b'-- Found PCL_ML: /usr/lib/aarch64-linux-gnu/libpcl_ml.so  \n'}
[38.521824] (hdl_localization) StdoutLine: {'line': b'-- Found PCL_SEGMENTATION: /usr/lib/aarch64-linux-gnu/libpcl_segmentation.so  \n'}
[38.529828] (hdl_localization) StdoutLine: {'line': b'-- Found PCL_VISUALIZATION: /usr/lib/aarch64-linux-gnu/libpcl_visualization.so  \n'}
[38.540471] (hdl_localization) StdoutLine: {'line': b'-- Found PCL_SURFACE: /usr/lib/aarch64-linux-gnu/libpcl_surface.so  \n'}
[38.550477] (hdl_localization) StdoutLine: {'line': b'-- Found PCL_REGISTRATION: /usr/lib/aarch64-linux-gnu/libpcl_registration.so  \n'}
[38.560250] (hdl_localization) StdoutLine: {'line': b'-- Found PCL_KEYPOINTS: /usr/lib/aarch64-linux-gnu/libpcl_keypoints.so  \n'}
[38.568623] (hdl_localization) StdoutLine: {'line': b'-- Found PCL_TRACKING: /usr/lib/aarch64-linux-gnu/libpcl_tracking.so  \n'}
[38.576565] (hdl_localization) StdoutLine: {'line': b'-- Found PCL_RECOGNITION: /usr/lib/aarch64-linux-gnu/libpcl_recognition.so  \n'}
[38.584742] (hdl_localization) StdoutLine: {'line': b'-- Found PCL_STEREO: /usr/lib/aarch64-linux-gnu/libpcl_stereo.so  \n'}
[38.591995] (hdl_localization) StdoutLine: {'line': b'-- Found PCL_APPS: /usr/lib/aarch64-linux-gnu/libpcl_apps.so  \n'}
[38.598552] (hdl_localization) StdoutLine: {'line': b'-- Found PCL_IN_HAND_SCANNER: /usr/include/pcl-1.10  \n'}
[38.602610] (-) TimerEvent: {}
[38.703734] (-) TimerEvent: {}
[38.753516] (hdl_localization) StdoutLine: {'line': b'-- Found PCL_POINT_CLOUD_EDITOR: /usr/include/pcl-1.10  \n'}
[38.762345] (hdl_localization) StdoutLine: {'line': b'-- Found PCL_OUTOFCORE: /usr/lib/aarch64-linux-gnu/libpcl_outofcore.so  \n'}
[38.769541] (hdl_localization) StdoutLine: {'line': b'-- Found PCL_PEOPLE: /usr/lib/aarch64-linux-gnu/libpcl_people.so  \n'}
[38.803959] (-) TimerEvent: {}
[38.904992] (-) TimerEvent: {}
[39.006012] (-) TimerEvent: {}
[39.107054] (-) TimerEvent: {}
[39.208033] (-) TimerEvent: {}
[39.309195] (-) TimerEvent: {}
[39.410294] (-) TimerEvent: {}
[39.511400] (-) TimerEvent: {}
[39.612584] (-) TimerEvent: {}
[39.713764] (-) TimerEvent: {}
[39.814799] (-) TimerEvent: {}
[39.915735] (-) TimerEvent: {}
[40.016654] (-) TimerEvent: {}
[40.117688] (-) TimerEvent: {}
[40.218734] (-) TimerEvent: {}
[40.319688] (-) TimerEvent: {}
[40.420626] (-) TimerEvent: {}
[40.521734] (-) TimerEvent: {}
[40.623191] (-) TimerEvent: {}
[40.724194] (-) TimerEvent: {}
[40.825381] (-) TimerEvent: {}
[40.926403] (-) TimerEvent: {}
[41.027510] (-) TimerEvent: {}
[41.128713] (-) TimerEvent: {}
[41.229888] (-) TimerEvent: {}
[41.330974] (-) TimerEvent: {}
[41.432199] (-) TimerEvent: {}
[41.533622] (-) TimerEvent: {}
[41.634623] (-) TimerEvent: {}
[41.735697] (-) TimerEvent: {}
[41.837013] (-) TimerEvent: {}
[41.937971] (-) TimerEvent: {}
[42.039002] (-) TimerEvent: {}
[42.140143] (-) TimerEvent: {}
[42.241759] (-) TimerEvent: {}
[42.342672] (-) TimerEvent: {}
[42.444155] (-) TimerEvent: {}
[42.546285] (-) TimerEvent: {}
[42.647307] (-) TimerEvent: {}
[42.748322] (-) TimerEvent: {}
[42.849662] (-) TimerEvent: {}
[42.951545] (-) TimerEvent: {}
[43.052580] (-) TimerEvent: {}
[43.153664] (-) TimerEvent: {}
[43.254690] (-) TimerEvent: {}
[43.355761] (-) TimerEvent: {}
[43.456912] (-) TimerEvent: {}
[43.557971] (-) TimerEvent: {}
[43.658977] (-) TimerEvent: {}
[43.760049] (-) TimerEvent: {}
[43.861202] (-) TimerEvent: {}
[43.962200] (-) TimerEvent: {}
[44.063239] (-) TimerEvent: {}
[44.164272] (-) TimerEvent: {}
[44.265355] (-) TimerEvent: {}
[44.366335] (-) TimerEvent: {}
[44.467463] (-) TimerEvent: {}
[44.486661] (hdl_localization) StdoutLine: {'line': b'-- Found OpenMP_C: -fopenmp (found version "4.5") \n'}
[44.567738] (-) TimerEvent: {}
[44.668854] (-) TimerEvent: {}
[44.769946] (-) TimerEvent: {}
[44.871047] (-) TimerEvent: {}
[44.972043] (-) TimerEvent: {}
[45.073343] (-) TimerEvent: {}
[45.174593] (-) TimerEvent: {}
[45.275804] (-) TimerEvent: {}
[45.308711] (hdl_localization) StdoutLine: {'line': b'-- Found OpenMP_CXX: -fopenmp (found version "4.5") \n'}
[45.311621] (hdl_localization) StdoutLine: {'line': b'-- Found OpenMP: TRUE (found version "4.5")  \n'}
[45.376104] (-) TimerEvent: {}
[45.477381] (-) TimerEvent: {}
[45.578498] (-) TimerEvent: {}
[45.644590] (hdl_localization) StdoutLine: {'line': b'-- Found PythonInterp: /usr/bin/python3 (found version "3.8.10") \n'}
[45.678747] (-) TimerEvent: {}
[45.779621] (-) TimerEvent: {}
[45.880597] (-) TimerEvent: {}
[45.981618] (-) TimerEvent: {}
[46.082539] (-) TimerEvent: {}
[46.183463] (-) TimerEvent: {}
[46.284419] (-) TimerEvent: {}
[46.385441] (-) TimerEvent: {}
[46.486415] (-) TimerEvent: {}
[46.587317] (-) TimerEvent: {}
[46.688316] (-) TimerEvent: {}
[46.789352] (-) TimerEvent: {}
[46.890403] (-) TimerEvent: {}
[46.991327] (-) TimerEvent: {}
[47.092348] (-) TimerEvent: {}
[47.193485] (-) TimerEvent: {}
[47.294813] (-) TimerEvent: {}
[47.395722] (-) TimerEvent: {}
[47.497009] (-) TimerEvent: {}
[47.534695] (hdl_localization) StdoutLine: {'line': b'-- Found ament_cmake_ros: 0.9.2 (/opt/ros/foxy/share/ament_cmake_ros/cmake)\n'}
[47.597288] (-) TimerEvent: {}
[47.698361] (-) TimerEvent: {}
[47.799382] (-) TimerEvent: {}
[47.900370] (-) TimerEvent: {}
[48.001459] (-) TimerEvent: {}
[48.102463] (-) TimerEvent: {}
[48.203601] (-) TimerEvent: {}
[48.304913] (-) TimerEvent: {}
[48.406454] (-) TimerEvent: {}
[48.507463] (-) TimerEvent: {}
[48.608438] (-) TimerEvent: {}
[48.709606] (-) TimerEvent: {}
[48.810827] (-) TimerEvent: {}
[48.912147] (-) TimerEvent: {}
[49.013354] (-) TimerEvent: {}
[49.114299] (-) TimerEvent: {}
[49.215311] (-) TimerEvent: {}
[49.316334] (-) TimerEvent: {}
[49.417501] (-) TimerEvent: {}
[49.518529] (-) TimerEvent: {}
[49.619564] (-) TimerEvent: {}
[49.720590] (-) TimerEvent: {}
[49.821635] (-) TimerEvent: {}
[49.922673] (-) TimerEvent: {}
[50.024170] (-) TimerEvent: {}
[50.125212] (-) TimerEvent: {}
[50.226272] (-) TimerEvent: {}
[50.327272] (-) TimerEvent: {}
[50.385567] (hdl_localization) StdoutLine: {'line': b'-- Using all available rosidl_typesupport_c: rosidl_typesupport_fastrtps_c;rosidl_typesupport_introspection_c\n'}
[50.427516] (-) TimerEvent: {}
[50.528578] (-) TimerEvent: {}
[50.636440] (-) TimerEvent: {}
[50.737511] (-) TimerEvent: {}
[50.838451] (-) TimerEvent: {}
[50.939402] (-) TimerEvent: {}
[51.040426] (-) TimerEvent: {}
[51.141472] (-) TimerEvent: {}
[51.242562] (-) TimerEvent: {}
[51.343642] (-) TimerEvent: {}
[51.444740] (-) TimerEvent: {}
[51.545767] (-) TimerEvent: {}
[51.646837] (-) TimerEvent: {}
[51.747790] (-) TimerEvent: {}
[51.848864] (-) TimerEvent: {}
[51.949831] (-) TimerEvent: {}
[52.029173] (hdl_localization) StdoutLine: {'line': b'-- Using all available rosidl_typesupport_cpp: rosidl_typesupport_fastrtps_cpp;rosidl_typesupport_introspection_cpp\n'}
[52.050048] (-) TimerEvent: {}
[52.150978] (-) TimerEvent: {}
[52.251941] (-) TimerEvent: {}
[52.318819] (hdl_localization) StdoutLine: {'line': b'-- Found PythonInterp: /usr/bin/python3 (found suitable version "3.8.10", minimum required is "3.5") \n'}
[52.352189] (-) TimerEvent: {}
[52.453231] (-) TimerEvent: {}
[52.471437] (hdl_localization) StdoutLine: {'line': b'-- Found python_cmake_module: 0.8.1 (/opt/ros/foxy/share/python_cmake_module/cmake)\n'}
[52.553467] (-) TimerEvent: {}
[52.654481] (-) TimerEvent: {}
[52.755568] (-) TimerEvent: {}
[52.856948] (-) TimerEvent: {}
[52.934203] (hdl_localization) StdoutLine: {'line': b'-- Found PythonLibs: /usr/lib/aarch64-linux-gnu/libpython3.8.so (found suitable version "3.8.10", minimum required is "3.5") \n'}
[52.935460] (hdl_localization) StdoutLine: {'line': b'-- Using PYTHON_EXECUTABLE: /usr/bin/python3\n'}
[52.935975] (hdl_localization) StdoutLine: {'line': b'-- Using PYTHON_INCLUDE_DIRS: /usr/include/python3.8\n'}
[52.936727] (hdl_localization) StdoutLine: {'line': b'-- Using PYTHON_LIBRARIES: /usr/lib/aarch64-linux-gnu/libpython3.8.so\n'}
[52.957020] (-) TimerEvent: {}
[53.057916] (-) TimerEvent: {}
[53.075548] (hdl_localization) StdoutLine: {'line': b'-- Found PythonExtra: .so  \n'}
[53.158241] (-) TimerEvent: {}
[53.259289] (-) TimerEvent: {}
[53.360376] (-) TimerEvent: {}
[53.461817] (-) TimerEvent: {}
[53.562741] (-) TimerEvent: {}
[53.663664] (-) TimerEvent: {}
[53.764677] (-) TimerEvent: {}
[53.865789] (-) TimerEvent: {}
[53.966788] (-) TimerEvent: {}
[54.067799] (-) TimerEvent: {}
[54.168699] (-) TimerEvent: {}
[54.269699] (-) TimerEvent: {}
[54.370810] (-) TimerEvent: {}
[54.471868] (-) TimerEvent: {}
[54.572869] (-) TimerEvent: {}
[54.673887] (-) TimerEvent: {}
[54.774898] (-) TimerEvent: {}
[54.839987] (hdl_localization) StdoutLine: {'line': b'-- Configuring done\n'}
[54.875181] (-) TimerEvent: {}
[54.976237] (-) TimerEvent: {}
[55.077419] (-) TimerEvent: {}
[55.178449] (-) TimerEvent: {}
[55.279424] (-) TimerEvent: {}
[55.380444] (-) TimerEvent: {}
[55.481952] (-) TimerEvent: {}
[55.583028] (-) TimerEvent: {}
[55.776953] (-) TimerEvent: {}
[55.877981] (-) TimerEvent: {}
[55.979689] (-) TimerEvent: {}
[56.080698] (-) TimerEvent: {}
[56.181868] (-) TimerEvent: {}
[56.282919] (-) TimerEvent: {}
[56.384107] (-) TimerEvent: {}
[56.485306] (-) TimerEvent: {}
[56.586867] (-) TimerEvent: {}
[56.688038] (-) TimerEvent: {}
[56.777671] (hdl_localization) StdoutLine: {'line': b'-- Generating done\n'}
[56.788201] (-) TimerEvent: {}
[56.800275] (hdl_localization) StdoutLine: {'line': b'-- Build files have been written to: /home/ysc/lite_cog_ros2/nav/build/hdl_localization\n'}
[56.885290] (hdl_localization) CommandEnded: {'returncode': 0}
[56.888938] (-) TimerEvent: {}
[56.896557] (hdl_localization) JobProgress: {'identifier': 'hdl_localization', 'progress': 'build'}
[56.896856] (hdl_localization) Command: {'cmd': ['/usr/bin/cmake', '--build', '/home/ysc/lite_cog_ros2/nav/build/hdl_localization', '--', '-j6', '-l6'], 'cwd': '/home/ysc/lite_cog_ros2/nav/build/hdl_localization', 'env': OrderedDict([('GJS_DEBUG_TOPICS', 'JS ERROR;JS LOG'), ('LESSOPEN', '| /usr/bin/lesspipe %s'), ('USER', 'ysc'), ('LC_TIME', 'zh_CN.UTF-8'), ('SSH_AGENT_PID', '1922'), ('XDG_SESSION_TYPE', 'x11'), ('SHLVL', '1'), ('LD_LIBRARY_PATH', '/home/ysc/lite_cog_ros2/nav/install/hdl_global_localization/lib:/home/ysc/lite_cog_ros2/fast_gicp/install/fast_gicp/lib:/home/ysc/lite_cog_ros2/ndt_omp/install/ndt_omp/lib:/usr/local/cuda-11.4/lib64:/usr/lib/aarch64-linux-gnu/gazebo-11/plugins:/opt/ros/foxy/opt/yaml_cpp_vendor/lib:/opt/ros/foxy/opt/rviz_ogre_vendor/lib:/opt/ros/foxy/lib/aarch64-linux-gnu:/opt/ros/foxy/lib:/usr/local/cuda-11.4/lib64'), ('HOME', '/home/ysc'), ('DESKTOP_SESSION', 'ubuntu'), ('ROS_PYTHON_VERSION', '3'), ('GNOME_SHELL_SESSION_MODE', 'ubuntu'), ('GTK_MODULES', 'gail:atk-bridge'), ('LC_MONETARY', 'zh_CN.UTF-8'), ('MANAGERPID', '1532'), ('ROS_LOG_DIR', '/home/ysc/lite_cog_ros2/system/log'), ('DBUS_SESSION_BUS_ADDRESS', 'unix:path=/run/user/1000/bus'), ('COLORTERM', 'truecolor'), ('_colcon_cd_root', '/opt/ros/foxy/'), ('IM_CONFIG_PHASE', '1'), ('COLCON_PREFIX_PATH', '/home/ysc/lite_cog_ros2/fast_gicp/install:/home/ysc/lite_cog_ros2/ndt_omp/install'), ('ROS_DISTRO', 'foxy'), ('LOGNAME', 'ysc'), ('JOURNAL_STREAM', '8:47853'), ('_', '/usr/bin/colcon'), ('ROS_VERSION', '2'), ('XDG_SESSION_CLASS', 'user'), ('USERNAME', 'ysc'), ('TERM', 'xterm-256color'), ('GNOME_DESKTOP_SESSION_ID', 'this-is-deprecated'), ('ROS_LOCALHOST_ONLY', '0'), ('WINDOWPATH', '2'), ('PATH', '/usr/local/cuda-11.4/bin:/opt/ros/foxy/bin:/usr/local/cuda-11.4/bin:/home/ysc/.local/bin:/usr/local/sbin:/usr/local/bin:/usr/sbin:/usr/bin:/sbin:/bin:/usr/games:/usr/local/games:/snap/bin'), ('SESSION_MANAGER', 'local/lite:@/tmp/.ICE-unix/2025,unix/lite:/tmp/.ICE-unix/2025'), ('FASTRTPS_DEFAULT_PROFILES_FILE', '/home/ysc/lite_cog_ros2/system/fastdds_profile.xml'), ('INVOCATION_ID', 'f4c29952cc6e455ba737a6298d8c0796'), ('XDG_MENU_PREFIX', 'gnome-'), ('LC_ADDRESS', 'zh_CN.UTF-8'), ('GNOME_TERMINAL_SCREEN', '/org/gnome/Terminal/screen/9d503143_c77d_486b_97c6_7f158754111f'), ('XDG_RUNTIME_DIR', '/run/user/1000'), ('DISPLAY', ':0'), ('LANG', 'en_US.UTF-8'), ('XDG_CURRENT_DESKTOP', 'ubuntu:GNOME'), ('LC_TELEPHONE', 'zh_CN.UTF-8'), ('RMW_IMPLEMENTATION', 'rmw_cyclonedds_cpp'), ('XMODIFIERS', '@im=ibus'), ('XDG_SESSION_DESKTOP', 'ubuntu'), ('XAUTHORITY', '/run/user/1000/gdm/Xauthority'), ('LS_COLORS', 'rs=0:di=01;34:ln=01;36:mh=00:pi=40;33:so=01;35:do=01;35:bd=40;33;01:cd=40;33;01:or=40;31;01:mi=00:su=37;41:sg=30;43:ca=30;41:tw=30;42:ow=34;42:st=37;44:ex=01;32:*.tar=01;31:*.tgz=01;31:*.arc=01;31:*.arj=01;31:*.taz=01;31:*.lha=01;31:*.lz4=01;31:*.lzh=01;31:*.lzma=01;31:*.tlz=01;31:*.txz=01;31:*.tzo=01;31:*.t7z=01;31:*.zip=01;31:*.z=01;31:*.dz=01;31:*.gz=01;31:*.lrz=01;31:*.lz=01;31:*.lzo=01;31:*.xz=01;31:*.zst=01;31:*.tzst=01;31:*.bz2=01;31:*.bz=01;31:*.tbz=01;31:*.tbz2=01;31:*.tz=01;31:*.deb=01;31:*.rpm=01;31:*.jar=01;31:*.war=01;31:*.ear=01;31:*.sar=01;31:*.rar=01;31:*.alz=01;31:*.ace=01;31:*.zoo=01;31:*.cpio=01;31:*.7z=01;31:*.rz=01;31:*.cab=01;31:*.wim=01;31:*.swm=01;31:*.dwm=01;31:*.esd=01;31:*.jpg=01;35:*.jpeg=01;35:*.mjpg=01;35:*.mjpeg=01;35:*.gif=01;35:*.bmp=01;35:*.pbm=01;35:*.pgm=01;35:*.ppm=01;35:*.tga=01;35:*.xbm=01;35:*.xpm=01;35:*.tif=01;35:*.tiff=01;35:*.png=01;35:*.svg=01;35:*.svgz=01;35:*.mng=01;35:*.pcx=01;35:*.mov=01;35:*.mpg=01;35:*.mpeg=01;35:*.m2v=01;35:*.mkv=01;35:*.webm=01;35:*.ogm=01;35:*.mp4=01;35:*.m4v=01;35:*.mp4v=01;35:*.vob=01;35:*.qt=01;35:*.nuv=01;35:*.wmv=01;35:*.asf=01;35:*.rm=01;35:*.rmvb=01;35:*.flc=01;35:*.avi=01;35:*.fli=01;35:*.flv=01;35:*.gl=01;35:*.dl=01;35:*.xcf=01;35:*.xwd=01;35:*.yuv=01;35:*.cgm=01;35:*.emf=01;35:*.ogv=01;35:*.ogx=01;35:*.aac=00;36:*.au=00;36:*.flac=00;36:*.m4a=00;36:*.mid=00;36:*.midi=00;36:*.mka=00;36:*.mp3=00;36:*.mpc=00;36:*.ogg=00;36:*.ra=00;36:*.wav=00;36:*.oga=00;36:*.opus=00;36:*.spx=00;36:*.xspf=00;36:'), ('GNOME_TERMINAL_SERVICE', ':1.80'), ('SSH_AUTH_SOCK', '/run/user/1000/keyring/ssh'), ('ROS_DOMAIN_ID', '0'), ('AMENT_PREFIX_PATH', '/home/ysc/lite_cog_ros2/nav/install/hdl_global_localization:/home/ysc/lite_cog_ros2/fast_gicp/install/fast_gicp:/home/ysc/lite_cog_ros2/ndt_omp/install/ndt_omp:/opt/ros/foxy'), ('SHELL', '/bin/bash'), ('LC_NAME', 'zh_CN.UTF-8'), ('QT_ACCESSIBILITY', '1'), ('GDMSESSION', 'ubuntu'), ('LESSCLOSE', '/usr/bin/lesspipe %s %s'), ('LC_MEASUREMENT', 'zh_CN.UTF-8'), ('GPG_AGENT_INFO', '/run/user/1000/gnupg/S.gpg-agent:0:1'), ('GJS_DEBUG_OUTPUT', 'stderr'), ('LC_IDENTIFICATION', 'zh_CN.UTF-8'), ('QT_IM_MODULE', 'ibus'), ('PWD', '/home/ysc/lite_cog_ros2/nav/build/hdl_localization'), ('LC_ALL', 'en_US.UTF-8'), ('XDG_CONFIG_DIRS', '/etc/xdg/xdg-ubuntu:/etc/xdg'), ('XDG_DATA_DIRS', '/usr/share/ubuntu:/usr/local/share/:/usr/share/:/var/lib/snapd/desktop'), ('PYTHONPATH', '/home/ysc/lite_cog_ros2/nav/install/hdl_global_localization/lib/python3.8/site-packages:/opt/ros/foxy/lib/python3.8/site-packages'), ('LC_NUMERIC', 'zh_CN.UTF-8'), ('LC_PAPER', 'zh_CN.UTF-8'), ('COLCON', '1'), ('VTE_VERSION', '6003'), ('CMAKE_PREFIX_PATH', '/home/ysc/lite_cog_ros2/nav/install/hdl_global_localization:/home/ysc/lite_cog_ros2/fast_gicp/install/fast_gicp:/home/ysc/lite_cog_ros2/ndt_omp/install/ndt_omp:/opt/ros/foxy')]), 'shell': False}
[56.989709] (-) TimerEvent: {}
[57.091840] (-) TimerEvent: {}
[57.193128] (-) TimerEvent: {}
[57.232218] (hdl_localization) StdoutLine: {'line': b'\x1b[35m\x1b[1mScanning dependencies of target hdl_localization__cpp\x1b[0m\n'}
[57.239981] (hdl_localization) StdoutLine: {'line': b'[  2%] \x1b[34m\x1b[1mGenerating C code for ROS interfaces\x1b[0m\n'}
[57.293348] (-) TimerEvent: {}
[57.313169] (hdl_localization) StdoutLine: {'line': b'[  5%] \x1b[34m\x1b[1mGenerating C++ code for ROS interfaces\x1b[0m\n'}
[57.393579] (-) TimerEvent: {}
[57.494618] (-) TimerEvent: {}
[57.595665] (-) TimerEvent: {}
[57.696727] (-) TimerEvent: {}
[57.797813] (-) TimerEvent: {}
[57.898901] (-) TimerEvent: {}
[57.999831] (-) TimerEvent: {}
[58.100883] (-) TimerEvent: {}
[58.201837] (-) TimerEvent: {}
[58.302803] (-) TimerEvent: {}
[58.403759] (-) TimerEvent: {}
[58.505503] (-) TimerEvent: {}
[58.606614] (-) TimerEvent: {}
[58.707577] (-) TimerEvent: {}
[58.808504] (-) TimerEvent: {}
[58.909529] (-) TimerEvent: {}
[59.010625] (-) TimerEvent: {}
[59.111789] (-) TimerEvent: {}
[59.212956] (-) TimerEvent: {}
[59.314118] (-) TimerEvent: {}
[59.415226] (-) TimerEvent: {}
[59.516694] (-) TimerEvent: {}
[59.617959] (-) TimerEvent: {}
[59.719256] (-) TimerEvent: {}
[59.817297] (hdl_localization) StdoutLine: {'line': b'[  5%] Built target hdl_localization__cpp\n'}
[59.819349] (-) TimerEvent: {}
[59.835946] (hdl_localization) StdoutLine: {'line': b'\x1b[35m\x1b[1mScanning dependencies of target hdl_localization__rosidl_generator_c\x1b[0m\n'}
[59.895654] (hdl_localization) StdoutLine: {'line': b'[  8%] \x1b[34m\x1b[1mGenerating C++ type support dispatch for ROS interfaces\x1b[0m\n'}
[59.911657] (hdl_localization) StdoutLine: {'line': b'[ 11%] \x1b[34m\x1b[1mGenerating C++ type support for eProsima Fast-RTPS\x1b[0m\n'}
[59.919733] (hdl_localization) StdoutLine: {'line': b'[ 14%] \x1b[34m\x1b[1mGenerating C++ introspection for ROS interfaces\x1b[0m\n'}
[59.920467] (-) TimerEvent: {}
[60.021336] (-) TimerEvent: {}
[60.118509] (hdl_localization) StdoutLine: {'line': b'[ 17%] \x1b[32mBuilding C object CMakeFiles/hdl_localization__rosidl_generator_c.dir/rosidl_generator_c/hdl_localization/msg/detail/scan_matching_status__functions.c.o\x1b[0m\n'}
[60.121488] (-) TimerEvent: {}
[60.151791] (hdl_localization) StderrLine: {'line': b'\x1b[01m\x1b[Kcc1:\x1b[m\x1b[K \x1b[01;35m\x1b[Kwarning: \x1b[m\x1b[Kcommand line option \xe2\x80\x98\x1b[01m\x1b[K-std=c++14\x1b[m\x1b[K\xe2\x80\x99 is valid for C++/ObjC++ but not for C\n'}
[60.221768] (-) TimerEvent: {}
[60.322803] (-) TimerEvent: {}
[60.424263] (-) TimerEvent: {}
[60.525233] (-) TimerEvent: {}
[60.626158] (-) TimerEvent: {}
[60.728059] (-) TimerEvent: {}
[60.829848] (-) TimerEvent: {}
[60.931315] (-) TimerEvent: {}
[61.032880] (-) TimerEvent: {}
[61.136714] (hdl_localization) StdoutLine: {'line': b'\x1b[35m\x1b[1mScanning dependencies of target hdl_localization__rosidl_typesupport_cpp\x1b[0m\n'}
[61.137882] (-) TimerEvent: {}
[61.237276] (hdl_localization) StdoutLine: {'line': b'[ 20%] \x1b[32m\x1b[1mLinking C shared library libhdl_localization__rosidl_generator_c.so\x1b[0m\n'}
[61.238123] (-) TimerEvent: {}
[61.303485] (hdl_localization) StdoutLine: {'line': b'[ 23%] \x1b[32mBuilding CXX object CMakeFiles/hdl_localization__rosidl_typesupport_cpp.dir/rosidl_typesupport_cpp/hdl_localization/msg/scan_matching_status__type_support.cpp.o\x1b[0m\n'}
[61.338460] (-) TimerEvent: {}
[61.439814] (-) TimerEvent: {}
[61.498491] (hdl_localization) StdoutLine: {'line': b'\x1b[35m\x1b[1mScanning dependencies of target hdl_localization__rosidl_typesupport_fastrtps_cpp\x1b[0m\n'}
[61.531933] (hdl_localization) StdoutLine: {'line': b'\x1b[35m\x1b[1mScanning dependencies of target hdl_localization__rosidl_typesupport_introspection_cpp\x1b[0m\n'}
[61.543635] (-) TimerEvent: {}
[61.545236] (hdl_localization) StdoutLine: {'line': b'[ 23%] Built target hdl_localization__rosidl_generator_c\n'}
[61.628239] (hdl_localization) StdoutLine: {'line': b'[ 26%] \x1b[34m\x1b[1mGenerating C type support dispatch for ROS interfaces\x1b[0m\n'}
[61.638733] (hdl_localization) StdoutLine: {'line': b'[ 29%] \x1b[34m\x1b[1mGenerating C introspection for ROS interfaces\x1b[0m\n'}
[61.643943] (-) TimerEvent: {}
[61.665752] (hdl_localization) StdoutLine: {'line': b'[ 32%] \x1b[32mBuilding CXX object CMakeFiles/hdl_localization__rosidl_typesupport_introspection_cpp.dir/rosidl_typesupport_introspection_cpp/hdl_localization/msg/detail/scan_matching_status__type_support.cpp.o\x1b[0m\n'}
[61.709337] (hdl_localization) StdoutLine: {'line': b'[ 35%] \x1b[32mBuilding CXX object CMakeFiles/hdl_localization__rosidl_typesupport_fastrtps_cpp.dir/rosidl_typesupport_fastrtps_cpp/hdl_localization/msg/detail/dds_fastrtps/scan_matching_status__type_support.cpp.o\x1b[0m\n'}
[61.744163] (-) TimerEvent: {}
[61.845716] (-) TimerEvent: {}
[61.946686] (-) TimerEvent: {}
[62.047620] (-) TimerEvent: {}
[62.148593] (-) TimerEvent: {}
[62.249632] (-) TimerEvent: {}
[62.350735] (-) TimerEvent: {}
[62.451981] (-) TimerEvent: {}
[62.553001] (-) TimerEvent: {}
[62.653888] (-) TimerEvent: {}
[62.756160] (-) TimerEvent: {}
[62.861248] (-) TimerEvent: {}
[62.951223] (hdl_localization) StdoutLine: {'line': b'\x1b[35m\x1b[1mScanning dependencies of target hdl_localization__rosidl_typesupport_c\x1b[0m\n'}
[62.961441] (-) TimerEvent: {}
[63.062482] (-) TimerEvent: {}
[63.063760] (hdl_localization) StdoutLine: {'line': b'[ 38%] \x1b[32mBuilding CXX object CMakeFiles/hdl_localization__rosidl_typesupport_c.dir/rosidl_typesupport_c/hdl_localization/msg/scan_matching_status__type_support.cpp.o\x1b[0m\n'}
[63.162783] (-) TimerEvent: {}
[63.263923] (-) TimerEvent: {}
[63.309672] (hdl_localization) StdoutLine: {'line': b'\x1b[35m\x1b[1mScanning dependencies of target hdl_localization__rosidl_typesupport_introspection_c\x1b[0m\n'}
[63.364231] (-) TimerEvent: {}
[63.465444] (-) TimerEvent: {}
[63.482852] (hdl_localization) StdoutLine: {'line': b'[ 41%] \x1b[32m\x1b[1mLinking CXX shared library libhdl_localization__rosidl_typesupport_c.so\x1b[0m\n'}
[63.566634] (-) TimerEvent: {}
[63.636643] (hdl_localization) StdoutLine: {'line': b'[ 44%] \x1b[32mBuilding C object CMakeFiles/hdl_localization__rosidl_typesupport_introspection_c.dir/rosidl_typesupport_introspection_c/hdl_localization/msg/detail/scan_matching_status__type_support.c.o\x1b[0m\n'}
[63.666889] (-) TimerEvent: {}
[63.685216] (hdl_localization) StderrLine: {'line': b'\x1b[01m\x1b[Kcc1:\x1b[m\x1b[K \x1b[01;35m\x1b[Kwarning: \x1b[m\x1b[Kcommand line option \xe2\x80\x98\x1b[01m\x1b[K-std=c++14\x1b[m\x1b[K\xe2\x80\x99 is valid for C++/ObjC++ but not for C\n'}
[63.799209] (-) TimerEvent: {}
[63.891389] (hdl_localization) StdoutLine: {'line': b'[ 44%] Built target hdl_localization__rosidl_typesupport_c\n'}
[63.892236] (-) TimerEvent: {}
[63.993242] (-) TimerEvent: {}
[64.094301] (-) TimerEvent: {}
[64.195860] (-) TimerEvent: {}
[64.278185] (hdl_localization) StdoutLine: {'line': b'[ 47%] \x1b[32m\x1b[1mLinking C shared library libhdl_localization__rosidl_typesupport_introspection_c.so\x1b[0m\n'}
[64.296160] (-) TimerEvent: {}
[64.365981] (hdl_localization) StdoutLine: {'line': b'[ 50%] \x1b[32m\x1b[1mLinking CXX shared library libhdl_localization__rosidl_typesupport_cpp.so\x1b[0m\n'}
[64.396453] (-) TimerEvent: {}
[64.498540] (-) TimerEvent: {}
[64.601743] (-) TimerEvent: {}
[64.619258] (hdl_localization) StdoutLine: {'line': b'[ 50%] Built target hdl_localization__rosidl_typesupport_introspection_c\n'}
[64.702002] (-) TimerEvent: {}
[64.724652] (hdl_localization) StdoutLine: {'line': b'[ 50%] Built target hdl_localization__rosidl_typesupport_cpp\n'}
[64.802319] (-) TimerEvent: {}
[64.903496] (-) TimerEvent: {}
[65.004617] (-) TimerEvent: {}
[65.105806] (-) TimerEvent: {}
[65.206901] (-) TimerEvent: {}
[65.307876] (-) TimerEvent: {}
[65.391535] (hdl_localization) StdoutLine: {'line': b'[ 52%] \x1b[32m\x1b[1mLinking CXX shared library libhdl_localization__rosidl_typesupport_introspection_cpp.so\x1b[0m\n'}
[65.408185] (-) TimerEvent: {}
[65.509975] (-) TimerEvent: {}
[65.611041] (-) TimerEvent: {}
[65.714222] (-) TimerEvent: {}
[65.920312] (hdl_localization) StdoutLine: {'line': b'[ 52%] Built target hdl_localization__rosidl_typesupport_introspection_cpp\n'}
[65.921767] (-) TimerEvent: {}
[66.023113] (-) TimerEvent: {}
[66.124253] (-) TimerEvent: {}
[66.225304] (-) TimerEvent: {}
[66.326695] (-) TimerEvent: {}
[66.428055] (-) TimerEvent: {}
[66.435126] (hdl_localization) StdoutLine: {'line': b'[ 55%] \x1b[32m\x1b[1mLinking CXX shared library libhdl_localization__rosidl_typesupport_fastrtps_cpp.so\x1b[0m\n'}
[66.528312] (-) TimerEvent: {}
[66.629543] (-) TimerEvent: {}
[66.730760] (-) TimerEvent: {}
[66.832034] (-) TimerEvent: {}
[66.933690] (-) TimerEvent: {}
[67.034828] (-) TimerEvent: {}
[67.135900] (-) TimerEvent: {}
[67.237096] (-) TimerEvent: {}
[67.338211] (-) TimerEvent: {}
[67.407993] (hdl_localization) StdoutLine: {'line': b'[ 55%] Built target hdl_localization__rosidl_typesupport_fastrtps_cpp\n'}
[67.438443] (-) TimerEvent: {}
[67.482482] (hdl_localization) StdoutLine: {'line': b'[ 58%] \x1b[34m\x1b[1mGenerating C type support for eProsima Fast-RTPS\x1b[0m\n'}
[67.538876] (-) TimerEvent: {}
[67.640059] (-) TimerEvent: {}
[67.741354] (-) TimerEvent: {}
[67.842329] (-) TimerEvent: {}
[67.943744] (-) TimerEvent: {}
[68.044710] (-) TimerEvent: {}
[68.145676] (-) TimerEvent: {}
[68.246631] (-) TimerEvent: {}
[68.347581] (-) TimerEvent: {}
[68.448615] (-) TimerEvent: {}
[68.549579] (-) TimerEvent: {}
[68.650588] (-) TimerEvent: {}
[68.751634] (-) TimerEvent: {}
[68.852698] (-) TimerEvent: {}
[68.953950] (-) TimerEvent: {}
[69.054942] (-) TimerEvent: {}
[69.155964] (-) TimerEvent: {}
[69.184458] (hdl_localization) StdoutLine: {'line': b'\x1b[35m\x1b[1mScanning dependencies of target hdl_localization__rosidl_typesupport_fastrtps_c\x1b[0m\n'}
[69.256216] (-) TimerEvent: {}
[69.357373] (-) TimerEvent: {}
[69.458326] (-) TimerEvent: {}
[69.559377] (-) TimerEvent: {}
[69.597604] (hdl_localization) StdoutLine: {'line': b'[ 61%] \x1b[32mBuilding CXX object CMakeFiles/hdl_localization__rosidl_typesupport_fastrtps_c.dir/rosidl_typesupport_fastrtps_c/hdl_localization/msg/detail/scan_matching_status__type_support_c.cpp.o\x1b[0m\n'}
[69.659625] (-) TimerEvent: {}
[69.760640] (-) TimerEvent: {}
[69.861755] (-) TimerEvent: {}
[69.962831] (-) TimerEvent: {}
[70.063975] (-) TimerEvent: {}
[70.165046] (-) TimerEvent: {}
[70.266009] (-) TimerEvent: {}
[70.367053] (-) TimerEvent: {}
[70.468157] (-) TimerEvent: {}
[70.569384] (-) TimerEvent: {}
[70.670436] (-) TimerEvent: {}
[70.771527] (-) TimerEvent: {}
[70.872711] (-) TimerEvent: {}
[71.019779] (-) TimerEvent: {}
[71.120882] (-) TimerEvent: {}
[71.221978] (-) TimerEvent: {}
[71.323529] (-) TimerEvent: {}
[71.424597] (-) TimerEvent: {}
[71.525786] (-) TimerEvent: {}
[71.626885] (-) TimerEvent: {}
[71.727878] (-) TimerEvent: {}
[71.829179] (-) TimerEvent: {}
[71.930278] (-) TimerEvent: {}
[72.031359] (-) TimerEvent: {}
[72.132875] (-) TimerEvent: {}
[72.234063] (-) TimerEvent: {}
[72.335229] (-) TimerEvent: {}
[72.436298] (-) TimerEvent: {}
[72.537449] (-) TimerEvent: {}
[72.607834] (hdl_localization) StdoutLine: {'line': b'[ 64%] \x1b[32m\x1b[1mLinking CXX shared library libhdl_localization__rosidl_typesupport_fastrtps_c.so\x1b[0m\n'}
[72.637660] (-) TimerEvent: {}
[72.738686] (-) TimerEvent: {}
[72.839741] (-) TimerEvent: {}
[72.941344] (-) TimerEvent: {}
[73.042485] (-) TimerEvent: {}
[73.139287] (hdl_localization) StdoutLine: {'line': b'[ 64%] Built target hdl_localization__rosidl_typesupport_fastrtps_c\n'}
[73.143405] (-) TimerEvent: {}
[73.215014] (hdl_localization) StdoutLine: {'line': b'\x1b[35m\x1b[1mScanning dependencies of target hdl_localization\x1b[0m\n'}
[73.243127] (-) TimerEvent: {}
[73.282558] (hdl_localization) StdoutLine: {'line': b'[ 64%] Built target hdl_localization\n'}
[73.343683] (-) TimerEvent: {}
[73.354165] (hdl_localization) StdoutLine: {'line': b'\x1b[35m\x1b[1mScanning dependencies of target hdl_localization__py\x1b[0m\n'}
[73.357622] (hdl_localization) StdoutLine: {'line': b'\x1b[35m\x1b[1mScanning dependencies of target hdl_localization_composition\x1b[0m\n'}
[73.430417] (hdl_localization) StdoutLine: {'line': b'[ 67%] \x1b[34m\x1b[1mGenerating Python code for ROS interfaces\x1b[0m\n'}
[73.443966] (-) TimerEvent: {}
[73.544985] (-) TimerEvent: {}
[73.645977] (-) TimerEvent: {}
[73.747464] (-) TimerEvent: {}
[73.848747] (-) TimerEvent: {}
[73.949897] (-) TimerEvent: {}
[74.050941] (-) TimerEvent: {}
[74.152167] (-) TimerEvent: {}
[74.253295] (-) TimerEvent: {}
[74.354331] (-) TimerEvent: {}
[74.455301] (-) TimerEvent: {}
[74.556436] (-) TimerEvent: {}
[74.657793] (-) TimerEvent: {}
[74.758810] (-) TimerEvent: {}
[74.859830] (-) TimerEvent: {}
[74.960974] (-) TimerEvent: {}
[75.061870] (-) TimerEvent: {}
[75.163292] (-) TimerEvent: {}
[75.264417] (-) TimerEvent: {}
[75.365486] (-) TimerEvent: {}
[75.466513] (-) TimerEvent: {}
[75.567539] (-) TimerEvent: {}
[75.585092] (hdl_localization) StdoutLine: {'line': b'[ 70%] \x1b[32mBuilding CXX object CMakeFiles/hdl_localization_composition.dir/src/hdl_localization/pose_estimator.cpp.o\x1b[0m\n'}
[75.664700] (hdl_localization) StdoutLine: {'line': b'[ 73%] \x1b[32mBuilding CXX object CMakeFiles/hdl_localization_composition.dir/apps/hdl_localization_composition.cpp.o\x1b[0m\n'}
[75.667757] (-) TimerEvent: {}
[75.768654] (-) TimerEvent: {}
[75.869841] (-) TimerEvent: {}
[76.055777] (-) TimerEvent: {}
[76.157446] (-) TimerEvent: {}
[76.258658] (-) TimerEvent: {}
[76.348642] (hdl_localization) StdoutLine: {'line': b'[ 73%] Built target hdl_localization__py\n'}
[76.358872] (-) TimerEvent: {}
[76.422924] (hdl_localization) StdoutLine: {'line': b'\x1b[35m\x1b[1mScanning dependencies of target hdl_localization__python\x1b[0m\n'}
[76.459150] (-) TimerEvent: {}
[76.560266] (-) TimerEvent: {}
[76.658724] (hdl_localization) StdoutLine: {'line': b'[ 76%] \x1b[32mBuilding C object CMakeFiles/hdl_localization__python.dir/rosidl_generator_py/hdl_localization/msg/_scan_matching_status_s.c.o\x1b[0m\n'}
[76.660408] (-) TimerEvent: {}
[76.691019] (hdl_localization) StderrLine: {'line': b'\x1b[01m\x1b[Kcc1:\x1b[m\x1b[K \x1b[01;35m\x1b[Kwarning: \x1b[m\x1b[Kcommand line option \xe2\x80\x98\x1b[01m\x1b[K-std=c++14\x1b[m\x1b[K\xe2\x80\x99 is valid for C++/ObjC++ but not for C\n'}
[76.760692] (-) TimerEvent: {}
[76.862069] (-) TimerEvent: {}
[76.963171] (-) TimerEvent: {}
[77.064259] (-) TimerEvent: {}
[77.165496] (-) TimerEvent: {}
[77.267615] (-) TimerEvent: {}
[77.368700] (-) TimerEvent: {}
[77.470094] (-) TimerEvent: {}
[77.571227] (-) TimerEvent: {}
[77.672320] (-) TimerEvent: {}
[77.773621] (-) TimerEvent: {}
[77.875284] (-) TimerEvent: {}
[77.976321] (-) TimerEvent: {}
[78.077432] (-) TimerEvent: {}
[78.121728] (hdl_localization) StdoutLine: {'line': b'[ 79%] \x1b[32m\x1b[1mLinking C shared library rosidl_generator_py/hdl_localization/libhdl_localization__python.so\x1b[0m\n'}
[78.177677] (-) TimerEvent: {}
[78.278752] (-) TimerEvent: {}
[78.379946] (-) TimerEvent: {}
[78.420183] (hdl_localization) StdoutLine: {'line': b'[ 79%] Built target hdl_localization__python\n'}
[78.480281] (-) TimerEvent: {}
[78.494585] (hdl_localization) StdoutLine: {'line': b'\x1b[35m\x1b[1mScanning dependencies of target hdl_localization__rosidl_typesupport_c__pyext\x1b[0m\n'}
[78.504640] (hdl_localization) StdoutLine: {'line': b'\x1b[35m\x1b[1mScanning dependencies of target hdl_localization__rosidl_typesupport_fastrtps_c__pyext\x1b[0m\n'}
[78.519100] (hdl_localization) StdoutLine: {'line': b'\x1b[35m\x1b[1mScanning dependencies of target hdl_localization__rosidl_typesupport_introspection_c__pyext\x1b[0m\n'}
[78.580561] (-) TimerEvent: {}
[78.650164] (hdl_localization) StdoutLine: {'line': b'[ 82%] \x1b[32mBuilding C object CMakeFiles/hdl_localization__rosidl_typesupport_c__pyext.dir/rosidl_generator_py/hdl_localization/_hdl_localization_s.ep.rosidl_typesupport_c.c.o\x1b[0m\n'}
[78.680931] (-) TimerEvent: {}
[78.688172] (hdl_localization) StderrLine: {'line': b'\x1b[01m\x1b[Kcc1:\x1b[m\x1b[K \x1b[01;35m\x1b[Kwarning: \x1b[m\x1b[Kcommand line option \xe2\x80\x98\x1b[01m\x1b[K-std=c++14\x1b[m\x1b[K\xe2\x80\x99 is valid for C++/ObjC++ but not for C\n'}
[78.691458] (hdl_localization) StdoutLine: {'line': b'[ 85%] \x1b[32mBuilding C object CMakeFiles/hdl_localization__rosidl_typesupport_introspection_c__pyext.dir/rosidl_generator_py/hdl_localization/_hdl_localization_s.ep.rosidl_typesupport_introspection_c.c.o\x1b[0m\n'}
[78.709648] (hdl_localization) StdoutLine: {'line': b'[ 88%] \x1b[32mBuilding C object CMakeFiles/hdl_localization__rosidl_typesupport_fastrtps_c__pyext.dir/rosidl_generator_py/hdl_localization/_hdl_localization_s.ep.rosidl_typesupport_fastrtps_c.c.o\x1b[0m\n'}
[78.732443] (hdl_localization) StderrLine: {'line': b'\x1b[01m\x1b[Kcc1:\x1b[m\x1b[K \x1b[01;35m\x1b[Kwarning: \x1b[m\x1b[Kcommand line option \xe2\x80\x98\x1b[01m\x1b[K-std=c++14\x1b[m\x1b[K\xe2\x80\x99 is valid for C++/ObjC++ but not for C\n'}
[78.761694] (hdl_localization) StderrLine: {'line': b'\x1b[01m\x1b[Kcc1:\x1b[m\x1b[K \x1b[01;35m\x1b[Kwarning: \x1b[m\x1b[Kcommand line option \xe2\x80\x98\x1b[01m\x1b[K-std=c++14\x1b[m\x1b[K\xe2\x80\x99 is valid for C++/ObjC++ but not for C\n'}
[78.781193] (-) TimerEvent: {}
[78.882296] (-) TimerEvent: {}
[78.984539] (-) TimerEvent: {}
[79.085895] (-) TimerEvent: {}
[79.188322] (-) TimerEvent: {}
[79.289462] (-) TimerEvent: {}
[79.390448] (-) TimerEvent: {}
[79.413016] (hdl_localization) StdoutLine: {'line': b'[ 91%] \x1b[32m\x1b[1mLinking C shared library rosidl_generator_py/hdl_localization/hdl_localization_s__rosidl_typesupport_c.cpython-38-aarch64-linux-gnu.so\x1b[0m\n'}
[79.490714] (-) TimerEvent: {}
[79.515720] (hdl_localization) StdoutLine: {'line': b'[ 94%] \x1b[32m\x1b[1mLinking C shared library rosidl_generator_py/hdl_localization/hdl_localization_s__rosidl_typesupport_introspection_c.cpython-38-aarch64-linux-gnu.so\x1b[0m\n'}
[79.590984] (-) TimerEvent: {}
[79.675722] (hdl_localization) StdoutLine: {'line': b'[ 97%] \x1b[32m\x1b[1mLinking CXX shared library rosidl_generator_py/hdl_localization/hdl_localization_s__rosidl_typesupport_fastrtps_c.cpython-38-aarch64-linux-gnu.so\x1b[0m\n'}
[79.691254] (-) TimerEvent: {}
[79.732344] (hdl_localization) StdoutLine: {'line': b'[ 97%] Built target hdl_localization__rosidl_typesupport_c__pyext\n'}
[79.791556] (-) TimerEvent: {}
[79.814824] (hdl_localization) StdoutLine: {'line': b'[ 97%] Built target hdl_localization__rosidl_typesupport_introspection_c__pyext\n'}
[79.891962] (-) TimerEvent: {}
[79.993945] (-) TimerEvent: {}
[80.095040] (-) TimerEvent: {}
[80.196664] (-) TimerEvent: {}
[80.220143] (hdl_localization) StdoutLine: {'line': b'[ 97%] Built target hdl_localization__rosidl_typesupport_fastrtps_c__pyext\n'}
[80.297049] (-) TimerEvent: {}
[80.398171] (-) TimerEvent: {}
[80.499292] (-) TimerEvent: {}
[80.600470] (-) TimerEvent: {}
[80.701842] (-) TimerEvent: {}
[80.803016] (-) TimerEvent: {}
[80.904844] (-) TimerEvent: {}
[81.005983] (-) TimerEvent: {}
[81.107236] (-) TimerEvent: {}
[81.208358] (-) TimerEvent: {}
[81.309600] (-) TimerEvent: {}
[81.410706] (-) TimerEvent: {}
[81.511866] (-) TimerEvent: {}
[81.613118] (-) TimerEvent: {}
[81.714142] (-) TimerEvent: {}
[81.815338] (-) TimerEvent: {}
[81.916538] (-) TimerEvent: {}
[82.017652] (-) TimerEvent: {}
[82.118654] (-) TimerEvent: {}
[82.220088] (-) TimerEvent: {}
[82.322348] (-) TimerEvent: {}
[82.424320] (-) TimerEvent: {}
[82.525430] (-) TimerEvent: {}
[82.626508] (-) TimerEvent: {}
[82.727543] (-) TimerEvent: {}
[82.829048] (-) TimerEvent: {}
[82.930277] (-) TimerEvent: {}
[83.031373] (-) TimerEvent: {}
[83.132494] (-) TimerEvent: {}
[83.233720] (-) TimerEvent: {}
[83.334830] (-) TimerEvent: {}
[83.435899] (-) TimerEvent: {}
[83.537011] (-) TimerEvent: {}
[83.638125] (-) TimerEvent: {}
[83.739136] (-) TimerEvent: {}
[83.840087] (-) TimerEvent: {}
[83.941613] (-) TimerEvent: {}
[84.042793] (-) TimerEvent: {}
[84.143820] (-) TimerEvent: {}
[84.244767] (-) TimerEvent: {}
[84.345951] (-) TimerEvent: {}
[84.447646] (-) TimerEvent: {}
[84.548616] (-) TimerEvent: {}
[84.649777] (-) TimerEvent: {}
[84.750826] (-) TimerEvent: {}
[84.851896] (-) TimerEvent: {}
[84.953040] (-) TimerEvent: {}
[85.054225] (-) TimerEvent: {}
[85.155368] (-) TimerEvent: {}
[85.256399] (-) TimerEvent: {}
[85.357538] (-) TimerEvent: {}
[85.459124] (-) TimerEvent: {}
[85.561369] (-) TimerEvent: {}
[85.663028] (-) TimerEvent: {}
[85.764390] (-) TimerEvent: {}
[85.866179] (-) TimerEvent: {}
[85.967349] (-) TimerEvent: {}
[86.068356] (-) TimerEvent: {}
[86.169626] (-) TimerEvent: {}
[86.322114] (-) TimerEvent: {}
[86.423122] (-) TimerEvent: {}
[86.524201] (-) TimerEvent: {}
[86.625364] (-) TimerEvent: {}
[86.726426] (-) TimerEvent: {}
[86.827566] (-) TimerEvent: {}
[86.929399] (-) TimerEvent: {}
[87.030787] (-) TimerEvent: {}
[87.132536] (-) TimerEvent: {}
[87.233673] (-) TimerEvent: {}
[87.334760] (-) TimerEvent: {}
[87.436104] (-) TimerEvent: {}
[87.537328] (-) TimerEvent: {}
[87.638430] (-) TimerEvent: {}
[87.739635] (-) TimerEvent: {}
[87.840760] (-) TimerEvent: {}
[87.942037] (-) TimerEvent: {}
[88.043171] (-) TimerEvent: {}
[88.144325] (-) TimerEvent: {}
[88.245556] (-) TimerEvent: {}
[88.347249] (-) TimerEvent: {}
[88.448425] (-) TimerEvent: {}
[88.549543] (-) TimerEvent: {}
[88.650713] (-) TimerEvent: {}
[88.751856] (-) TimerEvent: {}
[88.853100] (-) TimerEvent: {}
[88.954276] (-) TimerEvent: {}
[89.055460] (-) TimerEvent: {}
[89.156561] (-) TimerEvent: {}
[89.257738] (-) TimerEvent: {}
[89.358740] (-) TimerEvent: {}
[89.459877] (-) TimerEvent: {}
[89.561561] (-) TimerEvent: {}
[89.662520] (-) TimerEvent: {}
[89.764019] (-) TimerEvent: {}
[89.865355] (-) TimerEvent: {}
[89.966356] (-) TimerEvent: {}
[90.067391] (-) TimerEvent: {}
[90.168292] (-) TimerEvent: {}
[90.269462] (-) TimerEvent: {}
[90.370563] (-) TimerEvent: {}
[90.471761] (-) TimerEvent: {}
[90.574063] (-) TimerEvent: {}
[90.675135] (-) TimerEvent: {}
[90.776527] (-) TimerEvent: {}
[90.877772] (-) TimerEvent: {}
[90.978838] (-) TimerEvent: {}
[91.079973] (-) TimerEvent: {}
[91.181112] (-) TimerEvent: {}
[91.423616] (-) TimerEvent: {}
[91.524866] (-) TimerEvent: {}
[91.626022] (-) TimerEvent: {}
[91.727232] (-) TimerEvent: {}
[91.828543] (-) TimerEvent: {}
[91.929687] (-) TimerEvent: {}
[92.030815] (-) TimerEvent: {}
[92.131834] (-) TimerEvent: {}
[92.232934] (-) TimerEvent: {}
[92.334058] (-) TimerEvent: {}
[92.435204] (-) TimerEvent: {}
[92.536253] (-) TimerEvent: {}
[92.637389] (-) TimerEvent: {}
[92.738492] (-) TimerEvent: {}
[92.839541] (-) TimerEvent: {}
[92.940702] (-) TimerEvent: {}
[93.041920] (-) TimerEvent: {}
[93.142980] (-) TimerEvent: {}
[93.244049] (-) TimerEvent: {}
[93.345640] (-) TimerEvent: {}
[93.446828] (-) TimerEvent: {}
[93.548245] (-) TimerEvent: {}
[93.649406] (-) TimerEvent: {}
[93.750624] (-) TimerEvent: {}
[93.851720] (-) TimerEvent: {}
[93.952745] (-) TimerEvent: {}
[94.053855] (-) TimerEvent: {}
[94.154995] (-) TimerEvent: {}
[94.256124] (-) TimerEvent: {}
[94.357315] (-) TimerEvent: {}
[94.458333] (-) TimerEvent: {}
[94.559396] (-) TimerEvent: {}
[94.660453] (-) TimerEvent: {}
[94.761746] (-) TimerEvent: {}
[94.862805] (-) TimerEvent: {}
[94.964388] (-) TimerEvent: {}
[95.065676] (-) TimerEvent: {}
[95.166775] (-) TimerEvent: {}
[95.267929] (-) TimerEvent: {}
[95.369091] (-) TimerEvent: {}
[95.470119] (-) TimerEvent: {}
[95.571645] (-) TimerEvent: {}
[95.672691] (-) TimerEvent: {}
[95.774119] (-) TimerEvent: {}
[95.875127] (-) TimerEvent: {}
[95.976196] (-) TimerEvent: {}
[96.077392] (-) TimerEvent: {}
[96.178489] (-) TimerEvent: {}
[96.279879] (-) TimerEvent: {}
[96.381199] (-) TimerEvent: {}
[96.482293] (-) TimerEvent: {}
[96.627823] (-) TimerEvent: {}
[96.728969] (-) TimerEvent: {}
[96.830083] (-) TimerEvent: {}
[96.931558] (-) TimerEvent: {}
[97.032594] (-) TimerEvent: {}
[97.134301] (-) TimerEvent: {}
[97.235368] (-) TimerEvent: {}
[97.336487] (-) TimerEvent: {}
[97.437665] (-) TimerEvent: {}
[97.538804] (-) TimerEvent: {}
[97.639808] (-) TimerEvent: {}
[97.741016] (-) TimerEvent: {}
[97.842093] (-) TimerEvent: {}
[97.943226] (-) TimerEvent: {}
[98.044411] (-) TimerEvent: {}
[98.145721] (-) TimerEvent: {}
[98.246829] (-) TimerEvent: {}
[98.347964] (-) TimerEvent: {}
[98.449062] (-) TimerEvent: {}
[98.550077] (-) TimerEvent: {}
[98.651128] (-) TimerEvent: {}
[98.752266] (-) TimerEvent: {}
[98.853577] (-) TimerEvent: {}
[98.954726] (-) TimerEvent: {}
[99.055801] (-) TimerEvent: {}
[99.157045] (-) TimerEvent: {}
[99.258173] (-) TimerEvent: {}
[99.359332] (-) TimerEvent: {}
[99.460397] (-) TimerEvent: {}
[99.561851] (-) TimerEvent: {}
[99.663364] (-) TimerEvent: {}
[99.764685] (-) TimerEvent: {}
[99.865886] (-) TimerEvent: {}
[99.966881] (-) TimerEvent: {}
[100.067863] (-) TimerEvent: {}
[100.168941] (-) TimerEvent: {}
[100.269931] (-) TimerEvent: {}
[100.370975] (-) TimerEvent: {}
[100.472113] (-) TimerEvent: {}
[100.573244] (-) TimerEvent: {}
[100.675169] (-) TimerEvent: {}
[100.776353] (-) TimerEvent: {}
[100.877507] (-) TimerEvent: {}
[100.978560] (-) TimerEvent: {}
[101.079764] (-) TimerEvent: {}
[101.181629] (-) TimerEvent: {}
[101.282635] (-) TimerEvent: {}
[101.383677] (-) TimerEvent: {}
[101.484936] (-) TimerEvent: {}
[101.586017] (-) TimerEvent: {}
[101.730466] (-) TimerEvent: {}
[101.831605] (-) TimerEvent: {}
[101.932852] (-) TimerEvent: {}
[102.033919] (-) TimerEvent: {}
[102.135014] (-) TimerEvent: {}
[102.236383] (-) TimerEvent: {}
[102.337601] (-) TimerEvent: {}
[102.438690] (-) TimerEvent: {}
[102.539726] (-) TimerEvent: {}
[102.640769] (-) TimerEvent: {}
[102.741975] (-) TimerEvent: {}
[102.843130] (-) TimerEvent: {}
[102.944212] (-) TimerEvent: {}
[103.045367] (-) TimerEvent: {}
[103.146552] (-) TimerEvent: {}
[103.247632] (-) TimerEvent: {}
[103.349151] (-) TimerEvent: {}
[103.450321] (-) TimerEvent: {}
[103.551818] (-) TimerEvent: {}
[103.653014] (-) TimerEvent: {}
[103.754060] (-) TimerEvent: {}
[103.855131] (-) TimerEvent: {}
[103.956203] (-) TimerEvent: {}
[104.057379] (-) TimerEvent: {}
[104.158454] (-) TimerEvent: {}
[104.259472] (-) TimerEvent: {}
[104.360609] (-) TimerEvent: {}
[104.461878] (-) TimerEvent: {}
[104.562947] (-) TimerEvent: {}
[104.664199] (-) TimerEvent: {}
[104.765879] (-) TimerEvent: {}
[104.866982] (-) TimerEvent: {}
[104.968040] (-) TimerEvent: {}
[105.069223] (-) TimerEvent: {}
[105.170219] (-) TimerEvent: {}
[105.271345] (-) TimerEvent: {}
[105.372423] (-) TimerEvent: {}
[105.473745] (-) TimerEvent: {}
[105.574767] (-) TimerEvent: {}
[105.675780] (-) TimerEvent: {}
[105.776977] (-) TimerEvent: {}
[105.877978] (-) TimerEvent: {}
[105.978974] (-) TimerEvent: {}
[106.080358] (-) TimerEvent: {}
[106.182354] (-) TimerEvent: {}
[106.283438] (-) TimerEvent: {}
[106.384495] (-) TimerEvent: {}
[106.485557] (-) TimerEvent: {}
[106.586529] (-) TimerEvent: {}
[106.687556] (-) TimerEvent: {}
[106.788608] (-) TimerEvent: {}
[106.889751] (-) TimerEvent: {}
[106.990789] (-) TimerEvent: {}
[107.091835] (-) TimerEvent: {}
[107.192956] (-) TimerEvent: {}
[107.294069] (-) TimerEvent: {}
[107.395146] (-) TimerEvent: {}
[107.496257] (-) TimerEvent: {}
[107.597411] (-) TimerEvent: {}
[107.698423] (-) TimerEvent: {}
[107.799437] (-) TimerEvent: {}
[107.900469] (-) TimerEvent: {}
[108.001604] (-) TimerEvent: {}
[108.102648] (-) TimerEvent: {}
[108.203974] (-) TimerEvent: {}
[108.305185] (-) TimerEvent: {}
[108.406193] (-) TimerEvent: {}
[108.507200] (-) TimerEvent: {}
[108.608307] (-) TimerEvent: {}
[108.756563] (-) TimerEvent: {}
[108.857685] (-) TimerEvent: {}
[108.958702] (-) TimerEvent: {}
[109.059682] (-) TimerEvent: {}
[109.160744] (-) TimerEvent: {}
[109.262949] (-) TimerEvent: {}
[109.366290] (-) TimerEvent: {}
[109.467266] (-) TimerEvent: {}
[109.568275] (-) TimerEvent: {}
[109.669298] (-) TimerEvent: {}
[109.770315] (-) TimerEvent: {}
[109.871379] (-) TimerEvent: {}
[109.972388] (-) TimerEvent: {}
[110.073644] (-) TimerEvent: {}
[110.174785] (-) TimerEvent: {}
[110.275770] (-) TimerEvent: {}
[110.376833] (-) TimerEvent: {}
[110.477921] (-) TimerEvent: {}
[110.578886] (-) TimerEvent: {}
[110.680029] (-) TimerEvent: {}
[110.781450] (-) TimerEvent: {}
[110.882518] (-) TimerEvent: {}
[110.983491] (-) TimerEvent: {}
[111.084513] (-) TimerEvent: {}
[111.185632] (-) TimerEvent: {}
[111.286642] (-) TimerEvent: {}
[111.387692] (-) TimerEvent: {}
[111.488879] (-) TimerEvent: {}
[111.590026] (-) TimerEvent: {}
[111.691362] (-) TimerEvent: {}
[111.792340] (-) TimerEvent: {}
[111.893534] (-) TimerEvent: {}
[111.994651] (-) TimerEvent: {}
[112.095901] (-) TimerEvent: {}
[112.197408] (-) TimerEvent: {}
[112.299176] (-) TimerEvent: {}
[112.400552] (-) TimerEvent: {}
[112.502212] (-) TimerEvent: {}
[112.603444] (-) TimerEvent: {}
[112.705210] (-) TimerEvent: {}
[112.807150] (-) TimerEvent: {}
[112.911237] (-) TimerEvent: {}
[113.012215] (-) TimerEvent: {}
[113.114244] (-) TimerEvent: {}
[113.216249] (-) TimerEvent: {}
[113.317777] (-) TimerEvent: {}
[113.419126] (-) TimerEvent: {}
[113.520195] (-) TimerEvent: {}
[113.622252] (-) TimerEvent: {}
[113.869700] (-) TimerEvent: {}
[113.972074] (-) TimerEvent: {}
[114.073820] (-) TimerEvent: {}
[114.174994] (-) TimerEvent: {}
[114.276062] (-) TimerEvent: {}
[114.377033] (-) TimerEvent: {}
[114.478012] (-) TimerEvent: {}
[114.579126] (-) TimerEvent: {}
[114.680258] (-) TimerEvent: {}
[114.781499] (-) TimerEvent: {}
[114.882540] (-) TimerEvent: {}
[114.983594] (-) TimerEvent: {}
[115.084733] (-) TimerEvent: {}
[115.185772] (-) TimerEvent: {}
[115.286859] (-) TimerEvent: {}
[115.387826] (-) TimerEvent: {}
[115.488958] (-) TimerEvent: {}
[115.589954] (-) TimerEvent: {}
[115.691115] (-) TimerEvent: {}
[115.792290] (-) TimerEvent: {}
[115.894219] (-) TimerEvent: {}
[115.995381] (-) TimerEvent: {}
[116.096554] (-) TimerEvent: {}
[116.198355] (-) TimerEvent: {}
[116.299550] (-) TimerEvent: {}
[116.400897] (-) TimerEvent: {}
[116.502126] (-) TimerEvent: {}
[116.603335] (-) TimerEvent: {}
[116.704544] (-) TimerEvent: {}
[116.807284] (-) TimerEvent: {}
[116.908365] (-) TimerEvent: {}
[117.009974] (-) TimerEvent: {}
[117.111102] (-) TimerEvent: {}
[117.212850] (-) TimerEvent: {}
[117.314035] (-) TimerEvent: {}
[117.415613] (-) TimerEvent: {}
[117.516854] (-) TimerEvent: {}
[117.618036] (-) TimerEvent: {}
[117.719211] (-) TimerEvent: {}
[117.820390] (-) TimerEvent: {}
[117.921714] (-) TimerEvent: {}
[118.022922] (-) TimerEvent: {}
[118.124030] (-) TimerEvent: {}
[118.225354] (-) TimerEvent: {}
[118.326635] (-) TimerEvent: {}
[118.427877] (-) TimerEvent: {}
[118.529249] (-) TimerEvent: {}
[118.630466] (-) TimerEvent: {}
[118.731681] (-) TimerEvent: {}
[118.877439] (-) TimerEvent: {}
[118.978745] (-) TimerEvent: {}
[119.080079] (-) TimerEvent: {}
[119.181411] (-) TimerEvent: {}
[119.282671] (-) TimerEvent: {}
[119.384212] (-) TimerEvent: {}
[119.485698] (-) TimerEvent: {}
[119.587023] (-) TimerEvent: {}
[119.688415] (-) TimerEvent: {}
[119.790196] (-) TimerEvent: {}
[119.822980] (hdl_localization) StderrLine: {'line': b'In file included from \x1b[01m\x1b[K/home/ysc/lite_cog_ros2/nav/src/hdl_localization/apps/hdl_localization_composition.cpp:2\x1b[m\x1b[K:\n'}
[119.824060] (hdl_localization) StderrLine: {'line': b'\x1b[01m\x1b[K/home/ysc/lite_cog_ros2/nav/src/hdl_localization/apps/./hdl_localization_app.hpp:\x1b[m\x1b[K In member function \xe2\x80\x98\x1b[01m\x1b[Kbool hdl_localization::HdlLocalizationApp::GetClosestImuData(const rclcpp::Time&, sensor_msgs::msg::Imu_<std::allocator<void> >::SharedPtr&)\x1b[m\x1b[K\xe2\x80\x99:\n'}
[119.825089] (hdl_localization) StderrLine: {'line': b'\x1b[01m\x1b[K/home/ysc/lite_cog_ros2/nav/src/hdl_localization/apps/./hdl_localization_app.hpp:372:26:\x1b[m\x1b[K \x1b[01;35m\x1b[Kwarning: \x1b[m\x1b[Kcomparison of integer expressions of different signedness: \xe2\x80\x98\x1b[01m\x1b[Kint\x1b[m\x1b[K\xe2\x80\x99 and \xe2\x80\x98\x1b[01m\x1b[Kstd::deque<std::shared_ptr<sensor_msgs::msg::Imu_<std::allocator<void> > > >::size_type\x1b[m\x1b[K\xe2\x80\x99 {aka \xe2\x80\x98\x1b[01m\x1b[Klong unsigned int\x1b[m\x1b[K\xe2\x80\x99} [\x1b[01;35m\x1b[K-Wsign-compare\x1b[m\x1b[K]\n'}
[119.826107] (hdl_localization) StderrLine: {'line': b'  372 |         for(int i = 0; \x1b[01;35m\x1b[Ki < imu_data_buffer_.size()\x1b[m\x1b[K; i++){\n'}
[119.826916] (hdl_localization) StderrLine: {'line': b'      |                        \x1b[01;35m\x1b[K~~^~~~~~~~~~~~~~~~~~~~~~~~~\x1b[m\x1b[K\n'}
[119.890375] (-) TimerEvent: {}
[119.991258] (-) TimerEvent: {}
[120.092210] (-) TimerEvent: {}
[120.165691] (hdl_localization) StderrLine: {'line': b'\x1b[01m\x1b[K/home/ysc/lite_cog_ros2/nav/src/hdl_localization/apps/./hdl_localization_app.hpp:\x1b[m\x1b[K In member function \xe2\x80\x98\x1b[01m\x1b[Kbool hdl_localization::HdlLocalizationApp::Relocalize(std::shared_ptr<rmw_request_id_t>, std::shared_ptr<std_srvs::srv::Empty_Request_<std::allocator<void> > >, std::shared_ptr<std_srvs::srv::Empty_Response_<std::allocator<void> > >)\x1b[m\x1b[K\xe2\x80\x99:\n'}
[120.166580] (hdl_localization) StderrLine: {'line': b'\x1b[01m\x1b[K/home/ysc/lite_cog_ros2/nav/src/hdl_localization/apps/./hdl_localization_app.hpp:566:56:\x1b[m\x1b[K \x1b[01;35m\x1b[Kwarning: \x1b[m\x1b[Kunused parameter \xe2\x80\x98\x1b[01m\x1b[Kreq\x1b[m\x1b[K\xe2\x80\x99 [\x1b[01;35m\x1b[K-Wunused-parameter\x1b[m\x1b[K]\n'}
[120.167150] (hdl_localization) StderrLine: {'line': b'  566 |         \x1b[01;35m\x1b[Kstd::shared_ptr<std_srvs::srv::Empty::Request> req\x1b[m\x1b[K,\n'}
[120.167617] (hdl_localization) StderrLine: {'line': b'      |         \x1b[01;35m\x1b[K~~~~~~~~~~~~~~~~~~~~~~~~~~~~~~~~~~~~~~~~~~~~~~~^~~\x1b[m\x1b[K\n'}
[120.168199] (hdl_localization) StderrLine: {'line': b'\x1b[01m\x1b[K/home/ysc/lite_cog_ros2/nav/src/hdl_localization/apps/./hdl_localization_app.hpp:567:57:\x1b[m\x1b[K \x1b[01;35m\x1b[Kwarning: \x1b[m\x1b[Kunused parameter \xe2\x80\x98\x1b[01m\x1b[Kres\x1b[m\x1b[K\xe2\x80\x99 [\x1b[01;35m\x1b[K-Wunused-parameter\x1b[m\x1b[K]\n'}
[120.168705] (hdl_localization) StderrLine: {'line': b'  567 |         \x1b[01;35m\x1b[Kstd::shared_ptr<std_srvs::srv::Empty::Response> res\x1b[m\x1b[K)\n'}
[120.169259] (hdl_localization) StderrLine: {'line': b'      |         \x1b[01;35m\x1b[K~~~~~~~~~~~~~~~~~~~~~~~~~~~~~~~~~~~~~~~~~~~~~~~~^~~\x1b[m\x1b[K\n'}
[120.192472] (-) TimerEvent: {}
[120.293498] (-) TimerEvent: {}
[120.394506] (-) TimerEvent: {}
[120.446489] (hdl_localization) StderrLine: {'line': b'\x1b[01m\x1b[K/home/ysc/lite_cog_ros2/nav/src/hdl_localization/apps/./hdl_localization_app.hpp:\x1b[m\x1b[K In member function \xe2\x80\x98\x1b[01m\x1b[Kvoid hdl_localization::HdlLocalizationApp::TimerCallback()\x1b[m\x1b[K\xe2\x80\x99:\n'}
[120.447483] (hdl_localization) StderrLine: {'line': b'\x1b[01m\x1b[K/home/ysc/lite_cog_ros2/nav/src/hdl_localization/apps/./hdl_localization_app.hpp:812:27:\x1b[m\x1b[K \x1b[01;35m\x1b[Kwarning: \x1b[m\x1b[Kcomparison of integer expressions of different signedness: \xe2\x80\x98\x1b[01m\x1b[Kint\x1b[m\x1b[K\xe2\x80\x99 and \xe2\x80\x98\x1b[01m\x1b[Kstd::deque<double>::size_type\x1b[m\x1b[K\xe2\x80\x99 {aka \xe2\x80\x98\x1b[01m\x1b[Klong unsigned int\x1b[m\x1b[K\xe2\x80\x99} [\x1b[01;35m\x1b[K-Wsign-compare\x1b[m\x1b[K]\n'}
[120.448136] (hdl_localization) StderrLine: {'line': b'  812 |             for(int i=0; \x1b[01;35m\x1b[Ki<ms_deque_.size()\x1b[m\x1b[K; i++){\n'}
[120.448714] (hdl_localization) StderrLine: {'line': b'      |                          \x1b[01;35m\x1b[K~^~~~~~~~~~~~~~~~~\x1b[m\x1b[K\n'}
[120.494814] (-) TimerEvent: {}
[120.596645] (-) TimerEvent: {}
[120.698106] (-) TimerEvent: {}
[120.799274] (-) TimerEvent: {}
[120.901407] (-) TimerEvent: {}
[121.002827] (-) TimerEvent: {}
[121.104990] (-) TimerEvent: {}
[121.206098] (-) TimerEvent: {}
[121.307263] (-) TimerEvent: {}
[121.408415] (-) TimerEvent: {}
[121.509691] (-) TimerEvent: {}
[121.610839] (-) TimerEvent: {}
[121.712111] (-) TimerEvent: {}
[121.813486] (-) TimerEvent: {}
[121.915148] (-) TimerEvent: {}
[122.016888] (-) TimerEvent: {}
[122.118160] (-) TimerEvent: {}
[122.220093] (-) TimerEvent: {}
[122.321637] (-) TimerEvent: {}
[122.423809] (-) TimerEvent: {}
[122.525093] (-) TimerEvent: {}
[122.626206] (-) TimerEvent: {}
[122.727727] (-) TimerEvent: {}
[122.829354] (-) TimerEvent: {}
[122.931818] (-) TimerEvent: {}
[123.033050] (-) TimerEvent: {}
[123.135861] (-) TimerEvent: {}
[123.237174] (-) TimerEvent: {}
[123.338304] (-) TimerEvent: {}
[123.439329] (-) TimerEvent: {}
[123.540530] (-) TimerEvent: {}
[123.641605] (-) TimerEvent: {}
[123.742597] (-) TimerEvent: {}
[123.843885] (-) TimerEvent: {}
[123.989819] (-) TimerEvent: {}
[124.090885] (-) TimerEvent: {}
[124.191952] (-) TimerEvent: {}
[124.293062] (-) TimerEvent: {}
[124.394209] (-) TimerEvent: {}
[124.495116] (-) TimerEvent: {}
[124.596738] (-) TimerEvent: {}
[124.697708] (-) TimerEvent: {}
[124.798743] (-) TimerEvent: {}
[124.899661] (-) TimerEvent: {}
[125.000702] (-) TimerEvent: {}
[125.101786] (-) TimerEvent: {}
[125.202752] (-) TimerEvent: {}
[125.304076] (-) TimerEvent: {}
[125.405104] (-) TimerEvent: {}
[125.505988] (-) TimerEvent: {}
[125.606915] (-) TimerEvent: {}
[125.707951] (-) TimerEvent: {}
[125.809021] (-) TimerEvent: {}
[125.909945] (-) TimerEvent: {}
[126.011062] (-) TimerEvent: {}
[126.112040] (-) TimerEvent: {}
[126.213062] (-) TimerEvent: {}
[126.314232] (-) TimerEvent: {}
[126.415497] (-) TimerEvent: {}
[126.516542] (-) TimerEvent: {}
[126.617719] (-) TimerEvent: {}
[126.718946] (-) TimerEvent: {}
[126.820239] (-) TimerEvent: {}
[126.921714] (-) TimerEvent: {}
[127.023040] (-) TimerEvent: {}
[127.124304] (-) TimerEvent: {}
[127.226099] (-) TimerEvent: {}
[127.327107] (-) TimerEvent: {}
[127.428295] (-) TimerEvent: {}
[127.529483] (-) TimerEvent: {}
[127.631218] (-) TimerEvent: {}
[127.732359] (-) TimerEvent: {}
[127.833580] (-) TimerEvent: {}
[127.934714] (-) TimerEvent: {}
[128.035963] (-) TimerEvent: {}
[128.137114] (-) TimerEvent: {}
[128.238114] (-) TimerEvent: {}
[128.339127] (-) TimerEvent: {}
[128.440102] (-) TimerEvent: {}
[128.541250] (-) TimerEvent: {}
[128.642285] (-) TimerEvent: {}
[128.743292] (-) TimerEvent: {}
[128.844498] (-) TimerEvent: {}
[128.946565] (-) TimerEvent: {}
[129.091567] (-) TimerEvent: {}
[129.192606] (-) TimerEvent: {}
[129.293942] (-) TimerEvent: {}
[129.394946] (-) TimerEvent: {}
[129.496313] (-) TimerEvent: {}
[129.597817] (-) TimerEvent: {}
[129.698953] (-) TimerEvent: {}
[129.800156] (-) TimerEvent: {}
[129.903464] (-) TimerEvent: {}
[130.004622] (-) TimerEvent: {}
[130.106065] (-) TimerEvent: {}
[130.207150] (-) TimerEvent: {}
[130.308268] (-) TimerEvent: {}
[130.409708] (-) TimerEvent: {}
[130.511434] (-) TimerEvent: {}
[130.612978] (-) TimerEvent: {}
[130.715390] (-) TimerEvent: {}
[130.816487] (-) TimerEvent: {}
[130.917641] (-) TimerEvent: {}
[131.018739] (-) TimerEvent: {}
[131.119893] (-) TimerEvent: {}
[131.221713] (-) TimerEvent: {}
[131.323437] (-) TimerEvent: {}
[131.424612] (-) TimerEvent: {}
[131.525777] (-) TimerEvent: {}
[131.626803] (-) TimerEvent: {}
[131.727905] (-) TimerEvent: {}
[131.829017] (-) TimerEvent: {}
[131.930080] (-) TimerEvent: {}
[132.031480] (-) TimerEvent: {}
[132.132624] (-) TimerEvent: {}
[132.234481] (-) TimerEvent: {}
[132.335666] (-) TimerEvent: {}
[132.436946] (-) TimerEvent: {}
[132.538074] (-) TimerEvent: {}
[132.639228] (-) TimerEvent: {}
[132.740442] (-) TimerEvent: {}
[132.841832] (-) TimerEvent: {}
[132.943107] (-) TimerEvent: {}
[133.044296] (-) TimerEvent: {}
[133.145583] (-) TimerEvent: {}
[133.246785] (-) TimerEvent: {}
[133.348023] (-) TimerEvent: {}
[133.449261] (-) TimerEvent: {}
[133.550455] (-) TimerEvent: {}
[133.652315] (-) TimerEvent: {}
[133.754272] (-) TimerEvent: {}
[133.855501] (-) TimerEvent: {}
[133.956585] (-) TimerEvent: {}
[134.058146] (-) TimerEvent: {}
[134.199480] (-) TimerEvent: {}
[134.300562] (-) TimerEvent: {}
[134.401699] (-) TimerEvent: {}
[134.502723] (-) TimerEvent: {}
[134.604460] (-) TimerEvent: {}
[134.705937] (-) TimerEvent: {}
[134.806945] (-) TimerEvent: {}
[134.908258] (-) TimerEvent: {}
[135.009402] (-) TimerEvent: {}
[135.110899] (-) TimerEvent: {}
[135.211941] (-) TimerEvent: {}
[135.313005] (-) TimerEvent: {}
[135.414799] (-) TimerEvent: {}
[135.516047] (-) TimerEvent: {}
[135.617047] (-) TimerEvent: {}
[135.718048] (-) TimerEvent: {}
[135.819090] (-) TimerEvent: {}
[135.920028] (-) TimerEvent: {}
[136.021177] (-) TimerEvent: {}
[136.122237] (-) TimerEvent: {}
[136.223266] (-) TimerEvent: {}
[136.324384] (-) TimerEvent: {}
[136.425533] (-) TimerEvent: {}
[136.526516] (-) TimerEvent: {}
[136.627586] (-) TimerEvent: {}
[136.728598] (-) TimerEvent: {}
[136.830510] (-) TimerEvent: {}
[136.931681] (-) TimerEvent: {}
[137.032982] (-) TimerEvent: {}
[137.134227] (-) TimerEvent: {}
[137.235686] (-) TimerEvent: {}
[137.337081] (-) TimerEvent: {}
[137.438201] (-) TimerEvent: {}
[137.539348] (-) TimerEvent: {}
[137.640566] (-) TimerEvent: {}
[137.741890] (-) TimerEvent: {}
[137.843149] (-) TimerEvent: {}
[137.944427] (-) TimerEvent: {}
[138.045751] (-) TimerEvent: {}
[138.146996] (-) TimerEvent: {}
[138.248418] (-) TimerEvent: {}
[138.349550] (-) TimerEvent: {}
[138.450787] (-) TimerEvent: {}
[138.551879] (-) TimerEvent: {}
[138.653022] (-) TimerEvent: {}
[138.754193] (-) TimerEvent: {}
[138.855222] (-) TimerEvent: {}
[138.956438] (-) TimerEvent: {}
[139.057514] (-) TimerEvent: {}
[139.158696] (-) TimerEvent: {}
[139.300642] (-) TimerEvent: {}
[139.401784] (-) TimerEvent: {}
[139.502843] (-) TimerEvent: {}
[139.604003] (-) TimerEvent: {}
[139.705044] (-) TimerEvent: {}
[139.806268] (-) TimerEvent: {}
[139.907218] (-) TimerEvent: {}
[140.008296] (-) TimerEvent: {}
[140.109425] (-) TimerEvent: {}
[140.210401] (-) TimerEvent: {}
[140.311456] (-) TimerEvent: {}
[140.412479] (-) TimerEvent: {}
[140.514634] (-) TimerEvent: {}
[140.615744] (-) TimerEvent: {}
[140.716874] (-) TimerEvent: {}
[140.817853] (-) TimerEvent: {}
[140.918801] (-) TimerEvent: {}
[141.019756] (-) TimerEvent: {}
[141.120683] (-) TimerEvent: {}
[141.221742] (-) TimerEvent: {}
[141.322814] (-) TimerEvent: {}
[141.424194] (-) TimerEvent: {}
[141.525400] (-) TimerEvent: {}
[141.626490] (-) TimerEvent: {}
[141.727577] (-) TimerEvent: {}
[141.828612] (-) TimerEvent: {}
[141.929711] (-) TimerEvent: {}
[142.031042] (-) TimerEvent: {}
[142.132112] (-) TimerEvent: {}
[142.233207] (-) TimerEvent: {}
[142.334384] (-) TimerEvent: {}
[142.435593] (-) TimerEvent: {}
[142.536666] (-) TimerEvent: {}
[142.637820] (-) TimerEvent: {}
[142.738846] (-) TimerEvent: {}
[142.839925] (-) TimerEvent: {}
[142.941096] (-) TimerEvent: {}
[143.042167] (-) TimerEvent: {}
[143.143224] (-) TimerEvent: {}
[143.244411] (-) TimerEvent: {}
[143.345581] (-) TimerEvent: {}
[143.446714] (-) TimerEvent: {}
[143.547851] (-) TimerEvent: {}
[143.649048] (-) TimerEvent: {}
[143.750081] (-) TimerEvent: {}
[143.851130] (-) TimerEvent: {}
[143.952063] (-) TimerEvent: {}
[144.053042] (-) TimerEvent: {}
[144.154214] (-) TimerEvent: {}
[144.255462] (-) TimerEvent: {}
[144.356550] (-) TimerEvent: {}
[144.500202] (-) TimerEvent: {}
[144.601407] (-) TimerEvent: {}
[144.702442] (-) TimerEvent: {}
[144.803799] (-) TimerEvent: {}
[144.905940] (-) TimerEvent: {}
[145.006897] (-) TimerEvent: {}
[145.107954] (-) TimerEvent: {}
[145.209032] (-) TimerEvent: {}
[145.310098] (-) TimerEvent: {}
[145.411218] (-) TimerEvent: {}
[145.512313] (-) TimerEvent: {}
[145.613369] (-) TimerEvent: {}
[145.714922] (-) TimerEvent: {}
[145.816222] (-) TimerEvent: {}
[145.917285] (-) TimerEvent: {}
[146.018353] (-) TimerEvent: {}
[146.119403] (-) TimerEvent: {}
[146.221024] (-) TimerEvent: {}
[146.322035] (-) TimerEvent: {}
[146.423110] (-) TimerEvent: {}
[146.524203] (-) TimerEvent: {}
[146.625241] (-) TimerEvent: {}
[146.726279] (-) TimerEvent: {}
[146.827342] (-) TimerEvent: {}
[146.928384] (-) TimerEvent: {}
[147.029440] (-) TimerEvent: {}
[147.130838] (-) TimerEvent: {}
[147.231861] (-) TimerEvent: {}
[147.332916] (-) TimerEvent: {}
[147.434001] (-) TimerEvent: {}
[147.535113] (-) TimerEvent: {}
[147.636234] (-) TimerEvent: {}
[147.737354] (-) TimerEvent: {}
[147.838474] (-) TimerEvent: {}
[147.939501] (-) TimerEvent: {}
[148.040550] (-) TimerEvent: {}
[148.141709] (-) TimerEvent: {}
[148.242872] (-) TimerEvent: {}
[148.343990] (-) TimerEvent: {}
[148.445424] (-) TimerEvent: {}
[148.546462] (-) TimerEvent: {}
[148.647556] (-) TimerEvent: {}
[148.748765] (-) TimerEvent: {}
[148.849910] (-) TimerEvent: {}
[148.950970] (-) TimerEvent: {}
[149.052129] (-) TimerEvent: {}
[149.153127] (-) TimerEvent: {}
[149.254354] (-) TimerEvent: {}
[149.355863] (-) TimerEvent: {}
[149.457918] (-) TimerEvent: {}
[149.599469] (-) TimerEvent: {}
[149.701074] (-) TimerEvent: {}
[149.802418] (-) TimerEvent: {}
[149.903947] (-) TimerEvent: {}
[150.005454] (-) TimerEvent: {}
[150.106571] (-) TimerEvent: {}
[150.207597] (-) TimerEvent: {}
[150.308594] (-) TimerEvent: {}
[150.409757] (-) TimerEvent: {}
[150.510937] (-) TimerEvent: {}
[150.612056] (-) TimerEvent: {}
[150.713191] (-) TimerEvent: {}
[150.814302] (-) TimerEvent: {}
[150.915458] (-) TimerEvent: {}
[151.016537] (-) TimerEvent: {}
[151.117688] (-) TimerEvent: {}
[151.218808] (-) TimerEvent: {}
[151.319988] (-) TimerEvent: {}
[151.421179] (-) TimerEvent: {}
[151.522234] (-) TimerEvent: {}
[151.623334] (-) TimerEvent: {}
[151.724434] (-) TimerEvent: {}
[151.825546] (-) TimerEvent: {}
[151.926740] (-) TimerEvent: {}
[152.027856] (-) TimerEvent: {}
[152.128956] (-) TimerEvent: {}
[152.229966] (-) TimerEvent: {}
[152.331105] (-) TimerEvent: {}
[152.432100] (-) TimerEvent: {}
[152.533179] (-) TimerEvent: {}
[152.634286] (-) TimerEvent: {}
[152.735548] (-) TimerEvent: {}
[152.836613] (-) TimerEvent: {}
[152.937787] (-) TimerEvent: {}
[153.038837] (-) TimerEvent: {}
[153.139828] (-) TimerEvent: {}
[153.240946] (-) TimerEvent: {}
[153.342010] (-) TimerEvent: {}
[153.443106] (-) TimerEvent: {}
[153.544419] (-) TimerEvent: {}
[153.646185] (-) TimerEvent: {}
[153.747651] (-) TimerEvent: {}
[153.848641] (-) TimerEvent: {}
[153.949761] (-) TimerEvent: {}
[154.050874] (-) TimerEvent: {}
[154.151943] (-) TimerEvent: {}
[154.253043] (-) TimerEvent: {}
[154.355097] (-) TimerEvent: {}
[154.456601] (-) TimerEvent: {}
[154.557687] (-) TimerEvent: {}
[154.658810] (-) TimerEvent: {}
[154.800453] (-) TimerEvent: {}
[154.901631] (-) TimerEvent: {}
[155.002855] (-) TimerEvent: {}
[155.103992] (-) TimerEvent: {}
[155.205269] (-) TimerEvent: {}
[155.306450] (-) TimerEvent: {}
[155.407573] (-) TimerEvent: {}
[155.508732] (-) TimerEvent: {}
[155.609864] (-) TimerEvent: {}
[155.713090] (-) TimerEvent: {}
[155.814236] (-) TimerEvent: {}
[155.915495] (-) TimerEvent: {}
[156.017261] (-) TimerEvent: {}
[156.118425] (-) TimerEvent: {}
[156.219593] (-) TimerEvent: {}
[156.320965] (-) TimerEvent: {}
[156.422260] (-) TimerEvent: {}
[156.523499] (-) TimerEvent: {}
[156.624747] (-) TimerEvent: {}
[156.726197] (-) TimerEvent: {}
[156.827483] (-) TimerEvent: {}
[156.928747] (-) TimerEvent: {}
[157.030051] (-) TimerEvent: {}
[157.131277] (-) TimerEvent: {}
[157.232550] (-) TimerEvent: {}
[157.335020] (-) TimerEvent: {}
[157.436041] (-) TimerEvent: {}
[157.537250] (-) TimerEvent: {}
[157.638264] (-) TimerEvent: {}
[157.739321] (-) TimerEvent: {}
[157.840465] (-) TimerEvent: {}
[157.941636] (-) TimerEvent: {}
[158.042708] (-) TimerEvent: {}
[158.144650] (-) TimerEvent: {}
[158.246040] (-) TimerEvent: {}
[158.347058] (-) TimerEvent: {}
[158.448118] (-) TimerEvent: {}
[158.549317] (-) TimerEvent: {}
[158.650519] (-) TimerEvent: {}
[158.751636] (-) TimerEvent: {}
[158.852700] (-) TimerEvent: {}
[158.954205] (-) TimerEvent: {}
[159.055379] (-) TimerEvent: {}
[159.156420] (-) TimerEvent: {}
[159.257996] (-) TimerEvent: {}
[159.359061] (-) TimerEvent: {}
[159.460041] (-) TimerEvent: {}
[159.562239] (-) TimerEvent: {}
[159.663267] (-) TimerEvent: {}
[159.765058] (-) TimerEvent: {}
[159.909548] (-) TimerEvent: {}
[160.010693] (-) TimerEvent: {}
[160.111957] (-) TimerEvent: {}
[160.213261] (-) TimerEvent: {}
[160.314552] (-) TimerEvent: {}
[160.415578] (-) TimerEvent: {}
[160.516945] (-) TimerEvent: {}
[160.618089] (-) TimerEvent: {}
[160.719405] (-) TimerEvent: {}
[160.820690] (-) TimerEvent: {}
[160.922023] (-) TimerEvent: {}
[161.023379] (-) TimerEvent: {}
[161.124564] (-) TimerEvent: {}
[161.226053] (-) TimerEvent: {}
[161.328551] (-) TimerEvent: {}
[161.429887] (-) TimerEvent: {}
[161.531407] (-) TimerEvent: {}
[161.632604] (-) TimerEvent: {}
[161.733963] (-) TimerEvent: {}
[161.835379] (-) TimerEvent: {}
[161.936434] (-) TimerEvent: {}
[162.037717] (-) TimerEvent: {}
[162.138919] (-) TimerEvent: {}
[162.240133] (-) TimerEvent: {}
[162.341380] (-) TimerEvent: {}
[162.442448] (-) TimerEvent: {}
[162.543646] (-) TimerEvent: {}
[162.644966] (-) TimerEvent: {}
[162.746206] (-) TimerEvent: {}
[162.847392] (-) TimerEvent: {}
[162.948669] (-) TimerEvent: {}
[163.050582] (-) TimerEvent: {}
[163.151746] (-) TimerEvent: {}
[163.253577] (-) TimerEvent: {}
[163.355512] (-) TimerEvent: {}
[163.456669] (-) TimerEvent: {}
[163.558015] (-) TimerEvent: {}
[163.659263] (-) TimerEvent: {}
[163.760501] (-) TimerEvent: {}
[163.861932] (-) TimerEvent: {}
[163.963192] (-) TimerEvent: {}
[164.064506] (-) TimerEvent: {}
[164.165807] (-) TimerEvent: {}
[164.267082] (-) TimerEvent: {}
[164.368263] (-) TimerEvent: {}
[164.469674] (-) TimerEvent: {}
[164.571145] (-) TimerEvent: {}
[164.672258] (-) TimerEvent: {}
[164.773624] (-) TimerEvent: {}
[165.018835] (-) TimerEvent: {}
[165.119830] (-) TimerEvent: {}
[165.221196] (-) TimerEvent: {}
[165.322102] (-) TimerEvent: {}
[165.423143] (-) TimerEvent: {}
[165.525443] (-) TimerEvent: {}
[165.626313] (-) TimerEvent: {}
[165.727313] (-) TimerEvent: {}
[165.828353] (-) TimerEvent: {}
[165.929386] (-) TimerEvent: {}
[166.030476] (-) TimerEvent: {}
[166.131441] (-) TimerEvent: {}
[166.232411] (-) TimerEvent: {}
[166.333663] (-) TimerEvent: {}
[166.435698] (-) TimerEvent: {}
[166.536846] (-) TimerEvent: {}
[166.637987] (-) TimerEvent: {}
[166.739037] (-) TimerEvent: {}
[166.840271] (-) TimerEvent: {}
[166.941735] (-) TimerEvent: {}
[167.043037] (-) TimerEvent: {}
[167.144333] (-) TimerEvent: {}
[167.245480] (-) TimerEvent: {}
[167.346528] (-) TimerEvent: {}
[167.447504] (-) TimerEvent: {}
[167.548601] (-) TimerEvent: {}
[167.649883] (-) TimerEvent: {}
[167.750948] (-) TimerEvent: {}
[167.852028] (-) TimerEvent: {}
[167.953184] (-) TimerEvent: {}
[168.054462] (-) TimerEvent: {}
[168.155838] (-) TimerEvent: {}
[168.256953] (-) TimerEvent: {}
[168.357970] (-) TimerEvent: {}
[168.458997] (-) TimerEvent: {}
[168.559989] (-) TimerEvent: {}
[168.661036] (-) TimerEvent: {}
[168.762158] (-) TimerEvent: {}
[168.863364] (-) TimerEvent: {}
[168.964486] (-) TimerEvent: {}
[169.065748] (-) TimerEvent: {}
[169.166938] (-) TimerEvent: {}
[169.268125] (-) TimerEvent: {}
[169.369284] (-) TimerEvent: {}
[169.470761] (-) TimerEvent: {}
[169.571780] (-) TimerEvent: {}
[169.672897] (-) TimerEvent: {}
[169.774439] (-) TimerEvent: {}
[170.021100] (-) TimerEvent: {}
[170.123036] (-) TimerEvent: {}
[170.226297] (-) TimerEvent: {}
[170.327528] (-) TimerEvent: {}
[170.429101] (-) TimerEvent: {}
[170.530326] (-) TimerEvent: {}
[170.631685] (-) TimerEvent: {}
[170.733131] (-) TimerEvent: {}
[170.834406] (-) TimerEvent: {}
[170.935711] (-) TimerEvent: {}
[171.037058] (-) TimerEvent: {}
[171.138359] (-) TimerEvent: {}
[171.240480] (-) TimerEvent: {}
[171.341763] (-) TimerEvent: {}
[171.443040] (-) TimerEvent: {}
[171.544682] (-) TimerEvent: {}
[171.645727] (-) TimerEvent: {}
[171.746717] (-) TimerEvent: {}
[171.847799] (-) TimerEvent: {}
[171.949025] (-) TimerEvent: {}
[172.050086] (-) TimerEvent: {}
[172.151076] (-) TimerEvent: {}
[172.252172] (-) TimerEvent: {}
[172.353291] (-) TimerEvent: {}
[172.454824] (-) TimerEvent: {}
[172.555947] (-) TimerEvent: {}
[172.657044] (-) TimerEvent: {}
[172.757959] (-) TimerEvent: {}
[172.858958] (-) TimerEvent: {}
[172.960006] (-) TimerEvent: {}
[173.060999] (-) TimerEvent: {}
[173.161937] (-) TimerEvent: {}
[173.262933] (-) TimerEvent: {}
[173.363946] (-) TimerEvent: {}
[173.465005] (-) TimerEvent: {}
[173.566049] (-) TimerEvent: {}
[173.667061] (-) TimerEvent: {}
[173.768103] (-) TimerEvent: {}
[173.869218] (-) TimerEvent: {}
[173.970184] (-) TimerEvent: {}
[174.071159] (-) TimerEvent: {}
[174.172219] (-) TimerEvent: {}
[174.273309] (-) TimerEvent: {}
[174.375538] (-) TimerEvent: {}
[174.476594] (-) TimerEvent: {}
[174.577706] (-) TimerEvent: {}
[174.679039] (-) TimerEvent: {}
[174.780130] (-) TimerEvent: {}
[174.881324] (-) TimerEvent: {}
[175.027382] (-) TimerEvent: {}
[175.128448] (-) TimerEvent: {}
[175.229587] (-) TimerEvent: {}
[175.330660] (-) TimerEvent: {}
[175.431640] (-) TimerEvent: {}
[175.532691] (-) TimerEvent: {}
[175.633830] (-) TimerEvent: {}
[175.735005] (-) TimerEvent: {}
[175.835993] (-) TimerEvent: {}
[175.937050] (-) TimerEvent: {}
[176.038077] (-) TimerEvent: {}
[176.139100] (-) TimerEvent: {}
[176.240167] (-) TimerEvent: {}
[176.341353] (-) TimerEvent: {}
[176.442515] (-) TimerEvent: {}
[176.543574] (-) TimerEvent: {}
[176.644899] (-) TimerEvent: {}
[176.745993] (-) TimerEvent: {}
[176.847032] (-) TimerEvent: {}
[176.948126] (-) TimerEvent: {}
[177.049319] (-) TimerEvent: {}
[177.151010] (-) TimerEvent: {}
[177.252138] (-) TimerEvent: {}
[177.353366] (-) TimerEvent: {}
[177.454597] (-) TimerEvent: {}
[177.555848] (-) TimerEvent: {}
[177.657088] (-) TimerEvent: {}
[177.758300] (-) TimerEvent: {}
[177.859706] (-) TimerEvent: {}
[177.960941] (-) TimerEvent: {}
[178.062406] (-) TimerEvent: {}
[178.163649] (-) TimerEvent: {}
[178.264957] (-) TimerEvent: {}
[178.365981] (-) TimerEvent: {}
[178.467201] (-) TimerEvent: {}
[178.568274] (-) TimerEvent: {}
[178.669515] (-) TimerEvent: {}
[178.770785] (-) TimerEvent: {}
[178.872087] (-) TimerEvent: {}
[178.973425] (-) TimerEvent: {}
[179.074656] (-) TimerEvent: {}
[179.175860] (-) TimerEvent: {}
[179.277197] (-) TimerEvent: {}
[179.378373] (-) TimerEvent: {}
[179.479648] (-) TimerEvent: {}
[179.581032] (-) TimerEvent: {}
[179.682226] (-) TimerEvent: {}
[179.783380] (-) TimerEvent: {}
[179.884659] (-) TimerEvent: {}
[180.129798] (-) TimerEvent: {}
[180.231112] (-) TimerEvent: {}
[180.332196] (-) TimerEvent: {}
[180.433383] (-) TimerEvent: {}
[180.534519] (-) TimerEvent: {}
[180.636722] (-) TimerEvent: {}
[180.737877] (-) TimerEvent: {}
[180.838981] (-) TimerEvent: {}
[180.940074] (-) TimerEvent: {}
[181.041239] (-) TimerEvent: {}
[181.142270] (-) TimerEvent: {}
[181.243340] (-) TimerEvent: {}
[181.344337] (-) TimerEvent: {}
[181.445773] (-) TimerEvent: {}
[181.546763] (-) TimerEvent: {}
[181.647813] (-) TimerEvent: {}
[181.748944] (-) TimerEvent: {}
[181.850898] (-) TimerEvent: {}
[181.952474] (-) TimerEvent: {}
[182.053747] (-) TimerEvent: {}
[182.154984] (-) TimerEvent: {}
[182.255980] (-) TimerEvent: {}
[182.357042] (-) TimerEvent: {}
[182.458070] (-) TimerEvent: {}
[182.558997] (-) TimerEvent: {}
[182.660004] (-) TimerEvent: {}
[182.760956] (-) TimerEvent: {}
[182.861925] (-) TimerEvent: {}
[182.962900] (-) TimerEvent: {}
[183.063975] (-) TimerEvent: {}
[183.165030] (-) TimerEvent: {}
[183.266118] (-) TimerEvent: {}
[183.367134] (-) TimerEvent: {}
[183.468257] (-) TimerEvent: {}
[183.569297] (-) TimerEvent: {}
[183.670410] (-) TimerEvent: {}
[183.771776] (-) TimerEvent: {}
[183.873614] (-) TimerEvent: {}
[183.974951] (-) TimerEvent: {}
[184.076023] (-) TimerEvent: {}
[184.177285] (-) TimerEvent: {}
[184.278412] (-) TimerEvent: {}
[184.379367] (-) TimerEvent: {}
[184.480402] (-) TimerEvent: {}
[184.581561] (-) TimerEvent: {}
[184.682679] (-) TimerEvent: {}
[184.783719] (-) TimerEvent: {}
[184.885039] (-) TimerEvent: {}
[184.986118] (-) TimerEvent: {}
[185.129639] (-) TimerEvent: {}
[185.230715] (-) TimerEvent: {}
[185.331927] (-) TimerEvent: {}
[185.433255] (-) TimerEvent: {}
[185.535235] (-) TimerEvent: {}
[185.636572] (-) TimerEvent: {}
[185.737817] (-) TimerEvent: {}
[185.839034] (-) TimerEvent: {}
[185.940515] (-) TimerEvent: {}
[186.041750] (-) TimerEvent: {}
[186.142900] (-) TimerEvent: {}
[186.244592] (-) TimerEvent: {}
[186.345981] (-) TimerEvent: {}
[186.447211] (-) TimerEvent: {}
[186.548675] (-) TimerEvent: {}
[186.649857] (-) TimerEvent: {}
[186.750967] (-) TimerEvent: {}
[186.851998] (-) TimerEvent: {}
[186.953258] (-) TimerEvent: {}
[187.054452] (-) TimerEvent: {}
[187.155594] (-) TimerEvent: {}
[187.256666] (-) TimerEvent: {}
[187.357907] (-) TimerEvent: {}
[187.459073] (-) TimerEvent: {}
[187.560366] (-) TimerEvent: {}
[187.661623] (-) TimerEvent: {}
[187.762757] (-) TimerEvent: {}
[187.863976] (-) TimerEvent: {}
[187.965558] (-) TimerEvent: {}
[188.066741] (-) TimerEvent: {}
[188.167732] (-) TimerEvent: {}
[188.268975] (-) TimerEvent: {}
[188.370128] (-) TimerEvent: {}
[188.471258] (-) TimerEvent: {}
[188.572567] (-) TimerEvent: {}
[188.674411] (-) TimerEvent: {}
[188.775777] (-) TimerEvent: {}
[188.876956] (-) TimerEvent: {}
[188.978047] (-) TimerEvent: {}
[189.079158] (-) TimerEvent: {}
[189.180404] (-) TimerEvent: {}
[189.281817] (-) TimerEvent: {}
[189.383131] (-) TimerEvent: {}
[189.484844] (-) TimerEvent: {}
[189.586015] (-) TimerEvent: {}
[189.687075] (-) TimerEvent: {}
[189.788176] (-) TimerEvent: {}
[189.889328] (-) TimerEvent: {}
[189.990605] (-) TimerEvent: {}
[190.091967] (-) TimerEvent: {}
[190.234038] (-) TimerEvent: {}
[190.335134] (-) TimerEvent: {}
[190.436273] (-) TimerEvent: {}
[190.537371] (-) TimerEvent: {}
[190.638561] (-) TimerEvent: {}
[190.739667] (-) TimerEvent: {}
[190.840863] (-) TimerEvent: {}
[190.942078] (-) TimerEvent: {}
[191.043113] (-) TimerEvent: {}
[191.144877] (-) TimerEvent: {}
[191.246018] (-) TimerEvent: {}
[191.347054] (-) TimerEvent: {}
[191.448163] (-) TimerEvent: {}
[191.549372] (-) TimerEvent: {}
[191.650851] (-) TimerEvent: {}
[191.752097] (-) TimerEvent: {}
[191.853341] (-) TimerEvent: {}
[191.954992] (-) TimerEvent: {}
[192.056194] (-) TimerEvent: {}
[192.157543] (-) TimerEvent: {}
[192.258672] (-) TimerEvent: {}
[192.359771] (-) TimerEvent: {}
[192.460907] (-) TimerEvent: {}
[192.562044] (-) TimerEvent: {}
[192.663138] (-) TimerEvent: {}
[192.764952] (-) TimerEvent: {}
[192.865948] (-) TimerEvent: {}
[192.966981] (-) TimerEvent: {}
[193.067916] (-) TimerEvent: {}
[193.168917] (-) TimerEvent: {}
[193.269898] (-) TimerEvent: {}
[193.370922] (-) TimerEvent: {}
[193.471993] (-) TimerEvent: {}
[193.573025] (-) TimerEvent: {}
[193.674582] (-) TimerEvent: {}
[193.775555] (-) TimerEvent: {}
[193.876610] (-) TimerEvent: {}
[193.977692] (-) TimerEvent: {}
[194.078814] (-) TimerEvent: {}
[194.179875] (-) TimerEvent: {}
[194.280981] (-) TimerEvent: {}
[194.382053] (-) TimerEvent: {}
[194.483101] (-) TimerEvent: {}
[194.584626] (-) TimerEvent: {}
[194.685925] (-) TimerEvent: {}
[194.787073] (-) TimerEvent: {}
[194.888211] (-) TimerEvent: {}
[194.989594] (-) TimerEvent: {}
[195.091251] (-) TimerEvent: {}
[195.270660] (-) TimerEvent: {}
[195.371957] (-) TimerEvent: {}
[195.473223] (-) TimerEvent: {}
[195.574534] (-) TimerEvent: {}
[195.675698] (-) TimerEvent: {}
[195.776773] (-) TimerEvent: {}
[195.878003] (-) TimerEvent: {}
[195.979198] (-) TimerEvent: {}
[196.080455] (-) TimerEvent: {}
[196.181865] (-) TimerEvent: {}
[196.283106] (-) TimerEvent: {}
[196.384449] (-) TimerEvent: {}
[196.485615] (-) TimerEvent: {}
[196.586614] (-) TimerEvent: {}
[196.687768] (-) TimerEvent: {}
[196.788988] (-) TimerEvent: {}
[196.890410] (-) TimerEvent: {}
[196.991977] (-) TimerEvent: {}
[197.093222] (-) TimerEvent: {}
[197.194475] (-) TimerEvent: {}
[197.295499] (-) TimerEvent: {}
[197.396422] (-) TimerEvent: {}
[197.497810] (-) TimerEvent: {}
[197.598754] (-) TimerEvent: {}
[197.699700] (-) TimerEvent: {}
[197.800633] (-) TimerEvent: {}
[197.901664] (-) TimerEvent: {}
[198.002692] (-) TimerEvent: {}
[198.103710] (-) TimerEvent: {}
[198.205028] (-) TimerEvent: {}
[198.306077] (-) TimerEvent: {}
[198.407057] (-) TimerEvent: {}
[198.508021] (-) TimerEvent: {}
[198.609174] (-) TimerEvent: {}
[198.710320] (-) TimerEvent: {}
[198.811430] (-) TimerEvent: {}
[198.912481] (-) TimerEvent: {}
[199.013670] (-) TimerEvent: {}
[199.114842] (-) TimerEvent: {}
[199.215909] (-) TimerEvent: {}
[199.317065] (-) TimerEvent: {}
[199.418124] (-) TimerEvent: {}
[199.519207] (-) TimerEvent: {}
[199.620341] (-) TimerEvent: {}
[199.721574] (-) TimerEvent: {}
[199.822533] (-) TimerEvent: {}
[199.923568] (-) TimerEvent: {}
[200.024623] (-) TimerEvent: {}
[200.125777] (-) TimerEvent: {}
[200.226742] (-) TimerEvent: {}
[200.327855] (-) TimerEvent: {}
[200.428974] (-) TimerEvent: {}
[200.530008] (-) TimerEvent: {}
[200.631035] (-) TimerEvent: {}
[200.731961] (-) TimerEvent: {}
[200.833039] (-) TimerEvent: {}
[200.934122] (-) TimerEvent: {}
[201.035202] (-) TimerEvent: {}
[201.136320] (-) TimerEvent: {}
[201.237501] (-) TimerEvent: {}
[201.338460] (-) TimerEvent: {}
[201.439413] (-) TimerEvent: {}
[201.540529] (-) TimerEvent: {}
[201.641784] (-) TimerEvent: {}
[201.742949] (-) TimerEvent: {}
[201.844005] (-) TimerEvent: {}
[201.945348] (-) TimerEvent: {}
[202.046431] (-) TimerEvent: {}
[202.147488] (-) TimerEvent: {}
[202.248544] (-) TimerEvent: {}
[202.349878] (-) TimerEvent: {}
[202.526212] (-) TimerEvent: {}
[202.627230] (-) TimerEvent: {}
[202.728350] (-) TimerEvent: {}
[202.829424] (-) TimerEvent: {}
[202.930467] (-) TimerEvent: {}
[203.031449] (-) TimerEvent: {}
[203.132555] (-) TimerEvent: {}
[203.233606] (-) TimerEvent: {}
[203.334658] (-) TimerEvent: {}
[203.435772] (-) TimerEvent: {}
[203.536922] (-) TimerEvent: {}
[203.637991] (-) TimerEvent: {}
[203.739068] (-) TimerEvent: {}
[203.840236] (-) TimerEvent: {}
[203.941383] (-) TimerEvent: {}
[204.042391] (-) TimerEvent: {}
[204.143447] (-) TimerEvent: {}
[204.244689] (-) TimerEvent: {}
[204.345761] (-) TimerEvent: {}
[204.446816] (-) TimerEvent: {}
[204.547859] (-) TimerEvent: {}
[204.648979] (-) TimerEvent: {}
[204.750299] (-) TimerEvent: {}
[204.851475] (-) TimerEvent: {}
[204.952427] (-) TimerEvent: {}
[205.053521] (-) TimerEvent: {}
[205.154929] (-) TimerEvent: {}
[205.255980] (-) TimerEvent: {}
[205.357059] (-) TimerEvent: {}
[205.458101] (-) TimerEvent: {}
[205.559226] (-) TimerEvent: {}
[205.660370] (-) TimerEvent: {}
[205.761548] (-) TimerEvent: {}
[205.862684] (-) TimerEvent: {}
[205.963748] (-) TimerEvent: {}
[206.064998] (-) TimerEvent: {}
[206.166032] (-) TimerEvent: {}
[206.267106] (-) TimerEvent: {}
[206.368518] (-) TimerEvent: {}
[206.469602] (-) TimerEvent: {}
[206.570641] (-) TimerEvent: {}
[206.671721] (-) TimerEvent: {}
[206.772735] (-) TimerEvent: {}
[206.873854] (-) TimerEvent: {}
[206.974881] (-) TimerEvent: {}
[207.075995] (-) TimerEvent: {}
[207.177143] (-) TimerEvent: {}
[207.278209] (-) TimerEvent: {}
[207.379219] (-) TimerEvent: {}
[207.594466] (-) TimerEvent: {}
[207.695571] (-) TimerEvent: {}
[207.796612] (-) TimerEvent: {}
[207.897769] (-) TimerEvent: {}
[207.998839] (-) TimerEvent: {}
[208.099946] (-) TimerEvent: {}
[208.200996] (-) TimerEvent: {}
[208.302106] (-) TimerEvent: {}
[208.403144] (-) TimerEvent: {}
[208.504167] (-) TimerEvent: {}
[208.605304] (-) TimerEvent: {}
[208.706377] (-) TimerEvent: {}
[208.807362] (-) TimerEvent: {}
[208.908428] (-) TimerEvent: {}
[209.009589] (-) TimerEvent: {}
[209.110610] (-) TimerEvent: {}
[209.211698] (-) TimerEvent: {}
[209.312748] (-) TimerEvent: {}
[209.413864] (-) TimerEvent: {}
[209.514874] (-) TimerEvent: {}
[209.615881] (-) TimerEvent: {}
[209.717060] (-) TimerEvent: {}
[209.818159] (-) TimerEvent: {}
[209.919182] (-) TimerEvent: {}
[210.020273] (-) TimerEvent: {}
[210.121399] (-) TimerEvent: {}
[210.222437] (-) TimerEvent: {}
[210.323526] (-) TimerEvent: {}
[210.424550] (-) TimerEvent: {}
[210.525699] (-) TimerEvent: {}
[210.626755] (-) TimerEvent: {}
[210.727860] (-) TimerEvent: {}
[210.829036] (-) TimerEvent: {}
[210.930082] (-) TimerEvent: {}
[211.031096] (-) TimerEvent: {}
[211.132200] (-) TimerEvent: {}
[211.233304] (-) TimerEvent: {}
[211.335015] (-) TimerEvent: {}
[211.436075] (-) TimerEvent: {}
[211.537144] (-) TimerEvent: {}
[211.638226] (-) TimerEvent: {}
[211.739254] (-) TimerEvent: {}
[211.840364] (-) TimerEvent: {}
[211.941765] (-) TimerEvent: {}
[212.042863] (-) TimerEvent: {}
[212.143938] (-) TimerEvent: {}
[212.244996] (-) TimerEvent: {}
[212.345994] (-) TimerEvent: {}
[212.446962] (-) TimerEvent: {}
[212.547987] (-) TimerEvent: {}
[212.649182] (-) TimerEvent: {}
[212.750257] (-) TimerEvent: {}
[212.851301] (-) TimerEvent: {}
[212.952310] (-) TimerEvent: {}
[213.053812] (-) TimerEvent: {}
[213.154959] (-) TimerEvent: {}
[213.256018] (-) TimerEvent: {}
[213.357121] (-) TimerEvent: {}
[213.458168] (-) TimerEvent: {}
[213.559177] (-) TimerEvent: {}
[213.660223] (-) TimerEvent: {}
[213.761327] (-) TimerEvent: {}
[213.816357] (hdl_localization) StderrLine: {'line': b'\x1b[01m\x1b[K/home/ysc/lite_cog_ros2/nav/src/hdl_localization/apps/./hdl_localization_app.hpp:815:24:\x1b[m\x1b[K \x1b[01;35m\x1b[Kwarning: \x1b[m\x1b[K\xe2\x80\x98\x1b[01m\x1b[Ktotal_ms\x1b[m\x1b[K\xe2\x80\x99 may be used uninitialized in this function [\x1b[01;35m\x1b[K-Wmaybe-uninitialized\x1b[m\x1b[K]\n'}
[213.817320] (hdl_localization) StderrLine: {'line': b'  815 |             \x1b[01;35m\x1b[Kaverage_ms = total_ms / ms_deque_.size()\x1b[m\x1b[K;\n'}
[213.817755] (hdl_localization) StderrLine: {'line': b'      |             \x1b[01;35m\x1b[K~~~~~~~~~~~^~~~~~~~~~~~~~~~~~~~~~~~~~~~~\x1b[m\x1b[K\n'}
[213.861548] (-) TimerEvent: {}
[213.962613] (-) TimerEvent: {}
[214.063700] (-) TimerEvent: {}
[214.164839] (-) TimerEvent: {}
[214.265885] (-) TimerEvent: {}
[214.366937] (-) TimerEvent: {}
[214.467988] (-) TimerEvent: {}
[214.569058] (-) TimerEvent: {}
[214.670068] (-) TimerEvent: {}
[214.770970] (-) TimerEvent: {}
[214.871959] (-) TimerEvent: {}
[214.973039] (-) TimerEvent: {}
[215.074612] (-) TimerEvent: {}
[215.175608] (-) TimerEvent: {}
[215.276671] (-) TimerEvent: {}
[215.377893] (-) TimerEvent: {}
[215.478895] (-) TimerEvent: {}
[215.580181] (-) TimerEvent: {}
[215.681344] (-) TimerEvent: {}
[215.782412] (-) TimerEvent: {}
[215.883506] (-) TimerEvent: {}
[215.984590] (-) TimerEvent: {}
[216.085720] (-) TimerEvent: {}
[216.186743] (-) TimerEvent: {}
[216.287913] (-) TimerEvent: {}
[216.388978] (-) TimerEvent: {}
[216.490191] (-) TimerEvent: {}
[216.591255] (-) TimerEvent: {}
[216.692440] (-) TimerEvent: {}
[216.793727] (-) TimerEvent: {}
[216.895668] (-) TimerEvent: {}
[216.996591] (-) TimerEvent: {}
[217.097633] (-) TimerEvent: {}
[217.198585] (-) TimerEvent: {}
[217.299687] (-) TimerEvent: {}
[217.400767] (-) TimerEvent: {}
[217.501918] (-) TimerEvent: {}
[217.707330] (-) TimerEvent: {}
[217.808349] (-) TimerEvent: {}
[217.909384] (-) TimerEvent: {}
[218.010438] (-) TimerEvent: {}
[218.111433] (-) TimerEvent: {}
[218.212464] (-) TimerEvent: {}
[218.313592] (-) TimerEvent: {}
[218.414718] (-) TimerEvent: {}
[218.515796] (-) TimerEvent: {}
[218.616965] (-) TimerEvent: {}
[218.718015] (-) TimerEvent: {}
[218.819081] (-) TimerEvent: {}
[218.920121] (-) TimerEvent: {}
[219.021219] (-) TimerEvent: {}
[219.122289] (-) TimerEvent: {}
[219.223339] (-) TimerEvent: {}
[219.325050] (-) TimerEvent: {}
[219.426203] (-) TimerEvent: {}
[219.527264] (-) TimerEvent: {}
[219.628449] (-) TimerEvent: {}
[219.729590] (-) TimerEvent: {}
[219.830697] (-) TimerEvent: {}
[219.931744] (-) TimerEvent: {}
[220.032901] (-) TimerEvent: {}
[220.133979] (-) TimerEvent: {}
[220.235585] (-) TimerEvent: {}
[220.336733] (-) TimerEvent: {}
[220.437931] (-) TimerEvent: {}
[220.539009] (-) TimerEvent: {}
[220.640056] (-) TimerEvent: {}
[220.741004] (-) TimerEvent: {}
[220.842052] (-) TimerEvent: {}
[220.943060] (-) TimerEvent: {}
[221.044097] (-) TimerEvent: {}
[221.145226] (-) TimerEvent: {}
[221.246252] (-) TimerEvent: {}
[221.347294] (-) TimerEvent: {}
[221.448362] (-) TimerEvent: {}
[221.549481] (-) TimerEvent: {}
[221.650553] (-) TimerEvent: {}
[221.751593] (-) TimerEvent: {}
[221.852655] (-) TimerEvent: {}
[221.953926] (-) TimerEvent: {}
[222.055082] (-) TimerEvent: {}
[222.156114] (-) TimerEvent: {}
[222.257182] (-) TimerEvent: {}
[222.358235] (-) TimerEvent: {}
[222.459227] (-) TimerEvent: {}
[222.560363] (-) TimerEvent: {}
[222.777422] (-) TimerEvent: {}
[222.878541] (-) TimerEvent: {}
[222.979533] (-) TimerEvent: {}
[223.080603] (-) TimerEvent: {}
[223.181654] (-) TimerEvent: {}
[223.282765] (-) TimerEvent: {}
[223.383813] (-) TimerEvent: {}
[223.484934] (-) TimerEvent: {}
[223.585987] (-) TimerEvent: {}
[223.687017] (-) TimerEvent: {}
[223.787973] (-) TimerEvent: {}
[223.889442] (-) TimerEvent: {}
[223.990488] (-) TimerEvent: {}
[224.091472] (-) TimerEvent: {}
[224.192544] (-) TimerEvent: {}
[224.293715] (-) TimerEvent: {}
[224.394788] (-) TimerEvent: {}
[224.495851] (-) TimerEvent: {}
[224.596965] (-) TimerEvent: {}
[224.697977] (-) TimerEvent: {}
[224.799035] (-) TimerEvent: {}
[224.900124] (-) TimerEvent: {}
[225.001201] (-) TimerEvent: {}
[225.102277] (-) TimerEvent: {}
[225.203324] (-) TimerEvent: {}
[225.304359] (-) TimerEvent: {}
[225.405475] (-) TimerEvent: {}
[225.506534] (-) TimerEvent: {}
[225.607574] (-) TimerEvent: {}
[225.708525] (-) TimerEvent: {}
[225.809543] (-) TimerEvent: {}
[225.910572] (-) TimerEvent: {}
[226.011597] (-) TimerEvent: {}
[226.112629] (-) TimerEvent: {}
[226.213780] (-) TimerEvent: {}
[226.314844] (-) TimerEvent: {}
[226.415893] (-) TimerEvent: {}
[226.516992] (-) TimerEvent: {}
[226.618183] (-) TimerEvent: {}
[226.719228] (-) TimerEvent: {}
[226.820319] (-) TimerEvent: {}
[226.921437] (-) TimerEvent: {}
[227.022470] (-) TimerEvent: {}
[227.123474] (-) TimerEvent: {}
[227.224491] (-) TimerEvent: {}
[227.325584] (-) TimerEvent: {}
[227.426644] (-) TimerEvent: {}
[227.527641] (-) TimerEvent: {}
[227.628751] (-) TimerEvent: {}
[227.783394] (-) TimerEvent: {}
[227.884749] (-) TimerEvent: {}
[227.986025] (-) TimerEvent: {}
[228.087036] (-) TimerEvent: {}
[228.188204] (-) TimerEvent: {}
[228.289405] (-) TimerEvent: {}
[228.390589] (-) TimerEvent: {}
[228.491878] (-) TimerEvent: {}
[228.593098] (-) TimerEvent: {}
[228.695012] (-) TimerEvent: {}
[228.796076] (-) TimerEvent: {}
[228.897282] (-) TimerEvent: {}
[228.998418] (-) TimerEvent: {}
[229.099573] (-) TimerEvent: {}
[229.200570] (-) TimerEvent: {}
[229.301790] (-) TimerEvent: {}
[229.402881] (-) TimerEvent: {}
[229.504015] (-) TimerEvent: {}
[229.605186] (-) TimerEvent: {}
[229.706368] (-) TimerEvent: {}
[229.807570] (-) TimerEvent: {}
[229.908723] (-) TimerEvent: {}
[230.009866] (-) TimerEvent: {}
[230.110888] (-) TimerEvent: {}
[230.212148] (-) TimerEvent: {}
[230.313419] (-) TimerEvent: {}
[230.414620] (-) TimerEvent: {}
[230.515814] (-) TimerEvent: {}
[230.617004] (-) TimerEvent: {}
[230.718048] (-) TimerEvent: {}
[230.819314] (-) TimerEvent: {}
[230.920457] (-) TimerEvent: {}
[231.021852] (-) TimerEvent: {}
[231.123003] (-) TimerEvent: {}
[231.225006] (-) TimerEvent: {}
[231.326154] (-) TimerEvent: {}
[231.427216] (-) TimerEvent: {}
[231.528363] (-) TimerEvent: {}
[231.629930] (-) TimerEvent: {}
[231.730959] (-) TimerEvent: {}
[231.832103] (-) TimerEvent: {}
[231.933372] (-) TimerEvent: {}
[232.034752] (-) TimerEvent: {}
[232.135900] (-) TimerEvent: {}
[232.237082] (-) TimerEvent: {}
[232.338273] (-) TimerEvent: {}
[232.439476] (-) TimerEvent: {}
[232.540509] (-) TimerEvent: {}
[232.641688] (-) TimerEvent: {}
[232.824489] (-) TimerEvent: {}
[232.925940] (-) TimerEvent: {}
[233.027287] (-) TimerEvent: {}
[233.128486] (-) TimerEvent: {}
[233.229897] (-) TimerEvent: {}
[233.331002] (-) TimerEvent: {}
[233.432190] (-) TimerEvent: {}
[233.533677] (-) TimerEvent: {}
[233.634762] (-) TimerEvent: {}
[233.735863] (-) TimerEvent: {}
[233.836998] (-) TimerEvent: {}
[233.938469] (-) TimerEvent: {}
[234.039569] (-) TimerEvent: {}
[234.140583] (-) TimerEvent: {}
[234.241835] (-) TimerEvent: {}
[234.342914] (-) TimerEvent: {}
[234.443955] (-) TimerEvent: {}
[234.545049] (-) TimerEvent: {}
[234.646132] (-) TimerEvent: {}
[234.747115] (-) TimerEvent: {}
[234.848223] (-) TimerEvent: {}
[234.949438] (-) TimerEvent: {}
[235.050540] (-) TimerEvent: {}
[235.151636] (-) TimerEvent: {}
[235.252745] (-) TimerEvent: {}
[235.354037] (-) TimerEvent: {}
[235.455252] (-) TimerEvent: {}
[235.556302] (-) TimerEvent: {}
[235.657394] (-) TimerEvent: {}
[235.758399] (-) TimerEvent: {}
[235.859337] (-) TimerEvent: {}
[235.960357] (-) TimerEvent: {}
[236.061480] (-) TimerEvent: {}
[236.162487] (-) TimerEvent: {}
[236.263506] (-) TimerEvent: {}
[236.364534] (-) TimerEvent: {}
[236.465897] (-) TimerEvent: {}
[236.567000] (-) TimerEvent: {}
[236.668114] (-) TimerEvent: {}
[236.769198] (-) TimerEvent: {}
[236.870319] (-) TimerEvent: {}
[236.971355] (-) TimerEvent: {}
[237.072391] (-) TimerEvent: {}
[237.173473] (-) TimerEvent: {}
[237.274682] (-) TimerEvent: {}
[237.375873] (-) TimerEvent: {}
[237.476987] (-) TimerEvent: {}
[237.578106] (-) TimerEvent: {}
[237.679212] (-) TimerEvent: {}
[237.874988] (-) TimerEvent: {}
[237.976064] (-) TimerEvent: {}
[238.077334] (-) TimerEvent: {}
[238.178718] (-) TimerEvent: {}
[238.279956] (-) TimerEvent: {}
[238.381471] (-) TimerEvent: {}
[238.482527] (-) TimerEvent: {}
[238.583708] (-) TimerEvent: {}
[238.685734] (-) TimerEvent: {}
[238.786771] (-) TimerEvent: {}
[238.887857] (-) TimerEvent: {}
[238.989069] (-) TimerEvent: {}
[239.090091] (-) TimerEvent: {}
[239.191425] (-) TimerEvent: {}
[239.292649] (-) TimerEvent: {}
[239.393899] (-) TimerEvent: {}
[239.495115] (-) TimerEvent: {}
[239.596304] (-) TimerEvent: {}
[239.697529] (-) TimerEvent: {}
[239.798671] (-) TimerEvent: {}
[239.899898] (-) TimerEvent: {}
[240.001102] (-) TimerEvent: {}
[240.102082] (-) TimerEvent: {}
[240.203173] (-) TimerEvent: {}
[240.304221] (-) TimerEvent: {}
[240.405338] (-) TimerEvent: {}
[240.506389] (-) TimerEvent: {}
[240.607488] (-) TimerEvent: {}
[240.708568] (-) TimerEvent: {}
[240.809883] (-) TimerEvent: {}
[240.910907] (-) TimerEvent: {}
[241.011892] (-) TimerEvent: {}
[241.113260] (-) TimerEvent: {}
[241.214306] (-) TimerEvent: {}
[241.315367] (-) TimerEvent: {}
[241.416258] (-) TimerEvent: {}
[241.517420] (-) TimerEvent: {}
[241.618397] (-) TimerEvent: {}
[241.719516] (-) TimerEvent: {}
[241.820596] (-) TimerEvent: {}
[241.921744] (-) TimerEvent: {}
[242.022851] (-) TimerEvent: {}
[242.125015] (-) TimerEvent: {}
[242.226050] (-) TimerEvent: {}
[242.327145] (-) TimerEvent: {}
[242.428204] (-) TimerEvent: {}
[242.529254] (-) TimerEvent: {}
[242.630382] (-) TimerEvent: {}
[242.732142] (-) TimerEvent: {}
[242.833295] (-) TimerEvent: {}
[242.976354] (-) TimerEvent: {}
[243.077490] (-) TimerEvent: {}
[243.178563] (-) TimerEvent: {}
[243.279628] (-) TimerEvent: {}
[243.380692] (-) TimerEvent: {}
[243.481807] (-) TimerEvent: {}
[243.582846] (-) TimerEvent: {}
[243.683952] (-) TimerEvent: {}
[243.785758] (-) TimerEvent: {}
[243.886748] (-) TimerEvent: {}
[243.987763] (-) TimerEvent: {}
[244.089676] (-) TimerEvent: {}
[244.190676] (-) TimerEvent: {}
[244.291676] (-) TimerEvent: {}
[244.392882] (-) TimerEvent: {}
[244.494010] (-) TimerEvent: {}
[244.596038] (-) TimerEvent: {}
[244.697166] (-) TimerEvent: {}
[244.798148] (-) TimerEvent: {}
[244.899249] (-) TimerEvent: {}
[245.000340] (-) TimerEvent: {}
[245.101481] (-) TimerEvent: {}
[245.202510] (-) TimerEvent: {}
[245.303481] (-) TimerEvent: {}
[245.404552] (-) TimerEvent: {}
[245.505657] (-) TimerEvent: {}
[245.606716] (-) TimerEvent: {}
[245.707837] (-) TimerEvent: {}
[245.808949] (-) TimerEvent: {}
[245.910054] (-) TimerEvent: {}
[246.011166] (-) TimerEvent: {}
[246.112285] (-) TimerEvent: {}
[246.213434] (-) TimerEvent: {}
[246.314559] (-) TimerEvent: {}
[246.415645] (-) TimerEvent: {}
[246.516716] (-) TimerEvent: {}
[246.617749] (-) TimerEvent: {}
[246.718799] (-) TimerEvent: {}
[246.819851] (-) TimerEvent: {}
[246.920975] (-) TimerEvent: {}
[247.022117] (-) TimerEvent: {}
[247.123128] (-) TimerEvent: {}
[247.224209] (-) TimerEvent: {}
[247.325444] (-) TimerEvent: {}
[247.426528] (-) TimerEvent: {}
[247.527630] (-) TimerEvent: {}
[247.628873] (-) TimerEvent: {}
[247.729938] (-) TimerEvent: {}
[247.830999] (-) TimerEvent: {}
[247.932112] (-) TimerEvent: {}
[248.033376] (-) TimerEvent: {}
[248.175807] (-) TimerEvent: {}
[248.276957] (-) TimerEvent: {}
[248.378100] (-) TimerEvent: {}
[248.479100] (-) TimerEvent: {}
[248.580527] (-) TimerEvent: {}
[248.681582] (-) TimerEvent: {}
[248.782669] (-) TimerEvent: {}
[248.883746] (-) TimerEvent: {}
[248.985632] (-) TimerEvent: {}
[249.086714] (-) TimerEvent: {}
[249.187775] (-) TimerEvent: {}
[249.288842] (-) TimerEvent: {}
[249.389924] (-) TimerEvent: {}
[249.490985] (-) TimerEvent: {}
[249.592029] (-) TimerEvent: {}
[249.693259] (-) TimerEvent: {}
[249.794683] (-) TimerEvent: {}
[249.895839] (-) TimerEvent: {}
[249.996940] (-) TimerEvent: {}
[250.098075] (-) TimerEvent: {}
[250.199316] (-) TimerEvent: {}
[250.300389] (-) TimerEvent: {}
[250.401551] (-) TimerEvent: {}
[250.502590] (-) TimerEvent: {}
[250.603625] (-) TimerEvent: {}
[250.705162] (-) TimerEvent: {}
[250.806250] (-) TimerEvent: {}
[250.907300] (-) TimerEvent: {}
[251.008352] (-) TimerEvent: {}
[251.109449] (-) TimerEvent: {}
[251.210427] (-) TimerEvent: {}
[251.311503] (-) TimerEvent: {}
[251.412593] (-) TimerEvent: {}
[251.513781] (-) TimerEvent: {}
[251.615447] (-) TimerEvent: {}
[251.716508] (-) TimerEvent: {}
[251.817653] (-) TimerEvent: {}
[251.918729] (-) TimerEvent: {}
[252.019888] (-) TimerEvent: {}
[252.121072] (-) TimerEvent: {}
[252.222116] (-) TimerEvent: {}
[252.323185] (-) TimerEvent: {}
[252.424204] (-) TimerEvent: {}
[252.525315] (-) TimerEvent: {}
[252.626439] (-) TimerEvent: {}
[252.727469] (-) TimerEvent: {}
[252.828581] (-) TimerEvent: {}
[252.929740] (-) TimerEvent: {}
[253.030812] (-) TimerEvent: {}
[253.131914] (-) TimerEvent: {}
[253.275203] (-) TimerEvent: {}
[253.376285] (-) TimerEvent: {}
[253.477444] (-) TimerEvent: {}
[253.578561] (-) TimerEvent: {}
[253.679667] (-) TimerEvent: {}
[253.780841] (-) TimerEvent: {}
[253.881949] (-) TimerEvent: {}
[253.983026] (-) TimerEvent: {}
[254.084136] (-) TimerEvent: {}
[254.185269] (-) TimerEvent: {}
[254.286364] (-) TimerEvent: {}
[254.387427] (-) TimerEvent: {}
[254.488511] (-) TimerEvent: {}
[254.589835] (-) TimerEvent: {}
[254.690948] (-) TimerEvent: {}
[254.792102] (-) TimerEvent: {}
[254.893286] (-) TimerEvent: {}
[254.994671] (-) TimerEvent: {}
[255.095733] (-) TimerEvent: {}
[255.196735] (-) TimerEvent: {}
[255.297873] (-) TimerEvent: {}
[255.398938] (-) TimerEvent: {}
[255.499943] (-) TimerEvent: {}
[255.600994] (-) TimerEvent: {}
[255.702049] (-) TimerEvent: {}
[255.803065] (-) TimerEvent: {}
[255.904278] (-) TimerEvent: {}
[256.005378] (-) TimerEvent: {}
[256.106408] (-) TimerEvent: {}
[256.207466] (-) TimerEvent: {}
[256.308493] (-) TimerEvent: {}
[256.409619] (-) TimerEvent: {}
[256.510689] (-) TimerEvent: {}
[256.611751] (-) TimerEvent: {}
[256.712830] (-) TimerEvent: {}
[256.813869] (-) TimerEvent: {}
[256.914910] (-) TimerEvent: {}
[257.015940] (-) TimerEvent: {}
[257.117058] (-) TimerEvent: {}
[257.218139] (-) TimerEvent: {}
[257.319212] (-) TimerEvent: {}
[257.420170] (-) TimerEvent: {}
[257.521267] (-) TimerEvent: {}
[257.622326] (-) TimerEvent: {}
[257.723418] (-) TimerEvent: {}
[257.824469] (-) TimerEvent: {}
[257.925623] (-) TimerEvent: {}
[258.026651] (-) TimerEvent: {}
[258.127763] (-) TimerEvent: {}
[258.228758] (-) TimerEvent: {}
[258.396471] (-) TimerEvent: {}
[258.497910] (-) TimerEvent: {}
[258.599070] (-) TimerEvent: {}
[258.700184] (-) TimerEvent: {}
[258.801401] (-) TimerEvent: {}
[258.902477] (-) TimerEvent: {}
[259.003615] (-) TimerEvent: {}
[259.104988] (-) TimerEvent: {}
[259.206084] (-) TimerEvent: {}
[259.307180] (-) TimerEvent: {}
[259.408255] (-) TimerEvent: {}
[259.509445] (-) TimerEvent: {}
[259.610599] (-) TimerEvent: {}
[259.711866] (-) TimerEvent: {}
[259.812932] (-) TimerEvent: {}
[259.914081] (-) TimerEvent: {}
[260.015208] (-) TimerEvent: {}
[260.116248] (-) TimerEvent: {}
[260.217412] (-) TimerEvent: {}
[260.318548] (-) TimerEvent: {}
[260.419640] (-) TimerEvent: {}
[260.520746] (-) TimerEvent: {}
[260.622559] (-) TimerEvent: {}
[260.723753] (-) TimerEvent: {}
[260.825009] (-) TimerEvent: {}
[260.926202] (-) TimerEvent: {}
[261.027513] (-) TimerEvent: {}
[261.128756] (-) TimerEvent: {}
[261.230122] (-) TimerEvent: {}
[261.331363] (-) TimerEvent: {}
[261.432737] (-) TimerEvent: {}
[261.534113] (-) TimerEvent: {}
[261.635357] (-) TimerEvent: {}
[261.736700] (-) TimerEvent: {}
[261.838008] (-) TimerEvent: {}
[261.939239] (-) TimerEvent: {}
[262.040416] (-) TimerEvent: {}
[262.141774] (-) TimerEvent: {}
[262.243146] (-) TimerEvent: {}
[262.344378] (-) TimerEvent: {}
[262.445640] (-) TimerEvent: {}
[262.546883] (-) TimerEvent: {}
[262.648213] (-) TimerEvent: {}
[262.749419] (-) TimerEvent: {}
[262.850393] (-) TimerEvent: {}
[262.951305] (-) TimerEvent: {}
[263.052312] (-) TimerEvent: {}
[263.153756] (-) TimerEvent: {}
[263.255118] (-) TimerEvent: {}
[263.356359] (-) TimerEvent: {}
[263.500032] (-) TimerEvent: {}
[263.601058] (-) TimerEvent: {}
[263.702163] (-) TimerEvent: {}
[263.803811] (-) TimerEvent: {}
[263.905328] (-) TimerEvent: {}
[264.006556] (-) TimerEvent: {}
[264.107690] (-) TimerEvent: {}
[264.209261] (-) TimerEvent: {}
[264.310621] (-) TimerEvent: {}
[264.411704] (-) TimerEvent: {}
[264.512874] (-) TimerEvent: {}
[264.614977] (-) TimerEvent: {}
[264.715936] (-) TimerEvent: {}
[264.816907] (-) TimerEvent: {}
[264.917870] (-) TimerEvent: {}
[265.019442] (-) TimerEvent: {}
[265.122681] (-) TimerEvent: {}
[265.223723] (-) TimerEvent: {}
[265.324970] (-) TimerEvent: {}
[265.426607] (-) TimerEvent: {}
[265.527658] (-) TimerEvent: {}
[265.628983] (-) TimerEvent: {}
[265.730027] (-) TimerEvent: {}
[265.830992] (-) TimerEvent: {}
[265.932041] (-) TimerEvent: {}
[266.033170] (-) TimerEvent: {}
[266.134124] (-) TimerEvent: {}
[266.235387] (-) TimerEvent: {}
[266.336426] (-) TimerEvent: {}
[266.437600] (-) TimerEvent: {}
[266.538682] (-) TimerEvent: {}
[266.639744] (-) TimerEvent: {}
[266.740746] (-) TimerEvent: {}
[266.841831] (-) TimerEvent: {}
[266.942870] (-) TimerEvent: {}
[267.044034] (-) TimerEvent: {}
[267.145089] (-) TimerEvent: {}
[267.246203] (-) TimerEvent: {}
[267.347240] (-) TimerEvent: {}
[267.368864] (hdl_localization) StdoutLine: {'line': b'[100%] \x1b[32m\x1b[1mLinking CXX executable hdl_localization_composition\x1b[0m\n'}
[267.447490] (-) TimerEvent: {}
[267.548585] (-) TimerEvent: {}
[267.649865] (-) TimerEvent: {}
[267.750950] (-) TimerEvent: {}
[267.852134] (-) TimerEvent: {}
[267.953590] (-) TimerEvent: {}
[268.055071] (-) TimerEvent: {}
[268.156195] (-) TimerEvent: {}
[268.257440] (-) TimerEvent: {}
[268.358837] (-) TimerEvent: {}
[268.460207] (-) TimerEvent: {}
[268.580844] (-) TimerEvent: {}
[268.681901] (-) TimerEvent: {}
[268.782964] (-) TimerEvent: {}
[268.884407] (-) TimerEvent: {}
[268.985913] (-) TimerEvent: {}
[269.087071] (-) TimerEvent: {}
[269.188233] (-) TimerEvent: {}
[269.289660] (-) TimerEvent: {}
[269.390935] (-) TimerEvent: {}
[269.492143] (-) TimerEvent: {}
[269.593287] (-) TimerEvent: {}
[269.695338] (-) TimerEvent: {}
[269.796760] (-) TimerEvent: {}
[269.897948] (-) TimerEvent: {}
[269.999123] (-) TimerEvent: {}
[270.100100] (-) TimerEvent: {}
[270.201167] (-) TimerEvent: {}
[270.302189] (-) TimerEvent: {}
[270.403084] (-) TimerEvent: {}
[270.504033] (-) TimerEvent: {}
[270.606159] (-) TimerEvent: {}
[270.707191] (-) TimerEvent: {}
[270.808325] (-) TimerEvent: {}
[270.909824] (-) TimerEvent: {}
[271.010846] (-) TimerEvent: {}
[271.112017] (-) TimerEvent: {}
[271.213330] (-) TimerEvent: {}
[271.314914] (-) TimerEvent: {}
[271.416077] (-) TimerEvent: {}
[271.517034] (-) TimerEvent: {}
[271.618088] (-) TimerEvent: {}
[271.719349] (-) TimerEvent: {}
[271.820489] (-) TimerEvent: {}
[271.921713] (-) TimerEvent: {}
[272.023809] (-) TimerEvent: {}
[272.125977] (-) TimerEvent: {}
[272.227199] (-) TimerEvent: {}
[272.328266] (-) TimerEvent: {}
[272.429621] (-) TimerEvent: {}
[272.530784] (-) TimerEvent: {}
[272.631956] (-) TimerEvent: {}
[272.733197] (-) TimerEvent: {}
[272.834295] (-) TimerEvent: {}
[272.935365] (-) TimerEvent: {}
[273.036610] (-) TimerEvent: {}
[273.137847] (-) TimerEvent: {}
[273.238816] (-) TimerEvent: {}
[273.342319] (-) TimerEvent: {}
[273.446920] (-) TimerEvent: {}
[273.548211] (-) TimerEvent: {}
[273.649881] (-) TimerEvent: {}
[273.791706] (-) TimerEvent: {}
[273.901049] (-) TimerEvent: {}
[274.002210] (-) TimerEvent: {}
[274.103322] (-) TimerEvent: {}
[274.204926] (-) TimerEvent: {}
[274.306023] (-) TimerEvent: {}
[274.407132] (-) TimerEvent: {}
[274.508104] (-) TimerEvent: {}
[274.609173] (-) TimerEvent: {}
[274.710216] (-) TimerEvent: {}
[274.811324] (-) TimerEvent: {}
[274.913432] (-) TimerEvent: {}
[275.016694] (-) TimerEvent: {}
[275.117845] (-) TimerEvent: {}
[275.219017] (-) TimerEvent: {}
[275.320172] (-) TimerEvent: {}
[275.421429] (-) TimerEvent: {}
[275.522596] (-) TimerEvent: {}
[275.623665] (-) TimerEvent: {}
[275.725575] (-) TimerEvent: {}
[275.826617] (-) TimerEvent: {}
[275.927777] (-) TimerEvent: {}
[276.028949] (-) TimerEvent: {}
[276.130048] (-) TimerEvent: {}
[276.231084] (-) TimerEvent: {}
[276.332158] (-) TimerEvent: {}
[276.433318] (-) TimerEvent: {}
[276.534462] (-) TimerEvent: {}
[276.635507] (-) TimerEvent: {}
[276.736584] (-) TimerEvent: {}
[276.837705] (-) TimerEvent: {}
[276.938796] (-) TimerEvent: {}
[277.039960] (-) TimerEvent: {}
[277.141300] (-) TimerEvent: {}
[277.242368] (-) TimerEvent: {}
[277.343489] (-) TimerEvent: {}
[277.444680] (-) TimerEvent: {}
[277.545894] (-) TimerEvent: {}
[277.646978] (-) TimerEvent: {}
[277.748074] (-) TimerEvent: {}
[277.849439] (-) TimerEvent: {}
[277.950448] (-) TimerEvent: {}
[278.051741] (-) TimerEvent: {}
[278.153048] (-) TimerEvent: {}
[278.255290] (-) TimerEvent: {}
[278.346030] (hdl_localization) StdoutLine: {'line': b'[100%] Built target hdl_localization_composition\n'}
[278.355523] (-) TimerEvent: {}
[278.456486] (-) TimerEvent: {}
[278.507492] (hdl_localization) CommandEnded: {'returncode': 0}
[278.557314] (-) TimerEvent: {}
[278.659310] (-) TimerEvent: {}
[278.760300] (-) TimerEvent: {}
[278.920259] (-) TimerEvent: {}
[278.969123] (hdl_localization) JobProgress: {'identifier': 'hdl_localization', 'progress': 'install'}
[279.021316] (-) TimerEvent: {}
[279.054156] (hdl_localization) Command: {'cmd': ['/usr/bin/cmake', '--install', '/home/ysc/lite_cog_ros2/nav/build/hdl_localization'], 'cwd': '/home/ysc/lite_cog_ros2/nav/build/hdl_localization', 'env': OrderedDict([('GJS_DEBUG_TOPICS', 'JS ERROR;JS LOG'), ('LESSOPEN', '| /usr/bin/lesspipe %s'), ('USER', 'ysc'), ('LC_TIME', 'zh_CN.UTF-8'), ('SSH_AGENT_PID', '1922'), ('XDG_SESSION_TYPE', 'x11'), ('SHLVL', '1'), ('LD_LIBRARY_PATH', '/home/ysc/lite_cog_ros2/nav/install/hdl_global_localization/lib:/home/ysc/lite_cog_ros2/fast_gicp/install/fast_gicp/lib:/home/ysc/lite_cog_ros2/ndt_omp/install/ndt_omp/lib:/usr/local/cuda-11.4/lib64:/usr/lib/aarch64-linux-gnu/gazebo-11/plugins:/opt/ros/foxy/opt/yaml_cpp_vendor/lib:/opt/ros/foxy/opt/rviz_ogre_vendor/lib:/opt/ros/foxy/lib/aarch64-linux-gnu:/opt/ros/foxy/lib:/usr/local/cuda-11.4/lib64'), ('HOME', '/home/ysc'), ('DESKTOP_SESSION', 'ubuntu'), ('ROS_PYTHON_VERSION', '3'), ('GNOME_SHELL_SESSION_MODE', 'ubuntu'), ('GTK_MODULES', 'gail:atk-bridge'), ('LC_MONETARY', 'zh_CN.UTF-8'), ('MANAGERPID', '1532'), ('ROS_LOG_DIR', '/home/ysc/lite_cog_ros2/system/log'), ('DBUS_SESSION_BUS_ADDRESS', 'unix:path=/run/user/1000/bus'), ('COLORTERM', 'truecolor'), ('_colcon_cd_root', '/opt/ros/foxy/'), ('IM_CONFIG_PHASE', '1'), ('COLCON_PREFIX_PATH', '/home/ysc/lite_cog_ros2/fast_gicp/install:/home/ysc/lite_cog_ros2/ndt_omp/install'), ('ROS_DISTRO', 'foxy'), ('LOGNAME', 'ysc'), ('JOURNAL_STREAM', '8:47853'), ('_', '/usr/bin/colcon'), ('ROS_VERSION', '2'), ('XDG_SESSION_CLASS', 'user'), ('USERNAME', 'ysc'), ('TERM', 'xterm-256color'), ('GNOME_DESKTOP_SESSION_ID', 'this-is-deprecated'), ('ROS_LOCALHOST_ONLY', '0'), ('WINDOWPATH', '2'), ('PATH', '/usr/local/cuda-11.4/bin:/opt/ros/foxy/bin:/usr/local/cuda-11.4/bin:/home/ysc/.local/bin:/usr/local/sbin:/usr/local/bin:/usr/sbin:/usr/bin:/sbin:/bin:/usr/games:/usr/local/games:/snap/bin'), ('SESSION_MANAGER', 'local/lite:@/tmp/.ICE-unix/2025,unix/lite:/tmp/.ICE-unix/2025'), ('FASTRTPS_DEFAULT_PROFILES_FILE', '/home/ysc/lite_cog_ros2/system/fastdds_profile.xml'), ('INVOCATION_ID', 'f4c29952cc6e455ba737a6298d8c0796'), ('XDG_MENU_PREFIX', 'gnome-'), ('LC_ADDRESS', 'zh_CN.UTF-8'), ('GNOME_TERMINAL_SCREEN', '/org/gnome/Terminal/screen/9d503143_c77d_486b_97c6_7f158754111f'), ('XDG_RUNTIME_DIR', '/run/user/1000'), ('DISPLAY', ':0'), ('LANG', 'en_US.UTF-8'), ('XDG_CURRENT_DESKTOP', 'ubuntu:GNOME'), ('LC_TELEPHONE', 'zh_CN.UTF-8'), ('RMW_IMPLEMENTATION', 'rmw_cyclonedds_cpp'), ('XMODIFIERS', '@im=ibus'), ('XDG_SESSION_DESKTOP', 'ubuntu'), ('XAUTHORITY', '/run/user/1000/gdm/Xauthority'), ('LS_COLORS', 'rs=0:di=01;34:ln=01;36:mh=00:pi=40;33:so=01;35:do=01;35:bd=40;33;01:cd=40;33;01:or=40;31;01:mi=00:su=37;41:sg=30;43:ca=30;41:tw=30;42:ow=34;42:st=37;44:ex=01;32:*.tar=01;31:*.tgz=01;31:*.arc=01;31:*.arj=01;31:*.taz=01;31:*.lha=01;31:*.lz4=01;31:*.lzh=01;31:*.lzma=01;31:*.tlz=01;31:*.txz=01;31:*.tzo=01;31:*.t7z=01;31:*.zip=01;31:*.z=01;31:*.dz=01;31:*.gz=01;31:*.lrz=01;31:*.lz=01;31:*.lzo=01;31:*.xz=01;31:*.zst=01;31:*.tzst=01;31:*.bz2=01;31:*.bz=01;31:*.tbz=01;31:*.tbz2=01;31:*.tz=01;31:*.deb=01;31:*.rpm=01;31:*.jar=01;31:*.war=01;31:*.ear=01;31:*.sar=01;31:*.rar=01;31:*.alz=01;31:*.ace=01;31:*.zoo=01;31:*.cpio=01;31:*.7z=01;31:*.rz=01;31:*.cab=01;31:*.wim=01;31:*.swm=01;31:*.dwm=01;31:*.esd=01;31:*.jpg=01;35:*.jpeg=01;35:*.mjpg=01;35:*.mjpeg=01;35:*.gif=01;35:*.bmp=01;35:*.pbm=01;35:*.pgm=01;35:*.ppm=01;35:*.tga=01;35:*.xbm=01;35:*.xpm=01;35:*.tif=01;35:*.tiff=01;35:*.png=01;35:*.svg=01;35:*.svgz=01;35:*.mng=01;35:*.pcx=01;35:*.mov=01;35:*.mpg=01;35:*.mpeg=01;35:*.m2v=01;35:*.mkv=01;35:*.webm=01;35:*.ogm=01;35:*.mp4=01;35:*.m4v=01;35:*.mp4v=01;35:*.vob=01;35:*.qt=01;35:*.nuv=01;35:*.wmv=01;35:*.asf=01;35:*.rm=01;35:*.rmvb=01;35:*.flc=01;35:*.avi=01;35:*.fli=01;35:*.flv=01;35:*.gl=01;35:*.dl=01;35:*.xcf=01;35:*.xwd=01;35:*.yuv=01;35:*.cgm=01;35:*.emf=01;35:*.ogv=01;35:*.ogx=01;35:*.aac=00;36:*.au=00;36:*.flac=00;36:*.m4a=00;36:*.mid=00;36:*.midi=00;36:*.mka=00;36:*.mp3=00;36:*.mpc=00;36:*.ogg=00;36:*.ra=00;36:*.wav=00;36:*.oga=00;36:*.opus=00;36:*.spx=00;36:*.xspf=00;36:'), ('GNOME_TERMINAL_SERVICE', ':1.80'), ('SSH_AUTH_SOCK', '/run/user/1000/keyring/ssh'), ('ROS_DOMAIN_ID', '0'), ('AMENT_PREFIX_PATH', '/home/ysc/lite_cog_ros2/nav/install/hdl_global_localization:/home/ysc/lite_cog_ros2/fast_gicp/install/fast_gicp:/home/ysc/lite_cog_ros2/ndt_omp/install/ndt_omp:/opt/ros/foxy'), ('SHELL', '/bin/bash'), ('LC_NAME', 'zh_CN.UTF-8'), ('QT_ACCESSIBILITY', '1'), ('GDMSESSION', 'ubuntu'), ('LESSCLOSE', '/usr/bin/lesspipe %s %s'), ('LC_MEASUREMENT', 'zh_CN.UTF-8'), ('GPG_AGENT_INFO', '/run/user/1000/gnupg/S.gpg-agent:0:1'), ('GJS_DEBUG_OUTPUT', 'stderr'), ('LC_IDENTIFICATION', 'zh_CN.UTF-8'), ('QT_IM_MODULE', 'ibus'), ('PWD', '/home/ysc/lite_cog_ros2/nav/build/hdl_localization'), ('LC_ALL', 'en_US.UTF-8'), ('XDG_CONFIG_DIRS', '/etc/xdg/xdg-ubuntu:/etc/xdg'), ('XDG_DATA_DIRS', '/usr/share/ubuntu:/usr/local/share/:/usr/share/:/var/lib/snapd/desktop'), ('PYTHONPATH', '/home/ysc/lite_cog_ros2/nav/install/hdl_global_localization/lib/python3.8/site-packages:/opt/ros/foxy/lib/python3.8/site-packages'), ('LC_NUMERIC', 'zh_CN.UTF-8'), ('LC_PAPER', 'zh_CN.UTF-8'), ('COLCON', '1'), ('VTE_VERSION', '6003'), ('CMAKE_PREFIX_PATH', '/home/ysc/lite_cog_ros2/nav/install/hdl_global_localization:/home/ysc/lite_cog_ros2/fast_gicp/install/fast_gicp:/home/ysc/lite_cog_ros2/ndt_omp/install/ndt_omp:/opt/ros/foxy')]), 'shell': False}
[279.270901] (-) TimerEvent: {}
[279.272294] (hdl_localization) StdoutLine: {'line': b'-- Install configuration: "RELEASE"\n'}
[279.273415] (hdl_localization) StdoutLine: {'line': b'-- Execute custom install script\n'}
[279.274077] (hdl_localization) StdoutLine: {'line': b'-- Symlinking: /home/ysc/lite_cog_ros2/nav/install/hdl_localization/share/ament_index/resource_index/rosidl_interfaces/hdl_localization\n'}
[279.317643] (hdl_localization) StdoutLine: {'line': b'-- Symlinking: /home/ysc/lite_cog_ros2/nav/install/hdl_localization/include/hdl_localization/msg/detail/scan_matching_status__functions.h\n'}
[279.371103] (-) TimerEvent: {}
[279.389608] (hdl_localization) StdoutLine: {'line': b'-- Symlinking: /home/ysc/lite_cog_ros2/nav/install/hdl_localization/include/hdl_localization/msg/detail/scan_matching_status__struct.h\n'}
[279.452881] (hdl_localization) StdoutLine: {'line': b'-- Symlinking: /home/ysc/lite_cog_ros2/nav/install/hdl_localization/include/hdl_localization/msg/detail/scan_matching_status__type_support.h\n'}
[279.471351] (-) TimerEvent: {}
[279.512178] (hdl_localization) StdoutLine: {'line': b'-- Symlinking: /home/ysc/lite_cog_ros2/nav/install/hdl_localization/include/hdl_localization/msg/rosidl_generator_c__visibility_control.h\n'}
[279.571654] (-) TimerEvent: {}
[279.581083] (hdl_localization) StdoutLine: {'line': b'-- Symlinking: /home/ysc/lite_cog_ros2/nav/install/hdl_localization/include/hdl_localization/msg/scan_matching_status.h\n'}
[279.640207] (hdl_localization) StdoutLine: {'line': b'-- Symlinking: /home/ysc/lite_cog_ros2/nav/install/hdl_localization/share/hdl_localization/environment/library_path.sh\n'}
[279.672063] (-) TimerEvent: {}
[279.699500] (hdl_localization) StdoutLine: {'line': b'-- Symlinking: /home/ysc/lite_cog_ros2/nav/install/hdl_localization/share/hdl_localization/environment/library_path.dsv\n'}
[279.770955] (hdl_localization) StdoutLine: {'line': b'-- Symlinking: /home/ysc/lite_cog_ros2/nav/install/hdl_localization/include/hdl_localization/msg/detail/scan_matching_status__rosidl_typesupport_fastrtps_c.h\n'}
[279.774913] (-) TimerEvent: {}
[279.830915] (hdl_localization) StdoutLine: {'line': b'-- Symlinking: /home/ysc/lite_cog_ros2/nav/install/hdl_localization/include/hdl_localization/msg/rosidl_typesupport_fastrtps_c__visibility_control.h\n'}
[279.875165] (-) TimerEvent: {}
[279.909379] (hdl_localization) StdoutLine: {'line': b'-- Symlinking: /home/ysc/lite_cog_ros2/nav/install/hdl_localization/lib/libhdl_localization__rosidl_typesupport_fastrtps_c.so\n'}
[279.976380] (-) TimerEvent: {}
[279.977972] (hdl_localization) StdoutLine: {'line': b'-- Symlinking: /home/ysc/lite_cog_ros2/nav/install/hdl_localization/include/hdl_localization/msg/detail/scan_matching_status__rosidl_typesupport_fastrtps_cpp.hpp\n'}
[280.031781] (hdl_localization) StdoutLine: {'line': b'-- Symlinking: /home/ysc/lite_cog_ros2/nav/install/hdl_localization/include/hdl_localization/msg/rosidl_typesupport_fastrtps_cpp__visibility_control.h\n'}
[280.076304] (-) TimerEvent: {}
[280.085854] (hdl_localization) StdoutLine: {'line': b'-- Symlinking: /home/ysc/lite_cog_ros2/nav/install/hdl_localization/lib/libhdl_localization__rosidl_typesupport_fastrtps_cpp.so\n'}
[280.156035] (hdl_localization) StdoutLine: {'line': b'-- Symlinking: /home/ysc/lite_cog_ros2/nav/install/hdl_localization/include/hdl_localization/msg/detail/scan_matching_status__rosidl_typesupport_introspection_c.h\n'}
[280.176509] (-) TimerEvent: {}
[280.222768] (hdl_localization) StdoutLine: {'line': b'-- Symlinking: /home/ysc/lite_cog_ros2/nav/install/hdl_localization/include/hdl_localization/msg/rosidl_typesupport_introspection_c__visibility_control.h\n'}
[280.276755] (-) TimerEvent: {}
[280.289152] (hdl_localization) StdoutLine: {'line': b'-- Symlinking: /home/ysc/lite_cog_ros2/nav/install/hdl_localization/include/hdl_localization/msg/detail/scan_matching_status__builder.hpp\n'}
[280.349355] (hdl_localization) StdoutLine: {'line': b'-- Symlinking: /home/ysc/lite_cog_ros2/nav/install/hdl_localization/include/hdl_localization/msg/detail/scan_matching_status__struct.hpp\n'}
[280.377024] (-) TimerEvent: {}
[280.417411] (hdl_localization) StdoutLine: {'line': b'-- Symlinking: /home/ysc/lite_cog_ros2/nav/install/hdl_localization/include/hdl_localization/msg/detail/scan_matching_status__traits.hpp\n'}
[280.474052] (hdl_localization) StdoutLine: {'line': b'-- Symlinking: /home/ysc/lite_cog_ros2/nav/install/hdl_localization/include/hdl_localization/msg/detail/scan_matching_status__type_support.hpp\n'}
[280.477886] (-) TimerEvent: {}
[280.535796] (hdl_localization) StdoutLine: {'line': b'-- Symlinking: /home/ysc/lite_cog_ros2/nav/install/hdl_localization/include/hdl_localization/msg/rosidl_generator_cpp__visibility_control.hpp\n'}
[280.578050] (-) TimerEvent: {}
[280.596438] (hdl_localization) StdoutLine: {'line': b'-- Symlinking: /home/ysc/lite_cog_ros2/nav/install/hdl_localization/include/hdl_localization/msg/scan_matching_status.hpp\n'}
[280.673226] (hdl_localization) StdoutLine: {'line': b'-- Symlinking: /home/ysc/lite_cog_ros2/nav/install/hdl_localization/include/hdl_localization/msg/detail/scan_matching_status__rosidl_typesupport_introspection_cpp.hpp\n'}
[280.678546] (-) TimerEvent: {}
[280.735888] (hdl_localization) StdoutLine: {'line': b'-- Symlinking: /home/ysc/lite_cog_ros2/nav/install/hdl_localization/share/hdl_localization/environment/pythonpath.sh\n'}
[280.778817] (-) TimerEvent: {}
[280.793393] (hdl_localization) StdoutLine: {'line': b'-- Symlinking: /home/ysc/lite_cog_ros2/nav/install/hdl_localization/share/hdl_localization/environment/pythonpath.dsv\n'}
[280.854149] (hdl_localization) StdoutLine: {'line': b'-- Symlinking: /home/ysc/lite_cog_ros2/nav/install/hdl_localization/lib/python3.8/site-packages/hdl_localization/__init__.py\n'}
[280.879058] (-) TimerEvent: {}
[280.925362] (hdl_localization) StdoutLine: {'line': b'-- Symlinking: /home/ysc/lite_cog_ros2/nav/install/hdl_localization/lib/python3.8/site-packages/hdl_localization/msg/__init__.py\n'}
[280.979374] (-) TimerEvent: {}
[280.984449] (hdl_localization) StdoutLine: {'line': b'-- Symlinking: /home/ysc/lite_cog_ros2/nav/install/hdl_localization/lib/python3.8/site-packages/hdl_localization/msg/_scan_matching_status.py\n'}
[281.047316] (hdl_localization) StdoutLine: {'line': b'-- Symlinking: /home/ysc/lite_cog_ros2/nav/install/hdl_localization/lib/python3.8/site-packages/hdl_localization/hdl_localization_s__rosidl_typesupport_fastrtps_c.cpython-38-aarch64-linux-gnu.so\n'}
[281.079674] (-) TimerEvent: {}
[281.115092] (hdl_localization) StdoutLine: {'line': b'-- Symlinking: /home/ysc/lite_cog_ros2/nav/install/hdl_localization/lib/python3.8/site-packages/hdl_localization/hdl_localization_s__rosidl_typesupport_introspection_c.cpython-38-aarch64-linux-gnu.so\n'}
[281.181156] (-) TimerEvent: {}
[281.188373] (hdl_localization) StdoutLine: {'line': b'-- Symlinking: /home/ysc/lite_cog_ros2/nav/install/hdl_localization/lib/python3.8/site-packages/hdl_localization/hdl_localization_s__rosidl_typesupport_c.cpython-38-aarch64-linux-gnu.so\n'}
[281.257664] (hdl_localization) StdoutLine: {'line': b'-- Symlinking: /home/ysc/lite_cog_ros2/nav/install/hdl_localization/lib/libhdl_localization__python.so\n'}
[281.281003] (-) TimerEvent: {}
[281.326197] (hdl_localization) StdoutLine: {'line': b'-- Symlinking: /home/ysc/lite_cog_ros2/nav/install/hdl_localization/share/hdl_localization/msg/ScanMatchingStatus.idl\n'}
[281.381337] (-) TimerEvent: {}
[281.385909] (hdl_localization) StdoutLine: {'line': b'-- Symlinking: /home/ysc/lite_cog_ros2/nav/install/hdl_localization/share/hdl_localization/msg/ScanMatchingStatus.msg\n'}
[281.451684] (hdl_localization) StdoutLine: {'line': b'-- Symlinking: /home/ysc/lite_cog_ros2/nav/install/hdl_localization/lib/hdl_localization/hdl_localization_composition\n'}
[281.481600] (-) TimerEvent: {}
[281.515418] (hdl_localization) StdoutLine: {'line': b'-- Symlinking: /home/ysc/lite_cog_ros2/nav/install/hdl_localization/share/hdl_localization/launch/__pycache__/lite_localization.launch.cpython-38.pyc\n'}
[281.575424] (hdl_localization) StdoutLine: {'line': b'-- Symlinking: /home/ysc/lite_cog_ros2/nav/install/hdl_localization/share/hdl_localization/launch/lite_localization.launch.py\n'}
[281.582199] (-) TimerEvent: {}
[281.640131] (hdl_localization) StdoutLine: {'line': b'-- Symlinking: /home/ysc/lite_cog_ros2/nav/install/hdl_localization/include/hdl_localization/delta_estimater.hpp\n'}
[281.682620] (-) TimerEvent: {}
[281.699470] (hdl_localization) StdoutLine: {'line': b'-- Symlinking: /home/ysc/lite_cog_ros2/nav/install/hdl_localization/include/hdl_localization/odom_system.hpp\n'}
[281.778210] (hdl_localization) StdoutLine: {'line': b'-- Symlinking: /home/ysc/lite_cog_ros2/nav/install/hdl_localization/include/hdl_localization/pose_estimator.hpp\n'}
[281.783057] (-) TimerEvent: {}
[281.838221] (hdl_localization) StdoutLine: {'line': b'-- Symlinking: /home/ysc/lite_cog_ros2/nav/install/hdl_localization/include/hdl_localization/pose_system.hpp\n'}
[281.883269] (-) TimerEvent: {}
[281.898460] (hdl_localization) StdoutLine: {'line': b'-- Symlinking: /home/ysc/lite_cog_ros2/nav/install/hdl_localization/include/kkl/alg/unscented_kalman_filter.hpp\n'}
[281.979896] (hdl_localization) StdoutLine: {'line': b'-- Up-to-date symlink: /home/ysc/lite_cog_ros2/nav/install/hdl_localization/lib/hdl_localization/hdl_localization_composition\n'}
[281.982483] (hdl_localization) StdoutLine: {'line': b'-- Symlinking: /home/ysc/lite_cog_ros2/nav/install/hdl_localization/share/ament_index/resource_index/package_run_dependencies/hdl_localization\n'}
[281.983762] (-) TimerEvent: {}
[282.044056] (hdl_localization) StdoutLine: {'line': b'-- Symlinking: /home/ysc/lite_cog_ros2/nav/install/hdl_localization/share/ament_index/resource_index/parent_prefix_path/hdl_localization\n'}
[282.084225] (-) TimerEvent: {}
[282.108470] (hdl_localization) StdoutLine: {'line': b'-- Symlinking: /home/ysc/lite_cog_ros2/nav/install/hdl_localization/share/hdl_localization/environment/ament_prefix_path.sh\n'}
[282.170866] (hdl_localization) StdoutLine: {'line': b'-- Symlinking: /home/ysc/lite_cog_ros2/nav/install/hdl_localization/share/hdl_localization/environment/ament_prefix_path.dsv\n'}
[282.184439] (-) TimerEvent: {}
[282.248617] (hdl_localization) StdoutLine: {'line': b'-- Symlinking: /home/ysc/lite_cog_ros2/nav/install/hdl_localization/share/hdl_localization/environment/path.sh\n'}
[282.284694] (-) TimerEvent: {}
[282.301616] (hdl_localization) StdoutLine: {'line': b'-- Symlinking: /home/ysc/lite_cog_ros2/nav/install/hdl_localization/share/hdl_localization/environment/path.dsv\n'}
[282.369532] (hdl_localization) StdoutLine: {'line': b'-- Symlinking: /home/ysc/lite_cog_ros2/nav/install/hdl_localization/share/hdl_localization/local_setup.bash\n'}
[282.384929] (-) TimerEvent: {}
[282.433247] (hdl_localization) StdoutLine: {'line': b'-- Symlinking: /home/ysc/lite_cog_ros2/nav/install/hdl_localization/share/hdl_localization/local_setup.sh\n'}
[282.485708] (-) TimerEvent: {}
[282.488013] (hdl_localization) StdoutLine: {'line': b'-- Symlinking: /home/ysc/lite_cog_ros2/nav/install/hdl_localization/share/hdl_localization/local_setup.zsh\n'}
[282.556061] (hdl_localization) StdoutLine: {'line': b'-- Symlinking: /home/ysc/lite_cog_ros2/nav/install/hdl_localization/share/hdl_localization/local_setup.dsv\n'}
[282.585960] (-) TimerEvent: {}
[282.618749] (hdl_localization) StdoutLine: {'line': b'-- Symlinking: /home/ysc/lite_cog_ros2/nav/install/hdl_localization/share/hdl_localization/package.dsv\n'}
[282.684759] (hdl_localization) StdoutLine: {'line': b'-- Symlinking: /home/ysc/lite_cog_ros2/nav/install/hdl_localization/share/ament_index/resource_index/packages/hdl_localization\n'}
[282.690129] (-) TimerEvent: {}
[282.745236] (hdl_localization) StdoutLine: {'line': b'-- Symlinking: /home/ysc/lite_cog_ros2/nav/install/hdl_localization/share/hdl_localization/cmake/rosidl_cmake-extras.cmake\n'}
[282.790701] (-) TimerEvent: {}
[282.805364] (hdl_localization) StdoutLine: {'line': b'-- Symlinking: /home/ysc/lite_cog_ros2/nav/install/hdl_localization/share/hdl_localization/cmake/ament_cmake_export_dependencies-extras.cmake\n'}
[282.868062] (hdl_localization) StdoutLine: {'line': b'-- Symlinking: /home/ysc/lite_cog_ros2/nav/install/hdl_localization/share/hdl_localization/cmake/ament_cmake_export_libraries-extras.cmake\n'}
[282.891008] (-) TimerEvent: {}
[282.937554] (hdl_localization) StdoutLine: {'line': b'-- Symlinking: /home/ysc/lite_cog_ros2/nav/install/hdl_localization/share/hdl_localization/cmake/ament_cmake_export_targets-extras.cmake\n'}
[282.991326] (-) TimerEvent: {}
[283.002429] (hdl_localization) StdoutLine: {'line': b'-- Symlinking: /home/ysc/lite_cog_ros2/nav/install/hdl_localization/share/hdl_localization/cmake/ament_cmake_export_include_directories-extras.cmake\n'}
[283.066005] (hdl_localization) StdoutLine: {'line': b'-- Symlinking: /home/ysc/lite_cog_ros2/nav/install/hdl_localization/share/hdl_localization/cmake/rosidl_cmake_export_typesupport_libraries-extras.cmake\n'}
[283.091573] (-) TimerEvent: {}
[283.125979] (hdl_localization) StdoutLine: {'line': b'-- Symlinking: /home/ysc/lite_cog_ros2/nav/install/hdl_localization/share/hdl_localization/cmake/rosidl_cmake_export_typesupport_targets-extras.cmake\n'}
[283.191859] (hdl_localization) StdoutLine: {'line': b'-- Symlinking: /home/ysc/lite_cog_ros2/nav/install/hdl_localization/share/hdl_localization/cmake/hdl_localizationConfig.cmake\n'}
[283.195450] (-) TimerEvent: {}
[283.259305] (hdl_localization) StdoutLine: {'line': b'-- Symlinking: /home/ysc/lite_cog_ros2/nav/install/hdl_localization/share/hdl_localization/cmake/hdl_localizationConfig-version.cmake\n'}
[283.295709] (-) TimerEvent: {}
[283.315289] (hdl_localization) StdoutLine: {'line': b'-- Symlinking: /home/ysc/lite_cog_ros2/nav/install/hdl_localization/share/hdl_localization/package.xml\n'}
[283.373230] (hdl_localization) StdoutLine: {'line': b'-- Installing: /home/ysc/lite_cog_ros2/nav/install/hdl_localization/lib/libhdl_localization__rosidl_generator_c.so\n'}
[283.383812] (hdl_localization) StdoutLine: {'line': b'-- Set runtime path of "/home/ysc/lite_cog_ros2/nav/install/hdl_localization/lib/libhdl_localization__rosidl_generator_c.so" to ""\n'}
[283.389538] (hdl_localization) StdoutLine: {'line': b'-- Installing: /home/ysc/lite_cog_ros2/nav/install/hdl_localization/lib/libhdl_localization__rosidl_typesupport_introspection_c.so\n'}
[283.391036] (hdl_localization) StdoutLine: {'line': b'-- Set runtime path of "/home/ysc/lite_cog_ros2/nav/install/hdl_localization/lib/libhdl_localization__rosidl_typesupport_introspection_c.so" to ""\n'}
[283.391570] (hdl_localization) StdoutLine: {'line': b'-- Installing: /home/ysc/lite_cog_ros2/nav/install/hdl_localization/lib/libhdl_localization__rosidl_typesupport_c.so\n'}
[283.394119] (hdl_localization) StdoutLine: {'line': b'-- Set runtime path of "/home/ysc/lite_cog_ros2/nav/install/hdl_localization/lib/libhdl_localization__rosidl_typesupport_c.so" to ""\n'}
[283.395013] (hdl_localization) StdoutLine: {'line': b'-- Installing: /home/ysc/lite_cog_ros2/nav/install/hdl_localization/lib/libhdl_localization__rosidl_typesupport_introspection_cpp.so\n'}
[283.395806] (-) TimerEvent: {}
[283.398369] (hdl_localization) StdoutLine: {'line': b'-- Set runtime path of "/home/ysc/lite_cog_ros2/nav/install/hdl_localization/lib/libhdl_localization__rosidl_typesupport_introspection_cpp.so" to ""\n'}
[283.399207] (hdl_localization) StdoutLine: {'line': b'-- Installing: /home/ysc/lite_cog_ros2/nav/install/hdl_localization/lib/libhdl_localization__rosidl_typesupport_cpp.so\n'}
[283.401979] (hdl_localization) StdoutLine: {'line': b'-- Set runtime path of "/home/ysc/lite_cog_ros2/nav/install/hdl_localization/lib/libhdl_localization__rosidl_typesupport_cpp.so" to ""\n'}
[283.496718] (-) TimerEvent: {}
[283.599997] (-) TimerEvent: {}
[283.701010] (-) TimerEvent: {}
[283.732688] (hdl_localization) StdoutLine: {'line': b"Compiling '/home/ysc/lite_cog_ros2/nav/install/hdl_localization/lib/python3.8/site-packages/hdl_localization/__init__.py'...\n"}
[283.757248] (hdl_localization) StdoutLine: {'line': b'-- Installing: /home/ysc/lite_cog_ros2/nav/install/hdl_localization/share/hdl_localization/cmake/hdl_localization__rosidl_generator_cExport.cmake\n'}
[283.923815] (-) TimerEvent: {}
[283.925020] (hdl_localization) StdoutLine: {'line': b'-- Installing: /home/ysc/lite_cog_ros2/nav/install/hdl_localization/share/hdl_localization/cmake/hdl_localization__rosidl_generator_cExport-release.cmake\n'}
[283.926902] (hdl_localization) StdoutLine: {'line': b'-- Installing: /home/ysc/lite_cog_ros2/nav/install/hdl_localization/share/hdl_localization/cmake/hdl_localization__rosidl_typesupport_introspection_cExport.cmake\n'}
[283.928585] (hdl_localization) StdoutLine: {'line': b'-- Installing: /home/ysc/lite_cog_ros2/nav/install/hdl_localization/share/hdl_localization/cmake/hdl_localization__rosidl_typesupport_introspection_cExport-release.cmake\n'}
[283.930195] (hdl_localization) StdoutLine: {'line': b'-- Installing: /home/ysc/lite_cog_ros2/nav/install/hdl_localization/share/hdl_localization/cmake/hdl_localization__rosidl_typesupport_cExport.cmake\n'}
[283.932297] (hdl_localization) StdoutLine: {'line': b'-- Installing: /home/ysc/lite_cog_ros2/nav/install/hdl_localization/share/hdl_localization/cmake/hdl_localization__rosidl_typesupport_cExport-release.cmake\n'}
[283.934538] (hdl_localization) StdoutLine: {'line': b'-- Installing: /home/ysc/lite_cog_ros2/nav/install/hdl_localization/share/hdl_localization/cmake/hdl_localization__rosidl_generator_cppExport.cmake\n'}
[283.936274] (hdl_localization) StdoutLine: {'line': b'-- Installing: /home/ysc/lite_cog_ros2/nav/install/hdl_localization/share/hdl_localization/cmake/hdl_localization__rosidl_typesupport_introspection_cppExport.cmake\n'}
[283.937908] (hdl_localization) StdoutLine: {'line': b'-- Installing: /home/ysc/lite_cog_ros2/nav/install/hdl_localization/share/hdl_localization/cmake/hdl_localization__rosidl_typesupport_introspection_cppExport-release.cmake\n'}
[283.939410] (hdl_localization) StdoutLine: {'line': b'-- Installing: /home/ysc/lite_cog_ros2/nav/install/hdl_localization/share/hdl_localization/cmake/hdl_localization__rosidl_typesupport_cppExport.cmake\n'}
[283.940889] (hdl_localization) StdoutLine: {'line': b'-- Installing: /home/ysc/lite_cog_ros2/nav/install/hdl_localization/share/hdl_localization/cmake/hdl_localization__rosidl_typesupport_cppExport-release.cmake\n'}
[283.954724] (hdl_localization) CommandEnded: {'returncode': 0}
[284.024177] (-) TimerEvent: {}
[284.125500] (-) TimerEvent: {}
[284.226997] (-) TimerEvent: {}
[284.328243] (-) TimerEvent: {}
[284.429471] (-) TimerEvent: {}
[284.531211] (-) TimerEvent: {}
[284.633767] (-) TimerEvent: {}
[284.735444] (-) TimerEvent: {}
[284.836362] (-) TimerEvent: {}
[284.937566] (-) TimerEvent: {}
[285.023617] (hdl_localization) JobEnded: {'identifier': 'hdl_localization', 'rc': 0}
[285.030833] (-) EventReactorShutdown: {}
