[0.000000] (-) TimerEvent: {}
[0.002345] (dr_nav2) JobQueued: {'identifier': 'dr_nav2', 'dependencies': OrderedDict()}
[0.003053] (hdl_global_localization) JobQueued: {'identifier': 'hdl_global_localization', 'dependencies': OrderedDict()}
[0.003726] (sensor_test) JobQueued: {'identifier': 'sensor_test', 'dependencies': OrderedDict()}
[0.003996] (hdl_localization) JobQueued: {'identifier': 'hdl_localization', 'dependencies': OrderedDict([('hdl_global_localization', '/home/ysc/lite_cog_ros2/nav/install/hdl_global_localization')])}
[0.004439] (hdl_global_localization) JobStarted: {'identifier': 'hdl_global_localization'}
[0.098370] (-) TimerEvent: {}
[0.199418] (-) TimerEvent: {}
[0.300540] (-) TimerEvent: {}
[0.345526] (dr_nav2) JobStarted: {'identifier': 'dr_nav2'}
[0.402696] (sensor_test) JobStarted: {'identifier': 'sensor_test'}
[0.404744] (-) TimerEvent: {}
[0.466732] (hdl_global_localization) JobProgress: {'identifier': 'hdl_global_localization', 'progress': 'cmake'}
[0.473888] (hdl_global_localization) Command: {'cmd': ['/usr/bin/cmake', '/home/ysc/lite_cog_ros2/nav/src/hdl_global_localization', '-DAMENT_CMAKE_SYMLINK_INSTALL=1', '-DCMAKE_INSTALL_PREFIX=/home/ysc/lite_cog_ros2/nav/install/hdl_global_localization'], 'cwd': '/home/ysc/lite_cog_ros2/nav/build/hdl_global_localization', 'env': OrderedDict([('GJS_DEBUG_TOPICS', 'JS ERROR;JS LOG'), ('LESSOPEN', '| /usr/bin/lesspipe %s'), ('USER', 'ysc'), ('LC_TIME', 'zh_CN.UTF-8'), ('SSH_AGENT_PID', '1781'), ('XDG_SESSION_TYPE', 'x11'), ('SHLVL', '1'), ('LD_LIBRARY_PATH', '/usr/lib/aarch64-linux-gnu/gazebo-11/plugins:/opt/ros/foxy/opt/yaml_cpp_vendor/lib:/opt/ros/foxy/opt/rviz_ogre_vendor/lib:/opt/ros/foxy/lib/aarch64-linux-gnu:/opt/ros/foxy/lib:/usr/local/cuda-11.4/lib64:'), ('HOME', '/home/ysc'), ('OLDPWD', '/home/ysc/lite_cog_ros2/nav/src'), ('DESKTOP_SESSION', 'ubuntu'), ('ROS_PYTHON_VERSION', '3'), ('GNOME_SHELL_SESSION_MODE', 'ubuntu'), ('GTK_MODULES', 'gail:atk-bridge'), ('LC_MONETARY', 'zh_CN.UTF-8'), ('MANAGERPID', '1392'), ('ROS_LOG_DIR', '/home/ysc/lite_cog_ros2/system/log'), ('DBUS_SESSION_BUS_ADDRESS', 'unix:path=/run/user/1000/bus'), ('COLORTERM', 'truecolor'), ('_colcon_cd_root', '/opt/ros/foxy/'), ('IM_CONFIG_PHASE', '1'), ('ROS_DISTRO', 'foxy'), ('LOGNAME', 'ysc'), ('JOURNAL_STREAM', '8:49519'), ('_', '/usr/bin/colcon'), ('ROS_VERSION', '2'), ('XDG_SESSION_CLASS', 'user'), ('USERNAME', 'ysc'), ('TERM', 'xterm-256color'), ('GNOME_DESKTOP_SESSION_ID', 'this-is-deprecated'), ('ROS_LOCALHOST_ONLY', '0'), ('WINDOWPATH', '2'), ('PATH', '/opt/ros/foxy/bin:/usr/local/cuda-11.4/bin:/home/ysc/.local/bin:/usr/local/sbin:/usr/local/bin:/usr/sbin:/usr/bin:/sbin:/bin:/usr/games:/usr/local/games:/snap/bin'), ('SESSION_MANAGER', 'local/lite:@/tmp/.ICE-unix/1892,unix/lite:/tmp/.ICE-unix/1892'), ('FASTRTPS_DEFAULT_PROFILES_FILE', '/home/ysc/lite_cog_ros2/system/fastdds_profile.xml'), ('INVOCATION_ID', '602cc523dfa449b4a6d72237820dc3dc'), ('XDG_MENU_PREFIX', 'gnome-'), ('LC_ADDRESS', 'zh_CN.UTF-8'), ('GNOME_TERMINAL_SCREEN', '/org/gnome/Terminal/screen/541f4142_ea0f_4065_b3be_af388ccb6792'), ('XDG_RUNTIME_DIR', '/run/user/1000'), ('DISPLAY', ':0'), ('LANG', 'en_US.UTF-8'), ('XDG_CURRENT_DESKTOP', 'ubuntu:GNOME'), ('LC_TELEPHONE', 'zh_CN.UTF-8'), ('XMODIFIERS', '@im=ibus'), ('XDG_SESSION_DESKTOP', 'ubuntu'), ('XAUTHORITY', '/run/user/1000/gdm/Xauthority'), ('LS_COLORS', 'rs=0:di=01;34:ln=01;36:mh=00:pi=40;33:so=01;35:do=01;35:bd=40;33;01:cd=40;33;01:or=40;31;01:mi=00:su=37;41:sg=30;43:ca=30;41:tw=30;42:ow=34;42:st=37;44:ex=01;32:*.tar=01;31:*.tgz=01;31:*.arc=01;31:*.arj=01;31:*.taz=01;31:*.lha=01;31:*.lz4=01;31:*.lzh=01;31:*.lzma=01;31:*.tlz=01;31:*.txz=01;31:*.tzo=01;31:*.t7z=01;31:*.zip=01;31:*.z=01;31:*.dz=01;31:*.gz=01;31:*.lrz=01;31:*.lz=01;31:*.lzo=01;31:*.xz=01;31:*.zst=01;31:*.tzst=01;31:*.bz2=01;31:*.bz=01;31:*.tbz=01;31:*.tbz2=01;31:*.tz=01;31:*.deb=01;31:*.rpm=01;31:*.jar=01;31:*.war=01;31:*.ear=01;31:*.sar=01;31:*.rar=01;31:*.alz=01;31:*.ace=01;31:*.zoo=01;31:*.cpio=01;31:*.7z=01;31:*.rz=01;31:*.cab=01;31:*.wim=01;31:*.swm=01;31:*.dwm=01;31:*.esd=01;31:*.jpg=01;35:*.jpeg=01;35:*.mjpg=01;35:*.mjpeg=01;35:*.gif=01;35:*.bmp=01;35:*.pbm=01;35:*.pgm=01;35:*.ppm=01;35:*.tga=01;35:*.xbm=01;35:*.xpm=01;35:*.tif=01;35:*.tiff=01;35:*.png=01;35:*.svg=01;35:*.svgz=01;35:*.mng=01;35:*.pcx=01;35:*.mov=01;35:*.mpg=01;35:*.mpeg=01;35:*.m2v=01;35:*.mkv=01;35:*.webm=01;35:*.ogm=01;35:*.mp4=01;35:*.m4v=01;35:*.mp4v=01;35:*.vob=01;35:*.qt=01;35:*.nuv=01;35:*.wmv=01;35:*.asf=01;35:*.rm=01;35:*.rmvb=01;35:*.flc=01;35:*.avi=01;35:*.fli=01;35:*.flv=01;35:*.gl=01;35:*.dl=01;35:*.xcf=01;35:*.xwd=01;35:*.yuv=01;35:*.cgm=01;35:*.emf=01;35:*.ogv=01;35:*.ogx=01;35:*.aac=00;36:*.au=00;36:*.flac=00;36:*.m4a=00;36:*.mid=00;36:*.midi=00;36:*.mka=00;36:*.mp3=00;36:*.mpc=00;36:*.ogg=00;36:*.ra=00;36:*.wav=00;36:*.oga=00;36:*.opus=00;36:*.spx=00;36:*.xspf=00;36:'), ('GNOME_TERMINAL_SERVICE', ':1.91'), ('SSH_AUTH_SOCK', '/run/user/1000/keyring/ssh'), ('ROS_DOMAIN_ID', '0'), ('AMENT_PREFIX_PATH', '/opt/ros/foxy'), ('SHELL', '/bin/bash'), ('LC_NAME', 'zh_CN.UTF-8'), ('QT_ACCESSIBILITY', '1'), ('GDMSESSION', 'ubuntu'), ('LESSCLOSE', '/usr/bin/lesspipe %s %s'), ('LC_MEASUREMENT', 'zh_CN.UTF-8'), ('GPG_AGENT_INFO', '/run/user/1000/gnupg/S.gpg-agent:0:1'), ('GJS_DEBUG_OUTPUT', 'stderr'), ('LC_IDENTIFICATION', 'zh_CN.UTF-8'), ('QT_IM_MODULE', 'ibus'), ('PWD', '/home/ysc/lite_cog_ros2/nav/build/hdl_global_localization'), ('LC_ALL', 'en_US.UTF-8'), ('XDG_CONFIG_DIRS', '/etc/xdg/xdg-ubuntu:/etc/xdg'), ('XDG_DATA_DIRS', '/usr/share/ubuntu:/usr/local/share/:/usr/share/:/var/lib/snapd/desktop'), ('PYTHONPATH', '/opt/ros/foxy/lib/python3.8/site-packages'), ('LC_NUMERIC', 'zh_CN.UTF-8'), ('LC_PAPER', 'zh_CN.UTF-8'), ('COLCON', '1'), ('VTE_VERSION', '6003'), ('CMAKE_PREFIX_PATH', '/opt/ros/foxy')]), 'shell': False}
[0.506993] (-) TimerEvent: {}
[0.611094] (-) TimerEvent: {}
[0.670029] (dr_nav2) JobProgress: {'identifier': 'dr_nav2', 'progress': 'cmake'}
[0.673829] (dr_nav2) Command: {'cmd': ['/usr/bin/cmake', '/home/ysc/lite_cog_ros2/nav/src/dr_nav2', '-DAMENT_CMAKE_SYMLINK_INSTALL=1', '-DCMAKE_INSTALL_PREFIX=/home/ysc/lite_cog_ros2/nav/install/dr_nav2'], 'cwd': '/home/ysc/lite_cog_ros2/nav/build/dr_nav2', 'env': OrderedDict([('GJS_DEBUG_TOPICS', 'JS ERROR;JS LOG'), ('LESSOPEN', '| /usr/bin/lesspipe %s'), ('USER', 'ysc'), ('LC_TIME', 'zh_CN.UTF-8'), ('SSH_AGENT_PID', '1781'), ('XDG_SESSION_TYPE', 'x11'), ('SHLVL', '1'), ('LD_LIBRARY_PATH', '/usr/lib/aarch64-linux-gnu/gazebo-11/plugins:/opt/ros/foxy/opt/yaml_cpp_vendor/lib:/opt/ros/foxy/opt/rviz_ogre_vendor/lib:/opt/ros/foxy/lib/aarch64-linux-gnu:/opt/ros/foxy/lib:/usr/local/cuda-11.4/lib64:'), ('HOME', '/home/ysc'), ('OLDPWD', '/home/ysc/lite_cog_ros2/nav/src'), ('DESKTOP_SESSION', 'ubuntu'), ('ROS_PYTHON_VERSION', '3'), ('GNOME_SHELL_SESSION_MODE', 'ubuntu'), ('GTK_MODULES', 'gail:atk-bridge'), ('LC_MONETARY', 'zh_CN.UTF-8'), ('MANAGERPID', '1392'), ('ROS_LOG_DIR', '/home/ysc/lite_cog_ros2/system/log'), ('DBUS_SESSION_BUS_ADDRESS', 'unix:path=/run/user/1000/bus'), ('COLORTERM', 'truecolor'), ('_colcon_cd_root', '/opt/ros/foxy/'), ('IM_CONFIG_PHASE', '1'), ('ROS_DISTRO', 'foxy'), ('LOGNAME', 'ysc'), ('JOURNAL_STREAM', '8:49519'), ('_', '/usr/bin/colcon'), ('ROS_VERSION', '2'), ('XDG_SESSION_CLASS', 'user'), ('USERNAME', 'ysc'), ('TERM', 'xterm-256color'), ('GNOME_DESKTOP_SESSION_ID', 'this-is-deprecated'), ('ROS_LOCALHOST_ONLY', '0'), ('WINDOWPATH', '2'), ('PATH', '/opt/ros/foxy/bin:/usr/local/cuda-11.4/bin:/home/ysc/.local/bin:/usr/local/sbin:/usr/local/bin:/usr/sbin:/usr/bin:/sbin:/bin:/usr/games:/usr/local/games:/snap/bin'), ('SESSION_MANAGER', 'local/lite:@/tmp/.ICE-unix/1892,unix/lite:/tmp/.ICE-unix/1892'), ('FASTRTPS_DEFAULT_PROFILES_FILE', '/home/ysc/lite_cog_ros2/system/fastdds_profile.xml'), ('INVOCATION_ID', '602cc523dfa449b4a6d72237820dc3dc'), ('XDG_MENU_PREFIX', 'gnome-'), ('LC_ADDRESS', 'zh_CN.UTF-8'), ('GNOME_TERMINAL_SCREEN', '/org/gnome/Terminal/screen/541f4142_ea0f_4065_b3be_af388ccb6792'), ('XDG_RUNTIME_DIR', '/run/user/1000'), ('DISPLAY', ':0'), ('LANG', 'en_US.UTF-8'), ('XDG_CURRENT_DESKTOP', 'ubuntu:GNOME'), ('LC_TELEPHONE', 'zh_CN.UTF-8'), ('XMODIFIERS', '@im=ibus'), ('XDG_SESSION_DESKTOP', 'ubuntu'), ('XAUTHORITY', '/run/user/1000/gdm/Xauthority'), ('LS_COLORS', 'rs=0:di=01;34:ln=01;36:mh=00:pi=40;33:so=01;35:do=01;35:bd=40;33;01:cd=40;33;01:or=40;31;01:mi=00:su=37;41:sg=30;43:ca=30;41:tw=30;42:ow=34;42:st=37;44:ex=01;32:*.tar=01;31:*.tgz=01;31:*.arc=01;31:*.arj=01;31:*.taz=01;31:*.lha=01;31:*.lz4=01;31:*.lzh=01;31:*.lzma=01;31:*.tlz=01;31:*.txz=01;31:*.tzo=01;31:*.t7z=01;31:*.zip=01;31:*.z=01;31:*.dz=01;31:*.gz=01;31:*.lrz=01;31:*.lz=01;31:*.lzo=01;31:*.xz=01;31:*.zst=01;31:*.tzst=01;31:*.bz2=01;31:*.bz=01;31:*.tbz=01;31:*.tbz2=01;31:*.tz=01;31:*.deb=01;31:*.rpm=01;31:*.jar=01;31:*.war=01;31:*.ear=01;31:*.sar=01;31:*.rar=01;31:*.alz=01;31:*.ace=01;31:*.zoo=01;31:*.cpio=01;31:*.7z=01;31:*.rz=01;31:*.cab=01;31:*.wim=01;31:*.swm=01;31:*.dwm=01;31:*.esd=01;31:*.jpg=01;35:*.jpeg=01;35:*.mjpg=01;35:*.mjpeg=01;35:*.gif=01;35:*.bmp=01;35:*.pbm=01;35:*.pgm=01;35:*.ppm=01;35:*.tga=01;35:*.xbm=01;35:*.xpm=01;35:*.tif=01;35:*.tiff=01;35:*.png=01;35:*.svg=01;35:*.svgz=01;35:*.mng=01;35:*.pcx=01;35:*.mov=01;35:*.mpg=01;35:*.mpeg=01;35:*.m2v=01;35:*.mkv=01;35:*.webm=01;35:*.ogm=01;35:*.mp4=01;35:*.m4v=01;35:*.mp4v=01;35:*.vob=01;35:*.qt=01;35:*.nuv=01;35:*.wmv=01;35:*.asf=01;35:*.rm=01;35:*.rmvb=01;35:*.flc=01;35:*.avi=01;35:*.fli=01;35:*.flv=01;35:*.gl=01;35:*.dl=01;35:*.xcf=01;35:*.xwd=01;35:*.yuv=01;35:*.cgm=01;35:*.emf=01;35:*.ogv=01;35:*.ogx=01;35:*.aac=00;36:*.au=00;36:*.flac=00;36:*.m4a=00;36:*.mid=00;36:*.midi=00;36:*.mka=00;36:*.mp3=00;36:*.mpc=00;36:*.ogg=00;36:*.ra=00;36:*.wav=00;36:*.oga=00;36:*.opus=00;36:*.spx=00;36:*.xspf=00;36:'), ('GNOME_TERMINAL_SERVICE', ':1.91'), ('SSH_AUTH_SOCK', '/run/user/1000/keyring/ssh'), ('ROS_DOMAIN_ID', '0'), ('AMENT_PREFIX_PATH', '/opt/ros/foxy'), ('SHELL', '/bin/bash'), ('LC_NAME', 'zh_CN.UTF-8'), ('QT_ACCESSIBILITY', '1'), ('GDMSESSION', 'ubuntu'), ('LESSCLOSE', '/usr/bin/lesspipe %s %s'), ('LC_MEASUREMENT', 'zh_CN.UTF-8'), ('GPG_AGENT_INFO', '/run/user/1000/gnupg/S.gpg-agent:0:1'), ('GJS_DEBUG_OUTPUT', 'stderr'), ('LC_IDENTIFICATION', 'zh_CN.UTF-8'), ('QT_IM_MODULE', 'ibus'), ('PWD', '/home/ysc/lite_cog_ros2/nav/build/dr_nav2'), ('LC_ALL', 'en_US.UTF-8'), ('XDG_CONFIG_DIRS', '/etc/xdg/xdg-ubuntu:/etc/xdg'), ('XDG_DATA_DIRS', '/usr/share/ubuntu:/usr/local/share/:/usr/share/:/var/lib/snapd/desktop'), ('PYTHONPATH', '/opt/ros/foxy/lib/python3.8/site-packages'), ('LC_NUMERIC', 'zh_CN.UTF-8'), ('LC_PAPER', 'zh_CN.UTF-8'), ('COLCON', '1'), ('VTE_VERSION', '6003'), ('CMAKE_PREFIX_PATH', '/opt/ros/foxy')]), 'shell': False}
[0.703644] (sensor_test) JobProgress: {'identifier': 'sensor_test', 'progress': 'cmake'}
[0.705501] (sensor_test) Command: {'cmd': ['/usr/bin/cmake', '/home/ysc/lite_cog_ros2/nav/src/sensor_test', '-DAMENT_CMAKE_SYMLINK_INSTALL=1', '-DCMAKE_INSTALL_PREFIX=/home/ysc/lite_cog_ros2/nav/install/sensor_test'], 'cwd': '/home/ysc/lite_cog_ros2/nav/build/sensor_test', 'env': OrderedDict([('GJS_DEBUG_TOPICS', 'JS ERROR;JS LOG'), ('LESSOPEN', '| /usr/bin/lesspipe %s'), ('USER', 'ysc'), ('LC_TIME', 'zh_CN.UTF-8'), ('SSH_AGENT_PID', '1781'), ('XDG_SESSION_TYPE', 'x11'), ('SHLVL', '1'), ('LD_LIBRARY_PATH', '/usr/lib/aarch64-linux-gnu/gazebo-11/plugins:/opt/ros/foxy/opt/yaml_cpp_vendor/lib:/opt/ros/foxy/opt/rviz_ogre_vendor/lib:/opt/ros/foxy/lib/aarch64-linux-gnu:/opt/ros/foxy/lib:/usr/local/cuda-11.4/lib64:'), ('HOME', '/home/ysc'), ('OLDPWD', '/home/ysc/lite_cog_ros2/nav/src'), ('DESKTOP_SESSION', 'ubuntu'), ('ROS_PYTHON_VERSION', '3'), ('GNOME_SHELL_SESSION_MODE', 'ubuntu'), ('GTK_MODULES', 'gail:atk-bridge'), ('LC_MONETARY', 'zh_CN.UTF-8'), ('MANAGERPID', '1392'), ('ROS_LOG_DIR', '/home/ysc/lite_cog_ros2/system/log'), ('DBUS_SESSION_BUS_ADDRESS', 'unix:path=/run/user/1000/bus'), ('COLORTERM', 'truecolor'), ('_colcon_cd_root', '/opt/ros/foxy/'), ('IM_CONFIG_PHASE', '1'), ('ROS_DISTRO', 'foxy'), ('LOGNAME', 'ysc'), ('JOURNAL_STREAM', '8:49519'), ('_', '/usr/bin/colcon'), ('ROS_VERSION', '2'), ('XDG_SESSION_CLASS', 'user'), ('USERNAME', 'ysc'), ('TERM', 'xterm-256color'), ('GNOME_DESKTOP_SESSION_ID', 'this-is-deprecated'), ('ROS_LOCALHOST_ONLY', '0'), ('WINDOWPATH', '2'), ('PATH', '/opt/ros/foxy/bin:/usr/local/cuda-11.4/bin:/home/ysc/.local/bin:/usr/local/sbin:/usr/local/bin:/usr/sbin:/usr/bin:/sbin:/bin:/usr/games:/usr/local/games:/snap/bin'), ('SESSION_MANAGER', 'local/lite:@/tmp/.ICE-unix/1892,unix/lite:/tmp/.ICE-unix/1892'), ('FASTRTPS_DEFAULT_PROFILES_FILE', '/home/ysc/lite_cog_ros2/system/fastdds_profile.xml'), ('INVOCATION_ID', '602cc523dfa449b4a6d72237820dc3dc'), ('XDG_MENU_PREFIX', 'gnome-'), ('LC_ADDRESS', 'zh_CN.UTF-8'), ('GNOME_TERMINAL_SCREEN', '/org/gnome/Terminal/screen/541f4142_ea0f_4065_b3be_af388ccb6792'), ('XDG_RUNTIME_DIR', '/run/user/1000'), ('DISPLAY', ':0'), ('LANG', 'en_US.UTF-8'), ('XDG_CURRENT_DESKTOP', 'ubuntu:GNOME'), ('LC_TELEPHONE', 'zh_CN.UTF-8'), ('XMODIFIERS', '@im=ibus'), ('XDG_SESSION_DESKTOP', 'ubuntu'), ('XAUTHORITY', '/run/user/1000/gdm/Xauthority'), ('LS_COLORS', 'rs=0:di=01;34:ln=01;36:mh=00:pi=40;33:so=01;35:do=01;35:bd=40;33;01:cd=40;33;01:or=40;31;01:mi=00:su=37;41:sg=30;43:ca=30;41:tw=30;42:ow=34;42:st=37;44:ex=01;32:*.tar=01;31:*.tgz=01;31:*.arc=01;31:*.arj=01;31:*.taz=01;31:*.lha=01;31:*.lz4=01;31:*.lzh=01;31:*.lzma=01;31:*.tlz=01;31:*.txz=01;31:*.tzo=01;31:*.t7z=01;31:*.zip=01;31:*.z=01;31:*.dz=01;31:*.gz=01;31:*.lrz=01;31:*.lz=01;31:*.lzo=01;31:*.xz=01;31:*.zst=01;31:*.tzst=01;31:*.bz2=01;31:*.bz=01;31:*.tbz=01;31:*.tbz2=01;31:*.tz=01;31:*.deb=01;31:*.rpm=01;31:*.jar=01;31:*.war=01;31:*.ear=01;31:*.sar=01;31:*.rar=01;31:*.alz=01;31:*.ace=01;31:*.zoo=01;31:*.cpio=01;31:*.7z=01;31:*.rz=01;31:*.cab=01;31:*.wim=01;31:*.swm=01;31:*.dwm=01;31:*.esd=01;31:*.jpg=01;35:*.jpeg=01;35:*.mjpg=01;35:*.mjpeg=01;35:*.gif=01;35:*.bmp=01;35:*.pbm=01;35:*.pgm=01;35:*.ppm=01;35:*.tga=01;35:*.xbm=01;35:*.xpm=01;35:*.tif=01;35:*.tiff=01;35:*.png=01;35:*.svg=01;35:*.svgz=01;35:*.mng=01;35:*.pcx=01;35:*.mov=01;35:*.mpg=01;35:*.mpeg=01;35:*.m2v=01;35:*.mkv=01;35:*.webm=01;35:*.ogm=01;35:*.mp4=01;35:*.m4v=01;35:*.mp4v=01;35:*.vob=01;35:*.qt=01;35:*.nuv=01;35:*.wmv=01;35:*.asf=01;35:*.rm=01;35:*.rmvb=01;35:*.flc=01;35:*.avi=01;35:*.fli=01;35:*.flv=01;35:*.gl=01;35:*.dl=01;35:*.xcf=01;35:*.xwd=01;35:*.yuv=01;35:*.cgm=01;35:*.emf=01;35:*.ogv=01;35:*.ogx=01;35:*.aac=00;36:*.au=00;36:*.flac=00;36:*.m4a=00;36:*.mid=00;36:*.midi=00;36:*.mka=00;36:*.mp3=00;36:*.mpc=00;36:*.ogg=00;36:*.ra=00;36:*.wav=00;36:*.oga=00;36:*.opus=00;36:*.spx=00;36:*.xspf=00;36:'), ('GNOME_TERMINAL_SERVICE', ':1.91'), ('SSH_AUTH_SOCK', '/run/user/1000/keyring/ssh'), ('ROS_DOMAIN_ID', '0'), ('AMENT_PREFIX_PATH', '/opt/ros/foxy'), ('SHELL', '/bin/bash'), ('LC_NAME', 'zh_CN.UTF-8'), ('QT_ACCESSIBILITY', '1'), ('GDMSESSION', 'ubuntu'), ('LESSCLOSE', '/usr/bin/lesspipe %s %s'), ('LC_MEASUREMENT', 'zh_CN.UTF-8'), ('GPG_AGENT_INFO', '/run/user/1000/gnupg/S.gpg-agent:0:1'), ('GJS_DEBUG_OUTPUT', 'stderr'), ('LC_IDENTIFICATION', 'zh_CN.UTF-8'), ('QT_IM_MODULE', 'ibus'), ('PWD', '/home/ysc/lite_cog_ros2/nav/build/sensor_test'), ('LC_ALL', 'en_US.UTF-8'), ('XDG_CONFIG_DIRS', '/etc/xdg/xdg-ubuntu:/etc/xdg'), ('XDG_DATA_DIRS', '/usr/share/ubuntu:/usr/local/share/:/usr/share/:/var/lib/snapd/desktop'), ('PYTHONPATH', '/opt/ros/foxy/lib/python3.8/site-packages'), ('LC_NUMERIC', 'zh_CN.UTF-8'), ('LC_PAPER', 'zh_CN.UTF-8'), ('COLCON', '1'), ('VTE_VERSION', '6003'), ('CMAKE_PREFIX_PATH', '/opt/ros/foxy')]), 'shell': False}
[0.719544] (-) TimerEvent: {}
[0.822470] (-) TimerEvent: {}
[0.923914] (-) TimerEvent: {}
[1.025140] (-) TimerEvent: {}
[1.126362] (-) TimerEvent: {}
[1.227495] (-) TimerEvent: {}
[1.329786] (-) TimerEvent: {}
[1.431152] (-) TimerEvent: {}
[1.532364] (-) TimerEvent: {}
[1.633817] (-) TimerEvent: {}
[1.735096] (-) TimerEvent: {}
[1.836325] (-) TimerEvent: {}
[1.937483] (-) TimerEvent: {}
[2.038708] (-) TimerEvent: {}
[2.140364] (-) TimerEvent: {}
[2.241566] (-) TimerEvent: {}
[2.342700] (-) TimerEvent: {}
[2.443870] (-) TimerEvent: {}
[2.545126] (-) TimerEvent: {}
[2.646328] (-) TimerEvent: {}
[2.690575] (sensor_test) StdoutLine: {'line': b'-- The C compiler identification is GNU 9.4.0\n'}
[2.699562] (dr_nav2) StdoutLine: {'line': b'-- The C compiler identification is GNU 9.4.0\n'}
[2.726179] (hdl_global_localization) StdoutLine: {'line': b'-- The C compiler identification is GNU 9.4.0\n'}
[2.746569] (-) TimerEvent: {}
[2.848435] (-) TimerEvent: {}
[2.951228] (-) TimerEvent: {}
[3.052682] (-) TimerEvent: {}
[3.154387] (-) TimerEvent: {}
[3.256877] (-) TimerEvent: {}
[3.360506] (-) TimerEvent: {}
[3.461796] (-) TimerEvent: {}
[3.563067] (-) TimerEvent: {}
[3.664378] (-) TimerEvent: {}
[3.766918] (-) TimerEvent: {}
[3.870808] (-) TimerEvent: {}
[3.973664] (-) TimerEvent: {}
[3.977523] (sensor_test) StdoutLine: {'line': b'-- The CXX compiler identification is GNU 9.4.0\n'}
[3.992003] (dr_nav2) StdoutLine: {'line': b'-- The CXX compiler identification is GNU 9.4.0\n'}
[4.035596] (hdl_global_localization) StdoutLine: {'line': b'-- The CXX compiler identification is GNU 9.4.0\n'}
[4.073915] (-) TimerEvent: {}
[4.170545] (dr_nav2) StdoutLine: {'line': b'-- Check for working C compiler: /usr/bin/cc\n'}
[4.172148] (hdl_global_localization) StdoutLine: {'line': b'-- Check for working C compiler: /usr/bin/cc\n'}
[4.172907] (sensor_test) StdoutLine: {'line': b'-- Check for working C compiler: /usr/bin/cc\n'}
[4.175073] (-) TimerEvent: {}
[4.276719] (-) TimerEvent: {}
[4.379546] (-) TimerEvent: {}
[4.481809] (-) TimerEvent: {}
[4.583704] (-) TimerEvent: {}
[4.685206] (-) TimerEvent: {}
[4.786588] (-) TimerEvent: {}
[4.888426] (-) TimerEvent: {}
[4.961038] (hdl_global_localization) StdoutLine: {'line': b'-- Check for working C compiler: /usr/bin/cc -- works\n'}
[4.969636] (sensor_test) StdoutLine: {'line': b'-- Check for working C compiler: /usr/bin/cc -- works\n'}
[4.983361] (dr_nav2) StdoutLine: {'line': b'-- Check for working C compiler: /usr/bin/cc -- works\n'}
[4.988429] (-) TimerEvent: {}
[5.090075] (-) TimerEvent: {}
[5.113625] (dr_nav2) StdoutLine: {'line': b'-- Detecting C compiler ABI info\n'}
[5.114685] (hdl_global_localization) StdoutLine: {'line': b'-- Detecting C compiler ABI info\n'}
[5.115460] (sensor_test) StdoutLine: {'line': b'-- Detecting C compiler ABI info\n'}
[5.190833] (-) TimerEvent: {}
[5.292253] (-) TimerEvent: {}
[5.393381] (-) TimerEvent: {}
[5.494496] (-) TimerEvent: {}
[5.595851] (-) TimerEvent: {}
[5.699696] (-) TimerEvent: {}
[5.942335] (-) TimerEvent: {}
[5.954062] (dr_nav2) StdoutLine: {'line': b'-- Detecting C compiler ABI info - done\n'}
[5.975114] (hdl_global_localization) StdoutLine: {'line': b'-- Detecting C compiler ABI info - done\n'}
[5.993932] (sensor_test) StdoutLine: {'line': b'-- Detecting C compiler ABI info - done\n'}
[6.042709] (-) TimerEvent: {}
[6.144207] (-) TimerEvent: {}
[6.183692] (dr_nav2) StdoutLine: {'line': b'-- Detecting C compile features\n'}
[6.186116] (hdl_global_localization) StdoutLine: {'line': b'-- Detecting C compile features\n'}
[6.187177] (sensor_test) StdoutLine: {'line': b'-- Detecting C compile features\n'}
[6.188227] (dr_nav2) StdoutLine: {'line': b'-- Detecting C compile features - done\n'}
[6.189304] (sensor_test) StdoutLine: {'line': b'-- Detecting C compile features - done\n'}
[6.190044] (hdl_global_localization) StdoutLine: {'line': b'-- Detecting C compile features - done\n'}
[6.210278] (dr_nav2) StdoutLine: {'line': b'-- Check for working CXX compiler: /usr/bin/c++\n'}
[6.211190] (sensor_test) StdoutLine: {'line': b'-- Check for working CXX compiler: /usr/bin/c++\n'}
[6.214329] (hdl_global_localization) StdoutLine: {'line': b'-- Check for working CXX compiler: /usr/bin/c++\n'}
[6.244484] (-) TimerEvent: {}
[6.346259] (-) TimerEvent: {}
[6.447368] (-) TimerEvent: {}
[6.549251] (-) TimerEvent: {}
[6.650401] (-) TimerEvent: {}
[6.751526] (-) TimerEvent: {}
[6.852716] (-) TimerEvent: {}
[6.892888] (hdl_global_localization) StdoutLine: {'line': b'-- Check for working CXX compiler: /usr/bin/c++ -- works\n'}
[6.897943] (sensor_test) StdoutLine: {'line': b'-- Check for working CXX compiler: /usr/bin/c++ -- works\n'}
[6.902854] (hdl_global_localization) StdoutLine: {'line': b'-- Detecting CXX compiler ABI info\n'}
[6.908167] (sensor_test) StdoutLine: {'line': b'-- Detecting CXX compiler ABI info\n'}
[6.932540] (dr_nav2) StdoutLine: {'line': b'-- Check for working CXX compiler: /usr/bin/c++ -- works\n'}
[6.939773] (dr_nav2) StdoutLine: {'line': b'-- Detecting CXX compiler ABI info\n'}
[6.953198] (-) TimerEvent: {}
[7.055095] (-) TimerEvent: {}
[7.156820] (-) TimerEvent: {}
[7.258436] (-) TimerEvent: {}
[7.360750] (-) TimerEvent: {}
[7.462082] (-) TimerEvent: {}
[7.563887] (-) TimerEvent: {}
[7.592121] (sensor_test) StdoutLine: {'line': b'-- Detecting CXX compiler ABI info - done\n'}
[7.604278] (hdl_global_localization) StdoutLine: {'line': b'-- Detecting CXX compiler ABI info - done\n'}
[7.624487] (dr_nav2) StdoutLine: {'line': b'-- Detecting CXX compiler ABI info - done\n'}
[7.664142] (-) TimerEvent: {}
[7.699871] (hdl_global_localization) StdoutLine: {'line': b'-- Detecting CXX compile features\n'}
[7.700723] (sensor_test) StdoutLine: {'line': b'-- Detecting CXX compile features\n'}
[7.703873] (sensor_test) StdoutLine: {'line': b'-- Detecting CXX compile features - done\n'}
[7.704584] (hdl_global_localization) StdoutLine: {'line': b'-- Detecting CXX compile features - done\n'}
[7.736924] (dr_nav2) StdoutLine: {'line': b'-- Detecting CXX compile features\n'}
[7.742198] (dr_nav2) StdoutLine: {'line': b'-- Detecting CXX compile features - done\n'}
[7.764351] (-) TimerEvent: {}
[7.861358] (dr_nav2) StdoutLine: {'line': b'-- Found ament_cmake_auto: 0.9.12 (/opt/ros/foxy/share/ament_cmake_auto/cmake)\n'}
[7.862456] (sensor_test) StdoutLine: {'line': b'-- Found ament_cmake_auto: 0.9.12 (/opt/ros/foxy/share/ament_cmake_auto/cmake)\n'}
[7.864752] (-) TimerEvent: {}
[7.965776] (-) TimerEvent: {}
[7.969842] (hdl_global_localization) StdoutLine: {'line': b'-- Looking for pthread.h\n'}
[8.070748] (-) TimerEvent: {}
[8.112283] (sensor_test) StdoutLine: {'line': b'-- Found PythonInterp: /usr/bin/python3 (found suitable version "3.8.10", minimum required is "3") \n'}
[8.114260] (sensor_test) StdoutLine: {'line': b'-- Using PYTHON_EXECUTABLE: /usr/bin/python3\n'}
[8.146603] (dr_nav2) StdoutLine: {'line': b'-- Found PythonInterp: /usr/bin/python3 (found suitable version "3.8.10", minimum required is "3") \n'}
[8.147749] (dr_nav2) StdoutLine: {'line': b'-- Using PYTHON_EXECUTABLE: /usr/bin/python3\n'}
[8.171033] (-) TimerEvent: {}
[8.272090] (-) TimerEvent: {}
[8.373148] (-) TimerEvent: {}
[8.474206] (-) TimerEvent: {}
[8.575500] (-) TimerEvent: {}
[8.676086] (hdl_global_localization) StdoutLine: {'line': b'-- Looking for pthread.h - found\n'}
[8.676858] (-) TimerEvent: {}
[8.678506] (hdl_global_localization) StdoutLine: {'line': b'-- Performing Test CMAKE_HAVE_LIBC_PTHREAD\n'}
[8.777191] (-) TimerEvent: {}
[8.878630] (-) TimerEvent: {}
[8.980662] (-) TimerEvent: {}
[9.081870] (-) TimerEvent: {}
[9.183475] (-) TimerEvent: {}
[9.285261] (-) TimerEvent: {}
[9.387253] (-) TimerEvent: {}
[9.490896] (hdl_global_localization) StdoutLine: {'line': b'-- Performing Test CMAKE_HAVE_LIBC_PTHREAD - Failed\n'}
[9.491977] (-) TimerEvent: {}
[9.493004] (hdl_global_localization) StdoutLine: {'line': b'-- Looking for pthread_create in pthreads\n'}
[9.592228] (-) TimerEvent: {}
[9.687359] (sensor_test) StdoutLine: {'line': b'-- Override CMake install command with custom implementation using symlinks instead of copying resources\n'}
[9.692444] (-) TimerEvent: {}
[9.750066] (dr_nav2) StdoutLine: {'line': b'-- Override CMake install command with custom implementation using symlinks instead of copying resources\n'}
[9.792716] (-) TimerEvent: {}
[9.894218] (-) TimerEvent: {}
[9.995440] (-) TimerEvent: {}
[10.097219] (-) TimerEvent: {}
[10.174519] (hdl_global_localization) StdoutLine: {'line': b'-- Looking for pthread_create in pthreads - not found\n'}
[10.175979] (hdl_global_localization) StdoutLine: {'line': b'-- Looking for pthread_create in pthread\n'}
[10.197452] (-) TimerEvent: {}
[10.298675] (-) TimerEvent: {}
[10.400300] (-) TimerEvent: {}
[10.416187] (dr_nav2) StdoutLine: {'line': b'-- Configuring done\n'}
[10.431258] (dr_nav2) StdoutLine: {'line': b'-- Generating done\n'}
[10.437457] (dr_nav2) StdoutLine: {'line': b'-- Build files have been written to: /home/ysc/lite_cog_ros2/nav/build/dr_nav2\n'}
[10.469278] (dr_nav2) CommandEnded: {'returncode': 0}
[10.490952] (dr_nav2) JobProgress: {'identifier': 'dr_nav2', 'progress': 'build'}
[10.493764] (dr_nav2) Command: {'cmd': ['/usr/bin/cmake', '--build', '/home/ysc/lite_cog_ros2/nav/build/dr_nav2', '--', '-j6', '-l6'], 'cwd': '/home/ysc/lite_cog_ros2/nav/build/dr_nav2', 'env': OrderedDict([('GJS_DEBUG_TOPICS', 'JS ERROR;JS LOG'), ('LESSOPEN', '| /usr/bin/lesspipe %s'), ('USER', 'ysc'), ('LC_TIME', 'zh_CN.UTF-8'), ('SSH_AGENT_PID', '1781'), ('XDG_SESSION_TYPE', 'x11'), ('SHLVL', '1'), ('LD_LIBRARY_PATH', '/usr/lib/aarch64-linux-gnu/gazebo-11/plugins:/opt/ros/foxy/opt/yaml_cpp_vendor/lib:/opt/ros/foxy/opt/rviz_ogre_vendor/lib:/opt/ros/foxy/lib/aarch64-linux-gnu:/opt/ros/foxy/lib:/usr/local/cuda-11.4/lib64:'), ('HOME', '/home/ysc'), ('OLDPWD', '/home/ysc/lite_cog_ros2/nav/src'), ('DESKTOP_SESSION', 'ubuntu'), ('ROS_PYTHON_VERSION', '3'), ('GNOME_SHELL_SESSION_MODE', 'ubuntu'), ('GTK_MODULES', 'gail:atk-bridge'), ('LC_MONETARY', 'zh_CN.UTF-8'), ('MANAGERPID', '1392'), ('ROS_LOG_DIR', '/home/ysc/lite_cog_ros2/system/log'), ('DBUS_SESSION_BUS_ADDRESS', 'unix:path=/run/user/1000/bus'), ('COLORTERM', 'truecolor'), ('_colcon_cd_root', '/opt/ros/foxy/'), ('IM_CONFIG_PHASE', '1'), ('ROS_DISTRO', 'foxy'), ('LOGNAME', 'ysc'), ('JOURNAL_STREAM', '8:49519'), ('_', '/usr/bin/colcon'), ('ROS_VERSION', '2'), ('XDG_SESSION_CLASS', 'user'), ('USERNAME', 'ysc'), ('TERM', 'xterm-256color'), ('GNOME_DESKTOP_SESSION_ID', 'this-is-deprecated'), ('ROS_LOCALHOST_ONLY', '0'), ('WINDOWPATH', '2'), ('PATH', '/opt/ros/foxy/bin:/usr/local/cuda-11.4/bin:/home/ysc/.local/bin:/usr/local/sbin:/usr/local/bin:/usr/sbin:/usr/bin:/sbin:/bin:/usr/games:/usr/local/games:/snap/bin'), ('SESSION_MANAGER', 'local/lite:@/tmp/.ICE-unix/1892,unix/lite:/tmp/.ICE-unix/1892'), ('FASTRTPS_DEFAULT_PROFILES_FILE', '/home/ysc/lite_cog_ros2/system/fastdds_profile.xml'), ('INVOCATION_ID', '602cc523dfa449b4a6d72237820dc3dc'), ('XDG_MENU_PREFIX', 'gnome-'), ('LC_ADDRESS', 'zh_CN.UTF-8'), ('GNOME_TERMINAL_SCREEN', '/org/gnome/Terminal/screen/541f4142_ea0f_4065_b3be_af388ccb6792'), ('XDG_RUNTIME_DIR', '/run/user/1000'), ('DISPLAY', ':0'), ('LANG', 'en_US.UTF-8'), ('XDG_CURRENT_DESKTOP', 'ubuntu:GNOME'), ('LC_TELEPHONE', 'zh_CN.UTF-8'), ('XMODIFIERS', '@im=ibus'), ('XDG_SESSION_DESKTOP', 'ubuntu'), ('XAUTHORITY', '/run/user/1000/gdm/Xauthority'), ('LS_COLORS', 'rs=0:di=01;34:ln=01;36:mh=00:pi=40;33:so=01;35:do=01;35:bd=40;33;01:cd=40;33;01:or=40;31;01:mi=00:su=37;41:sg=30;43:ca=30;41:tw=30;42:ow=34;42:st=37;44:ex=01;32:*.tar=01;31:*.tgz=01;31:*.arc=01;31:*.arj=01;31:*.taz=01;31:*.lha=01;31:*.lz4=01;31:*.lzh=01;31:*.lzma=01;31:*.tlz=01;31:*.txz=01;31:*.tzo=01;31:*.t7z=01;31:*.zip=01;31:*.z=01;31:*.dz=01;31:*.gz=01;31:*.lrz=01;31:*.lz=01;31:*.lzo=01;31:*.xz=01;31:*.zst=01;31:*.tzst=01;31:*.bz2=01;31:*.bz=01;31:*.tbz=01;31:*.tbz2=01;31:*.tz=01;31:*.deb=01;31:*.rpm=01;31:*.jar=01;31:*.war=01;31:*.ear=01;31:*.sar=01;31:*.rar=01;31:*.alz=01;31:*.ace=01;31:*.zoo=01;31:*.cpio=01;31:*.7z=01;31:*.rz=01;31:*.cab=01;31:*.wim=01;31:*.swm=01;31:*.dwm=01;31:*.esd=01;31:*.jpg=01;35:*.jpeg=01;35:*.mjpg=01;35:*.mjpeg=01;35:*.gif=01;35:*.bmp=01;35:*.pbm=01;35:*.pgm=01;35:*.ppm=01;35:*.tga=01;35:*.xbm=01;35:*.xpm=01;35:*.tif=01;35:*.tiff=01;35:*.png=01;35:*.svg=01;35:*.svgz=01;35:*.mng=01;35:*.pcx=01;35:*.mov=01;35:*.mpg=01;35:*.mpeg=01;35:*.m2v=01;35:*.mkv=01;35:*.webm=01;35:*.ogm=01;35:*.mp4=01;35:*.m4v=01;35:*.mp4v=01;35:*.vob=01;35:*.qt=01;35:*.nuv=01;35:*.wmv=01;35:*.asf=01;35:*.rm=01;35:*.rmvb=01;35:*.flc=01;35:*.avi=01;35:*.fli=01;35:*.flv=01;35:*.gl=01;35:*.dl=01;35:*.xcf=01;35:*.xwd=01;35:*.yuv=01;35:*.cgm=01;35:*.emf=01;35:*.ogv=01;35:*.ogx=01;35:*.aac=00;36:*.au=00;36:*.flac=00;36:*.m4a=00;36:*.mid=00;36:*.midi=00;36:*.mka=00;36:*.mp3=00;36:*.mpc=00;36:*.ogg=00;36:*.ra=00;36:*.wav=00;36:*.oga=00;36:*.opus=00;36:*.spx=00;36:*.xspf=00;36:'), ('GNOME_TERMINAL_SERVICE', ':1.91'), ('SSH_AUTH_SOCK', '/run/user/1000/keyring/ssh'), ('ROS_DOMAIN_ID', '0'), ('AMENT_PREFIX_PATH', '/opt/ros/foxy'), ('SHELL', '/bin/bash'), ('LC_NAME', 'zh_CN.UTF-8'), ('QT_ACCESSIBILITY', '1'), ('GDMSESSION', 'ubuntu'), ('LESSCLOSE', '/usr/bin/lesspipe %s %s'), ('LC_MEASUREMENT', 'zh_CN.UTF-8'), ('GPG_AGENT_INFO', '/run/user/1000/gnupg/S.gpg-agent:0:1'), ('GJS_DEBUG_OUTPUT', 'stderr'), ('LC_IDENTIFICATION', 'zh_CN.UTF-8'), ('QT_IM_MODULE', 'ibus'), ('PWD', '/home/ysc/lite_cog_ros2/nav/build/dr_nav2'), ('LC_ALL', 'en_US.UTF-8'), ('XDG_CONFIG_DIRS', '/etc/xdg/xdg-ubuntu:/etc/xdg'), ('XDG_DATA_DIRS', '/usr/share/ubuntu:/usr/local/share/:/usr/share/:/var/lib/snapd/desktop'), ('PYTHONPATH', '/opt/ros/foxy/lib/python3.8/site-packages'), ('LC_NUMERIC', 'zh_CN.UTF-8'), ('LC_PAPER', 'zh_CN.UTF-8'), ('COLCON', '1'), ('VTE_VERSION', '6003'), ('CMAKE_PREFIX_PATH', '/opt/ros/foxy')]), 'shell': False}
[10.503807] (-) TimerEvent: {}
[10.605923] (-) TimerEvent: {}
[10.707088] (-) TimerEvent: {}
[10.827476] (hdl_global_localization) StdoutLine: {'line': b'-- Looking for pthread_create in pthread - found\n'}
[10.828493] (-) TimerEvent: {}
[10.837197] (hdl_global_localization) StdoutLine: {'line': b'-- Found Threads: TRUE  \n'}
[10.911580] (dr_nav2) CommandEnded: {'returncode': 0}
[10.936460] (-) TimerEvent: {}
[11.039636] (-) TimerEvent: {}
[11.066556] (dr_nav2) JobProgress: {'identifier': 'dr_nav2', 'progress': 'install'}
[11.143998] (-) TimerEvent: {}
[11.149903] (dr_nav2) Command: {'cmd': ['/usr/bin/cmake', '--install', '/home/ysc/lite_cog_ros2/nav/build/dr_nav2'], 'cwd': '/home/ysc/lite_cog_ros2/nav/build/dr_nav2', 'env': OrderedDict([('GJS_DEBUG_TOPICS', 'JS ERROR;JS LOG'), ('LESSOPEN', '| /usr/bin/lesspipe %s'), ('USER', 'ysc'), ('LC_TIME', 'zh_CN.UTF-8'), ('SSH_AGENT_PID', '1781'), ('XDG_SESSION_TYPE', 'x11'), ('SHLVL', '1'), ('LD_LIBRARY_PATH', '/usr/lib/aarch64-linux-gnu/gazebo-11/plugins:/opt/ros/foxy/opt/yaml_cpp_vendor/lib:/opt/ros/foxy/opt/rviz_ogre_vendor/lib:/opt/ros/foxy/lib/aarch64-linux-gnu:/opt/ros/foxy/lib:/usr/local/cuda-11.4/lib64:'), ('HOME', '/home/ysc'), ('OLDPWD', '/home/ysc/lite_cog_ros2/nav/src'), ('DESKTOP_SESSION', 'ubuntu'), ('ROS_PYTHON_VERSION', '3'), ('GNOME_SHELL_SESSION_MODE', 'ubuntu'), ('GTK_MODULES', 'gail:atk-bridge'), ('LC_MONETARY', 'zh_CN.UTF-8'), ('MANAGERPID', '1392'), ('ROS_LOG_DIR', '/home/ysc/lite_cog_ros2/system/log'), ('DBUS_SESSION_BUS_ADDRESS', 'unix:path=/run/user/1000/bus'), ('COLORTERM', 'truecolor'), ('_colcon_cd_root', '/opt/ros/foxy/'), ('IM_CONFIG_PHASE', '1'), ('ROS_DISTRO', 'foxy'), ('LOGNAME', 'ysc'), ('JOURNAL_STREAM', '8:49519'), ('_', '/usr/bin/colcon'), ('ROS_VERSION', '2'), ('XDG_SESSION_CLASS', 'user'), ('USERNAME', 'ysc'), ('TERM', 'xterm-256color'), ('GNOME_DESKTOP_SESSION_ID', 'this-is-deprecated'), ('ROS_LOCALHOST_ONLY', '0'), ('WINDOWPATH', '2'), ('PATH', '/opt/ros/foxy/bin:/usr/local/cuda-11.4/bin:/home/ysc/.local/bin:/usr/local/sbin:/usr/local/bin:/usr/sbin:/usr/bin:/sbin:/bin:/usr/games:/usr/local/games:/snap/bin'), ('SESSION_MANAGER', 'local/lite:@/tmp/.ICE-unix/1892,unix/lite:/tmp/.ICE-unix/1892'), ('FASTRTPS_DEFAULT_PROFILES_FILE', '/home/ysc/lite_cog_ros2/system/fastdds_profile.xml'), ('INVOCATION_ID', '602cc523dfa449b4a6d72237820dc3dc'), ('XDG_MENU_PREFIX', 'gnome-'), ('LC_ADDRESS', 'zh_CN.UTF-8'), ('GNOME_TERMINAL_SCREEN', '/org/gnome/Terminal/screen/541f4142_ea0f_4065_b3be_af388ccb6792'), ('XDG_RUNTIME_DIR', '/run/user/1000'), ('DISPLAY', ':0'), ('LANG', 'en_US.UTF-8'), ('XDG_CURRENT_DESKTOP', 'ubuntu:GNOME'), ('LC_TELEPHONE', 'zh_CN.UTF-8'), ('XMODIFIERS', '@im=ibus'), ('XDG_SESSION_DESKTOP', 'ubuntu'), ('XAUTHORITY', '/run/user/1000/gdm/Xauthority'), ('LS_COLORS', 'rs=0:di=01;34:ln=01;36:mh=00:pi=40;33:so=01;35:do=01;35:bd=40;33;01:cd=40;33;01:or=40;31;01:mi=00:su=37;41:sg=30;43:ca=30;41:tw=30;42:ow=34;42:st=37;44:ex=01;32:*.tar=01;31:*.tgz=01;31:*.arc=01;31:*.arj=01;31:*.taz=01;31:*.lha=01;31:*.lz4=01;31:*.lzh=01;31:*.lzma=01;31:*.tlz=01;31:*.txz=01;31:*.tzo=01;31:*.t7z=01;31:*.zip=01;31:*.z=01;31:*.dz=01;31:*.gz=01;31:*.lrz=01;31:*.lz=01;31:*.lzo=01;31:*.xz=01;31:*.zst=01;31:*.tzst=01;31:*.bz2=01;31:*.bz=01;31:*.tbz=01;31:*.tbz2=01;31:*.tz=01;31:*.deb=01;31:*.rpm=01;31:*.jar=01;31:*.war=01;31:*.ear=01;31:*.sar=01;31:*.rar=01;31:*.alz=01;31:*.ace=01;31:*.zoo=01;31:*.cpio=01;31:*.7z=01;31:*.rz=01;31:*.cab=01;31:*.wim=01;31:*.swm=01;31:*.dwm=01;31:*.esd=01;31:*.jpg=01;35:*.jpeg=01;35:*.mjpg=01;35:*.mjpeg=01;35:*.gif=01;35:*.bmp=01;35:*.pbm=01;35:*.pgm=01;35:*.ppm=01;35:*.tga=01;35:*.xbm=01;35:*.xpm=01;35:*.tif=01;35:*.tiff=01;35:*.png=01;35:*.svg=01;35:*.svgz=01;35:*.mng=01;35:*.pcx=01;35:*.mov=01;35:*.mpg=01;35:*.mpeg=01;35:*.m2v=01;35:*.mkv=01;35:*.webm=01;35:*.ogm=01;35:*.mp4=01;35:*.m4v=01;35:*.mp4v=01;35:*.vob=01;35:*.qt=01;35:*.nuv=01;35:*.wmv=01;35:*.asf=01;35:*.rm=01;35:*.rmvb=01;35:*.flc=01;35:*.avi=01;35:*.fli=01;35:*.flv=01;35:*.gl=01;35:*.dl=01;35:*.xcf=01;35:*.xwd=01;35:*.yuv=01;35:*.cgm=01;35:*.emf=01;35:*.ogv=01;35:*.ogx=01;35:*.aac=00;36:*.au=00;36:*.flac=00;36:*.m4a=00;36:*.mid=00;36:*.midi=00;36:*.mka=00;36:*.mp3=00;36:*.mpc=00;36:*.ogg=00;36:*.ra=00;36:*.wav=00;36:*.oga=00;36:*.opus=00;36:*.spx=00;36:*.xspf=00;36:'), ('GNOME_TERMINAL_SERVICE', ':1.91'), ('SSH_AUTH_SOCK', '/run/user/1000/keyring/ssh'), ('ROS_DOMAIN_ID', '0'), ('AMENT_PREFIX_PATH', '/opt/ros/foxy'), ('SHELL', '/bin/bash'), ('LC_NAME', 'zh_CN.UTF-8'), ('QT_ACCESSIBILITY', '1'), ('GDMSESSION', 'ubuntu'), ('LESSCLOSE', '/usr/bin/lesspipe %s %s'), ('LC_MEASUREMENT', 'zh_CN.UTF-8'), ('GPG_AGENT_INFO', '/run/user/1000/gnupg/S.gpg-agent:0:1'), ('GJS_DEBUG_OUTPUT', 'stderr'), ('LC_IDENTIFICATION', 'zh_CN.UTF-8'), ('QT_IM_MODULE', 'ibus'), ('PWD', '/home/ysc/lite_cog_ros2/nav/build/dr_nav2'), ('LC_ALL', 'en_US.UTF-8'), ('XDG_CONFIG_DIRS', '/etc/xdg/xdg-ubuntu:/etc/xdg'), ('XDG_DATA_DIRS', '/usr/share/ubuntu:/usr/local/share/:/usr/share/:/var/lib/snapd/desktop'), ('PYTHONPATH', '/opt/ros/foxy/lib/python3.8/site-packages'), ('LC_NUMERIC', 'zh_CN.UTF-8'), ('LC_PAPER', 'zh_CN.UTF-8'), ('COLCON', '1'), ('VTE_VERSION', '6003'), ('CMAKE_PREFIX_PATH', '/opt/ros/foxy')]), 'shell': False}
[11.222307] (dr_nav2) StdoutLine: {'line': b'-- Install configuration: ""\n'}
[11.225763] (dr_nav2) StdoutLine: {'line': b'-- Execute custom install script\n'}
[11.230094] (dr_nav2) StdoutLine: {'line': b'-- Symlinking: /home/ysc/lite_cog_ros2/nav/install/dr_nav2/share/dr_nav2/config/lite_nav2.yaml\n'}
[11.243930] (-) TimerEvent: {}
[11.290435] (dr_nav2) StdoutLine: {'line': b'-- Symlinking: /home/ysc/lite_cog_ros2/nav/install/dr_nav2/share/dr_nav2/launch/dr_nav2.launch.py\n'}
[11.344287] (-) TimerEvent: {}
[11.350757] (dr_nav2) StdoutLine: {'line': b'-- Symlinking: /home/ysc/lite_cog_ros2/nav/install/dr_nav2/share/dr_nav2/rviz/dr_nav2.rviz\n'}
[11.355967] (hdl_global_localization) StdoutLine: {'line': b'-- Found CUDA: /usr/local/cuda-11.4 (found suitable exact version "11.4") \n'}
[11.423414] (dr_nav2) StdoutLine: {'line': b'-- Symlinking: /home/ysc/lite_cog_ros2/nav/install/dr_nav2/share/ament_index/resource_index/package_run_dependencies/dr_nav2\n'}
[11.444500] (-) TimerEvent: {}
[11.483620] (dr_nav2) StdoutLine: {'line': b'-- Symlinking: /home/ysc/lite_cog_ros2/nav/install/dr_nav2/share/ament_index/resource_index/parent_prefix_path/dr_nav2\n'}
[11.544795] (-) TimerEvent: {}
[11.551323] (dr_nav2) StdoutLine: {'line': b'-- Symlinking: /home/ysc/lite_cog_ros2/nav/install/dr_nav2/share/dr_nav2/environment/ament_prefix_path.sh\n'}
[11.626697] (dr_nav2) StdoutLine: {'line': b'-- Symlinking: /home/ysc/lite_cog_ros2/nav/install/dr_nav2/share/dr_nav2/environment/ament_prefix_path.dsv\n'}
[11.642925] (hdl_global_localization) StdoutLine: {'line': b'-- Found OpenCV: /usr/local (found version "4.2.0") \n'}
[11.644978] (-) TimerEvent: {}
[11.694151] (dr_nav2) StdoutLine: {'line': b'-- Symlinking: /home/ysc/lite_cog_ros2/nav/install/dr_nav2/share/dr_nav2/environment/path.sh\n'}
[11.745999] (-) TimerEvent: {}
[11.767615] (dr_nav2) StdoutLine: {'line': b'-- Symlinking: /home/ysc/lite_cog_ros2/nav/install/dr_nav2/share/dr_nav2/environment/path.dsv\n'}
[11.782119] (sensor_test) StdoutLine: {'line': b'-- Using all available rosidl_typesupport_c: rosidl_typesupport_fastrtps_c;rosidl_typesupport_introspection_c\n'}
[11.836178] (dr_nav2) StdoutLine: {'line': b'-- Symlinking: /home/ysc/lite_cog_ros2/nav/install/dr_nav2/share/dr_nav2/local_setup.bash\n'}
[11.845582] (-) TimerEvent: {}
[11.902050] (dr_nav2) StdoutLine: {'line': b'-- Symlinking: /home/ysc/lite_cog_ros2/nav/install/dr_nav2/share/dr_nav2/local_setup.sh\n'}
[11.945903] (-) TimerEvent: {}
[11.960023] (dr_nav2) StdoutLine: {'line': b'-- Symlinking: /home/ysc/lite_cog_ros2/nav/install/dr_nav2/share/dr_nav2/local_setup.zsh\n'}
[11.981685] (sensor_test) StdoutLine: {'line': b'-- Found rosidl_adapter: 1.3.1 (/opt/ros/foxy/share/rosidl_adapter/cmake)\n'}
[12.026777] (dr_nav2) StdoutLine: {'line': b'-- Symlinking: /home/ysc/lite_cog_ros2/nav/install/dr_nav2/share/dr_nav2/local_setup.dsv\n'}
[12.046210] (-) TimerEvent: {}
[12.088128] (dr_nav2) StdoutLine: {'line': b'-- Symlinking: /home/ysc/lite_cog_ros2/nav/install/dr_nav2/share/dr_nav2/package.dsv\n'}
[12.146485] (-) TimerEvent: {}
[12.153538] (dr_nav2) StdoutLine: {'line': b'-- Symlinking: /home/ysc/lite_cog_ros2/nav/install/dr_nav2/share/ament_index/resource_index/packages/dr_nav2\n'}
[12.218250] (dr_nav2) StdoutLine: {'line': b'-- Symlinking: /home/ysc/lite_cog_ros2/nav/install/dr_nav2/share/dr_nav2/cmake/dr_nav2Config.cmake\n'}
[12.246695] (-) TimerEvent: {}
[12.274504] (dr_nav2) StdoutLine: {'line': b'-- Symlinking: /home/ysc/lite_cog_ros2/nav/install/dr_nav2/share/dr_nav2/cmake/dr_nav2Config-version.cmake\n'}
[12.341402] (dr_nav2) StdoutLine: {'line': b'-- Symlinking: /home/ysc/lite_cog_ros2/nav/install/dr_nav2/share/dr_nav2/package.xml\n'}
[12.346927] (-) TimerEvent: {}
[12.413557] (dr_nav2) CommandEnded: {'returncode': 0}
[12.447144] (-) TimerEvent: {}
[12.549246] (-) TimerEvent: {}
[12.654329] (-) TimerEvent: {}
[12.756398] (-) TimerEvent: {}
[12.860777] (-) TimerEvent: {}
[12.942710] (dr_nav2) JobEnded: {'identifier': 'dr_nav2', 'rc': 0}
[12.961010] (-) TimerEvent: {}
[13.062356] (-) TimerEvent: {}
[13.163816] (-) TimerEvent: {}
[13.265039] (-) TimerEvent: {}
[13.340272] (sensor_test) StdoutLine: {'line': b'-- Found OpenSSL: /usr/lib/aarch64-linux-gnu/libcrypto.so (found version "1.1.1f")  \n'}
[13.365303] (-) TimerEvent: {}
[13.466376] (-) TimerEvent: {}
[13.568234] (-) TimerEvent: {}
[13.670943] (-) TimerEvent: {}
[13.681209] (sensor_test) StdoutLine: {'line': b'-- Found FastRTPS: /opt/ros/foxy/include  \n'}
[13.771270] (-) TimerEvent: {}
[13.872816] (-) TimerEvent: {}
[13.974279] (-) TimerEvent: {}
[14.065650] (hdl_global_localization) StdoutLine: {'line': b'-- Found OpenMP_C: -fopenmp (found version "4.5") \n'}
[14.074676] (-) TimerEvent: {}
[14.176720] (-) TimerEvent: {}
[14.278208] (-) TimerEvent: {}
[14.379345] (-) TimerEvent: {}
[14.480486] (-) TimerEvent: {}
[14.581686] (-) TimerEvent: {}
[14.682785] (-) TimerEvent: {}
[14.784344] (-) TimerEvent: {}
[14.830346] (hdl_global_localization) StdoutLine: {'line': b'-- Found OpenMP_CXX: -fopenmp (found version "4.5") \n'}
[14.839069] (hdl_global_localization) StdoutLine: {'line': b'-- Found OpenMP: TRUE (found version "4.5")  \n'}
[14.853689] (hdl_global_localization) StdoutLine: {'line': b'-- Found ament_cmake_auto: 0.9.12 (/opt/ros/foxy/share/ament_cmake_auto/cmake)\n'}
[14.884589] (-) TimerEvent: {}
[14.986895] (-) TimerEvent: {}
[15.016564] (hdl_global_localization) StdoutLine: {'line': b'-- Found PythonInterp: /usr/bin/python3 (found suitable version "3.8.10", minimum required is "3") \n'}
[15.017576] (hdl_global_localization) StdoutLine: {'line': b'-- Using PYTHON_EXECUTABLE: /usr/bin/python3\n'}
[15.045525] (sensor_test) StdoutLine: {'line': b'-- Using all available rosidl_typesupport_cpp: rosidl_typesupport_fastrtps_cpp;rosidl_typesupport_introspection_cpp\n'}
[15.087164] (-) TimerEvent: {}
[15.189224] (-) TimerEvent: {}
[15.290647] (-) TimerEvent: {}
[15.391798] (-) TimerEvent: {}
[15.493236] (-) TimerEvent: {}
[15.596041] (-) TimerEvent: {}
[15.697017] (-) TimerEvent: {}
[15.798342] (-) TimerEvent: {}
[15.899678] (-) TimerEvent: {}
[16.001173] (-) TimerEvent: {}
[16.102234] (-) TimerEvent: {}
[16.198738] (hdl_global_localization) StdoutLine: {'line': b'-- Override CMake install command with custom implementation using symlinks instead of copying resources\n'}
[16.202421] (-) TimerEvent: {}
[16.304166] (-) TimerEvent: {}
[16.405426] (-) TimerEvent: {}
[16.491679] (sensor_test) StdoutLine: {'line': b'-- Found rmw_implementation_cmake: 1.0.4 (/opt/ros/foxy/share/rmw_implementation_cmake/cmake)\n'}
[16.504582] (sensor_test) StdoutLine: {'line': b"-- Using RMW implementation 'rmw_fastrtps_cpp' as default\n"}
[16.505564] (-) TimerEvent: {}
[16.510316] (sensor_test) StdoutLine: {'line': b'-- Looking for pthread.h\n'}
[16.605857] (-) TimerEvent: {}
[16.707286] (-) TimerEvent: {}
[16.808818] (-) TimerEvent: {}
[16.890817] (hdl_global_localization) StdoutLine: {'line': b'-- Using all available rosidl_typesupport_c: rosidl_typesupport_fastrtps_c;rosidl_typesupport_introspection_c\n'}
[16.908989] (-) TimerEvent: {}
[16.927770] (hdl_global_localization) StdoutLine: {'line': b'-- Found rosidl_adapter: 1.3.1 (/opt/ros/foxy/share/rosidl_adapter/cmake)\n'}
[17.009303] (-) TimerEvent: {}
[17.110986] (-) TimerEvent: {}
[17.152668] (sensor_test) StdoutLine: {'line': b'-- Looking for pthread.h - found\n'}
[17.156164] (sensor_test) StdoutLine: {'line': b'-- Performing Test CMAKE_HAVE_LIBC_PTHREAD\n'}
[17.211243] (-) TimerEvent: {}
[17.312406] (-) TimerEvent: {}
[17.413931] (-) TimerEvent: {}
[17.515600] (-) TimerEvent: {}
[17.605782] (hdl_global_localization) StdoutLine: {'line': b'-- Found OpenSSL: /usr/lib/aarch64-linux-gnu/libcrypto.so (found version "1.1.1f")  \n'}
[17.615834] (-) TimerEvent: {}
[17.717591] (-) TimerEvent: {}
[17.784330] (hdl_global_localization) StdoutLine: {'line': b'-- Found FastRTPS: /opt/ros/foxy/include  \n'}
[17.817851] (-) TimerEvent: {}
[17.914030] (sensor_test) StdoutLine: {'line': b'-- Performing Test CMAKE_HAVE_LIBC_PTHREAD - Failed\n'}
[17.915781] (sensor_test) StdoutLine: {'line': b'-- Looking for pthread_create in pthreads\n'}
[17.918029] (-) TimerEvent: {}
[18.019029] (-) TimerEvent: {}
[18.120318] (-) TimerEvent: {}
[18.221574] (-) TimerEvent: {}
[18.306474] (hdl_global_localization) StdoutLine: {'line': b'-- Using all available rosidl_typesupport_cpp: rosidl_typesupport_fastrtps_cpp;rosidl_typesupport_introspection_cpp\n'}
[18.321904] (-) TimerEvent: {}
[18.425279] (-) TimerEvent: {}
[18.526529] (-) TimerEvent: {}
[18.591072] (sensor_test) StdoutLine: {'line': b'-- Looking for pthread_create in pthreads - not found\n'}
[18.593451] (sensor_test) StdoutLine: {'line': b'-- Looking for pthread_create in pthread\n'}
[18.626922] (-) TimerEvent: {}
[18.676518] (hdl_global_localization) StdoutLine: {'line': b'-- Found rmw_implementation_cmake: 1.0.4 (/opt/ros/foxy/share/rmw_implementation_cmake/cmake)\n'}
[18.689368] (hdl_global_localization) StdoutLine: {'line': b"-- Using RMW implementation 'rmw_fastrtps_cpp' as default\n"}
[18.727201] (-) TimerEvent: {}
[18.828913] (-) TimerEvent: {}
[18.930864] (-) TimerEvent: {}
[19.032012] (-) TimerEvent: {}
[19.133787] (-) TimerEvent: {}
[19.202119] (sensor_test) StdoutLine: {'line': b'-- Looking for pthread_create in pthread - found\n'}
[19.212092] (sensor_test) StdoutLine: {'line': b'-- Found Threads: TRUE  \n'}
[19.233961] (-) TimerEvent: {}
[19.335350] (-) TimerEvent: {}
[19.436976] (-) TimerEvent: {}
[19.538439] (-) TimerEvent: {}
[19.639762] (-) TimerEvent: {}
[19.740904] (-) TimerEvent: {}
[19.842174] (-) TimerEvent: {}
[19.943459] (-) TimerEvent: {}
[20.044620] (-) TimerEvent: {}
[20.145894] (-) TimerEvent: {}
[20.247005] (-) TimerEvent: {}
[20.348394] (-) TimerEvent: {}
[20.449635] (-) TimerEvent: {}
[20.551500] (-) TimerEvent: {}
[20.652957] (-) TimerEvent: {}
[20.754540] (-) TimerEvent: {}
[20.856156] (-) TimerEvent: {}
[20.957422] (-) TimerEvent: {}
[21.058770] (-) TimerEvent: {}
[21.159804] (-) TimerEvent: {}
[21.261677] (-) TimerEvent: {}
[21.362729] (-) TimerEvent: {}
[21.464300] (-) TimerEvent: {}
[21.565500] (-) TimerEvent: {}
[21.666638] (-) TimerEvent: {}
[21.767848] (-) TimerEvent: {}
[21.868919] (-) TimerEvent: {}
[21.970190] (-) TimerEvent: {}
[22.071863] (-) TimerEvent: {}
[22.173970] (-) TimerEvent: {}
[22.275417] (-) TimerEvent: {}
[22.377112] (-) TimerEvent: {}
[22.478879] (-) TimerEvent: {}
[22.580661] (-) TimerEvent: {}
[22.682427] (-) TimerEvent: {}
[22.784448] (-) TimerEvent: {}
[22.838125] (sensor_test) StdoutLine: {'line': b'-- Configuring done\n'}
[22.885546] (-) TimerEvent: {}
[22.986699] (-) TimerEvent: {}
[23.061987] (sensor_test) StdoutLine: {'line': b'-- Generating done\n'}
[23.072965] (sensor_test) StdoutLine: {'line': b'-- Build files have been written to: /home/ysc/lite_cog_ros2/nav/build/sensor_test\n'}
[23.086935] (-) TimerEvent: {}
[23.134205] (sensor_test) CommandEnded: {'returncode': 0}
[23.140621] (sensor_test) JobProgress: {'identifier': 'sensor_test', 'progress': 'build'}
[23.162082] (sensor_test) Command: {'cmd': ['/usr/bin/cmake', '--build', '/home/ysc/lite_cog_ros2/nav/build/sensor_test', '--', '-j6', '-l6'], 'cwd': '/home/ysc/lite_cog_ros2/nav/build/sensor_test', 'env': OrderedDict([('GJS_DEBUG_TOPICS', 'JS ERROR;JS LOG'), ('LESSOPEN', '| /usr/bin/lesspipe %s'), ('USER', 'ysc'), ('LC_TIME', 'zh_CN.UTF-8'), ('SSH_AGENT_PID', '1781'), ('XDG_SESSION_TYPE', 'x11'), ('SHLVL', '1'), ('LD_LIBRARY_PATH', '/usr/lib/aarch64-linux-gnu/gazebo-11/plugins:/opt/ros/foxy/opt/yaml_cpp_vendor/lib:/opt/ros/foxy/opt/rviz_ogre_vendor/lib:/opt/ros/foxy/lib/aarch64-linux-gnu:/opt/ros/foxy/lib:/usr/local/cuda-11.4/lib64:'), ('HOME', '/home/ysc'), ('OLDPWD', '/home/ysc/lite_cog_ros2/nav/src'), ('DESKTOP_SESSION', 'ubuntu'), ('ROS_PYTHON_VERSION', '3'), ('GNOME_SHELL_SESSION_MODE', 'ubuntu'), ('GTK_MODULES', 'gail:atk-bridge'), ('LC_MONETARY', 'zh_CN.UTF-8'), ('MANAGERPID', '1392'), ('ROS_LOG_DIR', '/home/ysc/lite_cog_ros2/system/log'), ('DBUS_SESSION_BUS_ADDRESS', 'unix:path=/run/user/1000/bus'), ('COLORTERM', 'truecolor'), ('_colcon_cd_root', '/opt/ros/foxy/'), ('IM_CONFIG_PHASE', '1'), ('ROS_DISTRO', 'foxy'), ('LOGNAME', 'ysc'), ('JOURNAL_STREAM', '8:49519'), ('_', '/usr/bin/colcon'), ('ROS_VERSION', '2'), ('XDG_SESSION_CLASS', 'user'), ('USERNAME', 'ysc'), ('TERM', 'xterm-256color'), ('GNOME_DESKTOP_SESSION_ID', 'this-is-deprecated'), ('ROS_LOCALHOST_ONLY', '0'), ('WINDOWPATH', '2'), ('PATH', '/opt/ros/foxy/bin:/usr/local/cuda-11.4/bin:/home/ysc/.local/bin:/usr/local/sbin:/usr/local/bin:/usr/sbin:/usr/bin:/sbin:/bin:/usr/games:/usr/local/games:/snap/bin'), ('SESSION_MANAGER', 'local/lite:@/tmp/.ICE-unix/1892,unix/lite:/tmp/.ICE-unix/1892'), ('FASTRTPS_DEFAULT_PROFILES_FILE', '/home/ysc/lite_cog_ros2/system/fastdds_profile.xml'), ('INVOCATION_ID', '602cc523dfa449b4a6d72237820dc3dc'), ('XDG_MENU_PREFIX', 'gnome-'), ('LC_ADDRESS', 'zh_CN.UTF-8'), ('GNOME_TERMINAL_SCREEN', '/org/gnome/Terminal/screen/541f4142_ea0f_4065_b3be_af388ccb6792'), ('XDG_RUNTIME_DIR', '/run/user/1000'), ('DISPLAY', ':0'), ('LANG', 'en_US.UTF-8'), ('XDG_CURRENT_DESKTOP', 'ubuntu:GNOME'), ('LC_TELEPHONE', 'zh_CN.UTF-8'), ('XMODIFIERS', '@im=ibus'), ('XDG_SESSION_DESKTOP', 'ubuntu'), ('XAUTHORITY', '/run/user/1000/gdm/Xauthority'), ('LS_COLORS', 'rs=0:di=01;34:ln=01;36:mh=00:pi=40;33:so=01;35:do=01;35:bd=40;33;01:cd=40;33;01:or=40;31;01:mi=00:su=37;41:sg=30;43:ca=30;41:tw=30;42:ow=34;42:st=37;44:ex=01;32:*.tar=01;31:*.tgz=01;31:*.arc=01;31:*.arj=01;31:*.taz=01;31:*.lha=01;31:*.lz4=01;31:*.lzh=01;31:*.lzma=01;31:*.tlz=01;31:*.txz=01;31:*.tzo=01;31:*.t7z=01;31:*.zip=01;31:*.z=01;31:*.dz=01;31:*.gz=01;31:*.lrz=01;31:*.lz=01;31:*.lzo=01;31:*.xz=01;31:*.zst=01;31:*.tzst=01;31:*.bz2=01;31:*.bz=01;31:*.tbz=01;31:*.tbz2=01;31:*.tz=01;31:*.deb=01;31:*.rpm=01;31:*.jar=01;31:*.war=01;31:*.ear=01;31:*.sar=01;31:*.rar=01;31:*.alz=01;31:*.ace=01;31:*.zoo=01;31:*.cpio=01;31:*.7z=01;31:*.rz=01;31:*.cab=01;31:*.wim=01;31:*.swm=01;31:*.dwm=01;31:*.esd=01;31:*.jpg=01;35:*.jpeg=01;35:*.mjpg=01;35:*.mjpeg=01;35:*.gif=01;35:*.bmp=01;35:*.pbm=01;35:*.pgm=01;35:*.ppm=01;35:*.tga=01;35:*.xbm=01;35:*.xpm=01;35:*.tif=01;35:*.tiff=01;35:*.png=01;35:*.svg=01;35:*.svgz=01;35:*.mng=01;35:*.pcx=01;35:*.mov=01;35:*.mpg=01;35:*.mpeg=01;35:*.m2v=01;35:*.mkv=01;35:*.webm=01;35:*.ogm=01;35:*.mp4=01;35:*.m4v=01;35:*.mp4v=01;35:*.vob=01;35:*.qt=01;35:*.nuv=01;35:*.wmv=01;35:*.asf=01;35:*.rm=01;35:*.rmvb=01;35:*.flc=01;35:*.avi=01;35:*.fli=01;35:*.flv=01;35:*.gl=01;35:*.dl=01;35:*.xcf=01;35:*.xwd=01;35:*.yuv=01;35:*.cgm=01;35:*.emf=01;35:*.ogv=01;35:*.ogx=01;35:*.aac=00;36:*.au=00;36:*.flac=00;36:*.m4a=00;36:*.mid=00;36:*.midi=00;36:*.mka=00;36:*.mp3=00;36:*.mpc=00;36:*.ogg=00;36:*.ra=00;36:*.wav=00;36:*.oga=00;36:*.opus=00;36:*.spx=00;36:*.xspf=00;36:'), ('GNOME_TERMINAL_SERVICE', ':1.91'), ('SSH_AUTH_SOCK', '/run/user/1000/keyring/ssh'), ('ROS_DOMAIN_ID', '0'), ('AMENT_PREFIX_PATH', '/opt/ros/foxy'), ('SHELL', '/bin/bash'), ('LC_NAME', 'zh_CN.UTF-8'), ('QT_ACCESSIBILITY', '1'), ('GDMSESSION', 'ubuntu'), ('LESSCLOSE', '/usr/bin/lesspipe %s %s'), ('LC_MEASUREMENT', 'zh_CN.UTF-8'), ('GPG_AGENT_INFO', '/run/user/1000/gnupg/S.gpg-agent:0:1'), ('GJS_DEBUG_OUTPUT', 'stderr'), ('LC_IDENTIFICATION', 'zh_CN.UTF-8'), ('QT_IM_MODULE', 'ibus'), ('PWD', '/home/ysc/lite_cog_ros2/nav/build/sensor_test'), ('LC_ALL', 'en_US.UTF-8'), ('XDG_CONFIG_DIRS', '/etc/xdg/xdg-ubuntu:/etc/xdg'), ('XDG_DATA_DIRS', '/usr/share/ubuntu:/usr/local/share/:/usr/share/:/var/lib/snapd/desktop'), ('PYTHONPATH', '/opt/ros/foxy/lib/python3.8/site-packages'), ('LC_NUMERIC', 'zh_CN.UTF-8'), ('LC_PAPER', 'zh_CN.UTF-8'), ('COLCON', '1'), ('VTE_VERSION', '6003'), ('CMAKE_PREFIX_PATH', '/opt/ros/foxy')]), 'shell': False}
[23.187247] (-) TimerEvent: {}
[23.293907] (-) TimerEvent: {}
[23.395015] (-) TimerEvent: {}
[23.451074] (sensor_test) StdoutLine: {'line': b'\x1b[35m\x1b[1mScanning dependencies of target sensor_test\x1b[0m\n'}
[23.495261] (-) TimerEvent: {}
[23.596373] (-) TimerEvent: {}
[23.697564] (-) TimerEvent: {}
[23.798921] (-) TimerEvent: {}
[23.900009] (-) TimerEvent: {}
[24.001686] (-) TimerEvent: {}
[24.102843] (-) TimerEvent: {}
[24.204077] (-) TimerEvent: {}
[24.269001] (sensor_test) StdoutLine: {'line': b'[ 50%] \x1b[32mBuilding CXX object CMakeFiles/sensor_test.dir/src/sensor_test.cpp.o\x1b[0m\n'}
[24.304331] (-) TimerEvent: {}
[24.405427] (-) TimerEvent: {}
[24.435545] (hdl_global_localization) StdoutLine: {'line': b'-- Found eigen3_cmake_module: 0.1.1 (/opt/ros/foxy/share/eigen3_cmake_module/cmake)\n'}
[24.460852] (hdl_global_localization) StdoutLine: {'line': b'-- Found Eigen3: TRUE (found version "3.3.7") \n'}
[24.505776] (-) TimerEvent: {}
[24.606941] (-) TimerEvent: {}
[24.708063] (-) TimerEvent: {}
[24.809297] (-) TimerEvent: {}
[24.910666] (-) TimerEvent: {}
[25.012284] (-) TimerEvent: {}
[25.113266] (-) TimerEvent: {}
[25.214304] (-) TimerEvent: {}
[25.315452] (-) TimerEvent: {}
[25.416425] (-) TimerEvent: {}
[25.517477] (-) TimerEvent: {}
[25.618804] (-) TimerEvent: {}
[25.719859] (-) TimerEvent: {}
[25.821990] (-) TimerEvent: {}
[26.016708] (-) TimerEvent: {}
[26.118296] (-) TimerEvent: {}
[26.219479] (-) TimerEvent: {}
[26.321165] (-) TimerEvent: {}
[26.423467] (-) TimerEvent: {}
[26.524558] (-) TimerEvent: {}
[26.625886] (-) TimerEvent: {}
[26.726976] (-) TimerEvent: {}
[26.828100] (-) TimerEvent: {}
[26.929238] (-) TimerEvent: {}
[27.030766] (-) TimerEvent: {}
[27.110253] (hdl_global_localization) StdoutLine: {'line': b"-- Checking for module 'eigen3'\n"}
[27.131008] (-) TimerEvent: {}
[27.232058] (-) TimerEvent: {}
[27.333197] (-) TimerEvent: {}
[27.399792] (hdl_global_localization) StdoutLine: {'line': b'--   Found eigen3, version 3.3.7\n'}
[27.433447] (-) TimerEvent: {}
[27.534723] (-) TimerEvent: {}
[27.636702] (-) TimerEvent: {}
[27.738151] (-) TimerEvent: {}
[27.839962] (-) TimerEvent: {}
[27.931345] (hdl_global_localization) StdoutLine: {'line': b'-- Found Eigen: /usr/include/eigen3 (Required is at least version "3.1") \n'}
[27.932278] (hdl_global_localization) StdoutLine: {'line': b'-- Eigen found (include: /usr/include/eigen3, version: 3.3.7)\n'}
[27.940560] (-) TimerEvent: {}
[28.042254] (-) TimerEvent: {}
[28.144236] (-) TimerEvent: {}
[28.245540] (-) TimerEvent: {}
[28.347099] (-) TimerEvent: {}
[28.448216] (-) TimerEvent: {}
[28.549564] (-) TimerEvent: {}
[28.651559] (-) TimerEvent: {}
[28.753025] (-) TimerEvent: {}
[28.854408] (-) TimerEvent: {}
[28.956750] (-) TimerEvent: {}
[29.057764] (-) TimerEvent: {}
[29.159211] (-) TimerEvent: {}
[29.205748] (hdl_global_localization) StdoutLine: {'line': b"-- Checking for module 'flann'\n"}
[29.259513] (-) TimerEvent: {}
[29.360681] (-) TimerEvent: {}
[29.462314] (-) TimerEvent: {}
[29.498934] (hdl_global_localization) StdoutLine: {'line': b'--   Found flann, version 1.9.1\n'}
[29.562341] (-) TimerEvent: {}
[29.663595] (-) TimerEvent: {}
[29.764591] (-) TimerEvent: {}
[29.865725] (-) TimerEvent: {}
[29.966857] (-) TimerEvent: {}
[30.057538] (hdl_global_localization) StdoutLine: {'line': b'-- Found FLANN: /usr/lib/aarch64-linux-gnu/libflann_cpp.so  \n'}
[30.067151] (-) TimerEvent: {}
[30.169107] (-) TimerEvent: {}
[30.270532] (-) TimerEvent: {}
[30.371863] (-) TimerEvent: {}
[30.472999] (-) TimerEvent: {}
[30.574385] (-) TimerEvent: {}
[30.675657] (-) TimerEvent: {}
[30.777493] (-) TimerEvent: {}
[30.879465] (-) TimerEvent: {}
[30.981474] (-) TimerEvent: {}
[31.027145] (hdl_global_localization) StdoutLine: {'line': b'-- The imported target "vtkParseOGLExt" references the file\n'}
[31.029833] (hdl_global_localization) StdoutLine: {'line': b'   "/usr/bin/vtkParseOGLExt-7.1"\n'}
[31.030580] (hdl_global_localization) StdoutLine: {'line': b'but this file does not exist.  Possible reasons include:\n'}
[31.031170] (hdl_global_localization) StdoutLine: {'line': b'* The file was deleted, renamed, or moved to another location.\n'}
[31.031714] (hdl_global_localization) StdoutLine: {'line': b'* An install or uninstall procedure did not complete successfully.\n'}
[31.032124] (hdl_global_localization) StdoutLine: {'line': b'* The installation package was faulty and contained\n'}
[31.032620] (hdl_global_localization) StdoutLine: {'line': b'   "/usr/lib/cmake/vtk-7.1/VTKTargets.cmake"\n'}
[31.033661] (hdl_global_localization) StdoutLine: {'line': b'but not all the files it references.\n'}
[31.034197] (hdl_global_localization) StdoutLine: {'line': b'\n'}
[31.043349] (hdl_global_localization) StdoutLine: {'line': b'-- The imported target "vtkRenderingPythonTkWidgets" references the file\n'}
[31.044311] (hdl_global_localization) StdoutLine: {'line': b'   "/usr/lib/aarch64-linux-gnu/libvtkRenderingPythonTkWidgets.so"\n'}
[31.044838] (hdl_global_localization) StdoutLine: {'line': b'but this file does not exist.  Possible reasons include:\n'}
[31.045770] (hdl_global_localization) StdoutLine: {'line': b'* The file was deleted, renamed, or moved to another location.\n'}
[31.046543] (hdl_global_localization) StdoutLine: {'line': b'* An install or uninstall procedure did not complete successfully.\n'}
[31.047128] (hdl_global_localization) StdoutLine: {'line': b'* The installation package was faulty and contained\n'}
[31.047609] (hdl_global_localization) StdoutLine: {'line': b'   "/usr/lib/cmake/vtk-7.1/VTKTargets.cmake"\n'}
[31.050824] (hdl_global_localization) StdoutLine: {'line': b'but not all the files it references.\n'}
[31.051513] (hdl_global_localization) StdoutLine: {'line': b'\n'}
[31.051940] (hdl_global_localization) StdoutLine: {'line': b'-- The imported target "vtk" references the file\n'}
[31.052366] (hdl_global_localization) StdoutLine: {'line': b'   "/usr/bin/vtk"\n'}
[31.052804] (hdl_global_localization) StdoutLine: {'line': b'but this file does not exist.  Possible reasons include:\n'}
[31.053304] (hdl_global_localization) StdoutLine: {'line': b'* The file was deleted, renamed, or moved to another location.\n'}
[31.053824] (hdl_global_localization) StdoutLine: {'line': b'* An install or uninstall procedure did not complete successfully.\n'}
[31.054219] (hdl_global_localization) StdoutLine: {'line': b'* The installation package was faulty and contained\n'}
[31.054644] (hdl_global_localization) StdoutLine: {'line': b'   "/usr/lib/cmake/vtk-7.1/VTKTargets.cmake"\n'}
[31.055069] (hdl_global_localization) StdoutLine: {'line': b'but not all the files it references.\n'}
[31.055439] (hdl_global_localization) StdoutLine: {'line': b'\n'}
[31.055850] (hdl_global_localization) StdoutLine: {'line': b'-- The imported target "pvtk" references the file\n'}
[31.056277] (hdl_global_localization) StdoutLine: {'line': b'   "/usr/bin/pvtk"\n'}
[31.056663] (hdl_global_localization) StdoutLine: {'line': b'but this file does not exist.  Possible reasons include:\n'}
[31.057240] (hdl_global_localization) StdoutLine: {'line': b'* The file was deleted, renamed, or moved to another location.\n'}
[31.057651] (hdl_global_localization) StdoutLine: {'line': b'* An install or uninstall procedure did not complete successfully.\n'}
[31.058161] (hdl_global_localization) StdoutLine: {'line': b'* The installation package was faulty and contained\n'}
[31.058628] (hdl_global_localization) StdoutLine: {'line': b'   "/usr/lib/cmake/vtk-7.1/VTKTargets.cmake"\n'}
[31.059025] (hdl_global_localization) StdoutLine: {'line': b'but not all the files it references.\n'}
[31.059436] (hdl_global_localization) StdoutLine: {'line': b'\n'}
[31.081729] (-) TimerEvent: {}
[31.182785] (-) TimerEvent: {}
[31.283853] (-) TimerEvent: {}
[31.375390] (hdl_global_localization) StdoutLine: {'line': b"-- Checking for module 'libusb-1.0'\n"}
[31.384066] (-) TimerEvent: {}
[31.485236] (-) TimerEvent: {}
[31.586384] (-) TimerEvent: {}
[31.662936] (hdl_global_localization) StdoutLine: {'line': b'--   Found libusb-1.0, version 1.0.23\n'}
[31.686658] (-) TimerEvent: {}
[31.787705] (-) TimerEvent: {}
[31.888806] (-) TimerEvent: {}
[31.989955] (-) TimerEvent: {}
[32.091026] (-) TimerEvent: {}
[32.192117] (-) TimerEvent: {}
[32.198105] (hdl_global_localization) StdoutLine: {'line': b'-- Found USB_10: /usr/lib/aarch64-linux-gnu/libusb-1.0.so  \n'}
[32.292373] (-) TimerEvent: {}
[32.393663] (-) TimerEvent: {}
[32.494825] (-) TimerEvent: {}
[32.595944] (-) TimerEvent: {}
[32.697027] (-) TimerEvent: {}
[32.798282] (-) TimerEvent: {}
[32.899920] (-) TimerEvent: {}
[33.000983] (-) TimerEvent: {}
[33.028781] (hdl_global_localization) StdoutLine: {'line': b'-- OpenNI found (include: /usr/include/ni, lib: /usr/lib/libOpenNI.so)\n'}
[33.101782] (-) TimerEvent: {}
[33.202965] (-) TimerEvent: {}
[33.304081] (-) TimerEvent: {}
[33.405211] (-) TimerEvent: {}
[33.506337] (-) TimerEvent: {}
[33.607418] (-) TimerEvent: {}
[33.708518] (-) TimerEvent: {}
[33.809681] (-) TimerEvent: {}
[33.909015] (hdl_global_localization) StdoutLine: {'line': b'-- OpenNI2 found (include: /usr/include/openni2, lib: /usr/lib/libOpenNI2.so)\n'}
[33.910377] (-) TimerEvent: {}
[34.005757] (hdl_global_localization) StdoutLine: {'line': b'-- Found libusb-1.0: /usr/include  \n'}
[34.010604] (-) TimerEvent: {}
[34.047090] (hdl_global_localization) StdoutLine: {'line': b'-- OpenNI found (include: /usr/include/ni, lib: /usr/lib/libOpenNI.so)\n'}
[34.061401] (sensor_test) StderrLine: {'line': b'\x1b[01m\x1b[K/home/ysc/lite_cog_ros2/nav/src/sensor_test/src/sensor_test.cpp:\x1b[m\x1b[K In member function \xe2\x80\x98\x1b[01m\x1b[Kvoid SensorTest::imuCallback(sensor_msgs::msg::Imu_<std::allocator<void> >::SharedPtr)\x1b[m\x1b[K\xe2\x80\x99:\n'}
[34.062984] (sensor_test) StderrLine: {'line': b'\x1b[01m\x1b[K/home/ysc/lite_cog_ros2/nav/src/sensor_test/src/sensor_test.cpp:24:61:\x1b[m\x1b[K \x1b[01;35m\x1b[Kwarning: \x1b[m\x1b[Kunused parameter \xe2\x80\x98\x1b[01m\x1b[Kmsg\x1b[m\x1b[K\xe2\x80\x99 [\x1b[01;35m\x1b[K-Wunused-parameter\x1b[m\x1b[K]\n'}
[34.063811] (sensor_test) StderrLine: {'line': b'   24 |     void imuCallback(\x1b[01;35m\x1b[Kconst sensor_msgs::msg::Imu::SharedPtr msg\x1b[m\x1b[K)\n'}
[34.064419] (sensor_test) StderrLine: {'line': b'      |                      \x1b[01;35m\x1b[K~~~~~~~~~~~~~~~~~~~~~~~~~~~~~~~~~~~~~~~^~~\x1b[m\x1b[K\n'}
[34.074917] (sensor_test) StderrLine: {'line': b'\x1b[01m\x1b[K/home/ysc/lite_cog_ros2/nav/src/sensor_test/src/sensor_test.cpp:\x1b[m\x1b[K In member function \xe2\x80\x98\x1b[01m\x1b[Kvoid SensorTest::lidarCallback(sensor_msgs::msg::PointCloud2_<std::allocator<void> >::SharedPtr)\x1b[m\x1b[K\xe2\x80\x99:\n'}
[34.076403] (sensor_test) StderrLine: {'line': b'\x1b[01m\x1b[K/home/ysc/lite_cog_ros2/nav/src/sensor_test/src/sensor_test.cpp:29:71:\x1b[m\x1b[K \x1b[01;35m\x1b[Kwarning: \x1b[m\x1b[Kunused parameter \xe2\x80\x98\x1b[01m\x1b[Kmsg\x1b[m\x1b[K\xe2\x80\x99 [\x1b[01;35m\x1b[K-Wunused-parameter\x1b[m\x1b[K]\n'}
[34.077778] (sensor_test) StderrLine: {'line': b'   29 |     void lidarCallback(\x1b[01;35m\x1b[Kconst sensor_msgs::msg::PointCloud2::SharedPtr msg\x1b[m\x1b[K)\n'}
[34.079359] (sensor_test) StderrLine: {'line': b'      |                        \x1b[01;35m\x1b[K~~~~~~~~~~~~~~~~~~~~~~~~~~~~~~~~~~~~~~~~~~~~~~~^~~\x1b[m\x1b[K\n'}
[34.080013] (sensor_test) StderrLine: {'line': b'\x1b[01m\x1b[K/home/ysc/lite_cog_ros2/nav/src/sensor_test/src/sensor_test.cpp:\x1b[m\x1b[K In member function \xe2\x80\x98\x1b[01m\x1b[Kvoid SensorTest::realsenseCallback(sensor_msgs::msg::PointCloud2_<std::allocator<void> >::SharedPtr)\x1b[m\x1b[K\xe2\x80\x99:\n'}
[34.080566] (sensor_test) StderrLine: {'line': b'\x1b[01m\x1b[K/home/ysc/lite_cog_ros2/nav/src/sensor_test/src/sensor_test.cpp:34:75:\x1b[m\x1b[K \x1b[01;35m\x1b[Kwarning: \x1b[m\x1b[Kunused parameter \xe2\x80\x98\x1b[01m\x1b[Kmsg\x1b[m\x1b[K\xe2\x80\x99 [\x1b[01;35m\x1b[K-Wunused-parameter\x1b[m\x1b[K]\n'}
[34.082205] (sensor_test) StderrLine: {'line': b'   34 |     void realsenseCallback(\x1b[01;35m\x1b[Kconst sensor_msgs::msg::PointCloud2::SharedPtr msg\x1b[m\x1b[K)\n'}
[34.083294] (sensor_test) StderrLine: {'line': b'      |                            \x1b[01;35m\x1b[K~~~~~~~~~~~~~~~~~~~~~~~~~~~~~~~~~~~~~~~~~~~~~~~^~~\x1b[m\x1b[K\n'}
[34.093196] (hdl_global_localization) StdoutLine: {'line': b'-- OpenNI2 found (include: /usr/include/openni2, lib: /usr/lib/libOpenNI2.so)\n'}
[34.110894] (-) TimerEvent: {}
[34.213255] (-) TimerEvent: {}
[34.314237] (-) TimerEvent: {}
[34.415353] (-) TimerEvent: {}
[34.424084] (hdl_global_localization) StdoutLine: {'line': b'-- Found Qhull: optimized;/usr/lib/aarch64-linux-gnu/libqhull.so;debug;/usr/lib/aarch64-linux-gnu/libqhull.so  \n'}
[34.425589] (hdl_global_localization) StdoutLine: {'line': b'-- QHULL found (include: /usr/include, lib: optimized;/usr/lib/aarch64-linux-gnu/libqhull.so;debug;/usr/lib/aarch64-linux-gnu/libqhull.so)\n'}
[34.467520] (hdl_global_localization) StdoutLine: {'line': b'-- OpenNI found (include: /usr/include/ni, lib: /usr/lib/libOpenNI.so)\n'}
[34.515644] (-) TimerEvent: {}
[34.552679] (hdl_global_localization) StdoutLine: {'line': b'-- Found PCL_COMMON: /usr/lib/aarch64-linux-gnu/libpcl_common.so  \n'}
[34.562429] (hdl_global_localization) StdoutLine: {'line': b'-- Found PCL_KDTREE: /usr/lib/aarch64-linux-gnu/libpcl_kdtree.so  \n'}
[34.574713] (hdl_global_localization) StdoutLine: {'line': b'-- Found PCL_OCTREE: /usr/lib/aarch64-linux-gnu/libpcl_octree.so  \n'}
[34.586766] (hdl_global_localization) StdoutLine: {'line': b'-- Found PCL_SEARCH: /usr/lib/aarch64-linux-gnu/libpcl_search.so  \n'}
[34.596713] (hdl_global_localization) StdoutLine: {'line': b'-- Found PCL_SAMPLE_CONSENSUS: /usr/lib/aarch64-linux-gnu/libpcl_sample_consensus.so  \n'}
[34.606391] (hdl_global_localization) StdoutLine: {'line': b'-- Found PCL_FILTERS: /usr/lib/aarch64-linux-gnu/libpcl_filters.so  \n'}
[34.610704] (hdl_global_localization) StdoutLine: {'line': b'-- Found PCL_2D: /usr/include/pcl-1.10  \n'}
[34.615269] (hdl_global_localization) StdoutLine: {'line': b'-- Found PCL_GEOMETRY: /usr/include/pcl-1.10  \n'}
[34.616079] (-) TimerEvent: {}
[34.624397] (hdl_global_localization) StdoutLine: {'line': b'-- Found PCL_IO: /usr/lib/aarch64-linux-gnu/libpcl_io.so  \n'}
[34.634519] (hdl_global_localization) StdoutLine: {'line': b'-- Found PCL_FEATURES: /usr/lib/aarch64-linux-gnu/libpcl_features.so  \n'}
[34.643901] (hdl_global_localization) StdoutLine: {'line': b'-- Found PCL_ML: /usr/lib/aarch64-linux-gnu/libpcl_ml.so  \n'}
[34.655391] (hdl_global_localization) StdoutLine: {'line': b'-- Found PCL_SEGMENTATION: /usr/lib/aarch64-linux-gnu/libpcl_segmentation.so  \n'}
[34.669673] (hdl_global_localization) StdoutLine: {'line': b'-- Found PCL_VISUALIZATION: /usr/lib/aarch64-linux-gnu/libpcl_visualization.so  \n'}
[34.681489] (hdl_global_localization) StdoutLine: {'line': b'-- Found PCL_SURFACE: /usr/lib/aarch64-linux-gnu/libpcl_surface.so  \n'}
[34.690391] (hdl_global_localization) StdoutLine: {'line': b'-- Found PCL_REGISTRATION: /usr/lib/aarch64-linux-gnu/libpcl_registration.so  \n'}
[34.698888] (hdl_global_localization) StdoutLine: {'line': b'-- Found PCL_KEYPOINTS: /usr/lib/aarch64-linux-gnu/libpcl_keypoints.so  \n'}
[34.707410] (hdl_global_localization) StdoutLine: {'line': b'-- Found PCL_TRACKING: /usr/lib/aarch64-linux-gnu/libpcl_tracking.so  \n'}
[34.715474] (hdl_global_localization) StdoutLine: {'line': b'-- Found PCL_RECOGNITION: /usr/lib/aarch64-linux-gnu/libpcl_recognition.so  \n'}
[34.716274] (-) TimerEvent: {}
[34.724244] (hdl_global_localization) StdoutLine: {'line': b'-- Found PCL_STEREO: /usr/lib/aarch64-linux-gnu/libpcl_stereo.so  \n'}
[34.733375] (hdl_global_localization) StdoutLine: {'line': b'-- Found PCL_APPS: /usr/lib/aarch64-linux-gnu/libpcl_apps.so  \n'}
[34.739828] (hdl_global_localization) StdoutLine: {'line': b'-- Found PCL_IN_HAND_SCANNER: /usr/include/pcl-1.10  \n'}
[34.816576] (-) TimerEvent: {}
[34.888914] (hdl_global_localization) StdoutLine: {'line': b'-- Found PCL_POINT_CLOUD_EDITOR: /usr/include/pcl-1.10  \n'}
[34.897814] (hdl_global_localization) StdoutLine: {'line': b'-- Found PCL_OUTOFCORE: /usr/lib/aarch64-linux-gnu/libpcl_outofcore.so  \n'}
[34.906580] (hdl_global_localization) StdoutLine: {'line': b'-- Found PCL_PEOPLE: /usr/lib/aarch64-linux-gnu/libpcl_people.so  \n'}
[34.916783] (-) TimerEvent: {}
[35.018320] (-) TimerEvent: {}
[35.119413] (-) TimerEvent: {}
[35.220587] (-) TimerEvent: {}
[35.322330] (-) TimerEvent: {}
[35.424912] (-) TimerEvent: {}
[35.526021] (-) TimerEvent: {}
[35.627128] (-) TimerEvent: {}
[35.728428] (-) TimerEvent: {}
[35.829582] (-) TimerEvent: {}
[35.930719] (-) TimerEvent: {}
[36.032419] (-) TimerEvent: {}
[36.214953] (-) TimerEvent: {}
[36.316191] (-) TimerEvent: {}
[36.417317] (-) TimerEvent: {}
[36.518771] (-) TimerEvent: {}
[36.619894] (-) TimerEvent: {}
[36.656893] (hdl_global_localization) StdoutLine: {'line': b'-- Using the multi-header code from /home/ysc/lite_cog_ros2/nav/src/hdl_global_localization/thirdparty/json/include/\n'}
[36.720173] (-) TimerEvent: {}
[36.821406] (-) TimerEvent: {}
[36.922524] (-) TimerEvent: {}
[36.951126] (hdl_global_localization) StdoutLine: {'line': b'-- Found PythonInterp: /usr/bin/python3 (found version "3.8.10") \n'}
[37.022776] (-) TimerEvent: {}
[37.123912] (-) TimerEvent: {}
[37.224994] (-) TimerEvent: {}
[37.326270] (-) TimerEvent: {}
[37.427353] (-) TimerEvent: {}
[37.528520] (-) TimerEvent: {}
[37.629739] (-) TimerEvent: {}
[37.730909] (-) TimerEvent: {}
[37.832863] (-) TimerEvent: {}
[37.934335] (-) TimerEvent: {}
[38.035519] (-) TimerEvent: {}
[38.136655] (-) TimerEvent: {}
[38.237728] (-) TimerEvent: {}
[38.338808] (-) TimerEvent: {}
[38.440123] (-) TimerEvent: {}
[38.542047] (-) TimerEvent: {}
[38.643538] (-) TimerEvent: {}
[38.744644] (-) TimerEvent: {}
[38.846016] (-) TimerEvent: {}
[38.947537] (-) TimerEvent: {}
[39.048957] (-) TimerEvent: {}
[39.150206] (-) TimerEvent: {}
[39.252084] (-) TimerEvent: {}
[39.280781] (hdl_global_localization) StdoutLine: {'line': b'-- Found ament_cmake_ros: 0.9.2 (/opt/ros/foxy/share/ament_cmake_ros/cmake)\n'}
[39.352352] (-) TimerEvent: {}
[39.453756] (-) TimerEvent: {}
[39.554927] (-) TimerEvent: {}
[39.656098] (-) TimerEvent: {}
[39.757624] (-) TimerEvent: {}
[39.859698] (-) TimerEvent: {}
[39.960844] (-) TimerEvent: {}
[40.065461] (-) TimerEvent: {}
[40.166536] (-) TimerEvent: {}
[40.268248] (-) TimerEvent: {}
[40.369745] (-) TimerEvent: {}
[40.471155] (-) TimerEvent: {}
[40.572813] (-) TimerEvent: {}
[40.674451] (-) TimerEvent: {}
[40.775625] (-) TimerEvent: {}
[40.876791] (-) TimerEvent: {}
[40.978595] (-) TimerEvent: {}
[41.080924] (-) TimerEvent: {}
[41.222933] (-) TimerEvent: {}
[41.324193] (-) TimerEvent: {}
[41.426096] (-) TimerEvent: {}
[41.527467] (-) TimerEvent: {}
[41.628891] (-) TimerEvent: {}
[41.854367] (-) TimerEvent: {}
[41.955572] (-) TimerEvent: {}
[42.056721] (-) TimerEvent: {}
[42.157979] (-) TimerEvent: {}
[42.259253] (-) TimerEvent: {}
[42.360456] (-) TimerEvent: {}
[42.461588] (-) TimerEvent: {}
[42.563489] (hdl_global_localization) StdoutLine: {'line': b'-- Using all available rosidl_typesupport_c: rosidl_typesupport_fastrtps_c;rosidl_typesupport_introspection_c\n'}
[42.564415] (-) TimerEvent: {}
[42.665269] (-) TimerEvent: {}
[42.766382] (-) TimerEvent: {}
[42.867552] (-) TimerEvent: {}
[42.968645] (-) TimerEvent: {}
[43.069635] (-) TimerEvent: {}
[43.170608] (-) TimerEvent: {}
[43.271655] (-) TimerEvent: {}
[43.373366] (-) TimerEvent: {}
[43.474495] (-) TimerEvent: {}
[43.575631] (-) TimerEvent: {}
[43.676779] (-) TimerEvent: {}
[43.777972] (-) TimerEvent: {}
[43.879207] (-) TimerEvent: {}
[43.980393] (-) TimerEvent: {}
[44.081607] (-) TimerEvent: {}
[44.182747] (-) TimerEvent: {}
[44.284109] (-) TimerEvent: {}
[44.385283] (-) TimerEvent: {}
[44.486497] (-) TimerEvent: {}
[44.587627] (-) TimerEvent: {}
[44.599258] (hdl_global_localization) StdoutLine: {'line': b'-- Using all available rosidl_typesupport_cpp: rosidl_typesupport_fastrtps_cpp;rosidl_typesupport_introspection_cpp\n'}
[44.687907] (-) TimerEvent: {}
[44.789340] (-) TimerEvent: {}
[44.890608] (-) TimerEvent: {}
[44.906551] (hdl_global_localization) StdoutLine: {'line': b'-- Found PythonInterp: /usr/bin/python3 (found suitable version "3.8.10", minimum required is "3.5") \n'}
[44.990882] (-) TimerEvent: {}
[45.058591] (hdl_global_localization) StdoutLine: {'line': b'-- Found python_cmake_module: 0.8.1 (/opt/ros/foxy/share/python_cmake_module/cmake)\n'}
[45.091128] (-) TimerEvent: {}
[45.192637] (-) TimerEvent: {}
[45.293955] (-) TimerEvent: {}
[45.395633] (-) TimerEvent: {}
[45.497117] (-) TimerEvent: {}
[45.520038] (hdl_global_localization) StdoutLine: {'line': b'-- Found PythonLibs: /usr/lib/aarch64-linux-gnu/libpython3.8.so (found suitable version "3.8.10", minimum required is "3.5") \n'}
[45.522062] (hdl_global_localization) StdoutLine: {'line': b'-- Using PYTHON_EXECUTABLE: /usr/bin/python3\n'}
[45.522647] (hdl_global_localization) StdoutLine: {'line': b'-- Using PYTHON_INCLUDE_DIRS: /usr/include/python3.8\n'}
[45.523157] (hdl_global_localization) StdoutLine: {'line': b'-- Using PYTHON_LIBRARIES: /usr/lib/aarch64-linux-gnu/libpython3.8.so\n'}
[45.597318] (-) TimerEvent: {}
[45.663668] (hdl_global_localization) StdoutLine: {'line': b'-- Found PythonExtra: .so  \n'}
[45.697639] (-) TimerEvent: {}
[45.799476] (-) TimerEvent: {}
[45.900617] (-) TimerEvent: {}
[46.001981] (-) TimerEvent: {}
[46.103550] (-) TimerEvent: {}
[46.204784] (-) TimerEvent: {}
[46.306056] (-) TimerEvent: {}
[46.407232] (-) TimerEvent: {}
[46.508275] (-) TimerEvent: {}
[46.609366] (-) TimerEvent: {}
[46.710463] (-) TimerEvent: {}
[46.812523] (-) TimerEvent: {}
[46.914021] (-) TimerEvent: {}
[47.015237] (-) TimerEvent: {}
[47.116442] (-) TimerEvent: {}
[47.218470] (-) TimerEvent: {}
[47.319571] (-) TimerEvent: {}
[47.420927] (-) TimerEvent: {}
[47.522627] (-) TimerEvent: {}
[47.624479] (-) TimerEvent: {}
[47.726467] (-) TimerEvent: {}
[47.799987] (hdl_global_localization) StdoutLine: {'line': b'-- Configuring done\n'}
[47.826711] (-) TimerEvent: {}
[47.927924] (-) TimerEvent: {}
[48.029354] (-) TimerEvent: {}
[48.130476] (-) TimerEvent: {}
[48.232060] (-) TimerEvent: {}
[48.333268] (-) TimerEvent: {}
[48.434375] (-) TimerEvent: {}
[48.535462] (-) TimerEvent: {}
[48.636548] (-) TimerEvent: {}
[48.737774] (-) TimerEvent: {}
[48.839222] (-) TimerEvent: {}
[48.940248] (-) TimerEvent: {}
[49.041433] (-) TimerEvent: {}
[49.142594] (-) TimerEvent: {}
[49.243842] (-) TimerEvent: {}
[49.344925] (-) TimerEvent: {}
[49.446089] (-) TimerEvent: {}
[49.547183] (-) TimerEvent: {}
[49.648468] (-) TimerEvent: {}
[49.749682] (-) TimerEvent: {}
[49.850740] (-) TimerEvent: {}
[49.951983] (-) TimerEvent: {}
[50.053327] (-) TimerEvent: {}
[50.154450] (-) TimerEvent: {}
[50.255640] (-) TimerEvent: {}
[50.356768] (-) TimerEvent: {}
[50.448411] (hdl_global_localization) StdoutLine: {'line': b'-- Generating done\n'}
[50.457042] (-) TimerEvent: {}
[50.476688] (hdl_global_localization) StdoutLine: {'line': b'-- Build files have been written to: /home/ysc/lite_cog_ros2/nav/build/hdl_global_localization\n'}
[50.557319] (-) TimerEvent: {}
[50.615387] (hdl_global_localization) CommandEnded: {'returncode': 0}
[50.625367] (hdl_global_localization) JobProgress: {'identifier': 'hdl_global_localization', 'progress': 'build'}
[50.630042] (hdl_global_localization) Command: {'cmd': ['/usr/bin/cmake', '--build', '/home/ysc/lite_cog_ros2/nav/build/hdl_global_localization', '--', '-j6', '-l6'], 'cwd': '/home/ysc/lite_cog_ros2/nav/build/hdl_global_localization', 'env': OrderedDict([('GJS_DEBUG_TOPICS', 'JS ERROR;JS LOG'), ('LESSOPEN', '| /usr/bin/lesspipe %s'), ('USER', 'ysc'), ('LC_TIME', 'zh_CN.UTF-8'), ('SSH_AGENT_PID', '1781'), ('XDG_SESSION_TYPE', 'x11'), ('SHLVL', '1'), ('LD_LIBRARY_PATH', '/usr/lib/aarch64-linux-gnu/gazebo-11/plugins:/opt/ros/foxy/opt/yaml_cpp_vendor/lib:/opt/ros/foxy/opt/rviz_ogre_vendor/lib:/opt/ros/foxy/lib/aarch64-linux-gnu:/opt/ros/foxy/lib:/usr/local/cuda-11.4/lib64:'), ('HOME', '/home/ysc'), ('OLDPWD', '/home/ysc/lite_cog_ros2/nav/src'), ('DESKTOP_SESSION', 'ubuntu'), ('ROS_PYTHON_VERSION', '3'), ('GNOME_SHELL_SESSION_MODE', 'ubuntu'), ('GTK_MODULES', 'gail:atk-bridge'), ('LC_MONETARY', 'zh_CN.UTF-8'), ('MANAGERPID', '1392'), ('ROS_LOG_DIR', '/home/ysc/lite_cog_ros2/system/log'), ('DBUS_SESSION_BUS_ADDRESS', 'unix:path=/run/user/1000/bus'), ('COLORTERM', 'truecolor'), ('_colcon_cd_root', '/opt/ros/foxy/'), ('IM_CONFIG_PHASE', '1'), ('ROS_DISTRO', 'foxy'), ('LOGNAME', 'ysc'), ('JOURNAL_STREAM', '8:49519'), ('_', '/usr/bin/colcon'), ('ROS_VERSION', '2'), ('XDG_SESSION_CLASS', 'user'), ('USERNAME', 'ysc'), ('TERM', 'xterm-256color'), ('GNOME_DESKTOP_SESSION_ID', 'this-is-deprecated'), ('ROS_LOCALHOST_ONLY', '0'), ('WINDOWPATH', '2'), ('PATH', '/opt/ros/foxy/bin:/usr/local/cuda-11.4/bin:/home/ysc/.local/bin:/usr/local/sbin:/usr/local/bin:/usr/sbin:/usr/bin:/sbin:/bin:/usr/games:/usr/local/games:/snap/bin'), ('SESSION_MANAGER', 'local/lite:@/tmp/.ICE-unix/1892,unix/lite:/tmp/.ICE-unix/1892'), ('FASTRTPS_DEFAULT_PROFILES_FILE', '/home/ysc/lite_cog_ros2/system/fastdds_profile.xml'), ('INVOCATION_ID', '602cc523dfa449b4a6d72237820dc3dc'), ('XDG_MENU_PREFIX', 'gnome-'), ('LC_ADDRESS', 'zh_CN.UTF-8'), ('GNOME_TERMINAL_SCREEN', '/org/gnome/Terminal/screen/541f4142_ea0f_4065_b3be_af388ccb6792'), ('XDG_RUNTIME_DIR', '/run/user/1000'), ('DISPLAY', ':0'), ('LANG', 'en_US.UTF-8'), ('XDG_CURRENT_DESKTOP', 'ubuntu:GNOME'), ('LC_TELEPHONE', 'zh_CN.UTF-8'), ('XMODIFIERS', '@im=ibus'), ('XDG_SESSION_DESKTOP', 'ubuntu'), ('XAUTHORITY', '/run/user/1000/gdm/Xauthority'), ('LS_COLORS', 'rs=0:di=01;34:ln=01;36:mh=00:pi=40;33:so=01;35:do=01;35:bd=40;33;01:cd=40;33;01:or=40;31;01:mi=00:su=37;41:sg=30;43:ca=30;41:tw=30;42:ow=34;42:st=37;44:ex=01;32:*.tar=01;31:*.tgz=01;31:*.arc=01;31:*.arj=01;31:*.taz=01;31:*.lha=01;31:*.lz4=01;31:*.lzh=01;31:*.lzma=01;31:*.tlz=01;31:*.txz=01;31:*.tzo=01;31:*.t7z=01;31:*.zip=01;31:*.z=01;31:*.dz=01;31:*.gz=01;31:*.lrz=01;31:*.lz=01;31:*.lzo=01;31:*.xz=01;31:*.zst=01;31:*.tzst=01;31:*.bz2=01;31:*.bz=01;31:*.tbz=01;31:*.tbz2=01;31:*.tz=01;31:*.deb=01;31:*.rpm=01;31:*.jar=01;31:*.war=01;31:*.ear=01;31:*.sar=01;31:*.rar=01;31:*.alz=01;31:*.ace=01;31:*.zoo=01;31:*.cpio=01;31:*.7z=01;31:*.rz=01;31:*.cab=01;31:*.wim=01;31:*.swm=01;31:*.dwm=01;31:*.esd=01;31:*.jpg=01;35:*.jpeg=01;35:*.mjpg=01;35:*.mjpeg=01;35:*.gif=01;35:*.bmp=01;35:*.pbm=01;35:*.pgm=01;35:*.ppm=01;35:*.tga=01;35:*.xbm=01;35:*.xpm=01;35:*.tif=01;35:*.tiff=01;35:*.png=01;35:*.svg=01;35:*.svgz=01;35:*.mng=01;35:*.pcx=01;35:*.mov=01;35:*.mpg=01;35:*.mpeg=01;35:*.m2v=01;35:*.mkv=01;35:*.webm=01;35:*.ogm=01;35:*.mp4=01;35:*.m4v=01;35:*.mp4v=01;35:*.vob=01;35:*.qt=01;35:*.nuv=01;35:*.wmv=01;35:*.asf=01;35:*.rm=01;35:*.rmvb=01;35:*.flc=01;35:*.avi=01;35:*.fli=01;35:*.flv=01;35:*.gl=01;35:*.dl=01;35:*.xcf=01;35:*.xwd=01;35:*.yuv=01;35:*.cgm=01;35:*.emf=01;35:*.ogv=01;35:*.ogx=01;35:*.aac=00;36:*.au=00;36:*.flac=00;36:*.m4a=00;36:*.mid=00;36:*.midi=00;36:*.mka=00;36:*.mp3=00;36:*.mpc=00;36:*.ogg=00;36:*.ra=00;36:*.wav=00;36:*.oga=00;36:*.opus=00;36:*.spx=00;36:*.xspf=00;36:'), ('GNOME_TERMINAL_SERVICE', ':1.91'), ('SSH_AUTH_SOCK', '/run/user/1000/keyring/ssh'), ('ROS_DOMAIN_ID', '0'), ('AMENT_PREFIX_PATH', '/opt/ros/foxy'), ('SHELL', '/bin/bash'), ('LC_NAME', 'zh_CN.UTF-8'), ('QT_ACCESSIBILITY', '1'), ('GDMSESSION', 'ubuntu'), ('LESSCLOSE', '/usr/bin/lesspipe %s %s'), ('LC_MEASUREMENT', 'zh_CN.UTF-8'), ('GPG_AGENT_INFO', '/run/user/1000/gnupg/S.gpg-agent:0:1'), ('GJS_DEBUG_OUTPUT', 'stderr'), ('LC_IDENTIFICATION', 'zh_CN.UTF-8'), ('QT_IM_MODULE', 'ibus'), ('PWD', '/home/ysc/lite_cog_ros2/nav/build/hdl_global_localization'), ('LC_ALL', 'en_US.UTF-8'), ('XDG_CONFIG_DIRS', '/etc/xdg/xdg-ubuntu:/etc/xdg'), ('XDG_DATA_DIRS', '/usr/share/ubuntu:/usr/local/share/:/usr/share/:/var/lib/snapd/desktop'), ('PYTHONPATH', '/opt/ros/foxy/lib/python3.8/site-packages'), ('LC_NUMERIC', 'zh_CN.UTF-8'), ('LC_PAPER', 'zh_CN.UTF-8'), ('COLCON', '1'), ('VTE_VERSION', '6003'), ('CMAKE_PREFIX_PATH', '/opt/ros/foxy')]), 'shell': False}
[50.658184] (-) TimerEvent: {}
[50.760333] (-) TimerEvent: {}
[50.862202] (-) TimerEvent: {}
[50.963605] (-) TimerEvent: {}
[50.995835] (hdl_global_localization) StdoutLine: {'line': b'\x1b[35m\x1b[1mScanning dependencies of target hdl_global_localization_engines\x1b[0m\n'}
[51.003843] (hdl_global_localization) StdoutLine: {'line': b'\x1b[35m\x1b[1mScanning dependencies of target hdl_global_localization__cpp\x1b[0m\n'}
[51.004852] (hdl_global_localization) StdoutLine: {'line': b'[  1%] \x1b[34m\x1b[1mGenerating C code for ROS interfaces\x1b[0m\n'}
[51.063911] (-) TimerEvent: {}
[51.088987] (hdl_global_localization) StdoutLine: {'line': b'[  3%] \x1b[34m\x1b[1mGenerating C++ code for ROS interfaces\x1b[0m\n'}
[51.164219] (-) TimerEvent: {}
[51.266261] (-) TimerEvent: {}
[51.368049] (-) TimerEvent: {}
[51.470488] (-) TimerEvent: {}
[51.572359] (-) TimerEvent: {}
[51.674608] (-) TimerEvent: {}
[51.780556] (-) TimerEvent: {}
[51.885278] (-) TimerEvent: {}
[51.986414] (-) TimerEvent: {}
[52.089309] (-) TimerEvent: {}
[52.190595] (-) TimerEvent: {}
[52.295471] (-) TimerEvent: {}
[52.396804] (-) TimerEvent: {}
[52.499053] (-) TimerEvent: {}
[52.603182] (-) TimerEvent: {}
[52.704359] (-) TimerEvent: {}
[52.805515] (-) TimerEvent: {}
[52.907323] (-) TimerEvent: {}
[53.008538] (-) TimerEvent: {}
[53.109602] (-) TimerEvent: {}
[53.211129] (-) TimerEvent: {}
[53.312677] (-) TimerEvent: {}
[53.414920] (-) TimerEvent: {}
[53.516546] (-) TimerEvent: {}
[53.617692] (-) TimerEvent: {}
[53.720417] (-) TimerEvent: {}
[53.823570] (-) TimerEvent: {}
[53.929644] (-) TimerEvent: {}
[53.985837] (hdl_global_localization) StdoutLine: {'line': b'[  3%] Built target hdl_global_localization__cpp\n'}
[54.029928] (-) TimerEvent: {}
[54.131162] (-) TimerEvent: {}
[54.137926] (hdl_global_localization) StdoutLine: {'line': b'[  5%] \x1b[34m\x1b[1mGenerating C++ type support for eProsima Fast-RTPS\x1b[0m\n'}
[54.158207] (hdl_global_localization) StdoutLine: {'line': b'[  6%] \x1b[34m\x1b[1mGenerating C++ type support dispatch for ROS interfaces\x1b[0m\n'}
[54.224517] (hdl_global_localization) StdoutLine: {'line': b'[  8%] \x1b[34m\x1b[1mGenerating C++ introspection for ROS interfaces\x1b[0m\n'}
[54.232080] (-) TimerEvent: {}
[54.334354] (-) TimerEvent: {}
[54.436005] (-) TimerEvent: {}
[54.537889] (-) TimerEvent: {}
[54.613725] (hdl_global_localization) StdoutLine: {'line': b'\x1b[35m\x1b[1mScanning dependencies of target hdl_global_localization__rosidl_generator_c\x1b[0m\n'}
[54.638452] (-) TimerEvent: {}
[54.739620] (-) TimerEvent: {}
[54.761372] (hdl_global_localization) StdoutLine: {'line': b'[ 10%] \x1b[32mBuilding CXX object CMakeFiles/hdl_global_localization_engines.dir/src/hdl_global_localization/util/config.cpp.o\x1b[0m\n'}
[54.839905] (-) TimerEvent: {}
[54.850216] (hdl_global_localization) StdoutLine: {'line': b'[ 12%] \x1b[32mBuilding CXX object CMakeFiles/hdl_global_localization_engines.dir/src/hdl_global_localization/bbs/bbs_localization.cpp.o\x1b[0m\n'}
[54.940157] (-) TimerEvent: {}
[54.954066] (hdl_global_localization) StdoutLine: {'line': b'[ 13%] \x1b[32mBuilding C object CMakeFiles/hdl_global_localization__rosidl_generator_c.dir/rosidl_generator_c/hdl_global_localization/srv/detail/query_global_localization__functions.c.o\x1b[0m\n'}
[55.040399] (-) TimerEvent: {}
[55.143466] (-) TimerEvent: {}
[55.245812] (-) TimerEvent: {}
[55.347781] (-) TimerEvent: {}
[55.449567] (-) TimerEvent: {}
[55.551192] (-) TimerEvent: {}
[55.577439] (hdl_global_localization) StdoutLine: {'line': b'[ 15%] \x1b[32mBuilding C object CMakeFiles/hdl_global_localization__rosidl_generator_c.dir/rosidl_generator_c/hdl_global_localization/srv/detail/set_global_localization_engine__functions.c.o\x1b[0m\n'}
[55.651457] (-) TimerEvent: {}
[55.753037] (-) TimerEvent: {}
[55.854737] (-) TimerEvent: {}
[55.956351] (-) TimerEvent: {}
[56.058054] (-) TimerEvent: {}
[56.159675] (-) TimerEvent: {}
[56.265170] (-) TimerEvent: {}
[56.326634] (hdl_global_localization) StdoutLine: {'line': b'[ 17%] \x1b[32mBuilding C object CMakeFiles/hdl_global_localization__rosidl_generator_c.dir/rosidl_generator_c/hdl_global_localization/srv/detail/set_global_map__functions.c.o\x1b[0m\n'}
[56.365403] (-) TimerEvent: {}
[56.467797] (-) TimerEvent: {}
[56.568772] (-) TimerEvent: {}
[56.669829] (-) TimerEvent: {}
[56.770886] (-) TimerEvent: {}
[56.872817] (-) TimerEvent: {}
[56.947345] (hdl_global_localization) StdoutLine: {'line': b'[ 18%] \x1b[32m\x1b[1mLinking C shared library libhdl_global_localization__rosidl_generator_c.so\x1b[0m\n'}
[56.973129] (-) TimerEvent: {}
[56.979044] (hdl_global_localization) StdoutLine: {'line': b'\x1b[35m\x1b[1mScanning dependencies of target hdl_global_localization__rosidl_typesupport_cpp\x1b[0m\n'}
[57.073367] (-) TimerEvent: {}
[57.175070] (-) TimerEvent: {}
[57.276765] (-) TimerEvent: {}
[57.370007] (hdl_global_localization) StdoutLine: {'line': b'\x1b[35m\x1b[1mScanning dependencies of target hdl_global_localization__rosidl_typesupport_introspection_cpp\x1b[0m\n'}
[57.377046] (-) TimerEvent: {}
[57.380717] (hdl_global_localization) StdoutLine: {'line': b'[ 20%] \x1b[32mBuilding CXX object CMakeFiles/hdl_global_localization__rosidl_typesupport_cpp.dir/rosidl_typesupport_cpp/hdl_global_localization/srv/query_global_localization__type_support.cpp.o\x1b[0m\n'}
[57.434158] (hdl_global_localization) StdoutLine: {'line': b'[ 20%] Built target hdl_global_localization__rosidl_generator_c\n'}
[57.477360] (-) TimerEvent: {}
[57.579501] (-) TimerEvent: {}
[57.613747] (hdl_global_localization) StdoutLine: {'line': b'[ 22%] \x1b[34m\x1b[1mGenerating C introspection for ROS interfaces\x1b[0m\n'}
[57.679733] (-) TimerEvent: {}
[57.783815] (-) TimerEvent: {}
[57.855765] (hdl_global_localization) StdoutLine: {'line': b'[ 24%] \x1b[32mBuilding CXX object CMakeFiles/hdl_global_localization__rosidl_typesupport_introspection_cpp.dir/rosidl_typesupport_introspection_cpp/hdl_global_localization/srv/detail/query_global_localization__type_support.cpp.o\x1b[0m\n'}
[57.884527] (-) TimerEvent: {}
[57.986425] (-) TimerEvent: {}
[58.076371] (hdl_global_localization) StdoutLine: {'line': b'\x1b[35m\x1b[1mScanning dependencies of target hdl_global_localization__rosidl_typesupport_fastrtps_cpp\x1b[0m\n'}
[58.086700] (-) TimerEvent: {}
[58.188804] (-) TimerEvent: {}
[58.290486] (-) TimerEvent: {}
[58.393890] (-) TimerEvent: {}
[58.498932] (-) TimerEvent: {}
[58.607219] (-) TimerEvent: {}
[58.709014] (-) TimerEvent: {}
[58.814056] (-) TimerEvent: {}
[58.843960] (hdl_global_localization) StdoutLine: {'line': b'[ 25%] \x1b[32mBuilding CXX object CMakeFiles/hdl_global_localization__rosidl_typesupport_fastrtps_cpp.dir/rosidl_typesupport_fastrtps_cpp/hdl_global_localization/srv/detail/dds_fastrtps/query_global_localization__type_support.cpp.o\x1b[0m\n'}
[58.914281] (-) TimerEvent: {}
[59.017385] (-) TimerEvent: {}
[59.119320] (-) TimerEvent: {}
[59.221142] (-) TimerEvent: {}
[59.323934] (-) TimerEvent: {}
[59.425802] (-) TimerEvent: {}
[59.528038] (-) TimerEvent: {}
[59.629800] (-) TimerEvent: {}
[59.731514] (-) TimerEvent: {}
[59.834278] (-) TimerEvent: {}
[59.935980] (-) TimerEvent: {}
[60.037721] (-) TimerEvent: {}
[60.139616] (-) TimerEvent: {}
[60.243073] (-) TimerEvent: {}
[60.397384] (-) TimerEvent: {}
[60.504607] (-) TimerEvent: {}
[60.546379] (hdl_global_localization) StdoutLine: {'line': b'[ 27%] \x1b[32mBuilding CXX object CMakeFiles/hdl_global_localization__rosidl_typesupport_cpp.dir/rosidl_typesupport_cpp/hdl_global_localization/srv/set_global_localization_engine__type_support.cpp.o\x1b[0m\n'}
[60.604907] (-) TimerEvent: {}
[60.706444] (-) TimerEvent: {}
[60.808123] (-) TimerEvent: {}
[60.910458] (-) TimerEvent: {}
[61.014704] (-) TimerEvent: {}
[61.116458] (-) TimerEvent: {}
[61.218859] (-) TimerEvent: {}
[61.323016] (-) TimerEvent: {}
[61.426538] (-) TimerEvent: {}
[61.529486] (-) TimerEvent: {}
[61.632489] (-) TimerEvent: {}
[61.735384] (-) TimerEvent: {}
[61.756886] (hdl_global_localization) StdoutLine: {'line': b'\x1b[35m\x1b[1mScanning dependencies of target hdl_global_localization__rosidl_typesupport_introspection_c\x1b[0m\n'}
[61.835528] (-) TimerEvent: {}
[61.937040] (-) TimerEvent: {}
[62.080076] (-) TimerEvent: {}
[62.181641] (-) TimerEvent: {}
[62.283326] (-) TimerEvent: {}
[62.384973] (-) TimerEvent: {}
[62.486944] (-) TimerEvent: {}
[62.502525] (hdl_global_localization) StdoutLine: {'line': b'[ 29%] \x1b[32mBuilding C object CMakeFiles/hdl_global_localization__rosidl_typesupport_introspection_c.dir/rosidl_typesupport_introspection_c/hdl_global_localization/srv/detail/query_global_localization__type_support.c.o\x1b[0m\n'}
[62.587232] (-) TimerEvent: {}
[62.688902] (-) TimerEvent: {}
[62.801965] (-) TimerEvent: {}
[62.905594] (-) TimerEvent: {}
[62.986982] (hdl_global_localization) StdoutLine: {'line': b'[ 31%] \x1b[32mBuilding C object CMakeFiles/hdl_global_localization__rosidl_typesupport_introspection_c.dir/rosidl_typesupport_introspection_c/hdl_global_localization/srv/detail/set_global_localization_engine__type_support.c.o\x1b[0m\n'}
[62.998552] (hdl_global_localization) StdoutLine: {'line': b'[ 32%] \x1b[32mBuilding CXX object CMakeFiles/hdl_global_localization__rosidl_typesupport_introspection_cpp.dir/rosidl_typesupport_introspection_cpp/hdl_global_localization/srv/detail/set_global_localization_engine__type_support.cpp.o\x1b[0m\n'}
[63.006366] (-) TimerEvent: {}
[63.108533] (-) TimerEvent: {}
[63.209922] (-) TimerEvent: {}
[63.312932] (-) TimerEvent: {}
[63.415560] (-) TimerEvent: {}
[63.518367] (-) TimerEvent: {}
[63.623720] (-) TimerEvent: {}
[63.673970] (hdl_global_localization) StdoutLine: {'line': b'[ 34%] \x1b[32mBuilding C object CMakeFiles/hdl_global_localization__rosidl_typesupport_introspection_c.dir/rosidl_typesupport_introspection_c/hdl_global_localization/srv/detail/set_global_map__type_support.c.o\x1b[0m\n'}
[63.723850] (-) TimerEvent: {}
[63.742924] (hdl_global_localization) StdoutLine: {'line': b'[ 36%] \x1b[32mBuilding CXX object CMakeFiles/hdl_global_localization__rosidl_typesupport_cpp.dir/rosidl_typesupport_cpp/hdl_global_localization/srv/set_global_map__type_support.cpp.o\x1b[0m\n'}
[63.824127] (-) TimerEvent: {}
[63.925902] (-) TimerEvent: {}
[64.027060] (-) TimerEvent: {}
[64.128643] (-) TimerEvent: {}
[64.229995] (-) TimerEvent: {}
[64.260520] (hdl_global_localization) StdoutLine: {'line': b'[ 37%] \x1b[32m\x1b[1mLinking C shared library libhdl_global_localization__rosidl_typesupport_introspection_c.so\x1b[0m\n'}
[64.330277] (-) TimerEvent: {}
[64.431461] (-) TimerEvent: {}
[64.533759] (-) TimerEvent: {}
[64.634936] (-) TimerEvent: {}
[64.736106] (-) TimerEvent: {}
[64.789613] (hdl_global_localization) StdoutLine: {'line': b'[ 39%] \x1b[32mBuilding CXX object CMakeFiles/hdl_global_localization__rosidl_typesupport_fastrtps_cpp.dir/rosidl_typesupport_fastrtps_cpp/hdl_global_localization/srv/detail/dds_fastrtps/set_global_localization_engine__type_support.cpp.o\x1b[0m\n'}
[64.830285] (hdl_global_localization) StdoutLine: {'line': b'[ 39%] Built target hdl_global_localization__rosidl_typesupport_introspection_c\n'}
[64.836333] (-) TimerEvent: {}
[64.937521] (-) TimerEvent: {}
[65.029194] (hdl_global_localization) StdoutLine: {'line': b'[ 41%] \x1b[34m\x1b[1mGenerating C type support dispatch for ROS interfaces\x1b[0m\n'}
[65.037777] (-) TimerEvent: {}
[65.138910] (-) TimerEvent: {}
[65.239964] (-) TimerEvent: {}
[65.341286] (-) TimerEvent: {}
[65.443551] (-) TimerEvent: {}
[65.544668] (-) TimerEvent: {}
[65.645817] (-) TimerEvent: {}
[65.746918] (-) TimerEvent: {}
[65.849102] (-) TimerEvent: {}
[65.950632] (-) TimerEvent: {}
[66.052348] (-) TimerEvent: {}
[66.154223] (-) TimerEvent: {}
[66.255966] (-) TimerEvent: {}
[66.357838] (-) TimerEvent: {}
[66.459803] (-) TimerEvent: {}
[66.563142] (-) TimerEvent: {}
[66.583768] (hdl_global_localization) StdoutLine: {'line': b'[ 43%] \x1b[32mBuilding CXX object CMakeFiles/hdl_global_localization__rosidl_typesupport_introspection_cpp.dir/rosidl_typesupport_introspection_cpp/hdl_global_localization/srv/detail/set_global_map__type_support.cpp.o\x1b[0m\n'}
[66.663415] (-) TimerEvent: {}
[66.765149] (-) TimerEvent: {}
[66.867550] (-) TimerEvent: {}
[66.969331] (-) TimerEvent: {}
[67.070996] (-) TimerEvent: {}
[67.172679] (-) TimerEvent: {}
[67.274400] (-) TimerEvent: {}
[67.376045] (-) TimerEvent: {}
[67.478511] (-) TimerEvent: {}
[67.580436] (-) TimerEvent: {}
[67.584708] (hdl_global_localization) StdoutLine: {'line': b'[ 44%] \x1b[32m\x1b[1mLinking CXX shared library libhdl_global_localization__rosidl_typesupport_cpp.so\x1b[0m\n'}
[67.680692] (-) TimerEvent: {}
[67.784638] (-) TimerEvent: {}
[67.886511] (-) TimerEvent: {}
[67.988630] (-) TimerEvent: {}
[68.091074] (-) TimerEvent: {}
[68.194827] (-) TimerEvent: {}
[68.283304] (hdl_global_localization) StdoutLine: {'line': b'\x1b[35m\x1b[1mScanning dependencies of target hdl_global_localization__rosidl_typesupport_c\x1b[0m\n'}
[68.291578] (hdl_global_localization) StdoutLine: {'line': b'[ 44%] Built target hdl_global_localization__rosidl_typesupport_cpp\n'}
[68.295058] (-) TimerEvent: {}
[68.396687] (-) TimerEvent: {}
[68.499353] (-) TimerEvent: {}
[68.614703] (hdl_global_localization) StdoutLine: {'line': b'[ 46%] \x1b[32mBuilding CXX object CMakeFiles/hdl_global_localization__rosidl_typesupport_fastrtps_cpp.dir/rosidl_typesupport_fastrtps_cpp/hdl_global_localization/srv/detail/dds_fastrtps/set_global_map__type_support.cpp.o\x1b[0m\n'}
[68.615796] (-) TimerEvent: {}
[68.717625] (-) TimerEvent: {}
[68.798987] (hdl_global_localization) StdoutLine: {'line': b'[ 48%] \x1b[32mBuilding CXX object CMakeFiles/hdl_global_localization__rosidl_typesupport_c.dir/rosidl_typesupport_c/hdl_global_localization/srv/query_global_localization__type_support.cpp.o\x1b[0m\n'}
[68.818429] (-) TimerEvent: {}
[68.921505] (-) TimerEvent: {}
[69.025480] (-) TimerEvent: {}
[69.129567] (-) TimerEvent: {}
[69.200209] (hdl_global_localization) StdoutLine: {'line': b'[ 50%] \x1b[32mBuilding CXX object CMakeFiles/hdl_global_localization__rosidl_typesupport_c.dir/rosidl_typesupport_c/hdl_global_localization/srv/set_global_localization_engine__type_support.cpp.o\x1b[0m\n'}
[69.229869] (-) TimerEvent: {}
[69.331076] (-) TimerEvent: {}
[69.334845] (hdl_global_localization) StdoutLine: {'line': b'[ 51%] \x1b[32mBuilding CXX object CMakeFiles/hdl_global_localization__rosidl_typesupport_c.dir/rosidl_typesupport_c/hdl_global_localization/srv/set_global_map__type_support.cpp.o\x1b[0m\n'}
[69.431374] (-) TimerEvent: {}
[69.534016] (-) TimerEvent: {}
[69.635250] (-) TimerEvent: {}
[69.727623] (hdl_global_localization) StdoutLine: {'line': b'[ 53%] \x1b[32m\x1b[1mLinking CXX shared library libhdl_global_localization__rosidl_typesupport_c.so\x1b[0m\n'}
[69.735558] (-) TimerEvent: {}
[69.786460] (hdl_global_localization) StdoutLine: {'line': b'[ 55%] \x1b[32mBuilding CXX object CMakeFiles/hdl_global_localization_engines.dir/src/hdl_global_localization/ransac/voxelset.cpp.o\x1b[0m\n'}
[69.835851] (-) TimerEvent: {}
[69.937022] (-) TimerEvent: {}
[70.038219] (-) TimerEvent: {}
[70.139384] (-) TimerEvent: {}
[70.234068] (hdl_global_localization) StdoutLine: {'line': b'[ 56%] \x1b[32m\x1b[1mLinking CXX shared library libhdl_global_localization__rosidl_typesupport_introspection_cpp.so\x1b[0m\n'}
[70.239651] (-) TimerEvent: {}
[70.341600] (-) TimerEvent: {}
[70.445279] (-) TimerEvent: {}
[70.476842] (hdl_global_localization) StdoutLine: {'line': b'[ 56%] Built target hdl_global_localization__rosidl_typesupport_c\n'}
[70.545553] (-) TimerEvent: {}
[70.596860] (hdl_global_localization) StdoutLine: {'line': b'[ 58%] \x1b[32mBuilding CXX object CMakeFiles/hdl_global_localization_engines.dir/src/hdl_global_localization/ransac/ransac_pose_estimation.cpp.o\x1b[0m\n'}
[70.645804] (-) TimerEvent: {}
[70.774150] (-) TimerEvent: {}
[70.875474] (-) TimerEvent: {}
[70.976881] (-) TimerEvent: {}
[71.078092] (-) TimerEvent: {}
[71.083725] (hdl_global_localization) StdoutLine: {'line': b'[ 58%] Built target hdl_global_localization__rosidl_typesupport_introspection_cpp\n'}
[71.179389] (-) TimerEvent: {}
[71.284673] (-) TimerEvent: {}
[71.385895] (-) TimerEvent: {}
[71.487059] (-) TimerEvent: {}
[71.589320] (-) TimerEvent: {}
[71.691127] (-) TimerEvent: {}
[71.792909] (-) TimerEvent: {}
[71.904784] (-) TimerEvent: {}
[72.007620] (-) TimerEvent: {}
[72.110291] (-) TimerEvent: {}
[72.214152] (-) TimerEvent: {}
[72.230228] (hdl_global_localization) StdoutLine: {'line': b'[ 60%] \x1b[32mBuilding CXX object CMakeFiles/hdl_global_localization_engines.dir/src/hdl_global_localization/engines/global_localization_bbs.cpp.o\x1b[0m\n'}
[72.314436] (-) TimerEvent: {}
[72.416222] (-) TimerEvent: {}
[72.525538] (-) TimerEvent: {}
[72.628904] (-) TimerEvent: {}
[72.750866] (-) TimerEvent: {}
[72.854363] (-) TimerEvent: {}
[72.955454] (-) TimerEvent: {}
[73.057207] (-) TimerEvent: {}
[73.165862] (-) TimerEvent: {}
[73.216875] (hdl_global_localization) StdoutLine: {'line': b'[ 62%] \x1b[32m\x1b[1mLinking CXX shared library libhdl_global_localization__rosidl_typesupport_fastrtps_cpp.so\x1b[0m\n'}
[73.266123] (-) TimerEvent: {}
[73.368796] (-) TimerEvent: {}
[73.471782] (-) TimerEvent: {}
[73.662300] (-) TimerEvent: {}
[73.794672] (-) TimerEvent: {}
[73.895775] (-) TimerEvent: {}
[73.996988] (-) TimerEvent: {}
[74.098417] (-) TimerEvent: {}
[74.201521] (-) TimerEvent: {}
[74.302557] (-) TimerEvent: {}
[74.303620] (hdl_global_localization) StdoutLine: {'line': b'[ 62%] Built target hdl_global_localization__rosidl_typesupport_fastrtps_cpp\n'}
[74.402816] (-) TimerEvent: {}
[74.561330] (-) TimerEvent: {}
[74.563491] (hdl_global_localization) StdoutLine: {'line': b'[ 63%] \x1b[34m\x1b[1mGenerating C type support for eProsima Fast-RTPS\x1b[0m\n'}
[74.611040] (-) TimerEvent: {}
[74.712065] (-) TimerEvent: {}
[74.813269] (-) TimerEvent: {}
[74.917406] (-) TimerEvent: {}
[75.018933] (-) TimerEvent: {}
[75.120132] (-) TimerEvent: {}
[75.221223] (-) TimerEvent: {}
[75.322821] (-) TimerEvent: {}
[75.424067] (-) TimerEvent: {}
[75.525186] (-) TimerEvent: {}
[75.626374] (-) TimerEvent: {}
[75.727457] (-) TimerEvent: {}
[75.830647] (-) TimerEvent: {}
[75.931745] (-) TimerEvent: {}
[76.032895] (-) TimerEvent: {}
[76.134123] (-) TimerEvent: {}
[76.235287] (-) TimerEvent: {}
[76.337169] (-) TimerEvent: {}
[76.439388] (-) TimerEvent: {}
[76.540826] (-) TimerEvent: {}
[76.644320] (-) TimerEvent: {}
[76.748605] (-) TimerEvent: {}
[76.853373] (-) TimerEvent: {}
[76.955306] (-) TimerEvent: {}
[77.056716] (-) TimerEvent: {}
[77.159113] (-) TimerEvent: {}
[77.260578] (-) TimerEvent: {}
[77.365651] (-) TimerEvent: {}
[77.466784] (-) TimerEvent: {}
[77.576344] (-) TimerEvent: {}
[77.678663] (-) TimerEvent: {}
[77.779700] (-) TimerEvent: {}
[77.882781] (-) TimerEvent: {}
[77.984135] (-) TimerEvent: {}
[78.085694] (-) TimerEvent: {}
[78.188216] (-) TimerEvent: {}
[78.290035] (-) TimerEvent: {}
[78.392284] (-) TimerEvent: {}
[78.494029] (-) TimerEvent: {}
[78.737082] (-) TimerEvent: {}
[78.756035] (hdl_global_localization) StdoutLine: {'line': b'\x1b[35m\x1b[1mScanning dependencies of target hdl_global_localization__rosidl_typesupport_fastrtps_c\x1b[0m\n'}
[78.839585] (-) TimerEvent: {}
[78.941264] (-) TimerEvent: {}
[79.054122] (-) TimerEvent: {}
[79.155243] (-) TimerEvent: {}
[79.256356] (-) TimerEvent: {}
[79.357546] (-) TimerEvent: {}
[79.458657] (-) TimerEvent: {}
[79.559746] (-) TimerEvent: {}
[79.568112] (hdl_global_localization) StdoutLine: {'line': b'[ 65%] \x1b[32mBuilding CXX object CMakeFiles/hdl_global_localization__rosidl_typesupport_fastrtps_c.dir/rosidl_typesupport_fastrtps_c/hdl_global_localization/srv/detail/query_global_localization__type_support_c.cpp.o\x1b[0m\n'}
[79.660034] (-) TimerEvent: {}
[79.761257] (-) TimerEvent: {}
[79.862347] (-) TimerEvent: {}
[79.963393] (-) TimerEvent: {}
[80.064412] (-) TimerEvent: {}
[80.165983] (-) TimerEvent: {}
[80.267003] (-) TimerEvent: {}
[80.368118] (-) TimerEvent: {}
[80.469216] (-) TimerEvent: {}
[80.570292] (-) TimerEvent: {}
[80.671394] (-) TimerEvent: {}
[80.772530] (-) TimerEvent: {}
[80.873745] (-) TimerEvent: {}
[80.975905] (-) TimerEvent: {}
[81.076939] (-) TimerEvent: {}
[81.178974] (-) TimerEvent: {}
[81.279976] (-) TimerEvent: {}
[81.381810] (-) TimerEvent: {}
[81.483464] (-) TimerEvent: {}
[81.585414] (-) TimerEvent: {}
[81.687109] (-) TimerEvent: {}
[81.788834] (-) TimerEvent: {}
[81.890681] (-) TimerEvent: {}
[81.993303] (-) TimerEvent: {}
[82.095054] (-) TimerEvent: {}
[82.197168] (-) TimerEvent: {}
[82.299219] (-) TimerEvent: {}
[82.400906] (-) TimerEvent: {}
[82.503284] (-) TimerEvent: {}
[82.604993] (-) TimerEvent: {}
[82.706816] (-) TimerEvent: {}
[82.819587] (-) TimerEvent: {}
[82.981767] (-) TimerEvent: {}
[83.073226] (hdl_global_localization) StdoutLine: {'line': b'[ 67%] \x1b[32mBuilding CXX object CMakeFiles/hdl_global_localization__rosidl_typesupport_fastrtps_c.dir/rosidl_typesupport_fastrtps_c/hdl_global_localization/srv/detail/set_global_localization_engine__type_support_c.cpp.o\x1b[0m\n'}
[83.082700] (-) TimerEvent: {}
[83.185199] (-) TimerEvent: {}
[83.287420] (-) TimerEvent: {}
[83.389678] (-) TimerEvent: {}
[83.491693] (-) TimerEvent: {}
[83.594733] (-) TimerEvent: {}
[83.696394] (-) TimerEvent: {}
[83.813015] (-) TimerEvent: {}
[83.914913] (-) TimerEvent: {}
[84.016595] (-) TimerEvent: {}
[84.118412] (-) TimerEvent: {}
[84.220738] (-) TimerEvent: {}
[84.323211] (-) TimerEvent: {}
[84.425020] (-) TimerEvent: {}
[84.528380] (-) TimerEvent: {}
[84.630054] (-) TimerEvent: {}
[84.731835] (-) TimerEvent: {}
[84.834877] (-) TimerEvent: {}
[84.936723] (-) TimerEvent: {}
[85.038416] (-) TimerEvent: {}
[85.140074] (-) TimerEvent: {}
[85.241551] (-) TimerEvent: {}
[85.343284] (-) TimerEvent: {}
[85.445035] (-) TimerEvent: {}
[85.547008] (-) TimerEvent: {}
[85.648864] (-) TimerEvent: {}
[85.750676] (-) TimerEvent: {}
[85.852324] (-) TimerEvent: {}
[85.954042] (-) TimerEvent: {}
[86.055713] (-) TimerEvent: {}
[86.157489] (-) TimerEvent: {}
[86.259159] (-) TimerEvent: {}
[86.360797] (-) TimerEvent: {}
[86.462621] (-) TimerEvent: {}
[86.564287] (-) TimerEvent: {}
[86.667148] (-) TimerEvent: {}
[86.769188] (-) TimerEvent: {}
[86.872035] (-) TimerEvent: {}
[86.977710] (-) TimerEvent: {}
[87.047915] (hdl_global_localization) StdoutLine: {'line': b'[ 68%] \x1b[32mBuilding CXX object CMakeFiles/hdl_global_localization__rosidl_typesupport_fastrtps_c.dir/rosidl_typesupport_fastrtps_c/hdl_global_localization/srv/detail/set_global_map__type_support_c.cpp.o\x1b[0m\n'}
[87.077939] (-) TimerEvent: {}
[87.179024] (-) TimerEvent: {}
[87.280660] (-) TimerEvent: {}
[87.414140] (-) TimerEvent: {}
[87.515764] (-) TimerEvent: {}
[87.617345] (-) TimerEvent: {}
[87.719192] (-) TimerEvent: {}
[87.820962] (-) TimerEvent: {}
[87.923441] (-) TimerEvent: {}
[88.025042] (-) TimerEvent: {}
[88.126571] (-) TimerEvent: {}
[88.227673] (-) TimerEvent: {}
[88.328723] (-) TimerEvent: {}
[88.429898] (-) TimerEvent: {}
[88.531049] (-) TimerEvent: {}
[88.634172] (-) TimerEvent: {}
[88.736166] (-) TimerEvent: {}
[88.838478] (-) TimerEvent: {}
[88.941169] (-) TimerEvent: {}
[89.043851] (-) TimerEvent: {}
[89.145670] (-) TimerEvent: {}
[89.247366] (-) TimerEvent: {}
[89.349047] (-) TimerEvent: {}
[89.450785] (-) TimerEvent: {}
[89.552435] (-) TimerEvent: {}
[89.654169] (-) TimerEvent: {}
[89.756144] (-) TimerEvent: {}
[89.857991] (-) TimerEvent: {}
[89.959696] (-) TimerEvent: {}
[90.061516] (-) TimerEvent: {}
[90.163156] (-) TimerEvent: {}
[90.264827] (-) TimerEvent: {}
[90.367673] (-) TimerEvent: {}
[90.469336] (-) TimerEvent: {}
[90.571255] (-) TimerEvent: {}
[90.673225] (-) TimerEvent: {}
[90.774883] (-) TimerEvent: {}
[90.876597] (-) TimerEvent: {}
[90.979527] (-) TimerEvent: {}
[90.992664] (hdl_global_localization) StdoutLine: {'line': b'[ 70%] \x1b[32m\x1b[1mLinking CXX shared library libhdl_global_localization__rosidl_typesupport_fastrtps_c.so\x1b[0m\n'}
[91.079781] (-) TimerEvent: {}
[91.181725] (-) TimerEvent: {}
[91.283407] (-) TimerEvent: {}
[91.385318] (-) TimerEvent: {}
[91.413626] (sensor_test) StdoutLine: {'line': b'[100%] \x1b[32m\x1b[1mLinking CXX executable sensor_test\x1b[0m\n'}
[91.485578] (-) TimerEvent: {}
[91.587024] (-) TimerEvent: {}
[91.688702] (-) TimerEvent: {}
[91.790525] (-) TimerEvent: {}
[91.892279] (-) TimerEvent: {}
[91.926816] (hdl_global_localization) StdoutLine: {'line': b'[ 70%] Built target hdl_global_localization__rosidl_typesupport_fastrtps_c\n'}
[91.992542] (-) TimerEvent: {}
[92.094809] (-) TimerEvent: {}
[92.196032] (-) TimerEvent: {}
[92.298058] (-) TimerEvent: {}
[92.404702] (-) TimerEvent: {}
[92.506837] (-) TimerEvent: {}
[92.608510] (-) TimerEvent: {}
[92.710215] (-) TimerEvent: {}
[92.770851] (sensor_test) StdoutLine: {'line': b'[100%] Built target sensor_test\n'}
[92.812540] (-) TimerEvent: {}
[92.862296] (sensor_test) CommandEnded: {'returncode': 0}
[92.911199] (-) TimerEvent: {}
[93.014410] (-) TimerEvent: {}
[93.116986] (-) TimerEvent: {}
[93.203842] (sensor_test) JobProgress: {'identifier': 'sensor_test', 'progress': 'install'}
[93.206585] (sensor_test) Command: {'cmd': ['/usr/bin/cmake', '--install', '/home/ysc/lite_cog_ros2/nav/build/sensor_test'], 'cwd': '/home/ysc/lite_cog_ros2/nav/build/sensor_test', 'env': OrderedDict([('GJS_DEBUG_TOPICS', 'JS ERROR;JS LOG'), ('LESSOPEN', '| /usr/bin/lesspipe %s'), ('USER', 'ysc'), ('LC_TIME', 'zh_CN.UTF-8'), ('SSH_AGENT_PID', '1781'), ('XDG_SESSION_TYPE', 'x11'), ('SHLVL', '1'), ('LD_LIBRARY_PATH', '/usr/lib/aarch64-linux-gnu/gazebo-11/plugins:/opt/ros/foxy/opt/yaml_cpp_vendor/lib:/opt/ros/foxy/opt/rviz_ogre_vendor/lib:/opt/ros/foxy/lib/aarch64-linux-gnu:/opt/ros/foxy/lib:/usr/local/cuda-11.4/lib64:'), ('HOME', '/home/ysc'), ('OLDPWD', '/home/ysc/lite_cog_ros2/nav/src'), ('DESKTOP_SESSION', 'ubuntu'), ('ROS_PYTHON_VERSION', '3'), ('GNOME_SHELL_SESSION_MODE', 'ubuntu'), ('GTK_MODULES', 'gail:atk-bridge'), ('LC_MONETARY', 'zh_CN.UTF-8'), ('MANAGERPID', '1392'), ('ROS_LOG_DIR', '/home/ysc/lite_cog_ros2/system/log'), ('DBUS_SESSION_BUS_ADDRESS', 'unix:path=/run/user/1000/bus'), ('COLORTERM', 'truecolor'), ('_colcon_cd_root', '/opt/ros/foxy/'), ('IM_CONFIG_PHASE', '1'), ('ROS_DISTRO', 'foxy'), ('LOGNAME', 'ysc'), ('JOURNAL_STREAM', '8:49519'), ('_', '/usr/bin/colcon'), ('ROS_VERSION', '2'), ('XDG_SESSION_CLASS', 'user'), ('USERNAME', 'ysc'), ('TERM', 'xterm-256color'), ('GNOME_DESKTOP_SESSION_ID', 'this-is-deprecated'), ('ROS_LOCALHOST_ONLY', '0'), ('WINDOWPATH', '2'), ('PATH', '/opt/ros/foxy/bin:/usr/local/cuda-11.4/bin:/home/ysc/.local/bin:/usr/local/sbin:/usr/local/bin:/usr/sbin:/usr/bin:/sbin:/bin:/usr/games:/usr/local/games:/snap/bin'), ('SESSION_MANAGER', 'local/lite:@/tmp/.ICE-unix/1892,unix/lite:/tmp/.ICE-unix/1892'), ('FASTRTPS_DEFAULT_PROFILES_FILE', '/home/ysc/lite_cog_ros2/system/fastdds_profile.xml'), ('INVOCATION_ID', '602cc523dfa449b4a6d72237820dc3dc'), ('XDG_MENU_PREFIX', 'gnome-'), ('LC_ADDRESS', 'zh_CN.UTF-8'), ('GNOME_TERMINAL_SCREEN', '/org/gnome/Terminal/screen/541f4142_ea0f_4065_b3be_af388ccb6792'), ('XDG_RUNTIME_DIR', '/run/user/1000'), ('DISPLAY', ':0'), ('LANG', 'en_US.UTF-8'), ('XDG_CURRENT_DESKTOP', 'ubuntu:GNOME'), ('LC_TELEPHONE', 'zh_CN.UTF-8'), ('XMODIFIERS', '@im=ibus'), ('XDG_SESSION_DESKTOP', 'ubuntu'), ('XAUTHORITY', '/run/user/1000/gdm/Xauthority'), ('LS_COLORS', 'rs=0:di=01;34:ln=01;36:mh=00:pi=40;33:so=01;35:do=01;35:bd=40;33;01:cd=40;33;01:or=40;31;01:mi=00:su=37;41:sg=30;43:ca=30;41:tw=30;42:ow=34;42:st=37;44:ex=01;32:*.tar=01;31:*.tgz=01;31:*.arc=01;31:*.arj=01;31:*.taz=01;31:*.lha=01;31:*.lz4=01;31:*.lzh=01;31:*.lzma=01;31:*.tlz=01;31:*.txz=01;31:*.tzo=01;31:*.t7z=01;31:*.zip=01;31:*.z=01;31:*.dz=01;31:*.gz=01;31:*.lrz=01;31:*.lz=01;31:*.lzo=01;31:*.xz=01;31:*.zst=01;31:*.tzst=01;31:*.bz2=01;31:*.bz=01;31:*.tbz=01;31:*.tbz2=01;31:*.tz=01;31:*.deb=01;31:*.rpm=01;31:*.jar=01;31:*.war=01;31:*.ear=01;31:*.sar=01;31:*.rar=01;31:*.alz=01;31:*.ace=01;31:*.zoo=01;31:*.cpio=01;31:*.7z=01;31:*.rz=01;31:*.cab=01;31:*.wim=01;31:*.swm=01;31:*.dwm=01;31:*.esd=01;31:*.jpg=01;35:*.jpeg=01;35:*.mjpg=01;35:*.mjpeg=01;35:*.gif=01;35:*.bmp=01;35:*.pbm=01;35:*.pgm=01;35:*.ppm=01;35:*.tga=01;35:*.xbm=01;35:*.xpm=01;35:*.tif=01;35:*.tiff=01;35:*.png=01;35:*.svg=01;35:*.svgz=01;35:*.mng=01;35:*.pcx=01;35:*.mov=01;35:*.mpg=01;35:*.mpeg=01;35:*.m2v=01;35:*.mkv=01;35:*.webm=01;35:*.ogm=01;35:*.mp4=01;35:*.m4v=01;35:*.mp4v=01;35:*.vob=01;35:*.qt=01;35:*.nuv=01;35:*.wmv=01;35:*.asf=01;35:*.rm=01;35:*.rmvb=01;35:*.flc=01;35:*.avi=01;35:*.fli=01;35:*.flv=01;35:*.gl=01;35:*.dl=01;35:*.xcf=01;35:*.xwd=01;35:*.yuv=01;35:*.cgm=01;35:*.emf=01;35:*.ogv=01;35:*.ogx=01;35:*.aac=00;36:*.au=00;36:*.flac=00;36:*.m4a=00;36:*.mid=00;36:*.midi=00;36:*.mka=00;36:*.mp3=00;36:*.mpc=00;36:*.ogg=00;36:*.ra=00;36:*.wav=00;36:*.oga=00;36:*.opus=00;36:*.spx=00;36:*.xspf=00;36:'), ('GNOME_TERMINAL_SERVICE', ':1.91'), ('SSH_AUTH_SOCK', '/run/user/1000/keyring/ssh'), ('ROS_DOMAIN_ID', '0'), ('AMENT_PREFIX_PATH', '/opt/ros/foxy'), ('SHELL', '/bin/bash'), ('LC_NAME', 'zh_CN.UTF-8'), ('QT_ACCESSIBILITY', '1'), ('GDMSESSION', 'ubuntu'), ('LESSCLOSE', '/usr/bin/lesspipe %s %s'), ('LC_MEASUREMENT', 'zh_CN.UTF-8'), ('GPG_AGENT_INFO', '/run/user/1000/gnupg/S.gpg-agent:0:1'), ('GJS_DEBUG_OUTPUT', 'stderr'), ('LC_IDENTIFICATION', 'zh_CN.UTF-8'), ('QT_IM_MODULE', 'ibus'), ('PWD', '/home/ysc/lite_cog_ros2/nav/build/sensor_test'), ('LC_ALL', 'en_US.UTF-8'), ('XDG_CONFIG_DIRS', '/etc/xdg/xdg-ubuntu:/etc/xdg'), ('XDG_DATA_DIRS', '/usr/share/ubuntu:/usr/local/share/:/usr/share/:/var/lib/snapd/desktop'), ('PYTHONPATH', '/opt/ros/foxy/lib/python3.8/site-packages'), ('LC_NUMERIC', 'zh_CN.UTF-8'), ('LC_PAPER', 'zh_CN.UTF-8'), ('COLCON', '1'), ('VTE_VERSION', '6003'), ('CMAKE_PREFIX_PATH', '/opt/ros/foxy')]), 'shell': False}
[93.225244] (-) TimerEvent: {}
[93.312896] (sensor_test) StdoutLine: {'line': b'-- Install configuration: "RELEASE"\n'}
[93.316665] (sensor_test) StdoutLine: {'line': b'-- Execute custom install script\n'}
[93.320260] (sensor_test) StdoutLine: {'line': b'-- Symlinking: /home/ysc/lite_cog_ros2/nav/install/sensor_test/lib/sensor_test/sensor_test\n'}
[93.324904] (-) TimerEvent: {}
[93.403165] (sensor_test) StdoutLine: {'line': b'-- Up-to-date symlink: /home/ysc/lite_cog_ros2/nav/install/sensor_test/lib/sensor_test/sensor_test\n'}
[93.404860] (sensor_test) StdoutLine: {'line': b'-- Symlinking: /home/ysc/lite_cog_ros2/nav/install/sensor_test/share/ament_index/resource_index/package_run_dependencies/sensor_test\n'}
[93.425276] (-) TimerEvent: {}
[93.505316] (sensor_test) StdoutLine: {'line': b'-- Symlinking: /home/ysc/lite_cog_ros2/nav/install/sensor_test/share/ament_index/resource_index/parent_prefix_path/sensor_test\n'}
[93.525678] (-) TimerEvent: {}
[93.574172] (sensor_test) StdoutLine: {'line': b'-- Symlinking: /home/ysc/lite_cog_ros2/nav/install/sensor_test/share/sensor_test/environment/ament_prefix_path.sh\n'}
[93.625986] (-) TimerEvent: {}
[93.649969] (sensor_test) StdoutLine: {'line': b'-- Symlinking: /home/ysc/lite_cog_ros2/nav/install/sensor_test/share/sensor_test/environment/ament_prefix_path.dsv\n'}
[93.725930] (sensor_test) StdoutLine: {'line': b'-- Symlinking: /home/ysc/lite_cog_ros2/nav/install/sensor_test/share/sensor_test/environment/path.sh\n'}
[93.726759] (-) TimerEvent: {}
[93.828463] (-) TimerEvent: {}
[93.849176] (sensor_test) StdoutLine: {'line': b'-- Symlinking: /home/ysc/lite_cog_ros2/nav/install/sensor_test/share/sensor_test/environment/path.dsv\n'}
[93.928762] (-) TimerEvent: {}
[93.976549] (sensor_test) StdoutLine: {'line': b'-- Symlinking: /home/ysc/lite_cog_ros2/nav/install/sensor_test/share/sensor_test/local_setup.bash\n'}
[94.029210] (-) TimerEvent: {}
[94.076731] (sensor_test) StdoutLine: {'line': b'-- Symlinking: /home/ysc/lite_cog_ros2/nav/install/sensor_test/share/sensor_test/local_setup.sh\n'}
[94.129347] (-) TimerEvent: {}
[94.224524] (sensor_test) StdoutLine: {'line': b'-- Symlinking: /home/ysc/lite_cog_ros2/nav/install/sensor_test/share/sensor_test/local_setup.zsh\n'}
[94.229580] (-) TimerEvent: {}
[94.330528] (-) TimerEvent: {}
[94.340043] (sensor_test) StdoutLine: {'line': b'-- Symlinking: /home/ysc/lite_cog_ros2/nav/install/sensor_test/share/sensor_test/local_setup.dsv\n'}
[94.430802] (-) TimerEvent: {}
[94.434878] (sensor_test) StdoutLine: {'line': b'-- Symlinking: /home/ysc/lite_cog_ros2/nav/install/sensor_test/share/sensor_test/package.dsv\n'}
[94.531059] (-) TimerEvent: {}
[94.546652] (sensor_test) StdoutLine: {'line': b'-- Symlinking: /home/ysc/lite_cog_ros2/nav/install/sensor_test/share/ament_index/resource_index/packages/sensor_test\n'}
[94.631374] (-) TimerEvent: {}
[94.646142] (sensor_test) StdoutLine: {'line': b'-- Symlinking: /home/ysc/lite_cog_ros2/nav/install/sensor_test/share/sensor_test/cmake/ament_cmake_export_dependencies-extras.cmake\n'}
[94.731656] (-) TimerEvent: {}
[94.787496] (sensor_test) StdoutLine: {'line': b'-- Symlinking: /home/ysc/lite_cog_ros2/nav/install/sensor_test/share/sensor_test/cmake/sensor_testConfig.cmake\n'}
[94.833368] (-) TimerEvent: {}
[94.902517] (sensor_test) StdoutLine: {'line': b'-- Symlinking: /home/ysc/lite_cog_ros2/nav/install/sensor_test/share/sensor_test/cmake/sensor_testConfig-version.cmake\n'}
[94.933629] (-) TimerEvent: {}
[95.009206] (sensor_test) StdoutLine: {'line': b'-- Symlinking: /home/ysc/lite_cog_ros2/nav/install/sensor_test/share/sensor_test/package.xml\n'}
[95.034399] (-) TimerEvent: {}
[95.139843] (sensor_test) CommandEnded: {'returncode': 0}
[95.147979] (-) TimerEvent: {}
[95.250667] (-) TimerEvent: {}
[95.353662] (-) TimerEvent: {}
[95.454683] (-) TimerEvent: {}
[95.557836] (-) TimerEvent: {}
[95.657335] (sensor_test) JobEnded: {'identifier': 'sensor_test', 'rc': 0}
[95.661207] (-) TimerEvent: {}
[95.763578] (-) TimerEvent: {}
[95.864591] (-) TimerEvent: {}
[95.973161] (-) TimerEvent: {}
[96.077543] (-) TimerEvent: {}
[96.178671] (-) TimerEvent: {}
[96.279614] (-) TimerEvent: {}
[96.380632] (-) TimerEvent: {}
[96.484968] (-) TimerEvent: {}
[96.587375] (-) TimerEvent: {}
[96.689134] (-) TimerEvent: {}
[96.790191] (-) TimerEvent: {}
[96.891260] (-) TimerEvent: {}
[96.994050] (-) TimerEvent: {}
[97.104674] (-) TimerEvent: {}
[97.206740] (-) TimerEvent: {}
[97.309758] (-) TimerEvent: {}
[97.411701] (-) TimerEvent: {}
[97.512958] (-) TimerEvent: {}
[97.620810] (-) TimerEvent: {}
[97.721932] (-) TimerEvent: {}
[97.824449] (-) TimerEvent: {}
[97.926050] (-) TimerEvent: {}
[98.027203] (-) TimerEvent: {}
[98.129494] (-) TimerEvent: {}
[98.234672] (-) TimerEvent: {}
[98.336648] (-) TimerEvent: {}
[98.439792] (-) TimerEvent: {}
[98.540931] (-) TimerEvent: {}
[98.643148] (-) TimerEvent: {}
[98.748952] (-) TimerEvent: {}
[98.863499] (-) TimerEvent: {}
[98.999317] (-) TimerEvent: {}
[99.100523] (-) TimerEvent: {}
[99.202224] (-) TimerEvent: {}
[99.306505] (-) TimerEvent: {}
[99.408992] (-) TimerEvent: {}
[99.510138] (-) TimerEvent: {}
[99.611842] (-) TimerEvent: {}
[99.716285] (-) TimerEvent: {}
[99.819223] (-) TimerEvent: {}
[99.921527] (-) TimerEvent: {}
[100.022607] (-) TimerEvent: {}
[100.128024] (-) TimerEvent: {}
[100.232615] (-) TimerEvent: {}
[100.341896] (-) TimerEvent: {}
[100.444300] (-) TimerEvent: {}
[100.546702] (-) TimerEvent: {}
[100.648486] (-) TimerEvent: {}
[100.749659] (-) TimerEvent: {}
[100.852339] (-) TimerEvent: {}
[100.956662] (-) TimerEvent: {}
[101.057669] (-) TimerEvent: {}
[101.159869] (-) TimerEvent: {}
[101.266014] (-) TimerEvent: {}
[101.370322] (-) TimerEvent: {}
[101.471898] (-) TimerEvent: {}
[101.573725] (-) TimerEvent: {}
[101.677508] (-) TimerEvent: {}
[101.780180] (-) TimerEvent: {}
[101.881351] (-) TimerEvent: {}
[101.986998] (-) TimerEvent: {}
[102.088273] (-) TimerEvent: {}
[102.189278] (-) TimerEvent: {}
[102.290349] (-) TimerEvent: {}
[102.391339] (-) TimerEvent: {}
[102.492340] (-) TimerEvent: {}
[102.596024] (-) TimerEvent: {}
[102.697242] (-) TimerEvent: {}
[102.798911] (-) TimerEvent: {}
[102.899932] (-) TimerEvent: {}
[103.000999] (-) TimerEvent: {}
[103.102302] (-) TimerEvent: {}
[103.206597] (-) TimerEvent: {}
[103.308653] (-) TimerEvent: {}
[103.410305] (-) TimerEvent: {}
[103.512732] (-) TimerEvent: {}
[103.615677] (-) TimerEvent: {}
[103.718221] (-) TimerEvent: {}
[103.819921] (-) TimerEvent: {}
[104.006350] (-) TimerEvent: {}
[104.109198] (-) TimerEvent: {}
[104.211532] (-) TimerEvent: {}
[104.312624] (-) TimerEvent: {}
[104.416337] (-) TimerEvent: {}
[104.517490] (-) TimerEvent: {}
[104.620321] (-) TimerEvent: {}
[104.721461] (-) TimerEvent: {}
[104.822929] (-) TimerEvent: {}
[104.925346] (-) TimerEvent: {}
[105.026430] (-) TimerEvent: {}
[105.131830] (-) TimerEvent: {}
[105.233955] (-) TimerEvent: {}
[105.336715] (-) TimerEvent: {}
[105.438490] (-) TimerEvent: {}
[105.540060] (-) TimerEvent: {}
[105.641307] (-) TimerEvent: {}
[105.742352] (-) TimerEvent: {}
[105.845703] (-) TimerEvent: {}
[105.947388] (-) TimerEvent: {}
[106.052543] (-) TimerEvent: {}
[106.155180] (-) TimerEvent: {}
[106.257035] (-) TimerEvent: {}
[106.358643] (-) TimerEvent: {}
[106.460288] (-) TimerEvent: {}
[106.565551] (-) TimerEvent: {}
[106.666862] (-) TimerEvent: {}
[106.768022] (-) TimerEvent: {}
[106.881037] (-) TimerEvent: {}
[106.984734] (-) TimerEvent: {}
[107.086755] (-) TimerEvent: {}
[107.189265] (-) TimerEvent: {}
[107.290971] (-) TimerEvent: {}
[107.392632] (-) TimerEvent: {}
[107.496261] (-) TimerEvent: {}
[107.600301] (-) TimerEvent: {}
[107.701618] (-) TimerEvent: {}
[107.802763] (-) TimerEvent: {}
[107.906580] (-) TimerEvent: {}
[108.007773] (-) TimerEvent: {}
[108.109487] (-) TimerEvent: {}
[108.210506] (-) TimerEvent: {}
[108.312977] (-) TimerEvent: {}
[108.415560] (-) TimerEvent: {}
[108.516700] (-) TimerEvent: {}
[108.618150] (-) TimerEvent: {}
[108.719365] (-) TimerEvent: {}
[108.821202] (-) TimerEvent: {}
[109.014392] (-) TimerEvent: {}
[109.117276] (-) TimerEvent: {}
[109.220651] (-) TimerEvent: {}
[109.321862] (-) TimerEvent: {}
[109.423290] (-) TimerEvent: {}
[109.524433] (-) TimerEvent: {}
[109.627252] (-) TimerEvent: {}
[109.728834] (-) TimerEvent: {}
[109.829844] (-) TimerEvent: {}
[109.931029] (-) TimerEvent: {}
[110.032048] (-) TimerEvent: {}
[110.133651] (-) TimerEvent: {}
[110.236981] (-) TimerEvent: {}
[110.338492] (-) TimerEvent: {}
[110.439513] (-) TimerEvent: {}
[110.540660] (-) TimerEvent: {}
[110.642483] (-) TimerEvent: {}
[110.744798] (-) TimerEvent: {}
[110.847673] (-) TimerEvent: {}
[110.949622] (-) TimerEvent: {}
[111.050684] (-) TimerEvent: {}
[111.151949] (-) TimerEvent: {}
[111.253575] (-) TimerEvent: {}
[111.354721] (-) TimerEvent: {}
[111.455861] (-) TimerEvent: {}
[111.559345] (-) TimerEvent: {}
[111.660523] (-) TimerEvent: {}
[111.762037] (-) TimerEvent: {}
[111.863495] (-) TimerEvent: {}
[111.965193] (-) TimerEvent: {}
[112.066176] (-) TimerEvent: {}
[112.168001] (-) TimerEvent: {}
[112.269489] (-) TimerEvent: {}
[112.370808] (-) TimerEvent: {}
[112.472122] (-) TimerEvent: {}
[112.574048] (-) TimerEvent: {}
[112.675366] (-) TimerEvent: {}
[112.777130] (-) TimerEvent: {}
[112.878591] (-) TimerEvent: {}
[112.979570] (-) TimerEvent: {}
[113.080628] (-) TimerEvent: {}
[113.181794] (-) TimerEvent: {}
[113.283622] (-) TimerEvent: {}
[113.384966] (-) TimerEvent: {}
[113.486274] (-) TimerEvent: {}
[113.588197] (-) TimerEvent: {}
[113.689457] (-) TimerEvent: {}
[113.790575] (-) TimerEvent: {}
[113.891946] (-) TimerEvent: {}
[114.040137] (-) TimerEvent: {}
[114.141462] (-) TimerEvent: {}
[114.243345] (-) TimerEvent: {}
[114.344478] (-) TimerEvent: {}
[114.445652] (-) TimerEvent: {}
[114.547420] (-) TimerEvent: {}
[114.649032] (-) TimerEvent: {}
[114.750126] (-) TimerEvent: {}
[114.851246] (-) TimerEvent: {}
[114.952481] (-) TimerEvent: {}
[115.053899] (-) TimerEvent: {}
[115.155208] (-) TimerEvent: {}
[115.256517] (-) TimerEvent: {}
[115.358408] (-) TimerEvent: {}
[115.459473] (-) TimerEvent: {}
[115.560761] (-) TimerEvent: {}
[115.662048] (-) TimerEvent: {}
[115.763360] (-) TimerEvent: {}
[115.864449] (-) TimerEvent: {}
[115.965595] (-) TimerEvent: {}
[116.066693] (-) TimerEvent: {}
[116.168137] (-) TimerEvent: {}
[116.269270] (-) TimerEvent: {}
[116.370458] (-) TimerEvent: {}
[116.471569] (-) TimerEvent: {}
[116.572779] (-) TimerEvent: {}
[116.673947] (-) TimerEvent: {}
[116.775010] (-) TimerEvent: {}
[116.876063] (-) TimerEvent: {}
[116.977654] (-) TimerEvent: {}
[117.078794] (-) TimerEvent: {}
[117.180043] (-) TimerEvent: {}
[117.281354] (-) TimerEvent: {}
[117.382640] (-) TimerEvent: {}
[117.484233] (-) TimerEvent: {}
[117.585433] (-) TimerEvent: {}
[117.686555] (-) TimerEvent: {}
[117.788572] (-) TimerEvent: {}
[117.890009] (-) TimerEvent: {}
[117.991175] (-) TimerEvent: {}
[118.092205] (-) TimerEvent: {}
[118.194514] (-) TimerEvent: {}
[118.295571] (-) TimerEvent: {}
[118.396586] (-) TimerEvent: {}
[118.498799] (-) TimerEvent: {}
[118.599856] (-) TimerEvent: {}
[118.700879] (-) TimerEvent: {}
[118.802053] (-) TimerEvent: {}
[118.903991] (-) TimerEvent: {}
[119.095680] (-) TimerEvent: {}
[119.196874] (-) TimerEvent: {}
[119.298558] (-) TimerEvent: {}
[119.400037] (-) TimerEvent: {}
[119.501247] (-) TimerEvent: {}
[119.602375] (-) TimerEvent: {}
[119.703816] (-) TimerEvent: {}
[119.805189] (-) TimerEvent: {}
[119.906460] (-) TimerEvent: {}
[120.008515] (-) TimerEvent: {}
[120.109837] (-) TimerEvent: {}
[120.212279] (-) TimerEvent: {}
[120.316488] (-) TimerEvent: {}
[120.418689] (-) TimerEvent: {}
[120.519957] (-) TimerEvent: {}
[120.621223] (-) TimerEvent: {}
[120.722477] (-) TimerEvent: {}
[120.823841] (-) TimerEvent: {}
[120.925545] (-) TimerEvent: {}
[121.028085] (-) TimerEvent: {}
[121.129560] (-) TimerEvent: {}
[121.230737] (-) TimerEvent: {}
[121.331870] (-) TimerEvent: {}
[121.433247] (-) TimerEvent: {}
[121.534335] (-) TimerEvent: {}
[121.635419] (-) TimerEvent: {}
[121.736369] (-) TimerEvent: {}
[121.838206] (-) TimerEvent: {}
[121.939702] (-) TimerEvent: {}
[122.040842] (-) TimerEvent: {}
[122.142534] (-) TimerEvent: {}
[122.244195] (-) TimerEvent: {}
[122.345652] (-) TimerEvent: {}
[122.446797] (-) TimerEvent: {}
[122.548292] (-) TimerEvent: {}
[122.650284] (-) TimerEvent: {}
[122.751520] (-) TimerEvent: {}
[122.852818] (-) TimerEvent: {}
[122.954362] (-) TimerEvent: {}
[123.055383] (-) TimerEvent: {}
[123.156696] (-) TimerEvent: {}
[123.258836] (-) TimerEvent: {}
[123.360344] (-) TimerEvent: {}
[123.462172] (-) TimerEvent: {}
[123.563692] (-) TimerEvent: {}
[123.665125] (-) TimerEvent: {}
[123.766203] (-) TimerEvent: {}
[123.867561] (-) TimerEvent: {}
[123.968951] (-) TimerEvent: {}
[124.209663] (-) TimerEvent: {}
[124.310762] (-) TimerEvent: {}
[124.411962] (-) TimerEvent: {}
[124.513199] (-) TimerEvent: {}
[124.614371] (-) TimerEvent: {}
[124.715441] (-) TimerEvent: {}
[124.816418] (-) TimerEvent: {}
[124.918807] (-) TimerEvent: {}
[125.019908] (-) TimerEvent: {}
[125.121030] (-) TimerEvent: {}
[125.222314] (-) TimerEvent: {}
[125.324179] (-) TimerEvent: {}
[125.425637] (-) TimerEvent: {}
[125.527045] (-) TimerEvent: {}
[125.629324] (-) TimerEvent: {}
[125.730518] (-) TimerEvent: {}
[125.831588] (-) TimerEvent: {}
[125.932729] (-) TimerEvent: {}
[126.034325] (-) TimerEvent: {}
[126.135595] (-) TimerEvent: {}
[126.236757] (-) TimerEvent: {}
[126.338744] (-) TimerEvent: {}
[126.439883] (-) TimerEvent: {}
[126.541571] (-) TimerEvent: {}
[126.643072] (-) TimerEvent: {}
[126.744216] (-) TimerEvent: {}
[126.845290] (-) TimerEvent: {}
[126.946337] (-) TimerEvent: {}
[127.048211] (-) TimerEvent: {}
[127.149619] (-) TimerEvent: {}
[127.250821] (-) TimerEvent: {}
[127.352232] (-) TimerEvent: {}
[127.454108] (-) TimerEvent: {}
[127.555258] (-) TimerEvent: {}
[127.656249] (-) TimerEvent: {}
[127.758390] (-) TimerEvent: {}
[127.860119] (-) TimerEvent: {}
[127.961385] (-) TimerEvent: {}
[128.063717] (-) TimerEvent: {}
[128.165743] (-) TimerEvent: {}
[128.266734] (-) TimerEvent: {}
[128.367831] (-) TimerEvent: {}
[128.469197] (-) TimerEvent: {}
[128.570282] (-) TimerEvent: {}
[128.672292] (-) TimerEvent: {}
[128.773898] (-) TimerEvent: {}
[128.875366] (-) TimerEvent: {}
[128.976438] (-) TimerEvent: {}
[129.079392] (-) TimerEvent: {}
[129.223433] (-) TimerEvent: {}
[129.324466] (-) TimerEvent: {}
[129.425666] (-) TimerEvent: {}
[129.527042] (-) TimerEvent: {}
[129.628977] (-) TimerEvent: {}
[129.730306] (-) TimerEvent: {}
[129.831566] (-) TimerEvent: {}
[129.933590] (-) TimerEvent: {}
[130.034759] (-) TimerEvent: {}
[130.136137] (-) TimerEvent: {}
[130.237617] (-) TimerEvent: {}
[130.339441] (-) TimerEvent: {}
[130.440723] (-) TimerEvent: {}
[130.542104] (-) TimerEvent: {}
[130.644184] (-) TimerEvent: {}
[130.745469] (-) TimerEvent: {}
[130.846709] (-) TimerEvent: {}
[130.948535] (-) TimerEvent: {}
[131.049758] (-) TimerEvent: {}
[131.151597] (-) TimerEvent: {}
[131.252857] (-) TimerEvent: {}
[131.355272] (-) TimerEvent: {}
[131.456554] (-) TimerEvent: {}
[131.558197] (-) TimerEvent: {}
[131.659575] (-) TimerEvent: {}
[131.760679] (-) TimerEvent: {}
[131.862060] (-) TimerEvent: {}
[131.964263] (-) TimerEvent: {}
[132.065915] (-) TimerEvent: {}
[132.167182] (-) TimerEvent: {}
[132.269799] (-) TimerEvent: {}
[132.370999] (-) TimerEvent: {}
[132.472265] (-) TimerEvent: {}
[132.573313] (-) TimerEvent: {}
[132.674486] (-) TimerEvent: {}
[132.775558] (-) TimerEvent: {}
[132.876776] (-) TimerEvent: {}
[132.979437] (-) TimerEvent: {}
[133.080727] (-) TimerEvent: {}
[133.181987] (-) TimerEvent: {}
[133.283748] (-) TimerEvent: {}
[133.384951] (-) TimerEvent: {}
[133.486277] (-) TimerEvent: {}
[133.587728] (-) TimerEvent: {}
[133.689266] (-) TimerEvent: {}
[133.790418] (-) TimerEvent: {}
[133.891601] (-) TimerEvent: {}
[133.993324] (-) TimerEvent: {}
[134.094700] (-) TimerEvent: {}
[134.195972] (-) TimerEvent: {}
[134.340193] (-) TimerEvent: {}
[134.441428] (-) TimerEvent: {}
[134.542517] (-) TimerEvent: {}
[134.644382] (-) TimerEvent: {}
[134.745746] (-) TimerEvent: {}
[134.847180] (-) TimerEvent: {}
[134.948430] (-) TimerEvent: {}
[135.050039] (-) TimerEvent: {}
[135.151355] (-) TimerEvent: {}
[135.252751] (-) TimerEvent: {}
[135.354186] (-) TimerEvent: {}
[135.455383] (-) TimerEvent: {}
[135.557247] (-) TimerEvent: {}
[135.659406] (-) TimerEvent: {}
[135.760668] (-) TimerEvent: {}
[135.862014] (-) TimerEvent: {}
[135.963660] (-) TimerEvent: {}
[136.064702] (-) TimerEvent: {}
[136.165929] (-) TimerEvent: {}
[136.267094] (-) TimerEvent: {}
[136.368722] (-) TimerEvent: {}
[136.469868] (-) TimerEvent: {}
[136.570901] (-) TimerEvent: {}
[136.672081] (-) TimerEvent: {}
[136.773845] (-) TimerEvent: {}
[136.875077] (-) TimerEvent: {}
[136.976325] (-) TimerEvent: {}
[137.078619] (-) TimerEvent: {}
[137.179696] (-) TimerEvent: {}
[137.281578] (-) TimerEvent: {}
[137.382658] (-) TimerEvent: {}
[137.484250] (-) TimerEvent: {}
[137.585356] (-) TimerEvent: {}
[137.686519] (-) TimerEvent: {}
[137.787812] (-) TimerEvent: {}
[137.889015] (-) TimerEvent: {}
[137.990351] (-) TimerEvent: {}
[138.091638] (-) TimerEvent: {}
[138.194325] (-) TimerEvent: {}
[138.295547] (-) TimerEvent: {}
[138.396830] (-) TimerEvent: {}
[138.499066] (-) TimerEvent: {}
[138.600198] (-) TimerEvent: {}
[138.701488] (-) TimerEvent: {}
[138.802698] (-) TimerEvent: {}
[138.904568] (-) TimerEvent: {}
[139.005970] (-) TimerEvent: {}
[139.107236] (-) TimerEvent: {}
[139.209520] (-) TimerEvent: {}
[139.442132] (-) TimerEvent: {}
[139.544078] (-) TimerEvent: {}
[139.645301] (-) TimerEvent: {}
[139.746364] (-) TimerEvent: {}
[139.848445] (-) TimerEvent: {}
[139.949624] (-) TimerEvent: {}
[140.050829] (-) TimerEvent: {}
[140.152032] (-) TimerEvent: {}
[140.253631] (-) TimerEvent: {}
[140.354766] (-) TimerEvent: {}
[140.456097] (-) TimerEvent: {}
[140.557421] (-) TimerEvent: {}
[140.658735] (-) TimerEvent: {}
[140.760108] (-) TimerEvent: {}
[140.861371] (-) TimerEvent: {}
[140.962781] (-) TimerEvent: {}
[141.064427] (-) TimerEvent: {}
[141.165844] (-) TimerEvent: {}
[141.267038] (-) TimerEvent: {}
[141.368786] (-) TimerEvent: {}
[141.469861] (-) TimerEvent: {}
[141.571023] (-) TimerEvent: {}
[141.672204] (-) TimerEvent: {}
[141.773583] (-) TimerEvent: {}
[141.874771] (-) TimerEvent: {}
[141.975953] (-) TimerEvent: {}
[142.077219] (-) TimerEvent: {}
[142.179408] (-) TimerEvent: {}
[142.280828] (-) TimerEvent: {}
[142.382274] (-) TimerEvent: {}
[142.484284] (-) TimerEvent: {}
[142.585670] (-) TimerEvent: {}
[142.686857] (-) TimerEvent: {}
[142.788468] (-) TimerEvent: {}
[142.889818] (-) TimerEvent: {}
[142.991034] (-) TimerEvent: {}
[143.092273] (-) TimerEvent: {}
[143.194219] (-) TimerEvent: {}
[143.295540] (-) TimerEvent: {}
[143.396778] (-) TimerEvent: {}
[143.499339] (-) TimerEvent: {}
[143.600564] (-) TimerEvent: {}
[143.701670] (-) TimerEvent: {}
[143.802940] (-) TimerEvent: {}
[143.904362] (-) TimerEvent: {}
[144.005734] (-) TimerEvent: {}
[144.106995] (-) TimerEvent: {}
[144.208301] (-) TimerEvent: {}
[144.444220] (-) TimerEvent: {}
[144.545523] (-) TimerEvent: {}
[144.646743] (-) TimerEvent: {}
[144.749404] (-) TimerEvent: {}
[144.850598] (-) TimerEvent: {}
[144.951666] (-) TimerEvent: {}
[145.052967] (-) TimerEvent: {}
[145.154165] (-) TimerEvent: {}
[145.255430] (-) TimerEvent: {}
[145.356733] (-) TimerEvent: {}
[145.459313] (-) TimerEvent: {}
[145.560270] (-) TimerEvent: {}
[145.661751] (-) TimerEvent: {}
[145.763387] (-) TimerEvent: {}
[145.864787] (-) TimerEvent: {}
[145.965995] (-) TimerEvent: {}
[146.067084] (-) TimerEvent: {}
[146.168751] (-) TimerEvent: {}
[146.269920] (-) TimerEvent: {}
[146.371014] (-) TimerEvent: {}
[146.471983] (-) TimerEvent: {}
[146.573374] (-) TimerEvent: {}
[146.674351] (-) TimerEvent: {}
[146.775377] (-) TimerEvent: {}
[146.876538] (-) TimerEvent: {}
[146.978880] (-) TimerEvent: {}
[147.080225] (-) TimerEvent: {}
[147.181583] (-) TimerEvent: {}
[147.283342] (-) TimerEvent: {}
[147.384740] (-) TimerEvent: {}
[147.486040] (-) TimerEvent: {}
[147.588863] (-) TimerEvent: {}
[147.690118] (-) TimerEvent: {}
[147.791296] (-) TimerEvent: {}
[147.892531] (-) TimerEvent: {}
[147.994172] (-) TimerEvent: {}
[148.095586] (-) TimerEvent: {}
[148.196939] (-) TimerEvent: {}
[148.298745] (-) TimerEvent: {}
[148.399983] (-) TimerEvent: {}
[148.501311] (-) TimerEvent: {}
[148.602853] (-) TimerEvent: {}
[148.704056] (-) TimerEvent: {}
[148.805481] (-) TimerEvent: {}
[148.906720] (-) TimerEvent: {}
[149.008691] (-) TimerEvent: {}
[149.110047] (-) TimerEvent: {}
[149.211311] (-) TimerEvent: {}
[149.312609] (-) TimerEvent: {}
[149.359434] (hdl_global_localization) StdoutLine: {'line': b'[ 72%] \x1b[32mBuilding CXX object CMakeFiles/hdl_global_localization_engines.dir/src/hdl_global_localization/engines/global_localization_fpfh_ransac.cpp.o\x1b[0m\n'}
[149.412871] (-) TimerEvent: {}
[149.514150] (-) TimerEvent: {}
[149.615581] (-) TimerEvent: {}
[149.716689] (-) TimerEvent: {}
[149.818361] (-) TimerEvent: {}
[149.919438] (-) TimerEvent: {}
[150.020467] (-) TimerEvent: {}
[150.121571] (-) TimerEvent: {}
[150.222797] (-) TimerEvent: {}
[150.323879] (-) TimerEvent: {}
[150.424970] (-) TimerEvent: {}
[150.526123] (-) TimerEvent: {}
[150.628076] (-) TimerEvent: {}
[150.729373] (-) TimerEvent: {}
[150.830559] (-) TimerEvent: {}
[150.931713] (-) TimerEvent: {}
[151.033260] (-) TimerEvent: {}
[151.134402] (-) TimerEvent: {}
[151.235562] (-) TimerEvent: {}
[151.336809] (-) TimerEvent: {}
[151.438160] (-) TimerEvent: {}
[151.539245] (-) TimerEvent: {}
[151.640371] (-) TimerEvent: {}
[151.741596] (-) TimerEvent: {}
[151.842751] (-) TimerEvent: {}
[151.943806] (-) TimerEvent: {}
[152.044829] (-) TimerEvent: {}
[152.145895] (-) TimerEvent: {}
[152.246911] (-) TimerEvent: {}
[152.348079] (-) TimerEvent: {}
[152.449148] (-) TimerEvent: {}
[152.550188] (-) TimerEvent: {}
[152.651255] (-) TimerEvent: {}
[152.752312] (-) TimerEvent: {}
[152.853516] (-) TimerEvent: {}
[152.954544] (-) TimerEvent: {}
[153.055641] (-) TimerEvent: {}
[153.156683] (-) TimerEvent: {}
[153.257933] (-) TimerEvent: {}
[153.359071] (-) TimerEvent: {}
[153.460108] (-) TimerEvent: {}
[153.561213] (-) TimerEvent: {}
[153.662280] (-) TimerEvent: {}
[153.763370] (-) TimerEvent: {}
[153.864419] (-) TimerEvent: {}
[153.965501] (-) TimerEvent: {}
[154.066554] (-) TimerEvent: {}
[154.167640] (-) TimerEvent: {}
[154.269796] (-) TimerEvent: {}
[154.370853] (-) TimerEvent: {}
[154.515367] (-) TimerEvent: {}
[154.616404] (-) TimerEvent: {}
[154.717543] (-) TimerEvent: {}
[154.818691] (-) TimerEvent: {}
[154.919747] (-) TimerEvent: {}
[155.020807] (-) TimerEvent: {}
[155.121910] (-) TimerEvent: {}
[155.222908] (-) TimerEvent: {}
[155.324268] (-) TimerEvent: {}
[155.425322] (-) TimerEvent: {}
[155.526387] (-) TimerEvent: {}
[155.627530] (-) TimerEvent: {}
[155.728699] (-) TimerEvent: {}
[155.829899] (-) TimerEvent: {}
[155.930944] (-) TimerEvent: {}
[156.031977] (-) TimerEvent: {}
[156.133409] (-) TimerEvent: {}
[156.234428] (-) TimerEvent: {}
[156.335461] (-) TimerEvent: {}
[156.436437] (-) TimerEvent: {}
[156.537565] (-) TimerEvent: {}
[156.638718] (-) TimerEvent: {}
[156.739712] (-) TimerEvent: {}
[156.840699] (-) TimerEvent: {}
[156.942134] (-) TimerEvent: {}
[157.043459] (-) TimerEvent: {}
[157.144445] (-) TimerEvent: {}
[157.245605] (-) TimerEvent: {}
[157.346617] (-) TimerEvent: {}
[157.447585] (-) TimerEvent: {}
[157.549383] (-) TimerEvent: {}
[157.650516] (-) TimerEvent: {}
[157.751646] (-) TimerEvent: {}
[157.852715] (-) TimerEvent: {}
[157.953818] (-) TimerEvent: {}
[158.054897] (-) TimerEvent: {}
[158.156706] (-) TimerEvent: {}
[158.258622] (-) TimerEvent: {}
[158.359612] (-) TimerEvent: {}
[158.460663] (-) TimerEvent: {}
[158.561756] (-) TimerEvent: {}
[158.663028] (-) TimerEvent: {}
[158.764096] (-) TimerEvent: {}
[158.865300] (-) TimerEvent: {}
[158.966394] (-) TimerEvent: {}
[159.067403] (-) TimerEvent: {}
[159.169013] (-) TimerEvent: {}
[159.270056] (-) TimerEvent: {}
[159.371226] (-) TimerEvent: {}
[159.472537] (-) TimerEvent: {}
[159.616950] (-) TimerEvent: {}
[159.718449] (-) TimerEvent: {}
[159.819551] (-) TimerEvent: {}
[159.920622] (-) TimerEvent: {}
[160.021802] (-) TimerEvent: {}
[160.122913] (-) TimerEvent: {}
[160.224036] (-) TimerEvent: {}
[160.325186] (-) TimerEvent: {}
[160.426289] (-) TimerEvent: {}
[160.527677] (-) TimerEvent: {}
[160.629270] (-) TimerEvent: {}
[160.730385] (-) TimerEvent: {}
[160.831479] (-) TimerEvent: {}
[160.932565] (-) TimerEvent: {}
[161.033759] (-) TimerEvent: {}
[161.134826] (-) TimerEvent: {}
[161.235955] (-) TimerEvent: {}
[161.337173] (-) TimerEvent: {}
[161.438744] (-) TimerEvent: {}
[161.539983] (-) TimerEvent: {}
[161.641274] (-) TimerEvent: {}
[161.742620] (-) TimerEvent: {}
[161.843957] (-) TimerEvent: {}
[161.945196] (-) TimerEvent: {}
[162.046367] (-) TimerEvent: {}
[162.147607] (-) TimerEvent: {}
[162.248944] (-) TimerEvent: {}
[162.350244] (-) TimerEvent: {}
[162.451355] (-) TimerEvent: {}
[162.552528] (-) TimerEvent: {}
[162.653858] (-) TimerEvent: {}
[162.754991] (-) TimerEvent: {}
[162.856252] (-) TimerEvent: {}
[162.957609] (-) TimerEvent: {}
[163.060029] (-) TimerEvent: {}
[163.161234] (-) TimerEvent: {}
[163.262452] (-) TimerEvent: {}
[163.363657] (-) TimerEvent: {}
[163.464700] (-) TimerEvent: {}
[163.565810] (-) TimerEvent: {}
[163.666787] (-) TimerEvent: {}
[163.768341] (-) TimerEvent: {}
[163.869610] (-) TimerEvent: {}
[163.970625] (-) TimerEvent: {}
[164.071659] (-) TimerEvent: {}
[164.173006] (-) TimerEvent: {}
[164.274116] (-) TimerEvent: {}
[164.375160] (-) TimerEvent: {}
[164.476246] (-) TimerEvent: {}
[164.710766] (-) TimerEvent: {}
[164.811884] (-) TimerEvent: {}
[164.913208] (-) TimerEvent: {}
[165.014347] (-) TimerEvent: {}
[165.115831] (-) TimerEvent: {}
[165.216893] (-) TimerEvent: {}
[165.320573] (-) TimerEvent: {}
[165.421973] (-) TimerEvent: {}
[165.523073] (-) TimerEvent: {}
[165.624172] (-) TimerEvent: {}
[165.725939] (-) TimerEvent: {}
[165.826974] (-) TimerEvent: {}
[165.928661] (-) TimerEvent: {}
[166.029957] (-) TimerEvent: {}
[166.131253] (-) TimerEvent: {}
[166.232481] (-) TimerEvent: {}
[166.334122] (-) TimerEvent: {}
[166.435391] (-) TimerEvent: {}
[166.536514] (-) TimerEvent: {}
[166.638077] (-) TimerEvent: {}
[166.739233] (-) TimerEvent: {}
[166.840687] (-) TimerEvent: {}
[166.941709] (-) TimerEvent: {}
[167.042701] (-) TimerEvent: {}
[167.143748] (-) TimerEvent: {}
[167.244740] (-) TimerEvent: {}
[167.345831] (-) TimerEvent: {}
[167.446786] (-) TimerEvent: {}
[167.547817] (-) TimerEvent: {}
[167.648946] (-) TimerEvent: {}
[167.750047] (-) TimerEvent: {}
[167.851050] (-) TimerEvent: {}
[167.952035] (-) TimerEvent: {}
[168.052969] (-) TimerEvent: {}
[168.154049] (-) TimerEvent: {}
[168.255158] (-) TimerEvent: {}
[168.356281] (-) TimerEvent: {}
[168.457432] (-) TimerEvent: {}
[168.559086] (-) TimerEvent: {}
[168.660092] (-) TimerEvent: {}
[168.761227] (-) TimerEvent: {}
[168.862256] (-) TimerEvent: {}
[168.963409] (-) TimerEvent: {}
[169.064387] (-) TimerEvent: {}
[169.165536] (-) TimerEvent: {}
[169.266577] (-) TimerEvent: {}
[169.367595] (-) TimerEvent: {}
[169.468661] (-) TimerEvent: {}
[169.569692] (-) TimerEvent: {}
[169.670719] (-) TimerEvent: {}
[169.814893] (-) TimerEvent: {}
[169.915938] (-) TimerEvent: {}
[170.016990] (-) TimerEvent: {}
[170.118385] (-) TimerEvent: {}
[170.219458] (-) TimerEvent: {}
[170.320524] (-) TimerEvent: {}
[170.724041] (-) TimerEvent: {}
[170.825282] (-) TimerEvent: {}
[170.926341] (-) TimerEvent: {}
[171.027387] (-) TimerEvent: {}
[171.128501] (-) TimerEvent: {}
[171.229613] (-) TimerEvent: {}
[171.330680] (-) TimerEvent: {}
[171.431740] (-) TimerEvent: {}
[171.532778] (-) TimerEvent: {}
[171.633884] (-) TimerEvent: {}
[171.734978] (-) TimerEvent: {}
[171.836025] (-) TimerEvent: {}
[171.937036] (-) TimerEvent: {}
[172.038283] (-) TimerEvent: {}
[172.139360] (-) TimerEvent: {}
[172.240423] (-) TimerEvent: {}
[172.341600] (-) TimerEvent: {}
[172.442623] (-) TimerEvent: {}
[172.543663] (-) TimerEvent: {}
[172.644659] (-) TimerEvent: {}
[172.745805] (-) TimerEvent: {}
[172.846917] (-) TimerEvent: {}
[172.947948] (-) TimerEvent: {}
[173.049119] (-) TimerEvent: {}
[173.150193] (-) TimerEvent: {}
[173.251280] (-) TimerEvent: {}
[173.352358] (-) TimerEvent: {}
[173.453514] (-) TimerEvent: {}
[173.554593] (-) TimerEvent: {}
[173.655639] (-) TimerEvent: {}
[173.756716] (-) TimerEvent: {}
[173.858171] (-) TimerEvent: {}
[173.959789] (-) TimerEvent: {}
[174.060765] (-) TimerEvent: {}
[174.161891] (-) TimerEvent: {}
[174.263295] (-) TimerEvent: {}
[174.364370] (-) TimerEvent: {}
[174.465506] (-) TimerEvent: {}
[174.566444] (-) TimerEvent: {}
[174.667497] (-) TimerEvent: {}
[174.769215] (-) TimerEvent: {}
[174.870262] (-) TimerEvent: {}
[175.015740] (-) TimerEvent: {}
[175.116815] (-) TimerEvent: {}
[175.218475] (-) TimerEvent: {}
[175.319541] (-) TimerEvent: {}
[175.420688] (-) TimerEvent: {}
[175.521864] (-) TimerEvent: {}
[175.622946] (-) TimerEvent: {}
[175.724067] (-) TimerEvent: {}
[175.825387] (-) TimerEvent: {}
[175.926779] (-) TimerEvent: {}
[176.027907] (-) TimerEvent: {}
[176.128954] (-) TimerEvent: {}
[176.230095] (-) TimerEvent: {}
[176.331159] (-) TimerEvent: {}
[176.432273] (-) TimerEvent: {}
[176.534300] (-) TimerEvent: {}
[176.635354] (-) TimerEvent: {}
[176.736484] (-) TimerEvent: {}
[176.837566] (-) TimerEvent: {}
[176.938752] (-) TimerEvent: {}
[177.039799] (-) TimerEvent: {}
[177.140890] (-) TimerEvent: {}
[177.242065] (-) TimerEvent: {}
[177.343284] (-) TimerEvent: {}
[177.444362] (-) TimerEvent: {}
[177.545434] (-) TimerEvent: {}
[177.646359] (-) TimerEvent: {}
[177.747441] (-) TimerEvent: {}
[177.848512] (-) TimerEvent: {}
[177.949589] (-) TimerEvent: {}
[178.050652] (-) TimerEvent: {}
[178.151684] (-) TimerEvent: {}
[178.252696] (-) TimerEvent: {}
[178.353796] (-) TimerEvent: {}
[178.454805] (-) TimerEvent: {}
[178.555843] (-) TimerEvent: {}
[178.656951] (-) TimerEvent: {}
[178.758274] (-) TimerEvent: {}
[178.859741] (-) TimerEvent: {}
[178.960956] (-) TimerEvent: {}
[179.062283] (-) TimerEvent: {}
[179.163860] (-) TimerEvent: {}
[179.265023] (-) TimerEvent: {}
[179.366319] (-) TimerEvent: {}
[179.467542] (-) TimerEvent: {}
[179.568700] (-) TimerEvent: {}
[179.670054] (-) TimerEvent: {}
[179.771288] (-) TimerEvent: {}
[179.872515] (-) TimerEvent: {}
[180.119375] (-) TimerEvent: {}
[180.220496] (-) TimerEvent: {}
[180.321733] (-) TimerEvent: {}
[180.422988] (-) TimerEvent: {}
[180.524165] (-) TimerEvent: {}
[180.625297] (-) TimerEvent: {}
[180.727209] (-) TimerEvent: {}
[180.828741] (-) TimerEvent: {}
[180.930042] (-) TimerEvent: {}
[181.031286] (-) TimerEvent: {}
[181.132841] (-) TimerEvent: {}
[181.234214] (-) TimerEvent: {}
[181.335378] (-) TimerEvent: {}
[181.436607] (-) TimerEvent: {}
[181.538472] (-) TimerEvent: {}
[181.639655] (-) TimerEvent: {}
[181.740819] (-) TimerEvent: {}
[181.842417] (-) TimerEvent: {}
[181.944034] (-) TimerEvent: {}
[182.045319] (-) TimerEvent: {}
[182.146573] (-) TimerEvent: {}
[182.248326] (-) TimerEvent: {}
[182.349599] (-) TimerEvent: {}
[182.450886] (-) TimerEvent: {}
[182.552008] (-) TimerEvent: {}
[182.653323] (-) TimerEvent: {}
[182.754491] (-) TimerEvent: {}
[182.855875] (-) TimerEvent: {}
[182.957225] (-) TimerEvent: {}
[183.059038] (-) TimerEvent: {}
[183.160441] (-) TimerEvent: {}
[183.261858] (-) TimerEvent: {}
[183.363242] (-) TimerEvent: {}
[183.464440] (-) TimerEvent: {}
[183.565674] (-) TimerEvent: {}
[183.666907] (-) TimerEvent: {}
[183.768543] (-) TimerEvent: {}
[183.869638] (-) TimerEvent: {}
[183.971525] (-) TimerEvent: {}
[184.072643] (-) TimerEvent: {}
[184.173983] (-) TimerEvent: {}
[184.275073] (-) TimerEvent: {}
[184.376173] (-) TimerEvent: {}
[184.477346] (-) TimerEvent: {}
[184.578476] (-) TimerEvent: {}
[184.679469] (-) TimerEvent: {}
[184.780514] (-) TimerEvent: {}
[184.881669] (-) TimerEvent: {}
[185.119046] (-) TimerEvent: {}
[185.220072] (-) TimerEvent: {}
[185.321205] (-) TimerEvent: {}
[185.422191] (-) TimerEvent: {}
[185.523457] (-) TimerEvent: {}
[185.624537] (-) TimerEvent: {}
[185.725609] (-) TimerEvent: {}
[185.826873] (-) TimerEvent: {}
[185.928044] (-) TimerEvent: {}
[186.029472] (-) TimerEvent: {}
[186.130561] (-) TimerEvent: {}
[186.231596] (-) TimerEvent: {}
[186.332667] (-) TimerEvent: {}
[186.433821] (-) TimerEvent: {}
[186.534850] (-) TimerEvent: {}
[186.635908] (-) TimerEvent: {}
[186.736990] (-) TimerEvent: {}
[186.838074] (-) TimerEvent: {}
[186.939081] (-) TimerEvent: {}
[187.040109] (-) TimerEvent: {}
[187.141196] (-) TimerEvent: {}
[187.242185] (-) TimerEvent: {}
[187.343496] (-) TimerEvent: {}
[187.444564] (-) TimerEvent: {}
[187.545660] (-) TimerEvent: {}
[187.646623] (-) TimerEvent: {}
[187.747633] (-) TimerEvent: {}
[187.848753] (-) TimerEvent: {}
[187.949870] (-) TimerEvent: {}
[188.050923] (-) TimerEvent: {}
[188.151955] (-) TimerEvent: {}
[188.253124] (-) TimerEvent: {}
[188.354136] (-) TimerEvent: {}
[188.455155] (-) TimerEvent: {}
[188.556200] (-) TimerEvent: {}
[188.657288] (-) TimerEvent: {}
[188.758869] (-) TimerEvent: {}
[188.859892] (-) TimerEvent: {}
[188.960903] (-) TimerEvent: {}
[189.062494] (-) TimerEvent: {}
[189.163526] (-) TimerEvent: {}
[189.264568] (-) TimerEvent: {}
[189.365813] (-) TimerEvent: {}
[189.467126] (-) TimerEvent: {}
[189.568257] (-) TimerEvent: {}
[189.591982] (hdl_global_localization) StdoutLine: {'line': b'[ 74%] \x1b[32m\x1b[1mLinking CXX shared library libhdl_global_localization_engines.so\x1b[0m\n'}
[189.668550] (-) TimerEvent: {}
[189.769989] (-) TimerEvent: {}
[189.871409] (-) TimerEvent: {}
[189.973243] (-) TimerEvent: {}
[190.167411] (-) TimerEvent: {}
[190.270340] (-) TimerEvent: {}
[190.372066] (-) TimerEvent: {}
[190.473542] (-) TimerEvent: {}
[190.575352] (-) TimerEvent: {}
[190.676930] (-) TimerEvent: {}
[190.778689] (-) TimerEvent: {}
[190.879894] (-) TimerEvent: {}
[190.981343] (-) TimerEvent: {}
[191.083461] (-) TimerEvent: {}
[191.185440] (-) TimerEvent: {}
[191.288674] (-) TimerEvent: {}
[191.389937] (-) TimerEvent: {}
[191.490964] (-) TimerEvent: {}
[191.592021] (-) TimerEvent: {}
[191.693114] (-) TimerEvent: {}
[191.794070] (-) TimerEvent: {}
[191.895399] (-) TimerEvent: {}
[191.996470] (-) TimerEvent: {}
[192.097668] (-) TimerEvent: {}
[192.199893] (-) TimerEvent: {}
[192.301031] (-) TimerEvent: {}
[192.402231] (-) TimerEvent: {}
[192.503539] (-) TimerEvent: {}
[192.604560] (-) TimerEvent: {}
[192.705718] (-) TimerEvent: {}
[192.806801] (-) TimerEvent: {}
[192.908958] (-) TimerEvent: {}
[193.010270] (-) TimerEvent: {}
[193.111335] (-) TimerEvent: {}
[193.212357] (-) TimerEvent: {}
[193.313676] (-) TimerEvent: {}
[193.414718] (-) TimerEvent: {}
[193.515773] (-) TimerEvent: {}
[193.616878] (-) TimerEvent: {}
[193.718203] (-) TimerEvent: {}
[193.819661] (-) TimerEvent: {}
[193.920663] (-) TimerEvent: {}
[194.021771] (-) TimerEvent: {}
[194.123069] (-) TimerEvent: {}
[194.224176] (-) TimerEvent: {}
[194.325465] (-) TimerEvent: {}
[194.426585] (-) TimerEvent: {}
[194.527911] (-) TimerEvent: {}
[194.629481] (-) TimerEvent: {}
[194.730555] (-) TimerEvent: {}
[194.831658] (-) TimerEvent: {}
[194.933695] (-) TimerEvent: {}
[195.034772] (-) TimerEvent: {}
[195.206508] (-) TimerEvent: {}
[195.307704] (-) TimerEvent: {}
[195.410357] (-) TimerEvent: {}
[195.511483] (-) TimerEvent: {}
[195.612547] (-) TimerEvent: {}
[195.713867] (-) TimerEvent: {}
[195.814905] (-) TimerEvent: {}
[195.916014] (-) TimerEvent: {}
[196.017222] (-) TimerEvent: {}
[196.118981] (-) TimerEvent: {}
[196.220099] (-) TimerEvent: {}
[196.321237] (-) TimerEvent: {}
[196.422282] (-) TimerEvent: {}
[196.523569] (-) TimerEvent: {}
[196.624680] (-) TimerEvent: {}
[196.725817] (-) TimerEvent: {}
[196.826919] (-) TimerEvent: {}
[196.928020] (-) TimerEvent: {}
[197.029163] (-) TimerEvent: {}
[197.130308] (-) TimerEvent: {}
[197.231424] (-) TimerEvent: {}
[197.332575] (-) TimerEvent: {}
[197.433750] (-) TimerEvent: {}
[197.534872] (-) TimerEvent: {}
[197.635974] (-) TimerEvent: {}
[197.737016] (-) TimerEvent: {}
[197.838654] (-) TimerEvent: {}
[197.940008] (-) TimerEvent: {}
[198.041194] (-) TimerEvent: {}
[198.142317] (-) TimerEvent: {}
[198.244126] (-) TimerEvent: {}
[198.345262] (-) TimerEvent: {}
[198.446352] (-) TimerEvent: {}
[198.547459] (-) TimerEvent: {}
[198.648631] (-) TimerEvent: {}
[198.750052] (-) TimerEvent: {}
[198.851258] (-) TimerEvent: {}
[198.953297] (-) TimerEvent: {}
[199.054517] (-) TimerEvent: {}
[199.155697] (-) TimerEvent: {}
[199.256866] (-) TimerEvent: {}
[199.358901] (-) TimerEvent: {}
[199.460415] (-) TimerEvent: {}
[199.561800] (-) TimerEvent: {}
[199.663565] (-) TimerEvent: {}
[199.764785] (-) TimerEvent: {}
[199.866234] (-) TimerEvent: {}
[199.967361] (-) TimerEvent: {}
[200.068676] (-) TimerEvent: {}
[200.169908] (-) TimerEvent: {}
[200.270916] (-) TimerEvent: {}
[200.372024] (-) TimerEvent: {}
[200.473539] (-) TimerEvent: {}
[200.574602] (-) TimerEvent: {}
[200.675739] (-) TimerEvent: {}
[200.776797] (-) TimerEvent: {}
[200.878737] (-) TimerEvent: {}
[200.980018] (-) TimerEvent: {}
[201.081213] (-) TimerEvent: {}
[201.182525] (-) TimerEvent: {}
[201.284001] (-) TimerEvent: {}
[201.385045] (-) TimerEvent: {}
[201.486216] (-) TimerEvent: {}
[201.587269] (-) TimerEvent: {}
[201.689352] (-) TimerEvent: {}
[201.790513] (-) TimerEvent: {}
[201.891858] (-) TimerEvent: {}
[201.993768] (-) TimerEvent: {}
[202.095039] (-) TimerEvent: {}
[202.196214] (-) TimerEvent: {}
[202.297570] (-) TimerEvent: {}
[202.399566] (-) TimerEvent: {}
[202.500790] (-) TimerEvent: {}
[202.602116] (-) TimerEvent: {}
[202.703177] (-) TimerEvent: {}
[202.804213] (-) TimerEvent: {}
[202.905455] (-) TimerEvent: {}
[203.006814] (-) TimerEvent: {}
[203.108467] (-) TimerEvent: {}
[203.209878] (-) TimerEvent: {}
[203.311088] (-) TimerEvent: {}
[203.412335] (-) TimerEvent: {}
[203.513611] (-) TimerEvent: {}
[203.614696] (-) TimerEvent: {}
[203.715708] (-) TimerEvent: {}
[203.816739] (-) TimerEvent: {}
[203.917895] (-) TimerEvent: {}
[204.018978] (-) TimerEvent: {}
[204.120052] (-) TimerEvent: {}
[204.221169] (-) TimerEvent: {}
[204.322260] (-) TimerEvent: {}
[204.423335] (-) TimerEvent: {}
[204.524373] (-) TimerEvent: {}
[204.625532] (-) TimerEvent: {}
[204.727272] (-) TimerEvent: {}
[204.828327] (-) TimerEvent: {}
[204.929569] (-) TimerEvent: {}
[205.030626] (-) TimerEvent: {}
[205.131884] (-) TimerEvent: {}
[205.260583] (-) TimerEvent: {}
[205.361685] (-) TimerEvent: {}
[205.463280] (-) TimerEvent: {}
[205.564367] (-) TimerEvent: {}
[205.665542] (-) TimerEvent: {}
[205.766621] (-) TimerEvent: {}
[205.867722] (-) TimerEvent: {}
[205.968918] (-) TimerEvent: {}
[206.070020] (-) TimerEvent: {}
[206.171084] (-) TimerEvent: {}
[206.272143] (-) TimerEvent: {}
[206.373453] (-) TimerEvent: {}
[206.474459] (-) TimerEvent: {}
[206.575663] (-) TimerEvent: {}
[206.676720] (-) TimerEvent: {}
[206.777897] (-) TimerEvent: {}
[206.879317] (-) TimerEvent: {}
[206.980389] (-) TimerEvent: {}
[207.081417] (-) TimerEvent: {}
[207.182523] (-) TimerEvent: {}
[207.283758] (-) TimerEvent: {}
[207.384835] (-) TimerEvent: {}
[207.485977] (-) TimerEvent: {}
[207.587029] (-) TimerEvent: {}
[207.688173] (-) TimerEvent: {}
[207.789331] (-) TimerEvent: {}
[207.890360] (-) TimerEvent: {}
[207.991425] (-) TimerEvent: {}
[208.092491] (-) TimerEvent: {}
[208.193729] (-) TimerEvent: {}
[208.294834] (-) TimerEvent: {}
[208.395861] (-) TimerEvent: {}
[208.496906] (-) TimerEvent: {}
[208.598063] (-) TimerEvent: {}
[208.699577] (-) TimerEvent: {}
[208.800604] (-) TimerEvent: {}
[208.901770] (-) TimerEvent: {}
[209.003029] (-) TimerEvent: {}
[209.104063] (-) TimerEvent: {}
[209.205201] (-) TimerEvent: {}
[209.306348] (-) TimerEvent: {}
[209.408899] (-) TimerEvent: {}
[209.510098] (-) TimerEvent: {}
[209.611166] (-) TimerEvent: {}
[209.712217] (-) TimerEvent: {}
[209.813980] (-) TimerEvent: {}
[209.915015] (-) TimerEvent: {}
[210.016037] (-) TimerEvent: {}
[210.117232] (-) TimerEvent: {}
[210.218335] (-) TimerEvent: {}
[210.319504] (-) TimerEvent: {}
[210.460432] (-) TimerEvent: {}
[210.561584] (-) TimerEvent: {}
[210.662706] (-) TimerEvent: {}
[210.763781] (-) TimerEvent: {}
[210.864845] (-) TimerEvent: {}
[210.966002] (-) TimerEvent: {}
[211.067031] (-) TimerEvent: {}
[211.168255] (-) TimerEvent: {}
[211.269590] (-) TimerEvent: {}
[211.370601] (-) TimerEvent: {}
[211.471678] (-) TimerEvent: {}
[211.572733] (-) TimerEvent: {}
[211.588767] (hdl_global_localization) StdoutLine: {'line': b'[ 74%] Built target hdl_global_localization_engines\n'}
[211.659747] (hdl_global_localization) StdoutLine: {'line': b'\x1b[35m\x1b[1mScanning dependencies of target hdl_global_localization\x1b[0m\n'}
[211.672996] (-) TimerEvent: {}
[211.732129] (hdl_global_localization) StdoutLine: {'line': b'[ 74%] Built target hdl_global_localization\n'}
[211.773285] (-) TimerEvent: {}
[211.805907] (hdl_global_localization) StdoutLine: {'line': b'\x1b[35m\x1b[1mScanning dependencies of target hdl_global_localization_test\x1b[0m\n'}
[211.808213] (hdl_global_localization) StdoutLine: {'line': b'\x1b[35m\x1b[1mScanning dependencies of target hdl_global_localization__py\x1b[0m\n'}
[211.809870] (hdl_global_localization) StdoutLine: {'line': b'\x1b[35m\x1b[1mScanning dependencies of target hdl_global_localization_node\x1b[0m\n'}
[211.873533] (-) TimerEvent: {}
[211.889187] (hdl_global_localization) StdoutLine: {'line': b'[ 75%] \x1b[34m\x1b[1mGenerating Python code for ROS interfaces\x1b[0m\n'}
[211.973714] (-) TimerEvent: {}
[212.074777] (-) TimerEvent: {}
[212.176334] (-) TimerEvent: {}
[212.277295] (-) TimerEvent: {}
[212.379341] (-) TimerEvent: {}
[212.480487] (-) TimerEvent: {}
[212.581592] (-) TimerEvent: {}
[212.682545] (-) TimerEvent: {}
[212.783681] (-) TimerEvent: {}
[212.885333] (-) TimerEvent: {}
[212.904310] (hdl_global_localization) StdoutLine: {'line': b'[ 77%] \x1b[32mBuilding CXX object CMakeFiles/hdl_global_localization_node.dir/src/hdl_global_localization_node_ros2.cpp.o\x1b[0m\n'}
[212.985314] (-) TimerEvent: {}
[213.086878] (-) TimerEvent: {}
[213.181515] (hdl_global_localization) StdoutLine: {'line': b'[ 79%] \x1b[32mBuilding CXX object CMakeFiles/hdl_global_localization_test.dir/src/hdl_global_localization_test_ros2.cpp.o\x1b[0m\n'}
[213.187113] (-) TimerEvent: {}
[213.290075] (-) TimerEvent: {}
[213.391091] (-) TimerEvent: {}
[213.492084] (-) TimerEvent: {}
[213.593665] (-) TimerEvent: {}
[213.694695] (-) TimerEvent: {}
[213.795810] (-) TimerEvent: {}
[213.897248] (-) TimerEvent: {}
[213.999336] (-) TimerEvent: {}
[214.100939] (-) TimerEvent: {}
[214.202072] (-) TimerEvent: {}
[214.303630] (-) TimerEvent: {}
[214.404707] (-) TimerEvent: {}
[214.505895] (-) TimerEvent: {}
[214.606838] (-) TimerEvent: {}
[214.709269] (-) TimerEvent: {}
[214.810734] (-) TimerEvent: {}
[214.911800] (-) TimerEvent: {}
[215.012898] (-) TimerEvent: {}
[215.113914] (-) TimerEvent: {}
[215.214945] (-) TimerEvent: {}
[215.315989] (-) TimerEvent: {}
[215.417335] (-) TimerEvent: {}
[215.665961] (-) TimerEvent: {}
[215.767874] (-) TimerEvent: {}
[215.870771] (-) TimerEvent: {}
[215.971842] (-) TimerEvent: {}
[216.073673] (-) TimerEvent: {}
[216.175328] (-) TimerEvent: {}
[216.276726] (-) TimerEvent: {}
[216.379186] (-) TimerEvent: {}
[216.485606] (-) TimerEvent: {}
[216.588078] (-) TimerEvent: {}
[216.643931] (hdl_global_localization) StdoutLine: {'line': b'[ 79%] Built target hdl_global_localization__py\n'}
[216.688334] (-) TimerEvent: {}
[216.745390] (hdl_global_localization) StdoutLine: {'line': b'\x1b[35m\x1b[1mScanning dependencies of target hdl_global_localization__python\x1b[0m\n'}
[216.788611] (-) TimerEvent: {}
[216.889995] (-) TimerEvent: {}
[216.991819] (-) TimerEvent: {}
[217.059740] (hdl_global_localization) StdoutLine: {'line': b'[ 81%] \x1b[32mBuilding C object CMakeFiles/hdl_global_localization__python.dir/rosidl_generator_py/hdl_global_localization/srv/_query_global_localization_s.c.o\x1b[0m\n'}
[217.088167] (hdl_global_localization) StdoutLine: {'line': b'[ 82%] \x1b[32mBuilding C object CMakeFiles/hdl_global_localization__python.dir/rosidl_generator_py/hdl_global_localization/srv/_set_global_localization_engine_s.c.o\x1b[0m\n'}
[217.092107] (-) TimerEvent: {}
[217.093844] (hdl_global_localization) StdoutLine: {'line': b'[ 84%] \x1b[32mBuilding C object CMakeFiles/hdl_global_localization__python.dir/rosidl_generator_py/hdl_global_localization/srv/_set_global_map_s.c.o\x1b[0m\n'}
[217.192378] (-) TimerEvent: {}
[217.301323] (-) TimerEvent: {}
[217.402895] (-) TimerEvent: {}
[217.503924] (-) TimerEvent: {}
[217.604924] (-) TimerEvent: {}
[217.706103] (-) TimerEvent: {}
[217.807180] (-) TimerEvent: {}
[217.910147] (-) TimerEvent: {}
[218.011213] (-) TimerEvent: {}
[218.113516] (-) TimerEvent: {}
[218.215509] (-) TimerEvent: {}
[218.318092] (-) TimerEvent: {}
[218.420128] (-) TimerEvent: {}
[218.479949] (hdl_global_localization) StdoutLine: {'line': b'[ 86%] \x1b[32m\x1b[1mLinking C shared library rosidl_generator_py/hdl_global_localization/libhdl_global_localization__python.so\x1b[0m\n'}
[218.520415] (-) TimerEvent: {}
[218.621909] (-) TimerEvent: {}
[218.723599] (-) TimerEvent: {}
[218.813560] (hdl_global_localization) StdoutLine: {'line': b'[ 86%] Built target hdl_global_localization__python\n'}
[218.824125] (-) TimerEvent: {}
[218.920039] (hdl_global_localization) StdoutLine: {'line': b'\x1b[35m\x1b[1mScanning dependencies of target hdl_global_localization__rosidl_typesupport_c__pyext\x1b[0m\n'}
[218.924338] (-) TimerEvent: {}
[218.933944] (hdl_global_localization) StdoutLine: {'line': b'\x1b[35m\x1b[1mScanning dependencies of target hdl_global_localization__rosidl_typesupport_fastrtps_c__pyext\x1b[0m\n'}
[218.938010] (hdl_global_localization) StdoutLine: {'line': b'\x1b[35m\x1b[1mScanning dependencies of target hdl_global_localization__rosidl_typesupport_introspection_c__pyext\x1b[0m\n'}
[219.024658] (-) TimerEvent: {}
[219.142520] (-) TimerEvent: {}
[219.169362] (hdl_global_localization) StdoutLine: {'line': b'[ 87%] \x1b[32mBuilding C object CMakeFiles/hdl_global_localization__rosidl_typesupport_introspection_c__pyext.dir/rosidl_generator_py/hdl_global_localization/_hdl_global_localization_s.ep.rosidl_typesupport_introspection_c.c.o\x1b[0m\n'}
[219.215111] (hdl_global_localization) StdoutLine: {'line': b'[ 89%] \x1b[32mBuilding C object CMakeFiles/hdl_global_localization__rosidl_typesupport_c__pyext.dir/rosidl_generator_py/hdl_global_localization/_hdl_global_localization_s.ep.rosidl_typesupport_c.c.o\x1b[0m\n'}
[219.230512] (hdl_global_localization) StdoutLine: {'line': b'[ 91%] \x1b[32mBuilding C object CMakeFiles/hdl_global_localization__rosidl_typesupport_fastrtps_c__pyext.dir/rosidl_generator_py/hdl_global_localization/_hdl_global_localization_s.ep.rosidl_typesupport_fastrtps_c.c.o\x1b[0m\n'}
[219.236449] (-) TimerEvent: {}
[219.337748] (-) TimerEvent: {}
[219.438911] (-) TimerEvent: {}
[219.540644] (-) TimerEvent: {}
[219.642484] (-) TimerEvent: {}
[219.744166] (-) TimerEvent: {}
[219.846948] (-) TimerEvent: {}
[219.948960] (-) TimerEvent: {}
[220.050614] (-) TimerEvent: {}
[220.071173] (hdl_global_localization) StdoutLine: {'line': b'[ 93%] \x1b[32m\x1b[1mLinking CXX shared library rosidl_generator_py/hdl_global_localization/hdl_global_localization_s__rosidl_typesupport_fastrtps_c.cpython-38-aarch64-linux-gnu.so\x1b[0m\n'}
[220.088884] (hdl_global_localization) StdoutLine: {'line': b'[ 94%] \x1b[32m\x1b[1mLinking C shared library rosidl_generator_py/hdl_global_localization/hdl_global_localization_s__rosidl_typesupport_introspection_c.cpython-38-aarch64-linux-gnu.so\x1b[0m\n'}
[220.144975] (hdl_global_localization) StdoutLine: {'line': b'[ 96%] \x1b[32m\x1b[1mLinking C shared library rosidl_generator_py/hdl_global_localization/hdl_global_localization_s__rosidl_typesupport_c.cpython-38-aarch64-linux-gnu.so\x1b[0m\n'}
[220.150855] (-) TimerEvent: {}
[220.251918] (-) TimerEvent: {}
[220.353809] (-) TimerEvent: {}
[220.454878] (-) TimerEvent: {}
[220.600361] (hdl_global_localization) StdoutLine: {'line': b'[ 96%] Built target hdl_global_localization__rosidl_typesupport_introspection_c__pyext\n'}
[220.601397] (-) TimerEvent: {}
[220.701491] (hdl_global_localization) StdoutLine: {'line': b'[ 96%] Built target hdl_global_localization__rosidl_typesupport_c__pyext\n'}
[220.704043] (-) TimerEvent: {}
[220.716836] (hdl_global_localization) StdoutLine: {'line': b'[ 96%] Built target hdl_global_localization__rosidl_typesupport_fastrtps_c__pyext\n'}
[220.804349] (-) TimerEvent: {}
[220.905808] (-) TimerEvent: {}
[221.006826] (-) TimerEvent: {}
[221.108621] (-) TimerEvent: {}
[221.210213] (-) TimerEvent: {}
[221.311562] (-) TimerEvent: {}
[221.413142] (-) TimerEvent: {}
[221.514327] (-) TimerEvent: {}
[221.616694] (-) TimerEvent: {}
[221.718192] (-) TimerEvent: {}
[221.822170] (-) TimerEvent: {}
[221.924816] (-) TimerEvent: {}
[222.025954] (-) TimerEvent: {}
[222.127069] (-) TimerEvent: {}
[222.228921] (-) TimerEvent: {}
[222.330087] (-) TimerEvent: {}
[222.431113] (-) TimerEvent: {}
[222.532125] (-) TimerEvent: {}
[222.633521] (-) TimerEvent: {}
[222.734593] (-) TimerEvent: {}
[222.835631] (-) TimerEvent: {}
[222.936646] (-) TimerEvent: {}
[223.037775] (-) TimerEvent: {}
[223.139323] (-) TimerEvent: {}
[223.240467] (-) TimerEvent: {}
[223.341699] (-) TimerEvent: {}
[223.443063] (-) TimerEvent: {}
[223.544184] (-) TimerEvent: {}
[223.645769] (-) TimerEvent: {}
[223.746875] (-) TimerEvent: {}
[223.848208] (-) TimerEvent: {}
[223.949955] (-) TimerEvent: {}
[224.050939] (-) TimerEvent: {}
[224.152006] (-) TimerEvent: {}
[224.253266] (-) TimerEvent: {}
[224.354364] (-) TimerEvent: {}
[224.455443] (-) TimerEvent: {}
[224.556514] (-) TimerEvent: {}
[224.657841] (-) TimerEvent: {}
[224.759413] (-) TimerEvent: {}
[224.860551] (-) TimerEvent: {}
[224.961715] (-) TimerEvent: {}
[225.065463] (-) TimerEvent: {}
[225.166568] (-) TimerEvent: {}
[225.267668] (-) TimerEvent: {}
[225.369746] (-) TimerEvent: {}
[225.470920] (-) TimerEvent: {}
[225.720484] (-) TimerEvent: {}
[225.821669] (-) TimerEvent: {}
[225.923294] (-) TimerEvent: {}
[226.024560] (-) TimerEvent: {}
[226.125875] (-) TimerEvent: {}
[226.226960] (-) TimerEvent: {}
[226.328026] (-) TimerEvent: {}
[226.431200] (-) TimerEvent: {}
[226.532479] (-) TimerEvent: {}
[226.634005] (-) TimerEvent: {}
[226.736498] (-) TimerEvent: {}
[226.838945] (-) TimerEvent: {}
[226.942868] (-) TimerEvent: {}
[227.043941] (-) TimerEvent: {}
[227.145131] (-) TimerEvent: {}
[227.246297] (-) TimerEvent: {}
[227.347423] (-) TimerEvent: {}
[227.449916] (-) TimerEvent: {}
[227.551091] (-) TimerEvent: {}
[227.652568] (-) TimerEvent: {}
[227.753739] (-) TimerEvent: {}
[227.855459] (-) TimerEvent: {}
[227.956654] (-) TimerEvent: {}
[228.058145] (-) TimerEvent: {}
[228.166627] (-) TimerEvent: {}
[228.267862] (-) TimerEvent: {}
[228.370280] (-) TimerEvent: {}
[228.471569] (-) TimerEvent: {}
[228.572665] (-) TimerEvent: {}
[228.674540] (-) TimerEvent: {}
[228.775705] (-) TimerEvent: {}
[228.876834] (-) TimerEvent: {}
[228.978426] (-) TimerEvent: {}
[229.080735] (-) TimerEvent: {}
[229.182085] (-) TimerEvent: {}
[229.283694] (-) TimerEvent: {}
[229.385034] (-) TimerEvent: {}
[229.486427] (-) TimerEvent: {}
[229.588190] (-) TimerEvent: {}
[229.689996] (-) TimerEvent: {}
[229.791072] (-) TimerEvent: {}
[229.892149] (-) TimerEvent: {}
[229.993594] (-) TimerEvent: {}
[230.094819] (-) TimerEvent: {}
[230.196106] (-) TimerEvent: {}
[230.297440] (-) TimerEvent: {}
[230.398805] (-) TimerEvent: {}
[230.500157] (-) TimerEvent: {}
[230.601566] (-) TimerEvent: {}
[230.702857] (-) TimerEvent: {}
[230.804015] (-) TimerEvent: {}
[230.905639] (-) TimerEvent: {}
[231.007038] (-) TimerEvent: {}
[231.110199] (-) TimerEvent: {}
[231.211262] (-) TimerEvent: {}
[231.312244] (-) TimerEvent: {}
[231.413398] (-) TimerEvent: {}
[231.514372] (-) TimerEvent: {}
[231.615524] (-) TimerEvent: {}
[231.716552] (-) TimerEvent: {}
[231.817741] (-) TimerEvent: {}
[231.919099] (-) TimerEvent: {}
[232.020212] (-) TimerEvent: {}
[232.121424] (-) TimerEvent: {}
[232.222541] (-) TimerEvent: {}
[232.323629] (-) TimerEvent: {}
[232.424856] (-) TimerEvent: {}
[232.526010] (-) TimerEvent: {}
[232.627119] (-) TimerEvent: {}
[232.729182] (-) TimerEvent: {}
[232.830265] (-) TimerEvent: {}
[232.931314] (-) TimerEvent: {}
[233.032614] (-) TimerEvent: {}
[233.133851] (-) TimerEvent: {}
[233.234981] (-) TimerEvent: {}
[233.392861] (-) TimerEvent: {}
[233.494151] (-) TimerEvent: {}
[233.595236] (-) TimerEvent: {}
[233.696332] (-) TimerEvent: {}
[233.797442] (-) TimerEvent: {}
[233.899201] (-) TimerEvent: {}
[234.000319] (-) TimerEvent: {}
[234.101477] (-) TimerEvent: {}
[234.202574] (-) TimerEvent: {}
[234.303683] (-) TimerEvent: {}
[234.404887] (-) TimerEvent: {}
[234.506055] (-) TimerEvent: {}
[234.607247] (-) TimerEvent: {}
[234.708628] (-) TimerEvent: {}
[234.810155] (-) TimerEvent: {}
[234.911297] (-) TimerEvent: {}
[235.012376] (-) TimerEvent: {}
[235.113578] (-) TimerEvent: {}
[235.214634] (-) TimerEvent: {}
[235.315788] (-) TimerEvent: {}
[235.416942] (-) TimerEvent: {}
[235.518327] (-) TimerEvent: {}
[235.619904] (-) TimerEvent: {}
[235.721001] (-) TimerEvent: {}
[235.822153] (-) TimerEvent: {}
[235.923591] (-) TimerEvent: {}
[236.024700] (-) TimerEvent: {}
[236.125897] (-) TimerEvent: {}
[236.226957] (-) TimerEvent: {}
[236.328083] (-) TimerEvent: {}
[236.430148] (-) TimerEvent: {}
[236.531206] (-) TimerEvent: {}
[236.632281] (-) TimerEvent: {}
[236.733503] (-) TimerEvent: {}
[236.834603] (-) TimerEvent: {}
[236.935669] (-) TimerEvent: {}
[237.036742] (-) TimerEvent: {}
[237.137959] (-) TimerEvent: {}
[237.241146] (-) TimerEvent: {}
[237.342690] (-) TimerEvent: {}
[237.444207] (-) TimerEvent: {}
[237.545876] (-) TimerEvent: {}
[237.647138] (-) TimerEvent: {}
[237.749958] (-) TimerEvent: {}
[237.851182] (-) TimerEvent: {}
[237.952272] (-) TimerEvent: {}
[238.053659] (-) TimerEvent: {}
[238.154951] (-) TimerEvent: {}
[238.256351] (-) TimerEvent: {}
[238.528816] (-) TimerEvent: {}
[238.631539] (-) TimerEvent: {}
[238.732603] (-) TimerEvent: {}
[238.833754] (-) TimerEvent: {}
[238.934876] (-) TimerEvent: {}
[239.036708] (-) TimerEvent: {}
[239.138266] (-) TimerEvent: {}
[239.239511] (-) TimerEvent: {}
[239.340752] (-) TimerEvent: {}
[239.442073] (-) TimerEvent: {}
[239.544234] (-) TimerEvent: {}
[239.645501] (-) TimerEvent: {}
[239.746742] (-) TimerEvent: {}
[239.848004] (-) TimerEvent: {}
[239.949336] (-) TimerEvent: {}
[240.050626] (-) TimerEvent: {}
[240.151866] (-) TimerEvent: {}
[240.253654] (-) TimerEvent: {}
[240.354790] (-) TimerEvent: {}
[240.455919] (-) TimerEvent: {}
[240.557258] (-) TimerEvent: {}
[240.658462] (-) TimerEvent: {}
[240.760347] (-) TimerEvent: {}
[240.861725] (-) TimerEvent: {}
[240.963146] (-) TimerEvent: {}
[241.064820] (-) TimerEvent: {}
[241.166020] (-) TimerEvent: {}
[241.267282] (-) TimerEvent: {}
[241.368613] (-) TimerEvent: {}
[241.470411] (-) TimerEvent: {}
[241.571710] (-) TimerEvent: {}
[241.672914] (-) TimerEvent: {}
[241.774197] (-) TimerEvent: {}
[241.875573] (-) TimerEvent: {}
[241.976704] (-) TimerEvent: {}
[242.078137] (-) TimerEvent: {}
[242.179965] (-) TimerEvent: {}
[242.281131] (-) TimerEvent: {}
[242.382247] (-) TimerEvent: {}
[242.483382] (-) TimerEvent: {}
[242.584621] (-) TimerEvent: {}
[242.685985] (-) TimerEvent: {}
[242.787077] (-) TimerEvent: {}
[242.888312] (-) TimerEvent: {}
[242.990504] (-) TimerEvent: {}
[243.091682] (-) TimerEvent: {}
[243.193547] (-) TimerEvent: {}
[243.294639] (-) TimerEvent: {}
[243.395848] (-) TimerEvent: {}
[243.557258] (-) TimerEvent: {}
[243.659674] (-) TimerEvent: {}
[243.760895] (-) TimerEvent: {}
[243.862206] (-) TimerEvent: {}
[243.963401] (-) TimerEvent: {}
[244.065308] (-) TimerEvent: {}
[244.166610] (-) TimerEvent: {}
[244.268716] (-) TimerEvent: {}
[244.370939] (-) TimerEvent: {}
[244.472052] (-) TimerEvent: {}
[244.573306] (-) TimerEvent: {}
[244.674568] (-) TimerEvent: {}
[244.775908] (-) TimerEvent: {}
[244.877139] (-) TimerEvent: {}
[244.979063] (-) TimerEvent: {}
[245.080575] (-) TimerEvent: {}
[245.181832] (-) TimerEvent: {}
[245.283355] (-) TimerEvent: {}
[245.384667] (-) TimerEvent: {}
[245.486020] (-) TimerEvent: {}
[245.587398] (-) TimerEvent: {}
[245.689358] (-) TimerEvent: {}
[245.790550] (-) TimerEvent: {}
[245.891831] (-) TimerEvent: {}
[245.993815] (-) TimerEvent: {}
[246.095629] (-) TimerEvent: {}
[246.197526] (-) TimerEvent: {}
[246.300900] (-) TimerEvent: {}
[246.402262] (-) TimerEvent: {}
[246.503985] (-) TimerEvent: {}
[246.605430] (-) TimerEvent: {}
[246.706788] (-) TimerEvent: {}
[246.808150] (-) TimerEvent: {}
[246.910321] (-) TimerEvent: {}
[247.012817] (-) TimerEvent: {}
[247.114131] (-) TimerEvent: {}
[247.215177] (-) TimerEvent: {}
[247.316296] (-) TimerEvent: {}
[247.417334] (-) TimerEvent: {}
[247.519444] (-) TimerEvent: {}
[247.620531] (-) TimerEvent: {}
[247.721760] (-) TimerEvent: {}
[247.823144] (-) TimerEvent: {}
[247.928095] (-) TimerEvent: {}
[248.033519] (-) TimerEvent: {}
[248.135015] (-) TimerEvent: {}
[248.236132] (-) TimerEvent: {}
[248.337347] (-) TimerEvent: {}
[248.438476] (-) TimerEvent: {}
[248.617828] (hdl_global_localization) StdoutLine: {'line': b'[ 98%] \x1b[32m\x1b[1mLinking CXX executable hdl_global_localization_test\x1b[0m\n'}
[248.618699] (-) TimerEvent: {}
[248.720684] (-) TimerEvent: {}
[248.821796] (-) TimerEvent: {}
[248.923612] (-) TimerEvent: {}
[249.024695] (-) TimerEvent: {}
[249.125796] (-) TimerEvent: {}
[249.226922] (-) TimerEvent: {}
[249.328440] (-) TimerEvent: {}
[249.430184] (-) TimerEvent: {}
[249.531193] (-) TimerEvent: {}
[249.632198] (-) TimerEvent: {}
[249.733266] (-) TimerEvent: {}
[249.834198] (-) TimerEvent: {}
[249.935184] (-) TimerEvent: {}
[250.036422] (-) TimerEvent: {}
[250.137723] (-) TimerEvent: {}
[250.238846] (-) TimerEvent: {}
[250.340644] (-) TimerEvent: {}
[250.441784] (-) TimerEvent: {}
[250.542746] (-) TimerEvent: {}
[250.644236] (-) TimerEvent: {}
[250.745322] (-) TimerEvent: {}
[250.846354] (-) TimerEvent: {}
[250.947403] (-) TimerEvent: {}
[251.048455] (-) TimerEvent: {}
[251.149964] (-) TimerEvent: {}
[251.251393] (-) TimerEvent: {}
[251.352998] (-) TimerEvent: {}
[251.454289] (-) TimerEvent: {}
[251.555373] (-) TimerEvent: {}
[251.656469] (-) TimerEvent: {}
[251.751072] (hdl_global_localization) StdoutLine: {'line': b'[ 98%] Built target hdl_global_localization_test\n'}
[251.756656] (-) TimerEvent: {}
[251.857870] (-) TimerEvent: {}
[251.958963] (-) TimerEvent: {}
[252.060035] (-) TimerEvent: {}
[252.161264] (-) TimerEvent: {}
[252.262343] (-) TimerEvent: {}
[252.363428] (-) TimerEvent: {}
[252.464491] (-) TimerEvent: {}
[252.565546] (-) TimerEvent: {}
[252.666626] (-) TimerEvent: {}
[252.767698] (-) TimerEvent: {}
[252.869103] (-) TimerEvent: {}
[252.970188] (-) TimerEvent: {}
[253.071213] (-) TimerEvent: {}
[253.172304] (-) TimerEvent: {}
[253.273578] (-) TimerEvent: {}
[253.374627] (-) TimerEvent: {}
[253.476470] (-) TimerEvent: {}
[253.728754] (-) TimerEvent: {}
[253.830229] (-) TimerEvent: {}
[253.931223] (-) TimerEvent: {}
[254.032247] (-) TimerEvent: {}
[254.133316] (-) TimerEvent: {}
[254.234280] (-) TimerEvent: {}
[254.335275] (-) TimerEvent: {}
[254.436382] (-) TimerEvent: {}
[254.537435] (-) TimerEvent: {}
[254.638552] (-) TimerEvent: {}
[254.739622] (-) TimerEvent: {}
[254.840714] (-) TimerEvent: {}
[254.942142] (-) TimerEvent: {}
[255.043220] (-) TimerEvent: {}
[255.144226] (-) TimerEvent: {}
[255.245276] (-) TimerEvent: {}
[255.346306] (-) TimerEvent: {}
[255.447390] (-) TimerEvent: {}
[255.548437] (-) TimerEvent: {}
[255.650138] (-) TimerEvent: {}
[255.751663] (-) TimerEvent: {}
[255.852955] (-) TimerEvent: {}
[255.954006] (-) TimerEvent: {}
[256.055076] (-) TimerEvent: {}
[256.156146] (-) TimerEvent: {}
[256.257249] (-) TimerEvent: {}
[256.358302] (-) TimerEvent: {}
[256.459644] (-) TimerEvent: {}
[256.560755] (-) TimerEvent: {}
[256.661887] (-) TimerEvent: {}
[256.763074] (-) TimerEvent: {}
[256.864170] (-) TimerEvent: {}
[256.965215] (-) TimerEvent: {}
[257.066144] (-) TimerEvent: {}
[257.167205] (-) TimerEvent: {}
[257.268432] (-) TimerEvent: {}
[257.369925] (-) TimerEvent: {}
[257.471001] (-) TimerEvent: {}
[257.572023] (-) TimerEvent: {}
[257.673305] (-) TimerEvent: {}
[257.774390] (-) TimerEvent: {}
[257.875505] (-) TimerEvent: {}
[257.976650] (-) TimerEvent: {}
[258.078078] (-) TimerEvent: {}
[258.179149] (-) TimerEvent: {}
[258.280177] (-) TimerEvent: {}
[258.381284] (-) TimerEvent: {}
[258.482538] (-) TimerEvent: {}
[258.724411] (-) TimerEvent: {}
[258.825510] (-) TimerEvent: {}
[258.926594] (-) TimerEvent: {}
[259.027727] (-) TimerEvent: {}
[259.128771] (-) TimerEvent: {}
[259.229900] (-) TimerEvent: {}
[259.330890] (-) TimerEvent: {}
[259.431938] (-) TimerEvent: {}
[259.533038] (-) TimerEvent: {}
[259.634162] (-) TimerEvent: {}
[259.735145] (-) TimerEvent: {}
[259.836240] (-) TimerEvent: {}
[259.937395] (-) TimerEvent: {}
[260.038518] (-) TimerEvent: {}
[260.139659] (-) TimerEvent: {}
[260.240724] (-) TimerEvent: {}
[260.341884] (-) TimerEvent: {}
[260.444103] (-) TimerEvent: {}
[260.545244] (-) TimerEvent: {}
[260.646304] (-) TimerEvent: {}
[260.747373] (-) TimerEvent: {}
[260.848642] (-) TimerEvent: {}
[260.950261] (-) TimerEvent: {}
[261.051311] (-) TimerEvent: {}
[261.152383] (-) TimerEvent: {}
[261.253517] (-) TimerEvent: {}
[261.354563] (-) TimerEvent: {}
[261.455597] (-) TimerEvent: {}
[261.556598] (-) TimerEvent: {}
[261.657796] (-) TimerEvent: {}
[261.758830] (-) TimerEvent: {}
[261.860848] (-) TimerEvent: {}
[261.962746] (-) TimerEvent: {}
[262.063896] (-) TimerEvent: {}
[262.164972] (-) TimerEvent: {}
[262.266096] (-) TimerEvent: {}
[262.367123] (-) TimerEvent: {}
[262.468378] (-) TimerEvent: {}
[262.569921] (-) TimerEvent: {}
[262.670978] (-) TimerEvent: {}
[262.771971] (-) TimerEvent: {}
[262.873021] (-) TimerEvent: {}
[262.974156] (-) TimerEvent: {}
[263.075122] (-) TimerEvent: {}
[263.176225] (-) TimerEvent: {}
[263.277559] (-) TimerEvent: {}
[263.378808] (-) TimerEvent: {}
[263.480313] (-) TimerEvent: {}
[263.581439] (-) TimerEvent: {}
[263.726665] (-) TimerEvent: {}
[263.827913] (-) TimerEvent: {}
[263.928894] (-) TimerEvent: {}
[264.029973] (-) TimerEvent: {}
[264.131056] (-) TimerEvent: {}
[264.232124] (-) TimerEvent: {}
[264.333292] (-) TimerEvent: {}
[264.434341] (-) TimerEvent: {}
[264.535460] (-) TimerEvent: {}
[264.636619] (-) TimerEvent: {}
[264.737811] (-) TimerEvent: {}
[264.839313] (-) TimerEvent: {}
[264.940577] (-) TimerEvent: {}
[265.041828] (-) TimerEvent: {}
[265.143229] (-) TimerEvent: {}
[265.244438] (-) TimerEvent: {}
[265.345796] (-) TimerEvent: {}
[265.447012] (-) TimerEvent: {}
[265.548616] (-) TimerEvent: {}
[265.650150] (-) TimerEvent: {}
[265.751266] (-) TimerEvent: {}
[265.801506] (hdl_global_localization) StdoutLine: {'line': b'[100%] \x1b[32m\x1b[1mLinking CXX executable hdl_global_localization_node\x1b[0m\n'}
[265.851524] (-) TimerEvent: {}
[265.952727] (-) TimerEvent: {}
[266.053815] (-) TimerEvent: {}
[266.154898] (-) TimerEvent: {}
[266.255978] (-) TimerEvent: {}
[266.357121] (-) TimerEvent: {}
[266.458457] (-) TimerEvent: {}
[266.560061] (-) TimerEvent: {}
[266.661164] (-) TimerEvent: {}
[266.762539] (-) TimerEvent: {}
[266.863820] (-) TimerEvent: {}
[266.964830] (-) TimerEvent: {}
[267.065901] (-) TimerEvent: {}
[267.166970] (-) TimerEvent: {}
[267.268134] (-) TimerEvent: {}
[267.369486] (-) TimerEvent: {}
[267.470564] (-) TimerEvent: {}
[267.571544] (-) TimerEvent: {}
[267.672792] (-) TimerEvent: {}
[267.774016] (-) TimerEvent: {}
[267.875095] (-) TimerEvent: {}
[267.976265] (-) TimerEvent: {}
[268.077435] (-) TimerEvent: {}
[268.178649] (-) TimerEvent: {}
[268.280329] (-) TimerEvent: {}
[268.381494] (-) TimerEvent: {}
[268.482625] (-) TimerEvent: {}
[268.598121] (-) TimerEvent: {}
[268.699197] (-) TimerEvent: {}
[268.800634] (-) TimerEvent: {}
[268.901816] (-) TimerEvent: {}
[269.003063] (-) TimerEvent: {}
[269.104231] (-) TimerEvent: {}
[269.205445] (-) TimerEvent: {}
[269.306652] (-) TimerEvent: {}
[269.407980] (-) TimerEvent: {}
[269.509160] (-) TimerEvent: {}
[269.610418] (-) TimerEvent: {}
[269.711569] (-) TimerEvent: {}
[269.812657] (-) TimerEvent: {}
[269.913898] (-) TimerEvent: {}
[270.014964] (-) TimerEvent: {}
[270.116094] (-) TimerEvent: {}
[270.217241] (-) TimerEvent: {}
[270.318605] (-) TimerEvent: {}
[270.419766] (-) TimerEvent: {}
[270.520919] (-) TimerEvent: {}
[270.622093] (-) TimerEvent: {}
[270.723507] (-) TimerEvent: {}
[270.824665] (-) TimerEvent: {}
[270.925834] (-) TimerEvent: {}
[271.026912] (-) TimerEvent: {}
[271.128102] (-) TimerEvent: {}
[271.229421] (-) TimerEvent: {}
[271.330488] (-) TimerEvent: {}
[271.431535] (-) TimerEvent: {}
[271.532625] (-) TimerEvent: {}
[271.633825] (-) TimerEvent: {}
[271.734892] (-) TimerEvent: {}
[271.835999] (-) TimerEvent: {}
[271.937190] (-) TimerEvent: {}
[272.038550] (-) TimerEvent: {}
[272.060404] (hdl_global_localization) StdoutLine: {'line': b'[100%] Built target hdl_global_localization_node\n'}
[272.138780] (-) TimerEvent: {}
[272.227124] (hdl_global_localization) CommandEnded: {'returncode': 0}
[272.243184] (-) TimerEvent: {}
[272.345910] (-) TimerEvent: {}
[272.446928] (-) TimerEvent: {}
[272.548295] (-) TimerEvent: {}
[272.650413] (-) TimerEvent: {}
[272.751375] (-) TimerEvent: {}
[272.852362] (-) TimerEvent: {}
[272.953964] (-) TimerEvent: {}
[272.958944] (hdl_global_localization) JobProgress: {'identifier': 'hdl_global_localization', 'progress': 'install'}
[272.962361] (hdl_global_localization) Command: {'cmd': ['/usr/bin/cmake', '--install', '/home/ysc/lite_cog_ros2/nav/build/hdl_global_localization'], 'cwd': '/home/ysc/lite_cog_ros2/nav/build/hdl_global_localization', 'env': OrderedDict([('GJS_DEBUG_TOPICS', 'JS ERROR;JS LOG'), ('LESSOPEN', '| /usr/bin/lesspipe %s'), ('USER', 'ysc'), ('LC_TIME', 'zh_CN.UTF-8'), ('SSH_AGENT_PID', '1781'), ('XDG_SESSION_TYPE', 'x11'), ('SHLVL', '1'), ('LD_LIBRARY_PATH', '/usr/lib/aarch64-linux-gnu/gazebo-11/plugins:/opt/ros/foxy/opt/yaml_cpp_vendor/lib:/opt/ros/foxy/opt/rviz_ogre_vendor/lib:/opt/ros/foxy/lib/aarch64-linux-gnu:/opt/ros/foxy/lib:/usr/local/cuda-11.4/lib64:'), ('HOME', '/home/ysc'), ('OLDPWD', '/home/ysc/lite_cog_ros2/nav/src'), ('DESKTOP_SESSION', 'ubuntu'), ('ROS_PYTHON_VERSION', '3'), ('GNOME_SHELL_SESSION_MODE', 'ubuntu'), ('GTK_MODULES', 'gail:atk-bridge'), ('LC_MONETARY', 'zh_CN.UTF-8'), ('MANAGERPID', '1392'), ('ROS_LOG_DIR', '/home/ysc/lite_cog_ros2/system/log'), ('DBUS_SESSION_BUS_ADDRESS', 'unix:path=/run/user/1000/bus'), ('COLORTERM', 'truecolor'), ('_colcon_cd_root', '/opt/ros/foxy/'), ('IM_CONFIG_PHASE', '1'), ('ROS_DISTRO', 'foxy'), ('LOGNAME', 'ysc'), ('JOURNAL_STREAM', '8:49519'), ('_', '/usr/bin/colcon'), ('ROS_VERSION', '2'), ('XDG_SESSION_CLASS', 'user'), ('USERNAME', 'ysc'), ('TERM', 'xterm-256color'), ('GNOME_DESKTOP_SESSION_ID', 'this-is-deprecated'), ('ROS_LOCALHOST_ONLY', '0'), ('WINDOWPATH', '2'), ('PATH', '/opt/ros/foxy/bin:/usr/local/cuda-11.4/bin:/home/ysc/.local/bin:/usr/local/sbin:/usr/local/bin:/usr/sbin:/usr/bin:/sbin:/bin:/usr/games:/usr/local/games:/snap/bin'), ('SESSION_MANAGER', 'local/lite:@/tmp/.ICE-unix/1892,unix/lite:/tmp/.ICE-unix/1892'), ('FASTRTPS_DEFAULT_PROFILES_FILE', '/home/ysc/lite_cog_ros2/system/fastdds_profile.xml'), ('INVOCATION_ID', '602cc523dfa449b4a6d72237820dc3dc'), ('XDG_MENU_PREFIX', 'gnome-'), ('LC_ADDRESS', 'zh_CN.UTF-8'), ('GNOME_TERMINAL_SCREEN', '/org/gnome/Terminal/screen/541f4142_ea0f_4065_b3be_af388ccb6792'), ('XDG_RUNTIME_DIR', '/run/user/1000'), ('DISPLAY', ':0'), ('LANG', 'en_US.UTF-8'), ('XDG_CURRENT_DESKTOP', 'ubuntu:GNOME'), ('LC_TELEPHONE', 'zh_CN.UTF-8'), ('XMODIFIERS', '@im=ibus'), ('XDG_SESSION_DESKTOP', 'ubuntu'), ('XAUTHORITY', '/run/user/1000/gdm/Xauthority'), ('LS_COLORS', 'rs=0:di=01;34:ln=01;36:mh=00:pi=40;33:so=01;35:do=01;35:bd=40;33;01:cd=40;33;01:or=40;31;01:mi=00:su=37;41:sg=30;43:ca=30;41:tw=30;42:ow=34;42:st=37;44:ex=01;32:*.tar=01;31:*.tgz=01;31:*.arc=01;31:*.arj=01;31:*.taz=01;31:*.lha=01;31:*.lz4=01;31:*.lzh=01;31:*.lzma=01;31:*.tlz=01;31:*.txz=01;31:*.tzo=01;31:*.t7z=01;31:*.zip=01;31:*.z=01;31:*.dz=01;31:*.gz=01;31:*.lrz=01;31:*.lz=01;31:*.lzo=01;31:*.xz=01;31:*.zst=01;31:*.tzst=01;31:*.bz2=01;31:*.bz=01;31:*.tbz=01;31:*.tbz2=01;31:*.tz=01;31:*.deb=01;31:*.rpm=01;31:*.jar=01;31:*.war=01;31:*.ear=01;31:*.sar=01;31:*.rar=01;31:*.alz=01;31:*.ace=01;31:*.zoo=01;31:*.cpio=01;31:*.7z=01;31:*.rz=01;31:*.cab=01;31:*.wim=01;31:*.swm=01;31:*.dwm=01;31:*.esd=01;31:*.jpg=01;35:*.jpeg=01;35:*.mjpg=01;35:*.mjpeg=01;35:*.gif=01;35:*.bmp=01;35:*.pbm=01;35:*.pgm=01;35:*.ppm=01;35:*.tga=01;35:*.xbm=01;35:*.xpm=01;35:*.tif=01;35:*.tiff=01;35:*.png=01;35:*.svg=01;35:*.svgz=01;35:*.mng=01;35:*.pcx=01;35:*.mov=01;35:*.mpg=01;35:*.mpeg=01;35:*.m2v=01;35:*.mkv=01;35:*.webm=01;35:*.ogm=01;35:*.mp4=01;35:*.m4v=01;35:*.mp4v=01;35:*.vob=01;35:*.qt=01;35:*.nuv=01;35:*.wmv=01;35:*.asf=01;35:*.rm=01;35:*.rmvb=01;35:*.flc=01;35:*.avi=01;35:*.fli=01;35:*.flv=01;35:*.gl=01;35:*.dl=01;35:*.xcf=01;35:*.xwd=01;35:*.yuv=01;35:*.cgm=01;35:*.emf=01;35:*.ogv=01;35:*.ogx=01;35:*.aac=00;36:*.au=00;36:*.flac=00;36:*.m4a=00;36:*.mid=00;36:*.midi=00;36:*.mka=00;36:*.mp3=00;36:*.mpc=00;36:*.ogg=00;36:*.ra=00;36:*.wav=00;36:*.oga=00;36:*.opus=00;36:*.spx=00;36:*.xspf=00;36:'), ('GNOME_TERMINAL_SERVICE', ':1.91'), ('SSH_AUTH_SOCK', '/run/user/1000/keyring/ssh'), ('ROS_DOMAIN_ID', '0'), ('AMENT_PREFIX_PATH', '/opt/ros/foxy'), ('SHELL', '/bin/bash'), ('LC_NAME', 'zh_CN.UTF-8'), ('QT_ACCESSIBILITY', '1'), ('GDMSESSION', 'ubuntu'), ('LESSCLOSE', '/usr/bin/lesspipe %s %s'), ('LC_MEASUREMENT', 'zh_CN.UTF-8'), ('GPG_AGENT_INFO', '/run/user/1000/gnupg/S.gpg-agent:0:1'), ('GJS_DEBUG_OUTPUT', 'stderr'), ('LC_IDENTIFICATION', 'zh_CN.UTF-8'), ('QT_IM_MODULE', 'ibus'), ('PWD', '/home/ysc/lite_cog_ros2/nav/build/hdl_global_localization'), ('LC_ALL', 'en_US.UTF-8'), ('XDG_CONFIG_DIRS', '/etc/xdg/xdg-ubuntu:/etc/xdg'), ('XDG_DATA_DIRS', '/usr/share/ubuntu:/usr/local/share/:/usr/share/:/var/lib/snapd/desktop'), ('PYTHONPATH', '/opt/ros/foxy/lib/python3.8/site-packages'), ('LC_NUMERIC', 'zh_CN.UTF-8'), ('LC_PAPER', 'zh_CN.UTF-8'), ('COLCON', '1'), ('VTE_VERSION', '6003'), ('CMAKE_PREFIX_PATH', '/opt/ros/foxy')]), 'shell': False}
[273.040136] (hdl_global_localization) StdoutLine: {'line': b'-- Install configuration: ""\n'}
[273.045024] (hdl_global_localization) StdoutLine: {'line': b'-- Execute custom install script\n'}
[273.048728] (hdl_global_localization) StdoutLine: {'line': b'-- Symlinking: /home/ysc/lite_cog_ros2/nav/install/hdl_global_localization/share/ament_index/resource_index/rosidl_interfaces/hdl_global_localization\n'}
[273.054097] (-) TimerEvent: {}
[273.116469] (hdl_global_localization) StdoutLine: {'line': b'-- Symlinking: /home/ysc/lite_cog_ros2/nav/install/hdl_global_localization/include/hdl_global_localization/msg/rosidl_generator_c__visibility_control.h\n'}
[273.154361] (-) TimerEvent: {}
[273.181484] (hdl_global_localization) StdoutLine: {'line': b'-- Symlinking: /home/ysc/lite_cog_ros2/nav/install/hdl_global_localization/include/hdl_global_localization/srv/detail/query_global_localization__functions.h\n'}
[273.246323] (hdl_global_localization) StdoutLine: {'line': b'-- Symlinking: /home/ysc/lite_cog_ros2/nav/install/hdl_global_localization/include/hdl_global_localization/srv/detail/query_global_localization__struct.h\n'}
[273.254564] (-) TimerEvent: {}
[273.306399] (hdl_global_localization) StdoutLine: {'line': b'-- Symlinking: /home/ysc/lite_cog_ros2/nav/install/hdl_global_localization/include/hdl_global_localization/srv/detail/query_global_localization__type_support.h\n'}
[273.354825] (-) TimerEvent: {}
[273.371098] (hdl_global_localization) StdoutLine: {'line': b'-- Symlinking: /home/ysc/lite_cog_ros2/nav/install/hdl_global_localization/include/hdl_global_localization/srv/detail/set_global_localization_engine__functions.h\n'}
[273.430401] (hdl_global_localization) StdoutLine: {'line': b'-- Symlinking: /home/ysc/lite_cog_ros2/nav/install/hdl_global_localization/include/hdl_global_localization/srv/detail/set_global_localization_engine__struct.h\n'}
[273.455081] (-) TimerEvent: {}
[273.556098] (-) TimerEvent: {}
[273.647857] (hdl_global_localization) StdoutLine: {'line': b'-- Symlinking: /home/ysc/lite_cog_ros2/nav/install/hdl_global_localization/include/hdl_global_localization/srv/detail/set_global_localization_engine__type_support.h\n'}
[273.656352] (-) TimerEvent: {}
[273.716849] (hdl_global_localization) StdoutLine: {'line': b'-- Symlinking: /home/ysc/lite_cog_ros2/nav/install/hdl_global_localization/include/hdl_global_localization/srv/detail/set_global_map__functions.h\n'}
[273.756579] (-) TimerEvent: {}
[273.778747] (hdl_global_localization) StdoutLine: {'line': b'-- Symlinking: /home/ysc/lite_cog_ros2/nav/install/hdl_global_localization/include/hdl_global_localization/srv/detail/set_global_map__struct.h\n'}
[273.856829] (-) TimerEvent: {}
[273.859440] (hdl_global_localization) StdoutLine: {'line': b'-- Symlinking: /home/ysc/lite_cog_ros2/nav/install/hdl_global_localization/include/hdl_global_localization/srv/detail/set_global_map__type_support.h\n'}
[273.927778] (hdl_global_localization) StdoutLine: {'line': b'-- Symlinking: /home/ysc/lite_cog_ros2/nav/install/hdl_global_localization/include/hdl_global_localization/srv/query_global_localization.h\n'}
[273.957184] (-) TimerEvent: {}
[274.003378] (hdl_global_localization) StdoutLine: {'line': b'-- Symlinking: /home/ysc/lite_cog_ros2/nav/install/hdl_global_localization/include/hdl_global_localization/srv/set_global_localization_engine.h\n'}
[274.057543] (-) TimerEvent: {}
[274.068108] (hdl_global_localization) StdoutLine: {'line': b'-- Symlinking: /home/ysc/lite_cog_ros2/nav/install/hdl_global_localization/include/hdl_global_localization/srv/set_global_map.h\n'}
[274.139670] (hdl_global_localization) StdoutLine: {'line': b'-- Symlinking: /home/ysc/lite_cog_ros2/nav/install/hdl_global_localization/share/hdl_global_localization/environment/library_path.sh\n'}
[274.158059] (-) TimerEvent: {}
[274.202796] (hdl_global_localization) StdoutLine: {'line': b'-- Symlinking: /home/ysc/lite_cog_ros2/nav/install/hdl_global_localization/share/hdl_global_localization/environment/library_path.dsv\n'}
[274.258315] (-) TimerEvent: {}
[274.279250] (hdl_global_localization) StdoutLine: {'line': b'-- Symlinking: /home/ysc/lite_cog_ros2/nav/install/hdl_global_localization/include/hdl_global_localization/msg/rosidl_typesupport_fastrtps_c__visibility_control.h\n'}
[274.344930] (hdl_global_localization) StdoutLine: {'line': b'-- Symlinking: /home/ysc/lite_cog_ros2/nav/install/hdl_global_localization/include/hdl_global_localization/srv/detail/query_global_localization__rosidl_typesupport_fastrtps_c.h\n'}
[274.358488] (-) TimerEvent: {}
[274.412310] (hdl_global_localization) StdoutLine: {'line': b'-- Symlinking: /home/ysc/lite_cog_ros2/nav/install/hdl_global_localization/include/hdl_global_localization/srv/detail/set_global_localization_engine__rosidl_typesupport_fastrtps_c.h\n'}
[274.458880] (-) TimerEvent: {}
[274.492221] (hdl_global_localization) StdoutLine: {'line': b'-- Symlinking: /home/ysc/lite_cog_ros2/nav/install/hdl_global_localization/include/hdl_global_localization/srv/detail/set_global_map__rosidl_typesupport_fastrtps_c.h\n'}
[274.559180] (-) TimerEvent: {}
[274.571829] (hdl_global_localization) StdoutLine: {'line': b'-- Symlinking: /home/ysc/lite_cog_ros2/nav/install/hdl_global_localization/lib/libhdl_global_localization__rosidl_typesupport_fastrtps_c.so\n'}
[274.653475] (hdl_global_localization) StdoutLine: {'line': b'-- Symlinking: /home/ysc/lite_cog_ros2/nav/install/hdl_global_localization/include/hdl_global_localization/msg/rosidl_typesupport_fastrtps_cpp__visibility_control.h\n'}
[274.659330] (-) TimerEvent: {}
[274.721509] (hdl_global_localization) StdoutLine: {'line': b'-- Symlinking: /home/ysc/lite_cog_ros2/nav/install/hdl_global_localization/include/hdl_global_localization/srv/detail/query_global_localization__rosidl_typesupport_fastrtps_cpp.hpp\n'}
[274.759656] (-) TimerEvent: {}
[274.785442] (hdl_global_localization) StdoutLine: {'line': b'-- Symlinking: /home/ysc/lite_cog_ros2/nav/install/hdl_global_localization/include/hdl_global_localization/srv/detail/set_global_localization_engine__rosidl_typesupport_fastrtps_cpp.hpp\n'}
[274.853613] (hdl_global_localization) StdoutLine: {'line': b'-- Symlinking: /home/ysc/lite_cog_ros2/nav/install/hdl_global_localization/include/hdl_global_localization/srv/detail/set_global_map__rosidl_typesupport_fastrtps_cpp.hpp\n'}
[274.862072] (-) TimerEvent: {}
[274.928548] (hdl_global_localization) StdoutLine: {'line': b'-- Symlinking: /home/ysc/lite_cog_ros2/nav/install/hdl_global_localization/lib/libhdl_global_localization__rosidl_typesupport_fastrtps_cpp.so\n'}
[274.962614] (-) TimerEvent: {}
[275.000502] (hdl_global_localization) StdoutLine: {'line': b'-- Symlinking: /home/ysc/lite_cog_ros2/nav/install/hdl_global_localization/include/hdl_global_localization/msg/rosidl_typesupport_introspection_c__visibility_control.h\n'}
[275.062870] (-) TimerEvent: {}
[275.067933] (hdl_global_localization) StdoutLine: {'line': b'-- Symlinking: /home/ysc/lite_cog_ros2/nav/install/hdl_global_localization/include/hdl_global_localization/srv/detail/query_global_localization__rosidl_typesupport_introspection_c.h\n'}
[275.149289] (hdl_global_localization) StdoutLine: {'line': b'-- Symlinking: /home/ysc/lite_cog_ros2/nav/install/hdl_global_localization/include/hdl_global_localization/srv/detail/set_global_localization_engine__rosidl_typesupport_introspection_c.h\n'}
[275.164078] (-) TimerEvent: {}
[275.219212] (hdl_global_localization) StdoutLine: {'line': b'-- Symlinking: /home/ysc/lite_cog_ros2/nav/install/hdl_global_localization/include/hdl_global_localization/srv/detail/set_global_map__rosidl_typesupport_introspection_c.h\n'}
[275.264483] (-) TimerEvent: {}
[275.284209] (hdl_global_localization) StdoutLine: {'line': b'-- Symlinking: /home/ysc/lite_cog_ros2/nav/install/hdl_global_localization/include/hdl_global_localization/msg/rosidl_generator_cpp__visibility_control.hpp\n'}
[275.350137] (hdl_global_localization) StdoutLine: {'line': b'-- Symlinking: /home/ysc/lite_cog_ros2/nav/install/hdl_global_localization/include/hdl_global_localization/srv/detail/query_global_localization__builder.hpp\n'}
[275.364566] (-) TimerEvent: {}
[275.424139] (hdl_global_localization) StdoutLine: {'line': b'-- Symlinking: /home/ysc/lite_cog_ros2/nav/install/hdl_global_localization/include/hdl_global_localization/srv/detail/query_global_localization__struct.hpp\n'}
[275.464929] (-) TimerEvent: {}
[275.485261] (hdl_global_localization) StdoutLine: {'line': b'-- Symlinking: /home/ysc/lite_cog_ros2/nav/install/hdl_global_localization/include/hdl_global_localization/srv/detail/query_global_localization__traits.hpp\n'}
[275.550442] (hdl_global_localization) StdoutLine: {'line': b'-- Symlinking: /home/ysc/lite_cog_ros2/nav/install/hdl_global_localization/include/hdl_global_localization/srv/detail/query_global_localization__type_support.hpp\n'}
[275.565250] (-) TimerEvent: {}
[275.616061] (hdl_global_localization) StdoutLine: {'line': b'-- Symlinking: /home/ysc/lite_cog_ros2/nav/install/hdl_global_localization/include/hdl_global_localization/srv/detail/set_global_localization_engine__builder.hpp\n'}
[275.665528] (-) TimerEvent: {}
[275.692601] (hdl_global_localization) StdoutLine: {'line': b'-- Symlinking: /home/ysc/lite_cog_ros2/nav/install/hdl_global_localization/include/hdl_global_localization/srv/detail/set_global_localization_engine__struct.hpp\n'}
[275.765773] (-) TimerEvent: {}
[275.772205] (hdl_global_localization) StdoutLine: {'line': b'-- Symlinking: /home/ysc/lite_cog_ros2/nav/install/hdl_global_localization/include/hdl_global_localization/srv/detail/set_global_localization_engine__traits.hpp\n'}
[275.835067] (hdl_global_localization) StdoutLine: {'line': b'-- Symlinking: /home/ysc/lite_cog_ros2/nav/install/hdl_global_localization/include/hdl_global_localization/srv/detail/set_global_localization_engine__type_support.hpp\n'}
[275.866043] (-) TimerEvent: {}
[275.905762] (hdl_global_localization) StdoutLine: {'line': b'-- Symlinking: /home/ysc/lite_cog_ros2/nav/install/hdl_global_localization/include/hdl_global_localization/srv/detail/set_global_map__builder.hpp\n'}
[275.966952] (-) TimerEvent: {}
[275.971648] (hdl_global_localization) StdoutLine: {'line': b'-- Symlinking: /home/ysc/lite_cog_ros2/nav/install/hdl_global_localization/include/hdl_global_localization/srv/detail/set_global_map__struct.hpp\n'}
[276.033380] (hdl_global_localization) StdoutLine: {'line': b'-- Symlinking: /home/ysc/lite_cog_ros2/nav/install/hdl_global_localization/include/hdl_global_localization/srv/detail/set_global_map__traits.hpp\n'}
[276.066948] (-) TimerEvent: {}
[276.090984] (hdl_global_localization) StdoutLine: {'line': b'-- Symlinking: /home/ysc/lite_cog_ros2/nav/install/hdl_global_localization/include/hdl_global_localization/srv/detail/set_global_map__type_support.hpp\n'}
[276.155238] (hdl_global_localization) StdoutLine: {'line': b'-- Symlinking: /home/ysc/lite_cog_ros2/nav/install/hdl_global_localization/include/hdl_global_localization/srv/query_global_localization.hpp\n'}
[276.169489] (-) TimerEvent: {}
[276.220077] (hdl_global_localization) StdoutLine: {'line': b'-- Symlinking: /home/ysc/lite_cog_ros2/nav/install/hdl_global_localization/include/hdl_global_localization/srv/set_global_localization_engine.hpp\n'}
[276.268746] (-) TimerEvent: {}
[276.292292] (hdl_global_localization) StdoutLine: {'line': b'-- Symlinking: /home/ysc/lite_cog_ros2/nav/install/hdl_global_localization/include/hdl_global_localization/srv/set_global_map.hpp\n'}
[276.366415] (hdl_global_localization) StdoutLine: {'line': b'-- Symlinking: /home/ysc/lite_cog_ros2/nav/install/hdl_global_localization/include/hdl_global_localization/srv/detail/query_global_localization__rosidl_typesupport_introspection_cpp.hpp\n'}
[276.370617] (-) TimerEvent: {}
[276.443935] (hdl_global_localization) StdoutLine: {'line': b'-- Symlinking: /home/ysc/lite_cog_ros2/nav/install/hdl_global_localization/include/hdl_global_localization/srv/detail/set_global_localization_engine__rosidl_typesupport_introspection_cpp.hpp\n'}
[276.470800] (-) TimerEvent: {}
[276.506531] (hdl_global_localization) StdoutLine: {'line': b'-- Symlinking: /home/ysc/lite_cog_ros2/nav/install/hdl_global_localization/include/hdl_global_localization/srv/detail/set_global_map__rosidl_typesupport_introspection_cpp.hpp\n'}
[276.571042] (-) TimerEvent: {}
[276.583617] (hdl_global_localization) StdoutLine: {'line': b'-- Symlinking: /home/ysc/lite_cog_ros2/nav/install/hdl_global_localization/share/hdl_global_localization/environment/pythonpath.sh\n'}
[276.653360] (hdl_global_localization) StdoutLine: {'line': b'-- Symlinking: /home/ysc/lite_cog_ros2/nav/install/hdl_global_localization/share/hdl_global_localization/environment/pythonpath.dsv\n'}
[276.671288] (-) TimerEvent: {}
[276.735569] (hdl_global_localization) StdoutLine: {'line': b'-- Symlinking: /home/ysc/lite_cog_ros2/nav/install/hdl_global_localization/lib/python3.8/site-packages/hdl_global_localization/__init__.py\n'}
[276.771596] (-) TimerEvent: {}
[276.796349] (hdl_global_localization) StdoutLine: {'line': b'-- Symlinking: /home/ysc/lite_cog_ros2/nav/install/hdl_global_localization/lib/python3.8/site-packages/hdl_global_localization/srv/__init__.py\n'}
[276.863407] (hdl_global_localization) StdoutLine: {'line': b'-- Symlinking: /home/ysc/lite_cog_ros2/nav/install/hdl_global_localization/lib/python3.8/site-packages/hdl_global_localization/srv/_query_global_localization.py\n'}
[276.872330] (-) TimerEvent: {}
[276.939536] (hdl_global_localization) StdoutLine: {'line': b'-- Symlinking: /home/ysc/lite_cog_ros2/nav/install/hdl_global_localization/lib/python3.8/site-packages/hdl_global_localization/srv/_set_global_localization_engine.py\n'}
[276.972464] (-) TimerEvent: {}
[276.998109] (hdl_global_localization) StdoutLine: {'line': b'-- Symlinking: /home/ysc/lite_cog_ros2/nav/install/hdl_global_localization/lib/python3.8/site-packages/hdl_global_localization/srv/_set_global_map.py\n'}
[277.068746] (hdl_global_localization) StdoutLine: {'line': b'-- Symlinking: /home/ysc/lite_cog_ros2/nav/install/hdl_global_localization/lib/python3.8/site-packages/hdl_global_localization/hdl_global_localization_s__rosidl_typesupport_fastrtps_c.cpython-38-aarch64-linux-gnu.so\n'}
[277.072713] (-) TimerEvent: {}
[277.151410] (hdl_global_localization) StdoutLine: {'line': b'-- Symlinking: /home/ysc/lite_cog_ros2/nav/install/hdl_global_localization/lib/python3.8/site-packages/hdl_global_localization/hdl_global_localization_s__rosidl_typesupport_introspection_c.cpython-38-aarch64-linux-gnu.so\n'}
[277.173014] (-) TimerEvent: {}
[277.211795] (hdl_global_localization) StdoutLine: {'line': b'-- Symlinking: /home/ysc/lite_cog_ros2/nav/install/hdl_global_localization/lib/python3.8/site-packages/hdl_global_localization/hdl_global_localization_s__rosidl_typesupport_c.cpython-38-aarch64-linux-gnu.so\n'}
[277.273437] (-) TimerEvent: {}
[277.289998] (hdl_global_localization) StdoutLine: {'line': b'-- Symlinking: /home/ysc/lite_cog_ros2/nav/install/hdl_global_localization/lib/libhdl_global_localization__python.so\n'}
[277.366131] (hdl_global_localization) StdoutLine: {'line': b'-- Symlinking: /home/ysc/lite_cog_ros2/nav/install/hdl_global_localization/share/hdl_global_localization/srv/QueryGlobalLocalization.idl\n'}
[277.374329] (-) TimerEvent: {}
[277.444706] (hdl_global_localization) StdoutLine: {'line': b'-- Symlinking: /home/ysc/lite_cog_ros2/nav/install/hdl_global_localization/share/hdl_global_localization/srv/SetGlobalLocalizationEngine.idl\n'}
[277.474436] (-) TimerEvent: {}
[277.504016] (hdl_global_localization) StdoutLine: {'line': b'-- Symlinking: /home/ysc/lite_cog_ros2/nav/install/hdl_global_localization/share/hdl_global_localization/srv/SetGlobalMap.idl\n'}
[277.574871] (-) TimerEvent: {}
[277.583266] (hdl_global_localization) StdoutLine: {'line': b'-- Symlinking: /home/ysc/lite_cog_ros2/nav/install/hdl_global_localization/share/hdl_global_localization/srv/QueryGlobalLocalization.srv\n'}
[277.655550] (hdl_global_localization) StdoutLine: {'line': b'-- Symlinking: /home/ysc/lite_cog_ros2/nav/install/hdl_global_localization/share/hdl_global_localization/srv/QueryGlobalLocalization_Request.msg\n'}
[277.675140] (-) TimerEvent: {}
[277.745029] (hdl_global_localization) StdoutLine: {'line': b'-- Symlinking: /home/ysc/lite_cog_ros2/nav/install/hdl_global_localization/share/hdl_global_localization/srv/QueryGlobalLocalization_Response.msg\n'}
[277.775371] (-) TimerEvent: {}
[277.811061] (hdl_global_localization) StdoutLine: {'line': b'-- Symlinking: /home/ysc/lite_cog_ros2/nav/install/hdl_global_localization/share/hdl_global_localization/srv/SetGlobalLocalizationEngine.srv\n'}
[277.875609] (-) TimerEvent: {}
[277.887791] (hdl_global_localization) StdoutLine: {'line': b'-- Symlinking: /home/ysc/lite_cog_ros2/nav/install/hdl_global_localization/share/hdl_global_localization/srv/SetGlobalLocalizationEngine_Request.msg\n'}
[277.975969] (-) TimerEvent: {}
[277.979076] (hdl_global_localization) StdoutLine: {'line': b'-- Symlinking: /home/ysc/lite_cog_ros2/nav/install/hdl_global_localization/share/hdl_global_localization/srv/SetGlobalLocalizationEngine_Response.msg\n'}
[278.038533] (hdl_global_localization) StdoutLine: {'line': b'-- Symlinking: /home/ysc/lite_cog_ros2/nav/install/hdl_global_localization/share/hdl_global_localization/srv/SetGlobalMap.srv\n'}
[278.076355] (-) TimerEvent: {}
[278.105926] (hdl_global_localization) StdoutLine: {'line': b'-- Symlinking: /home/ysc/lite_cog_ros2/nav/install/hdl_global_localization/share/hdl_global_localization/srv/SetGlobalMap_Request.msg\n'}
[278.178172] (-) TimerEvent: {}
[278.185395] (hdl_global_localization) StdoutLine: {'line': b'-- Symlinking: /home/ysc/lite_cog_ros2/nav/install/hdl_global_localization/share/hdl_global_localization/srv/SetGlobalMap_Response.msg\n'}
[278.262483] (hdl_global_localization) StdoutLine: {'line': b'-- Symlinking: /home/ysc/lite_cog_ros2/nav/install/hdl_global_localization/share/hdl_global_localization/config/config.json\n'}
[278.278185] (-) TimerEvent: {}
[278.323657] (hdl_global_localization) StdoutLine: {'line': b'-- Symlinking: /home/ysc/lite_cog_ros2/nav/install/hdl_global_localization/share/hdl_global_localization/config/config_base.json\n'}
[278.378455] (-) TimerEvent: {}
[278.391285] (hdl_global_localization) StdoutLine: {'line': b'-- Symlinking: /home/ysc/lite_cog_ros2/nav/install/hdl_global_localization/share/hdl_global_localization/config/config_bbs.json\n'}
[278.457832] (hdl_global_localization) StdoutLine: {'line': b'-- Symlinking: /home/ysc/lite_cog_ros2/nav/install/hdl_global_localization/share/hdl_global_localization/config/ros1/bbs_config.yaml\n'}
[278.478669] (-) TimerEvent: {}
[278.580314] (-) TimerEvent: {}
[278.689180] (hdl_global_localization) StdoutLine: {'line': b'-- Symlinking: /home/ysc/lite_cog_ros2/nav/install/hdl_global_localization/share/hdl_global_localization/config/ros1/fpfh_config.yaml\n'}
[278.690297] (-) TimerEvent: {}
[278.750222] (hdl_global_localization) StdoutLine: {'line': b'-- Symlinking: /home/ysc/lite_cog_ros2/nav/install/hdl_global_localization/share/hdl_global_localization/config/ros1/general_config.yaml\n'}
[278.790607] (-) TimerEvent: {}
[278.813808] (hdl_global_localization) StdoutLine: {'line': b'-- Symlinking: /home/ysc/lite_cog_ros2/nav/install/hdl_global_localization/share/hdl_global_localization/config/ros1/ransac_config.yaml\n'}
[278.873482] (hdl_global_localization) StdoutLine: {'line': b'-- Symlinking: /home/ysc/lite_cog_ros2/nav/install/hdl_global_localization/share/hdl_global_localization/config/ros1/teaser_config.yaml\n'}
[278.890871] (-) TimerEvent: {}
[278.931191] (hdl_global_localization) StdoutLine: {'line': b'-- Symlinking: /home/ysc/lite_cog_ros2/nav/install/hdl_global_localization/share/hdl_global_localization/config/test.rviz\n'}
[278.991151] (-) TimerEvent: {}
[279.012213] (hdl_global_localization) StdoutLine: {'line': b'-- Symlinking: /home/ysc/lite_cog_ros2/nav/install/hdl_global_localization/include/hdl_global_localization/bbs/bbs_localization.hpp\n'}
[279.072320] (hdl_global_localization) StdoutLine: {'line': b'-- Symlinking: /home/ysc/lite_cog_ros2/nav/install/hdl_global_localization/include/hdl_global_localization/bbs/occupancy_gridmap.hpp\n'}
[279.091406] (-) TimerEvent: {}
[279.139970] (hdl_global_localization) StdoutLine: {'line': b'-- Symlinking: /home/ysc/lite_cog_ros2/nav/install/hdl_global_localization/include/hdl_global_localization/engines/global_localization_bbs.hpp\n'}
[279.191834] (-) TimerEvent: {}
[279.208496] (hdl_global_localization) StdoutLine: {'line': b'-- Symlinking: /home/ysc/lite_cog_ros2/nav/install/hdl_global_localization/include/hdl_global_localization/engines/global_localization_engine.hpp\n'}
[279.272558] (hdl_global_localization) StdoutLine: {'line': b'-- Symlinking: /home/ysc/lite_cog_ros2/nav/install/hdl_global_localization/include/hdl_global_localization/engines/global_localization_fpfh_ransac.hpp\n'}
[279.292056] (-) TimerEvent: {}
[279.332714] (hdl_global_localization) StdoutLine: {'line': b'-- Symlinking: /home/ysc/lite_cog_ros2/nav/install/hdl_global_localization/include/hdl_global_localization/engines/global_localization_fpfh_teaser.hpp\n'}
[279.392385] (-) TimerEvent: {}
[279.396552] (hdl_global_localization) StdoutLine: {'line': b'-- Symlinking: /home/ysc/lite_cog_ros2/nav/install/hdl_global_localization/include/hdl_global_localization/global_localization_results.hpp\n'}
[279.493774] (-) TimerEvent: {}
[279.495492] (hdl_global_localization) StdoutLine: {'line': b'-- Symlinking: /home/ysc/lite_cog_ros2/nav/install/hdl_global_localization/include/hdl_global_localization/ransac/matching_cost_evaluater.hpp\n'}
[279.565594] (hdl_global_localization) StdoutLine: {'line': b'-- Symlinking: /home/ysc/lite_cog_ros2/nav/install/hdl_global_localization/include/hdl_global_localization/ransac/matching_cost_evaluater_flann.hpp\n'}
[279.594010] (-) TimerEvent: {}
[279.627038] (hdl_global_localization) StdoutLine: {'line': b'-- Symlinking: /home/ysc/lite_cog_ros2/nav/install/hdl_global_localization/include/hdl_global_localization/ransac/matching_cost_evaluater_voxels.hpp\n'}
[279.692062] (hdl_global_localization) StdoutLine: {'line': b'-- Symlinking: /home/ysc/lite_cog_ros2/nav/install/hdl_global_localization/include/hdl_global_localization/ransac/ransac_pose_estimation.hpp\n'}
[279.694137] (-) TimerEvent: {}
[279.754307] (hdl_global_localization) StdoutLine: {'line': b'-- Symlinking: /home/ysc/lite_cog_ros2/nav/install/hdl_global_localization/include/hdl_global_localization/ransac/voxelset.hpp\n'}
[279.794649] (-) TimerEvent: {}
[279.830689] (hdl_global_localization) StdoutLine: {'line': b'-- Symlinking: /home/ysc/lite_cog_ros2/nav/install/hdl_global_localization/include/hdl_global_localization/util/config.hpp\n'}
[279.895033] (-) TimerEvent: {}
[279.900295] (hdl_global_localization) StdoutLine: {'line': b'-- Symlinking: /home/ysc/lite_cog_ros2/nav/install/hdl_global_localization/include/hdl_global_localization/util/convert_to_string.hpp\n'}
[279.980881] (hdl_global_localization) StdoutLine: {'line': b'-- Symlinking: /home/ysc/lite_cog_ros2/nav/install/hdl_global_localization/lib/libhdl_global_localization_engines.so\n'}
[279.995262] (-) TimerEvent: {}
[280.059537] (hdl_global_localization) StdoutLine: {'line': b'-- Symlinking: /home/ysc/lite_cog_ros2/nav/install/hdl_global_localization/lib/hdl_global_localization/hdl_global_localization_node\n'}
[280.095521] (-) TimerEvent: {}
[280.130645] (hdl_global_localization) StdoutLine: {'line': b'-- Symlinking: /home/ysc/lite_cog_ros2/nav/install/hdl_global_localization/lib/hdl_global_localization/hdl_global_localization_test\n'}
[280.195778] (-) TimerEvent: {}
[280.198752] (hdl_global_localization) StdoutLine: {'line': b'-- Symlinking: /home/ysc/lite_cog_ros2/nav/install/hdl_global_localization/share/ament_index/resource_index/package_run_dependencies/hdl_global_localization\n'}
[280.267963] (hdl_global_localization) StdoutLine: {'line': b'-- Symlinking: /home/ysc/lite_cog_ros2/nav/install/hdl_global_localization/share/ament_index/resource_index/parent_prefix_path/hdl_global_localization\n'}
[280.296071] (-) TimerEvent: {}
[280.346124] (hdl_global_localization) StdoutLine: {'line': b'-- Symlinking: /home/ysc/lite_cog_ros2/nav/install/hdl_global_localization/share/hdl_global_localization/environment/ament_prefix_path.sh\n'}
[280.396480] (-) TimerEvent: {}
[280.408393] (hdl_global_localization) StdoutLine: {'line': b'-- Symlinking: /home/ysc/lite_cog_ros2/nav/install/hdl_global_localization/share/hdl_global_localization/environment/ament_prefix_path.dsv\n'}
[280.486798] (hdl_global_localization) StdoutLine: {'line': b'-- Symlinking: /home/ysc/lite_cog_ros2/nav/install/hdl_global_localization/share/hdl_global_localization/environment/path.sh\n'}
[280.496666] (-) TimerEvent: {}
[280.547239] (hdl_global_localization) StdoutLine: {'line': b'-- Symlinking: /home/ysc/lite_cog_ros2/nav/install/hdl_global_localization/share/hdl_global_localization/environment/path.dsv\n'}
[280.597229] (-) TimerEvent: {}
[280.613621] (hdl_global_localization) StdoutLine: {'line': b'-- Symlinking: /home/ysc/lite_cog_ros2/nav/install/hdl_global_localization/share/hdl_global_localization/local_setup.bash\n'}
[280.681817] (hdl_global_localization) StdoutLine: {'line': b'-- Symlinking: /home/ysc/lite_cog_ros2/nav/install/hdl_global_localization/share/hdl_global_localization/local_setup.sh\n'}
[280.697322] (-) TimerEvent: {}
[280.739420] (hdl_global_localization) StdoutLine: {'line': b'-- Symlinking: /home/ysc/lite_cog_ros2/nav/install/hdl_global_localization/share/hdl_global_localization/local_setup.zsh\n'}
[280.797847] (-) TimerEvent: {}
[280.814405] (hdl_global_localization) StdoutLine: {'line': b'-- Symlinking: /home/ysc/lite_cog_ros2/nav/install/hdl_global_localization/share/hdl_global_localization/local_setup.dsv\n'}
[280.884306] (hdl_global_localization) StdoutLine: {'line': b'-- Symlinking: /home/ysc/lite_cog_ros2/nav/install/hdl_global_localization/share/hdl_global_localization/package.dsv\n'}
[280.898085] (-) TimerEvent: {}
[280.963284] (hdl_global_localization) StdoutLine: {'line': b'-- Symlinking: /home/ysc/lite_cog_ros2/nav/install/hdl_global_localization/share/ament_index/resource_index/packages/hdl_global_localization\n'}
[280.998321] (-) TimerEvent: {}
[281.028083] (hdl_global_localization) StdoutLine: {'line': b'-- Symlinking: /home/ysc/lite_cog_ros2/nav/install/hdl_global_localization/share/hdl_global_localization/cmake/rosidl_cmake-extras.cmake\n'}
[281.098751] (-) TimerEvent: {}
[281.102453] (hdl_global_localization) StdoutLine: {'line': b'-- Symlinking: /home/ysc/lite_cog_ros2/nav/install/hdl_global_localization/share/hdl_global_localization/cmake/ament_cmake_export_dependencies-extras.cmake\n'}
[281.172502] (hdl_global_localization) StdoutLine: {'line': b'-- Symlinking: /home/ysc/lite_cog_ros2/nav/install/hdl_global_localization/share/hdl_global_localization/cmake/ament_cmake_export_libraries-extras.cmake\n'}
[281.199252] (-) TimerEvent: {}
[281.241583] (hdl_global_localization) StdoutLine: {'line': b'-- Symlinking: /home/ysc/lite_cog_ros2/nav/install/hdl_global_localization/share/hdl_global_localization/cmake/ament_cmake_export_targets-extras.cmake\n'}
[281.299698] (-) TimerEvent: {}
[281.307358] (hdl_global_localization) StdoutLine: {'line': b'-- Symlinking: /home/ysc/lite_cog_ros2/nav/install/hdl_global_localization/share/hdl_global_localization/cmake/ament_cmake_export_include_directories-extras.cmake\n'}
[281.370315] (hdl_global_localization) StdoutLine: {'line': b'-- Symlinking: /home/ysc/lite_cog_ros2/nav/install/hdl_global_localization/share/hdl_global_localization/cmake/rosidl_cmake_export_typesupport_libraries-extras.cmake\n'}
[281.400066] (-) TimerEvent: {}
[281.424301] (hdl_global_localization) StdoutLine: {'line': b'-- Symlinking: /home/ysc/lite_cog_ros2/nav/install/hdl_global_localization/share/hdl_global_localization/cmake/rosidl_cmake_export_typesupport_targets-extras.cmake\n'}
[281.494091] (hdl_global_localization) StdoutLine: {'line': b'-- Symlinking: /home/ysc/lite_cog_ros2/nav/install/hdl_global_localization/share/hdl_global_localization/cmake/hdl_global_localizationConfig.cmake\n'}
[281.500701] (-) TimerEvent: {}
[281.563019] (hdl_global_localization) StdoutLine: {'line': b'-- Symlinking: /home/ysc/lite_cog_ros2/nav/install/hdl_global_localization/share/hdl_global_localization/cmake/hdl_global_localizationConfig-version.cmake\n'}
[281.600940] (-) TimerEvent: {}
[281.630957] (hdl_global_localization) StdoutLine: {'line': b'-- Symlinking: /home/ysc/lite_cog_ros2/nav/install/hdl_global_localization/share/hdl_global_localization/package.xml\n'}
[281.701316] (-) TimerEvent: {}
[281.706889] (hdl_global_localization) StdoutLine: {'line': b'-- Installing: /home/ysc/lite_cog_ros2/nav/install/hdl_global_localization/lib/libhdl_global_localization__rosidl_generator_c.so\n'}
[281.720707] (hdl_global_localization) StdoutLine: {'line': b'-- Set runtime path of "/home/ysc/lite_cog_ros2/nav/install/hdl_global_localization/lib/libhdl_global_localization__rosidl_generator_c.so" to ""\n'}
[281.722082] (hdl_global_localization) StdoutLine: {'line': b'-- Installing: /home/ysc/lite_cog_ros2/nav/install/hdl_global_localization/lib/libhdl_global_localization__rosidl_typesupport_introspection_c.so\n'}
[281.726210] (hdl_global_localization) StdoutLine: {'line': b'-- Set runtime path of "/home/ysc/lite_cog_ros2/nav/install/hdl_global_localization/lib/libhdl_global_localization__rosidl_typesupport_introspection_c.so" to ""\n'}
[281.727091] (hdl_global_localization) StdoutLine: {'line': b'-- Installing: /home/ysc/lite_cog_ros2/nav/install/hdl_global_localization/lib/libhdl_global_localization__rosidl_typesupport_c.so\n'}
[281.731652] (hdl_global_localization) StdoutLine: {'line': b'-- Set runtime path of "/home/ysc/lite_cog_ros2/nav/install/hdl_global_localization/lib/libhdl_global_localization__rosidl_typesupport_c.so" to ""\n'}
[281.733171] (hdl_global_localization) StdoutLine: {'line': b'-- Installing: /home/ysc/lite_cog_ros2/nav/install/hdl_global_localization/lib/libhdl_global_localization__rosidl_typesupport_introspection_cpp.so\n'}
[281.738646] (hdl_global_localization) StdoutLine: {'line': b'-- Set runtime path of "/home/ysc/lite_cog_ros2/nav/install/hdl_global_localization/lib/libhdl_global_localization__rosidl_typesupport_introspection_cpp.so" to ""\n'}
[281.740702] (hdl_global_localization) StdoutLine: {'line': b'-- Installing: /home/ysc/lite_cog_ros2/nav/install/hdl_global_localization/lib/libhdl_global_localization__rosidl_typesupport_cpp.so\n'}
[281.746117] (hdl_global_localization) StdoutLine: {'line': b'-- Set runtime path of "/home/ysc/lite_cog_ros2/nav/install/hdl_global_localization/lib/libhdl_global_localization__rosidl_typesupport_cpp.so" to ""\n'}
[281.801528] (-) TimerEvent: {}
[281.902549] (-) TimerEvent: {}
[282.003652] (-) TimerEvent: {}
[282.062298] (hdl_global_localization) StdoutLine: {'line': b"Compiling '/home/ysc/lite_cog_ros2/nav/install/hdl_global_localization/lib/python3.8/site-packages/hdl_global_localization/__init__.py'...\n"}
[282.083079] (hdl_global_localization) StdoutLine: {'line': b'-- Installing: /home/ysc/lite_cog_ros2/nav/install/hdl_global_localization/share/hdl_global_localization/cmake/hdl_global_localization__rosidl_generator_cExport.cmake\n'}
[282.084469] (hdl_global_localization) StdoutLine: {'line': b'-- Installing: /home/ysc/lite_cog_ros2/nav/install/hdl_global_localization/share/hdl_global_localization/cmake/hdl_global_localization__rosidl_generator_cExport-noconfig.cmake\n'}
[282.086170] (hdl_global_localization) StdoutLine: {'line': b'-- Installing: /home/ysc/lite_cog_ros2/nav/install/hdl_global_localization/share/hdl_global_localization/cmake/hdl_global_localization__rosidl_typesupport_introspection_cExport.cmake\n'}
[282.087680] (hdl_global_localization) StdoutLine: {'line': b'-- Installing: /home/ysc/lite_cog_ros2/nav/install/hdl_global_localization/share/hdl_global_localization/cmake/hdl_global_localization__rosidl_typesupport_introspection_cExport-noconfig.cmake\n'}
[282.088891] (hdl_global_localization) StdoutLine: {'line': b'-- Installing: /home/ysc/lite_cog_ros2/nav/install/hdl_global_localization/share/hdl_global_localization/cmake/hdl_global_localization__rosidl_typesupport_cExport.cmake\n'}
[282.090690] (hdl_global_localization) StdoutLine: {'line': b'-- Installing: /home/ysc/lite_cog_ros2/nav/install/hdl_global_localization/share/hdl_global_localization/cmake/hdl_global_localization__rosidl_typesupport_cExport-noconfig.cmake\n'}
[282.091696] (hdl_global_localization) StdoutLine: {'line': b'-- Installing: /home/ysc/lite_cog_ros2/nav/install/hdl_global_localization/share/hdl_global_localization/cmake/hdl_global_localization__rosidl_generator_cppExport.cmake\n'}
[282.093404] (hdl_global_localization) StdoutLine: {'line': b'-- Installing: /home/ysc/lite_cog_ros2/nav/install/hdl_global_localization/share/hdl_global_localization/cmake/hdl_global_localization__rosidl_typesupport_introspection_cppExport.cmake\n'}
[282.094591] (hdl_global_localization) StdoutLine: {'line': b'-- Installing: /home/ysc/lite_cog_ros2/nav/install/hdl_global_localization/share/hdl_global_localization/cmake/hdl_global_localization__rosidl_typesupport_introspection_cppExport-noconfig.cmake\n'}
[282.096055] (hdl_global_localization) StdoutLine: {'line': b'-- Installing: /home/ysc/lite_cog_ros2/nav/install/hdl_global_localization/share/hdl_global_localization/cmake/hdl_global_localization__rosidl_typesupport_cppExport.cmake\n'}
[282.097443] (hdl_global_localization) StdoutLine: {'line': b'-- Installing: /home/ysc/lite_cog_ros2/nav/install/hdl_global_localization/share/hdl_global_localization/cmake/hdl_global_localization__rosidl_typesupport_cppExport-noconfig.cmake\n'}
[282.103896] (-) TimerEvent: {}
[282.110282] (hdl_global_localization) CommandEnded: {'returncode': 0}
[282.204500] (-) TimerEvent: {}
[282.305955] (-) TimerEvent: {}
[282.408682] (-) TimerEvent: {}
[282.509847] (-) TimerEvent: {}
[282.610967] (-) TimerEvent: {}
[282.712088] (-) TimerEvent: {}
[282.814439] (-) TimerEvent: {}
[282.915749] (-) TimerEvent: {}
[283.017546] (-) TimerEvent: {}
[283.119505] (-) TimerEvent: {}
[283.148051] (hdl_global_localization) JobEnded: {'identifier': 'hdl_global_localization', 'rc': 0}
[283.155926] (hdl_localization) JobStarted: {'identifier': 'hdl_localization'}
[283.226111] (-) TimerEvent: {}
[283.235501] (hdl_localization) JobProgress: {'identifier': 'hdl_localization', 'progress': 'cmake'}
[283.250447] (hdl_localization) Command: {'cmd': ['/usr/bin/cmake', '/home/ysc/lite_cog_ros2/nav/src/hdl_localization', '-DAMENT_CMAKE_SYMLINK_INSTALL=1', '-DCMAKE_INSTALL_PREFIX=/home/ysc/lite_cog_ros2/nav/install/hdl_localization'], 'cwd': '/home/ysc/lite_cog_ros2/nav/build/hdl_localization', 'env': OrderedDict([('GJS_DEBUG_TOPICS', 'JS ERROR;JS LOG'), ('LESSOPEN', '| /usr/bin/lesspipe %s'), ('USER', 'ysc'), ('LC_TIME', 'zh_CN.UTF-8'), ('SSH_AGENT_PID', '1781'), ('XDG_SESSION_TYPE', 'x11'), ('SHLVL', '1'), ('LD_LIBRARY_PATH', '/home/ysc/lite_cog_ros2/nav/install/hdl_global_localization/lib:/usr/lib/aarch64-linux-gnu/gazebo-11/plugins:/opt/ros/foxy/opt/yaml_cpp_vendor/lib:/opt/ros/foxy/opt/rviz_ogre_vendor/lib:/opt/ros/foxy/lib/aarch64-linux-gnu:/opt/ros/foxy/lib:/usr/local/cuda-11.4/lib64'), ('HOME', '/home/ysc'), ('OLDPWD', '/home/ysc/lite_cog_ros2/nav/src'), ('DESKTOP_SESSION', 'ubuntu'), ('ROS_PYTHON_VERSION', '3'), ('GNOME_SHELL_SESSION_MODE', 'ubuntu'), ('GTK_MODULES', 'gail:atk-bridge'), ('LC_MONETARY', 'zh_CN.UTF-8'), ('MANAGERPID', '1392'), ('ROS_LOG_DIR', '/home/ysc/lite_cog_ros2/system/log'), ('DBUS_SESSION_BUS_ADDRESS', 'unix:path=/run/user/1000/bus'), ('COLORTERM', 'truecolor'), ('_colcon_cd_root', '/opt/ros/foxy/'), ('IM_CONFIG_PHASE', '1'), ('ROS_DISTRO', 'foxy'), ('LOGNAME', 'ysc'), ('JOURNAL_STREAM', '8:49519'), ('_', '/usr/bin/colcon'), ('ROS_VERSION', '2'), ('XDG_SESSION_CLASS', 'user'), ('USERNAME', 'ysc'), ('TERM', 'xterm-256color'), ('GNOME_DESKTOP_SESSION_ID', 'this-is-deprecated'), ('ROS_LOCALHOST_ONLY', '0'), ('WINDOWPATH', '2'), ('PATH', '/opt/ros/foxy/bin:/usr/local/cuda-11.4/bin:/home/ysc/.local/bin:/usr/local/sbin:/usr/local/bin:/usr/sbin:/usr/bin:/sbin:/bin:/usr/games:/usr/local/games:/snap/bin'), ('SESSION_MANAGER', 'local/lite:@/tmp/.ICE-unix/1892,unix/lite:/tmp/.ICE-unix/1892'), ('FASTRTPS_DEFAULT_PROFILES_FILE', '/home/ysc/lite_cog_ros2/system/fastdds_profile.xml'), ('INVOCATION_ID', '602cc523dfa449b4a6d72237820dc3dc'), ('XDG_MENU_PREFIX', 'gnome-'), ('LC_ADDRESS', 'zh_CN.UTF-8'), ('GNOME_TERMINAL_SCREEN', '/org/gnome/Terminal/screen/541f4142_ea0f_4065_b3be_af388ccb6792'), ('XDG_RUNTIME_DIR', '/run/user/1000'), ('DISPLAY', ':0'), ('LANG', 'en_US.UTF-8'), ('XDG_CURRENT_DESKTOP', 'ubuntu:GNOME'), ('LC_TELEPHONE', 'zh_CN.UTF-8'), ('XMODIFIERS', '@im=ibus'), ('XDG_SESSION_DESKTOP', 'ubuntu'), ('XAUTHORITY', '/run/user/1000/gdm/Xauthority'), ('LS_COLORS', 'rs=0:di=01;34:ln=01;36:mh=00:pi=40;33:so=01;35:do=01;35:bd=40;33;01:cd=40;33;01:or=40;31;01:mi=00:su=37;41:sg=30;43:ca=30;41:tw=30;42:ow=34;42:st=37;44:ex=01;32:*.tar=01;31:*.tgz=01;31:*.arc=01;31:*.arj=01;31:*.taz=01;31:*.lha=01;31:*.lz4=01;31:*.lzh=01;31:*.lzma=01;31:*.tlz=01;31:*.txz=01;31:*.tzo=01;31:*.t7z=01;31:*.zip=01;31:*.z=01;31:*.dz=01;31:*.gz=01;31:*.lrz=01;31:*.lz=01;31:*.lzo=01;31:*.xz=01;31:*.zst=01;31:*.tzst=01;31:*.bz2=01;31:*.bz=01;31:*.tbz=01;31:*.tbz2=01;31:*.tz=01;31:*.deb=01;31:*.rpm=01;31:*.jar=01;31:*.war=01;31:*.ear=01;31:*.sar=01;31:*.rar=01;31:*.alz=01;31:*.ace=01;31:*.zoo=01;31:*.cpio=01;31:*.7z=01;31:*.rz=01;31:*.cab=01;31:*.wim=01;31:*.swm=01;31:*.dwm=01;31:*.esd=01;31:*.jpg=01;35:*.jpeg=01;35:*.mjpg=01;35:*.mjpeg=01;35:*.gif=01;35:*.bmp=01;35:*.pbm=01;35:*.pgm=01;35:*.ppm=01;35:*.tga=01;35:*.xbm=01;35:*.xpm=01;35:*.tif=01;35:*.tiff=01;35:*.png=01;35:*.svg=01;35:*.svgz=01;35:*.mng=01;35:*.pcx=01;35:*.mov=01;35:*.mpg=01;35:*.mpeg=01;35:*.m2v=01;35:*.mkv=01;35:*.webm=01;35:*.ogm=01;35:*.mp4=01;35:*.m4v=01;35:*.mp4v=01;35:*.vob=01;35:*.qt=01;35:*.nuv=01;35:*.wmv=01;35:*.asf=01;35:*.rm=01;35:*.rmvb=01;35:*.flc=01;35:*.avi=01;35:*.fli=01;35:*.flv=01;35:*.gl=01;35:*.dl=01;35:*.xcf=01;35:*.xwd=01;35:*.yuv=01;35:*.cgm=01;35:*.emf=01;35:*.ogv=01;35:*.ogx=01;35:*.aac=00;36:*.au=00;36:*.flac=00;36:*.m4a=00;36:*.mid=00;36:*.midi=00;36:*.mka=00;36:*.mp3=00;36:*.mpc=00;36:*.ogg=00;36:*.ra=00;36:*.wav=00;36:*.oga=00;36:*.opus=00;36:*.spx=00;36:*.xspf=00;36:'), ('GNOME_TERMINAL_SERVICE', ':1.91'), ('SSH_AUTH_SOCK', '/run/user/1000/keyring/ssh'), ('ROS_DOMAIN_ID', '0'), ('AMENT_PREFIX_PATH', '/home/ysc/lite_cog_ros2/nav/install/hdl_global_localization:/opt/ros/foxy'), ('SHELL', '/bin/bash'), ('LC_NAME', 'zh_CN.UTF-8'), ('QT_ACCESSIBILITY', '1'), ('GDMSESSION', 'ubuntu'), ('LESSCLOSE', '/usr/bin/lesspipe %s %s'), ('LC_MEASUREMENT', 'zh_CN.UTF-8'), ('GPG_AGENT_INFO', '/run/user/1000/gnupg/S.gpg-agent:0:1'), ('GJS_DEBUG_OUTPUT', 'stderr'), ('LC_IDENTIFICATION', 'zh_CN.UTF-8'), ('QT_IM_MODULE', 'ibus'), ('PWD', '/home/ysc/lite_cog_ros2/nav/build/hdl_localization'), ('LC_ALL', 'en_US.UTF-8'), ('XDG_CONFIG_DIRS', '/etc/xdg/xdg-ubuntu:/etc/xdg'), ('XDG_DATA_DIRS', '/usr/share/ubuntu:/usr/local/share/:/usr/share/:/var/lib/snapd/desktop'), ('PYTHONPATH', '/home/ysc/lite_cog_ros2/nav/install/hdl_global_localization/lib/python3.8/site-packages:/opt/ros/foxy/lib/python3.8/site-packages'), ('LC_NUMERIC', 'zh_CN.UTF-8'), ('LC_PAPER', 'zh_CN.UTF-8'), ('COLCON', '1'), ('VTE_VERSION', '6003'), ('CMAKE_PREFIX_PATH', '/home/ysc/lite_cog_ros2/nav/install/hdl_global_localization:/opt/ros/foxy')]), 'shell': False}
[283.326227] (-) TimerEvent: {}
[283.428888] (-) TimerEvent: {}
[283.531447] (-) TimerEvent: {}
[283.633532] (-) TimerEvent: {}
[283.735800] (-) TimerEvent: {}
[283.753836] (hdl_localization) StdoutLine: {'line': b'-- The C compiler identification is GNU 9.4.0\n'}
[283.836038] (-) TimerEvent: {}
[283.937019] (-) TimerEvent: {}
[284.038174] (-) TimerEvent: {}
[284.130286] (hdl_localization) StdoutLine: {'line': b'-- The CXX compiler identification is GNU 9.4.0\n'}
[284.138429] (-) TimerEvent: {}
[284.167363] (hdl_localization) StdoutLine: {'line': b'-- Check for working C compiler: /usr/bin/cc\n'}
[284.238709] (-) TimerEvent: {}
[284.339917] (-) TimerEvent: {}
[284.440951] (-) TimerEvent: {}
[284.542078] (-) TimerEvent: {}
[284.643420] (-) TimerEvent: {}
[284.658252] (hdl_localization) StdoutLine: {'line': b'-- Check for working C compiler: /usr/bin/cc -- works\n'}
[284.669929] (hdl_localization) StdoutLine: {'line': b'-- Detecting C compiler ABI info\n'}
[284.743666] (-) TimerEvent: {}
[284.845007] (-) TimerEvent: {}
[284.946218] (-) TimerEvent: {}
[285.047213] (-) TimerEvent: {}
[285.148750] (-) TimerEvent: {}
[285.149951] (hdl_localization) StdoutLine: {'line': b'-- Detecting C compiler ABI info - done\n'}
[285.210356] (hdl_localization) StdoutLine: {'line': b'-- Detecting C compile features\n'}
[285.212188] (hdl_localization) StdoutLine: {'line': b'-- Detecting C compile features - done\n'}
[285.226123] (hdl_localization) StdoutLine: {'line': b'-- Check for working CXX compiler: /usr/bin/c++\n'}
[285.248949] (-) TimerEvent: {}
[285.349999] (-) TimerEvent: {}
[285.451065] (-) TimerEvent: {}
[285.552085] (-) TimerEvent: {}
[285.653764] (-) TimerEvent: {}
[285.726260] (hdl_localization) StdoutLine: {'line': b'-- Check for working CXX compiler: /usr/bin/c++ -- works\n'}
[285.733740] (hdl_localization) StdoutLine: {'line': b'-- Detecting CXX compiler ABI info\n'}
[285.754006] (-) TimerEvent: {}
[285.855373] (-) TimerEvent: {}
[285.956372] (-) TimerEvent: {}
[286.057401] (-) TimerEvent: {}
[286.159744] (-) TimerEvent: {}
[286.244065] (hdl_localization) StdoutLine: {'line': b'-- Detecting CXX compiler ABI info - done\n'}
[286.259639] (-) TimerEvent: {}
[286.309815] (hdl_localization) StdoutLine: {'line': b'-- Detecting CXX compile features\n'}
[286.314063] (hdl_localization) StdoutLine: {'line': b'-- Detecting CXX compile features - done\n'}
[286.326688] (hdl_localization) StdoutLine: {'line': b'-- Found ament_cmake_auto: 0.9.12 (/opt/ros/foxy/share/ament_cmake_auto/cmake)\n'}
[286.359795] (-) TimerEvent: {}
[286.460839] (-) TimerEvent: {}
[286.486519] (hdl_localization) StdoutLine: {'line': b'-- Found PythonInterp: /usr/bin/python3 (found suitable version "3.8.10", minimum required is "3") \n'}
[286.487573] (hdl_localization) StdoutLine: {'line': b'-- Using PYTHON_EXECUTABLE: /usr/bin/python3\n'}
[286.561161] (-) TimerEvent: {}
[286.662085] (-) TimerEvent: {}
[286.763667] (-) TimerEvent: {}
[286.864623] (-) TimerEvent: {}
[286.965729] (-) TimerEvent: {}
[287.066641] (-) TimerEvent: {}
[287.168124] (-) TimerEvent: {}
[287.269768] (-) TimerEvent: {}
[287.371102] (-) TimerEvent: {}
[287.472200] (-) TimerEvent: {}
[287.573392] (-) TimerEvent: {}
[287.669898] (hdl_localization) StdoutLine: {'line': b'-- Override CMake install command with custom implementation using symlinks instead of copying resources\n'}
[287.673566] (-) TimerEvent: {}
[287.774376] (-) TimerEvent: {}
[287.875382] (-) TimerEvent: {}
[287.976400] (-) TimerEvent: {}
[288.077265] (-) TimerEvent: {}
[288.162749] (hdl_localization) StdoutLine: {'line': b'-- Using all available rosidl_typesupport_c: rosidl_typesupport_fastrtps_c;rosidl_typesupport_introspection_c\n'}
[288.177795] (-) TimerEvent: {}
[288.201132] (hdl_localization) StdoutLine: {'line': b'-- Found rosidl_adapter: 1.3.1 (/opt/ros/foxy/share/rosidl_adapter/cmake)\n'}
[288.278099] (-) TimerEvent: {}
[288.379225] (-) TimerEvent: {}
[288.480346] (-) TimerEvent: {}
[288.581503] (-) TimerEvent: {}
[288.683646] (-) TimerEvent: {}
[288.786716] (-) TimerEvent: {}
[288.888635] (-) TimerEvent: {}
[288.991263] (hdl_localization) StdoutLine: {'line': b'-- Found OpenSSL: /usr/lib/aarch64-linux-gnu/libcrypto.so (found version "1.1.1f")  \n'}
[288.992101] (-) TimerEvent: {}
[289.092957] (-) TimerEvent: {}
[289.151188] (hdl_localization) StdoutLine: {'line': b'-- Found FastRTPS: /opt/ros/foxy/include  \n'}
[289.193260] (-) TimerEvent: {}
[289.294293] (-) TimerEvent: {}
[289.395750] (-) TimerEvent: {}
[289.496863] (-) TimerEvent: {}
[289.597956] (-) TimerEvent: {}
[289.644856] (hdl_localization) StdoutLine: {'line': b'-- Using all available rosidl_typesupport_cpp: rosidl_typesupport_fastrtps_cpp;rosidl_typesupport_introspection_cpp\n'}
[289.698210] (-) TimerEvent: {}
[289.799255] (-) TimerEvent: {}
[289.900300] (-) TimerEvent: {}
[290.001414] (-) TimerEvent: {}
[290.102391] (-) TimerEvent: {}
[290.203437] (-) TimerEvent: {}
[290.276097] (hdl_localization) StdoutLine: {'line': b'-- Found rmw_implementation_cmake: 1.0.4 (/opt/ros/foxy/share/rmw_implementation_cmake/cmake)\n'}
[290.276800] (hdl_localization) StdoutLine: {'line': b"-- Using RMW implementation 'rmw_fastrtps_cpp' as default\n"}
[290.277514] (hdl_localization) StdoutLine: {'line': b'-- Looking for pthread.h\n'}
[290.303691] (-) TimerEvent: {}
[290.404773] (-) TimerEvent: {}
[290.505915] (-) TimerEvent: {}
[290.607044] (-) TimerEvent: {}
[290.708394] (-) TimerEvent: {}
[290.810054] (-) TimerEvent: {}
[290.836393] (hdl_localization) StdoutLine: {'line': b'-- Looking for pthread.h - found\n'}
[290.838364] (hdl_localization) StdoutLine: {'line': b'-- Performing Test CMAKE_HAVE_LIBC_PTHREAD\n'}
[290.910288] (-) TimerEvent: {}
[291.011293] (-) TimerEvent: {}
[291.112285] (-) TimerEvent: {}
[291.213306] (-) TimerEvent: {}
[291.314358] (-) TimerEvent: {}
[291.415266] (-) TimerEvent: {}
[291.516515] (-) TimerEvent: {}
[291.564099] (hdl_localization) StdoutLine: {'line': b'-- Performing Test CMAKE_HAVE_LIBC_PTHREAD - Failed\n'}
[291.566827] (hdl_localization) StdoutLine: {'line': b'-- Looking for pthread_create in pthreads\n'}
[291.616780] (-) TimerEvent: {}
[291.717938] (-) TimerEvent: {}
[291.818991] (-) TimerEvent: {}
[291.920374] (-) TimerEvent: {}
[292.021281] (-) TimerEvent: {}
[292.105455] (hdl_localization) StdoutLine: {'line': b'-- Looking for pthread_create in pthreads - not found\n'}
[292.106609] (hdl_localization) StdoutLine: {'line': b'-- Looking for pthread_create in pthread\n'}
[292.121495] (-) TimerEvent: {}
[292.222481] (-) TimerEvent: {}
[292.323527] (-) TimerEvent: {}
[292.424630] (-) TimerEvent: {}
[292.525850] (-) TimerEvent: {}
[292.581751] (hdl_localization) StdoutLine: {'line': b'-- Looking for pthread_create in pthread - found\n'}
[292.604540] (hdl_localization) StdoutLine: {'line': b'-- Found Threads: TRUE  \n'}
[292.626147] (-) TimerEvent: {}
[292.727152] (-) TimerEvent: {}
[292.833190] (-) TimerEvent: {}
[292.934305] (-) TimerEvent: {}
[293.042160] (-) TimerEvent: {}
[293.145349] (-) TimerEvent: {}
[293.246512] (-) TimerEvent: {}
[293.348432] (-) TimerEvent: {}
[293.451462] (-) TimerEvent: {}
[293.552626] (-) TimerEvent: {}
[293.671161] (-) TimerEvent: {}
[293.773626] (-) TimerEvent: {}
[293.874700] (-) TimerEvent: {}
[293.976503] (-) TimerEvent: {}
[294.078049] (-) TimerEvent: {}
[294.187783] (-) TimerEvent: {}
[294.293596] (-) TimerEvent: {}
[294.394871] (-) TimerEvent: {}
[294.496923] (-) TimerEvent: {}
[294.599166] (-) TimerEvent: {}
[294.700510] (-) TimerEvent: {}
[294.803529] (-) TimerEvent: {}
[294.905128] (-) TimerEvent: {}
[295.006528] (-) TimerEvent: {}
[295.107950] (-) TimerEvent: {}
[295.209142] (-) TimerEvent: {}
[295.312292] (-) TimerEvent: {}
[295.458948] (-) TimerEvent: {}
[295.561744] (-) TimerEvent: {}
[295.670408] (-) TimerEvent: {}
[295.779820] (-) TimerEvent: {}
[295.882020] (-) TimerEvent: {}
[295.984443] (-) TimerEvent: {}
[296.095993] (-) TimerEvent: {}
[296.197886] (-) TimerEvent: {}
[296.222498] (hdl_localization) StdoutLine: {'line': b'-- Found eigen3_cmake_module: 0.1.1 (/opt/ros/foxy/share/eigen3_cmake_module/cmake)\n'}
[296.243070] (hdl_localization) StdoutLine: {'line': b'-- Found Eigen3: TRUE (found version "3.3.7") \n'}
[296.298112] (-) TimerEvent: {}
[296.399277] (-) TimerEvent: {}
[296.500447] (-) TimerEvent: {}
[296.602658] (-) TimerEvent: {}
[296.707986] (-) TimerEvent: {}
[296.815651] (-) TimerEvent: {}
[296.917503] (-) TimerEvent: {}
[297.018608] (-) TimerEvent: {}
[297.124484] (-) TimerEvent: {}
[297.226718] (-) TimerEvent: {}
[297.328481] (-) TimerEvent: {}
[297.430460] (-) TimerEvent: {}
[297.533326] (-) TimerEvent: {}
[297.634537] (-) TimerEvent: {}
[297.735666] (-) TimerEvent: {}
[297.836823] (-) TimerEvent: {}
[297.959229] (-) TimerEvent: {}
[298.065202] (-) TimerEvent: {}
[298.166850] (-) TimerEvent: {}
[298.268464] (-) TimerEvent: {}
[298.328400] (hdl_localization) StdoutLine: {'line': b"-- Checking for module 'eigen3'\n"}
[298.368761] (-) TimerEvent: {}
[298.470972] (-) TimerEvent: {}
[298.533102] (hdl_localization) StdoutLine: {'line': b'--   Found eigen3, version 3.3.7\n'}
[298.573454] (-) TimerEvent: {}
[298.675304] (-) TimerEvent: {}
[298.780898] (-) TimerEvent: {}
[298.883877] (-) TimerEvent: {}
[298.986321] (-) TimerEvent: {}
[299.008778] (hdl_localization) StdoutLine: {'line': b'-- Found Eigen: /usr/include/eigen3 (Required is at least version "3.1") \n'}
[299.010475] (hdl_localization) StdoutLine: {'line': b'-- Eigen found (include: /usr/include/eigen3, version: 3.3.7)\n'}
[299.086465] (-) TimerEvent: {}
[299.188222] (-) TimerEvent: {}
[299.289305] (-) TimerEvent: {}
[299.391211] (-) TimerEvent: {}
[299.473387] (hdl_localization) StdoutLine: {'line': b"-- Checking for module 'flann'\n"}
[299.491485] (-) TimerEvent: {}
[299.593409] (-) TimerEvent: {}
[299.654401] (hdl_localization) StdoutLine: {'line': b'--   Found flann, version 1.9.1\n'}
[299.693632] (-) TimerEvent: {}
[299.800576] (-) TimerEvent: {}
[299.902369] (-) TimerEvent: {}
[300.005348] (-) TimerEvent: {}
[300.080461] (hdl_localization) StdoutLine: {'line': b'-- Found FLANN: /usr/lib/aarch64-linux-gnu/libflann_cpp.so  \n'}
[300.103838] (-) TimerEvent: {}
[300.205715] (-) TimerEvent: {}
[300.306986] (-) TimerEvent: {}
[300.410249] (-) TimerEvent: {}
[300.482318] (hdl_localization) StdoutLine: {'line': b'-- The imported target "vtkParseOGLExt" references the file\n'}
[300.559910] (-) TimerEvent: {}
[300.560620] (hdl_localization) StdoutLine: {'line': b'   "/usr/bin/vtkParseOGLExt-7.1"\n'}
[300.562069] (hdl_localization) StdoutLine: {'line': b'but this file does not exist.  Possible reasons include:\n'}
[300.563177] (hdl_localization) StdoutLine: {'line': b'* The file was deleted, renamed, or moved to another location.\n'}
[300.563666] (hdl_localization) StdoutLine: {'line': b'* An install or uninstall procedure did not complete successfully.\n'}
[300.564227] (hdl_localization) StdoutLine: {'line': b'* The installation package was faulty and contained\n'}
[300.564634] (hdl_localization) StdoutLine: {'line': b'   "/usr/lib/cmake/vtk-7.1/VTKTargets.cmake"\n'}
[300.565238] (hdl_localization) StdoutLine: {'line': b'but not all the files it references.\n'}
[300.565693] (hdl_localization) StdoutLine: {'line': b'\n'}
[300.566186] (hdl_localization) StdoutLine: {'line': b'-- The imported target "vtkRenderingPythonTkWidgets" references the file\n'}
[300.566651] (hdl_localization) StdoutLine: {'line': b'   "/usr/lib/aarch64-linux-gnu/libvtkRenderingPythonTkWidgets.so"\n'}
[300.567069] (hdl_localization) StdoutLine: {'line': b'but this file does not exist.  Possible reasons include:\n'}
[300.567951] (hdl_localization) StdoutLine: {'line': b'* The file was deleted, renamed, or moved to another location.\n'}
[300.568378] (hdl_localization) StdoutLine: {'line': b'* An install or uninstall procedure did not complete successfully.\n'}
[300.568792] (hdl_localization) StdoutLine: {'line': b'* The installation package was faulty and contained\n'}
[300.569340] (hdl_localization) StdoutLine: {'line': b'   "/usr/lib/cmake/vtk-7.1/VTKTargets.cmake"\n'}
[300.569747] (hdl_localization) StdoutLine: {'line': b'but not all the files it references.\n'}
[300.570190] (hdl_localization) StdoutLine: {'line': b'\n'}
[300.570638] (hdl_localization) StdoutLine: {'line': b'-- The imported target "vtk" references the file\n'}
[300.571020] (hdl_localization) StdoutLine: {'line': b'   "/usr/bin/vtk"\n'}
[300.572112] (hdl_localization) StdoutLine: {'line': b'but this file does not exist.  Possible reasons include:\n'}
[300.572968] (hdl_localization) StdoutLine: {'line': b'* The file was deleted, renamed, or moved to another location.\n'}
[300.573536] (hdl_localization) StdoutLine: {'line': b'* An install or uninstall procedure did not complete successfully.\n'}
[300.574001] (hdl_localization) StdoutLine: {'line': b'* The installation package was faulty and contained\n'}
[300.574426] (hdl_localization) StdoutLine: {'line': b'   "/usr/lib/cmake/vtk-7.1/VTKTargets.cmake"\n'}
[300.574825] (hdl_localization) StdoutLine: {'line': b'but not all the files it references.\n'}
[300.575257] (hdl_localization) StdoutLine: {'line': b'\n'}
[300.575686] (hdl_localization) StdoutLine: {'line': b'-- The imported target "pvtk" references the file\n'}
[300.576085] (hdl_localization) StdoutLine: {'line': b'   "/usr/bin/pvtk"\n'}
[300.576480] (hdl_localization) StdoutLine: {'line': b'but this file does not exist.  Possible reasons include:\n'}
[300.576921] (hdl_localization) StdoutLine: {'line': b'* The file was deleted, renamed, or moved to another location.\n'}
[300.577895] (hdl_localization) StdoutLine: {'line': b'* An install or uninstall procedure did not complete successfully.\n'}
[300.578334] (hdl_localization) StdoutLine: {'line': b'* The installation package was faulty and contained\n'}
[300.578813] (hdl_localization) StdoutLine: {'line': b'   "/usr/lib/cmake/vtk-7.1/VTKTargets.cmake"\n'}
[300.579187] (hdl_localization) StdoutLine: {'line': b'but not all the files it references.\n'}
[300.579546] (hdl_localization) StdoutLine: {'line': b'\n'}
[300.619952] (hdl_localization) StdoutLine: {'line': b"-- Checking for module 'libusb-1.0'\n"}
[300.660270] (-) TimerEvent: {}
[300.761769] (-) TimerEvent: {}
[300.779482] (hdl_localization) StdoutLine: {'line': b'--   Found libusb-1.0, version 1.0.23\n'}
[300.862079] (-) TimerEvent: {}
[300.963460] (-) TimerEvent: {}
[301.064884] (-) TimerEvent: {}
[301.166071] (-) TimerEvent: {}
[301.201044] (hdl_localization) StdoutLine: {'line': b'-- Found USB_10: /usr/lib/aarch64-linux-gnu/libusb-1.0.so  \n'}
[301.266297] (-) TimerEvent: {}
[301.367249] (-) TimerEvent: {}
[301.468306] (-) TimerEvent: {}
[301.569318] (-) TimerEvent: {}
[301.670938] (-) TimerEvent: {}
[301.729547] (hdl_localization) StdoutLine: {'line': b'-- OpenNI found (include: /usr/include/ni, lib: /usr/lib/libOpenNI.so)\n'}
[301.771665] (-) TimerEvent: {}
[301.873166] (-) TimerEvent: {}
[301.974406] (-) TimerEvent: {}
[302.075781] (-) TimerEvent: {}
[302.176999] (-) TimerEvent: {}
[302.278373] (-) TimerEvent: {}
[302.279641] (hdl_localization) StdoutLine: {'line': b'-- OpenNI2 found (include: /usr/include/openni2, lib: /usr/lib/libOpenNI2.so)\n'}
[302.365238] (hdl_localization) StdoutLine: {'line': b'-- Found libusb-1.0: /usr/include  \n'}
[302.378423] (-) TimerEvent: {}
[302.400465] (hdl_localization) StdoutLine: {'line': b'-- OpenNI found (include: /usr/include/ni, lib: /usr/lib/libOpenNI.so)\n'}
[302.454821] (hdl_localization) StdoutLine: {'line': b'-- OpenNI2 found (include: /usr/include/openni2, lib: /usr/lib/libOpenNI2.so)\n'}
[302.478644] (-) TimerEvent: {}
[302.582076] (-) TimerEvent: {}
[302.627064] (hdl_localization) StdoutLine: {'line': b'-- Found Qhull: optimized;/usr/lib/aarch64-linux-gnu/libqhull.so;debug;/usr/lib/aarch64-linux-gnu/libqhull.so  \n'}
[302.630177] (hdl_localization) StdoutLine: {'line': b'-- QHULL found (include: /usr/include, lib: optimized;/usr/lib/aarch64-linux-gnu/libqhull.so;debug;/usr/lib/aarch64-linux-gnu/libqhull.so)\n'}
[302.669564] (hdl_localization) StdoutLine: {'line': b'-- OpenNI found (include: /usr/include/ni, lib: /usr/lib/libOpenNI.so)\n'}
[302.681932] (-) TimerEvent: {}
[302.763874] (hdl_localization) StdoutLine: {'line': b'-- Found PCL_COMMON: /usr/lib/aarch64-linux-gnu/libpcl_common.so  \n'}
[302.772082] (hdl_localization) StdoutLine: {'line': b'-- Found PCL_KDTREE: /usr/lib/aarch64-linux-gnu/libpcl_kdtree.so  \n'}
[302.780688] (hdl_localization) StdoutLine: {'line': b'-- Found PCL_OCTREE: /usr/lib/aarch64-linux-gnu/libpcl_octree.so  \n'}
[302.782045] (-) TimerEvent: {}
[302.789832] (hdl_localization) StdoutLine: {'line': b'-- Found PCL_SEARCH: /usr/lib/aarch64-linux-gnu/libpcl_search.so  \n'}
[302.798623] (hdl_localization) StdoutLine: {'line': b'-- Found PCL_SAMPLE_CONSENSUS: /usr/lib/aarch64-linux-gnu/libpcl_sample_consensus.so  \n'}
[302.807358] (hdl_localization) StdoutLine: {'line': b'-- Found PCL_FILTERS: /usr/lib/aarch64-linux-gnu/libpcl_filters.so  \n'}
[302.811264] (hdl_localization) StdoutLine: {'line': b'-- Found PCL_2D: /usr/include/pcl-1.10  \n'}
[302.814050] (hdl_localization) StdoutLine: {'line': b'-- Found PCL_GEOMETRY: /usr/include/pcl-1.10  \n'}
[302.822447] (hdl_localization) StdoutLine: {'line': b'-- Found PCL_IO: /usr/lib/aarch64-linux-gnu/libpcl_io.so  \n'}
[302.834394] (hdl_localization) StdoutLine: {'line': b'-- Found PCL_FEATURES: /usr/lib/aarch64-linux-gnu/libpcl_features.so  \n'}
[302.841401] (hdl_localization) StdoutLine: {'line': b'-- Found PCL_ML: /usr/lib/aarch64-linux-gnu/libpcl_ml.so  \n'}
[302.848816] (hdl_localization) StdoutLine: {'line': b'-- Found PCL_SEGMENTATION: /usr/lib/aarch64-linux-gnu/libpcl_segmentation.so  \n'}
[302.857764] (hdl_localization) StdoutLine: {'line': b'-- Found PCL_VISUALIZATION: /usr/lib/aarch64-linux-gnu/libpcl_visualization.so  \n'}
[302.866253] (hdl_localization) StdoutLine: {'line': b'-- Found PCL_SURFACE: /usr/lib/aarch64-linux-gnu/libpcl_surface.so  \n'}
[302.875149] (hdl_localization) StdoutLine: {'line': b'-- Found PCL_REGISTRATION: /usr/lib/aarch64-linux-gnu/libpcl_registration.so  \n'}
[302.882496] (-) TimerEvent: {}
[302.884504] (hdl_localization) StdoutLine: {'line': b'-- Found PCL_KEYPOINTS: /usr/lib/aarch64-linux-gnu/libpcl_keypoints.so  \n'}
[302.892991] (hdl_localization) StdoutLine: {'line': b'-- Found PCL_TRACKING: /usr/lib/aarch64-linux-gnu/libpcl_tracking.so  \n'}
[302.900944] (hdl_localization) StdoutLine: {'line': b'-- Found PCL_RECOGNITION: /usr/lib/aarch64-linux-gnu/libpcl_recognition.so  \n'}
[302.910761] (hdl_localization) StdoutLine: {'line': b'-- Found PCL_STEREO: /usr/lib/aarch64-linux-gnu/libpcl_stereo.so  \n'}
[302.920831] (hdl_localization) StdoutLine: {'line': b'-- Found PCL_APPS: /usr/lib/aarch64-linux-gnu/libpcl_apps.so  \n'}
[302.927418] (hdl_localization) StdoutLine: {'line': b'-- Found PCL_IN_HAND_SCANNER: /usr/include/pcl-1.10  \n'}
[302.930842] (hdl_localization) StdoutLine: {'line': b'-- Found PCL_POINT_CLOUD_EDITOR: /usr/include/pcl-1.10  \n'}
[302.938773] (hdl_localization) StdoutLine: {'line': b'-- Found PCL_OUTOFCORE: /usr/lib/aarch64-linux-gnu/libpcl_outofcore.so  \n'}
[302.947214] (hdl_localization) StdoutLine: {'line': b'-- Found PCL_PEOPLE: /usr/lib/aarch64-linux-gnu/libpcl_people.so  \n'}
[302.982899] (-) TimerEvent: {}
[303.084608] (-) TimerEvent: {}
[303.185747] (-) TimerEvent: {}
[303.286730] (-) TimerEvent: {}
[303.388763] (-) TimerEvent: {}
[303.490412] (-) TimerEvent: {}
[303.591395] (-) TimerEvent: {}
[303.692615] (-) TimerEvent: {}
[303.793728] (-) TimerEvent: {}
[303.894762] (-) TimerEvent: {}
[303.995931] (-) TimerEvent: {}
[304.096989] (-) TimerEvent: {}
[304.198218] (-) TimerEvent: {}
[304.299244] (-) TimerEvent: {}
[304.400334] (-) TimerEvent: {}
[304.501438] (-) TimerEvent: {}
[304.602647] (-) TimerEvent: {}
[304.703698] (-) TimerEvent: {}
[304.804652] (-) TimerEvent: {}
[304.905894] (-) TimerEvent: {}
[305.006976] (-) TimerEvent: {}
[305.108063] (-) TimerEvent: {}
[305.209913] (-) TimerEvent: {}
[305.311069] (-) TimerEvent: {}
[305.412158] (-) TimerEvent: {}
[305.513343] (-) TimerEvent: {}
[305.710520] (-) TimerEvent: {}
[305.811509] (-) TimerEvent: {}
[305.912594] (-) TimerEvent: {}
[306.013671] (-) TimerEvent: {}
[306.115430] (-) TimerEvent: {}
[306.219167] (-) TimerEvent: {}
[306.320220] (-) TimerEvent: {}
[306.421294] (-) TimerEvent: {}
[306.522994] (-) TimerEvent: {}
[306.624808] (-) TimerEvent: {}
[306.726161] (-) TimerEvent: {}
[306.827513] (-) TimerEvent: {}
[306.928655] (-) TimerEvent: {}
[307.029826] (-) TimerEvent: {}
[307.130851] (-) TimerEvent: {}
[307.231999] (-) TimerEvent: {}
[307.333521] (-) TimerEvent: {}
[307.404808] (hdl_localization) StdoutLine: {'line': b'-- Found OpenMP_C: -fopenmp (found version "4.5") \n'}
[307.433864] (-) TimerEvent: {}
[307.534979] (-) TimerEvent: {}
[307.636614] (-) TimerEvent: {}
[307.737744] (-) TimerEvent: {}
[307.838775] (-) TimerEvent: {}
[307.939783] (-) TimerEvent: {}
[308.022828] (hdl_localization) StdoutLine: {'line': b'-- Found OpenMP_CXX: -fopenmp (found version "4.5") \n'}
[308.028303] (hdl_localization) StdoutLine: {'line': b'-- Found OpenMP: TRUE (found version "4.5")  \n'}
[308.040236] (-) TimerEvent: {}
[308.141261] (-) TimerEvent: {}
[308.167837] (hdl_localization) StdoutLine: {'line': b'-- Found PythonInterp: /usr/bin/python3 (found version "3.8.10") \n'}
[308.241475] (-) TimerEvent: {}
[308.342616] (-) TimerEvent: {}
[308.443809] (-) TimerEvent: {}
[308.544782] (-) TimerEvent: {}
[308.645866] (-) TimerEvent: {}
[308.746926] (-) TimerEvent: {}
[308.848024] (-) TimerEvent: {}
[308.949131] (-) TimerEvent: {}
[309.050173] (-) TimerEvent: {}
[309.091346] (hdl_localization) StdoutLine: {'line': b'-- Found ament_cmake_ros: 0.9.2 (/opt/ros/foxy/share/ament_cmake_ros/cmake)\n'}
[309.150459] (-) TimerEvent: {}
[309.252711] (-) TimerEvent: {}
[309.357777] (-) TimerEvent: {}
[309.458764] (-) TimerEvent: {}
[309.559829] (-) TimerEvent: {}
[309.660888] (-) TimerEvent: {}
[309.762054] (-) TimerEvent: {}
[309.863160] (-) TimerEvent: {}
[309.964895] (-) TimerEvent: {}
[310.066852] (-) TimerEvent: {}
[310.168942] (-) TimerEvent: {}
[310.270061] (-) TimerEvent: {}
[310.371124] (-) TimerEvent: {}
[310.472394] (-) TimerEvent: {}
[310.523931] (hdl_localization) StdoutLine: {'line': b'-- Using all available rosidl_typesupport_c: rosidl_typesupport_fastrtps_c;rosidl_typesupport_introspection_c\n'}
[310.659508] (-) TimerEvent: {}
[310.760348] (-) TimerEvent: {}
[310.861530] (-) TimerEvent: {}
[310.962917] (-) TimerEvent: {}
[311.063906] (-) TimerEvent: {}
[311.164949] (-) TimerEvent: {}
[311.266032] (-) TimerEvent: {}
[311.290874] (hdl_localization) StdoutLine: {'line': b'-- Using all available rosidl_typesupport_cpp: rosidl_typesupport_fastrtps_cpp;rosidl_typesupport_introspection_cpp\n'}
[311.366279] (-) TimerEvent: {}
[311.428967] (hdl_localization) StdoutLine: {'line': b'-- Found PythonInterp: /usr/bin/python3 (found suitable version "3.8.10", minimum required is "3.5") \n'}
[311.437685] (hdl_localization) StdoutLine: {'line': b'-- Found python_cmake_module: 0.8.1 (/opt/ros/foxy/share/python_cmake_module/cmake)\n'}
[311.466491] (-) TimerEvent: {}
[311.567488] (-) TimerEvent: {}
[311.604752] (hdl_localization) StdoutLine: {'line': b'-- Found PythonLibs: /usr/lib/aarch64-linux-gnu/libpython3.8.so (found suitable version "3.8.10", minimum required is "3.5") \n'}
[311.605938] (hdl_localization) StdoutLine: {'line': b'-- Using PYTHON_EXECUTABLE: /usr/bin/python3\n'}
[311.606379] (hdl_localization) StdoutLine: {'line': b'-- Using PYTHON_INCLUDE_DIRS: /usr/include/python3.8\n'}
[311.606820] (hdl_localization) StdoutLine: {'line': b'-- Using PYTHON_LIBRARIES: /usr/lib/aarch64-linux-gnu/libpython3.8.so\n'}
[311.667676] (-) TimerEvent: {}
[311.735275] (hdl_localization) StdoutLine: {'line': b'-- Found PythonExtra: .so  \n'}
[311.767843] (-) TimerEvent: {}
[311.868764] (-) TimerEvent: {}
[311.969818] (-) TimerEvent: {}
[312.070695] (-) TimerEvent: {}
[312.172161] (-) TimerEvent: {}
[312.273379] (-) TimerEvent: {}
[312.374385] (-) TimerEvent: {}
[312.475306] (-) TimerEvent: {}
[312.564772] (hdl_localization) StdoutLine: {'line': b'-- Configuring done\n'}
[312.575563] (-) TimerEvent: {}
[312.676568] (-) TimerEvent: {}
[312.777837] (-) TimerEvent: {}
[312.878878] (-) TimerEvent: {}
[312.979884] (-) TimerEvent: {}
[313.080895] (-) TimerEvent: {}
[313.182075] (-) TimerEvent: {}
[313.283161] (-) TimerEvent: {}
[313.384273] (-) TimerEvent: {}
[313.469036] (hdl_localization) StdoutLine: {'line': b'-- Generating done\n'}
[313.484485] (-) TimerEvent: {}
[313.491276] (hdl_localization) StdoutLine: {'line': b'-- Build files have been written to: /home/ysc/lite_cog_ros2/nav/build/hdl_localization\n'}
[313.574346] (hdl_localization) CommandEnded: {'returncode': 0}
[313.578533] (hdl_localization) JobProgress: {'identifier': 'hdl_localization', 'progress': 'build'}
[313.580554] (hdl_localization) Command: {'cmd': ['/usr/bin/cmake', '--build', '/home/ysc/lite_cog_ros2/nav/build/hdl_localization', '--', '-j6', '-l6'], 'cwd': '/home/ysc/lite_cog_ros2/nav/build/hdl_localization', 'env': OrderedDict([('GJS_DEBUG_TOPICS', 'JS ERROR;JS LOG'), ('LESSOPEN', '| /usr/bin/lesspipe %s'), ('USER', 'ysc'), ('LC_TIME', 'zh_CN.UTF-8'), ('SSH_AGENT_PID', '1781'), ('XDG_SESSION_TYPE', 'x11'), ('SHLVL', '1'), ('LD_LIBRARY_PATH', '/home/ysc/lite_cog_ros2/nav/install/hdl_global_localization/lib:/usr/lib/aarch64-linux-gnu/gazebo-11/plugins:/opt/ros/foxy/opt/yaml_cpp_vendor/lib:/opt/ros/foxy/opt/rviz_ogre_vendor/lib:/opt/ros/foxy/lib/aarch64-linux-gnu:/opt/ros/foxy/lib:/usr/local/cuda-11.4/lib64'), ('HOME', '/home/ysc'), ('OLDPWD', '/home/ysc/lite_cog_ros2/nav/src'), ('DESKTOP_SESSION', 'ubuntu'), ('ROS_PYTHON_VERSION', '3'), ('GNOME_SHELL_SESSION_MODE', 'ubuntu'), ('GTK_MODULES', 'gail:atk-bridge'), ('LC_MONETARY', 'zh_CN.UTF-8'), ('MANAGERPID', '1392'), ('ROS_LOG_DIR', '/home/ysc/lite_cog_ros2/system/log'), ('DBUS_SESSION_BUS_ADDRESS', 'unix:path=/run/user/1000/bus'), ('COLORTERM', 'truecolor'), ('_colcon_cd_root', '/opt/ros/foxy/'), ('IM_CONFIG_PHASE', '1'), ('ROS_DISTRO', 'foxy'), ('LOGNAME', 'ysc'), ('JOURNAL_STREAM', '8:49519'), ('_', '/usr/bin/colcon'), ('ROS_VERSION', '2'), ('XDG_SESSION_CLASS', 'user'), ('USERNAME', 'ysc'), ('TERM', 'xterm-256color'), ('GNOME_DESKTOP_SESSION_ID', 'this-is-deprecated'), ('ROS_LOCALHOST_ONLY', '0'), ('WINDOWPATH', '2'), ('PATH', '/opt/ros/foxy/bin:/usr/local/cuda-11.4/bin:/home/ysc/.local/bin:/usr/local/sbin:/usr/local/bin:/usr/sbin:/usr/bin:/sbin:/bin:/usr/games:/usr/local/games:/snap/bin'), ('SESSION_MANAGER', 'local/lite:@/tmp/.ICE-unix/1892,unix/lite:/tmp/.ICE-unix/1892'), ('FASTRTPS_DEFAULT_PROFILES_FILE', '/home/ysc/lite_cog_ros2/system/fastdds_profile.xml'), ('INVOCATION_ID', '602cc523dfa449b4a6d72237820dc3dc'), ('XDG_MENU_PREFIX', 'gnome-'), ('LC_ADDRESS', 'zh_CN.UTF-8'), ('GNOME_TERMINAL_SCREEN', '/org/gnome/Terminal/screen/541f4142_ea0f_4065_b3be_af388ccb6792'), ('XDG_RUNTIME_DIR', '/run/user/1000'), ('DISPLAY', ':0'), ('LANG', 'en_US.UTF-8'), ('XDG_CURRENT_DESKTOP', 'ubuntu:GNOME'), ('LC_TELEPHONE', 'zh_CN.UTF-8'), ('XMODIFIERS', '@im=ibus'), ('XDG_SESSION_DESKTOP', 'ubuntu'), ('XAUTHORITY', '/run/user/1000/gdm/Xauthority'), ('LS_COLORS', 'rs=0:di=01;34:ln=01;36:mh=00:pi=40;33:so=01;35:do=01;35:bd=40;33;01:cd=40;33;01:or=40;31;01:mi=00:su=37;41:sg=30;43:ca=30;41:tw=30;42:ow=34;42:st=37;44:ex=01;32:*.tar=01;31:*.tgz=01;31:*.arc=01;31:*.arj=01;31:*.taz=01;31:*.lha=01;31:*.lz4=01;31:*.lzh=01;31:*.lzma=01;31:*.tlz=01;31:*.txz=01;31:*.tzo=01;31:*.t7z=01;31:*.zip=01;31:*.z=01;31:*.dz=01;31:*.gz=01;31:*.lrz=01;31:*.lz=01;31:*.lzo=01;31:*.xz=01;31:*.zst=01;31:*.tzst=01;31:*.bz2=01;31:*.bz=01;31:*.tbz=01;31:*.tbz2=01;31:*.tz=01;31:*.deb=01;31:*.rpm=01;31:*.jar=01;31:*.war=01;31:*.ear=01;31:*.sar=01;31:*.rar=01;31:*.alz=01;31:*.ace=01;31:*.zoo=01;31:*.cpio=01;31:*.7z=01;31:*.rz=01;31:*.cab=01;31:*.wim=01;31:*.swm=01;31:*.dwm=01;31:*.esd=01;31:*.jpg=01;35:*.jpeg=01;35:*.mjpg=01;35:*.mjpeg=01;35:*.gif=01;35:*.bmp=01;35:*.pbm=01;35:*.pgm=01;35:*.ppm=01;35:*.tga=01;35:*.xbm=01;35:*.xpm=01;35:*.tif=01;35:*.tiff=01;35:*.png=01;35:*.svg=01;35:*.svgz=01;35:*.mng=01;35:*.pcx=01;35:*.mov=01;35:*.mpg=01;35:*.mpeg=01;35:*.m2v=01;35:*.mkv=01;35:*.webm=01;35:*.ogm=01;35:*.mp4=01;35:*.m4v=01;35:*.mp4v=01;35:*.vob=01;35:*.qt=01;35:*.nuv=01;35:*.wmv=01;35:*.asf=01;35:*.rm=01;35:*.rmvb=01;35:*.flc=01;35:*.avi=01;35:*.fli=01;35:*.flv=01;35:*.gl=01;35:*.dl=01;35:*.xcf=01;35:*.xwd=01;35:*.yuv=01;35:*.cgm=01;35:*.emf=01;35:*.ogv=01;35:*.ogx=01;35:*.aac=00;36:*.au=00;36:*.flac=00;36:*.m4a=00;36:*.mid=00;36:*.midi=00;36:*.mka=00;36:*.mp3=00;36:*.mpc=00;36:*.ogg=00;36:*.ra=00;36:*.wav=00;36:*.oga=00;36:*.opus=00;36:*.spx=00;36:*.xspf=00;36:'), ('GNOME_TERMINAL_SERVICE', ':1.91'), ('SSH_AUTH_SOCK', '/run/user/1000/keyring/ssh'), ('ROS_DOMAIN_ID', '0'), ('AMENT_PREFIX_PATH', '/home/ysc/lite_cog_ros2/nav/install/hdl_global_localization:/opt/ros/foxy'), ('SHELL', '/bin/bash'), ('LC_NAME', 'zh_CN.UTF-8'), ('QT_ACCESSIBILITY', '1'), ('GDMSESSION', 'ubuntu'), ('LESSCLOSE', '/usr/bin/lesspipe %s %s'), ('LC_MEASUREMENT', 'zh_CN.UTF-8'), ('GPG_AGENT_INFO', '/run/user/1000/gnupg/S.gpg-agent:0:1'), ('GJS_DEBUG_OUTPUT', 'stderr'), ('LC_IDENTIFICATION', 'zh_CN.UTF-8'), ('QT_IM_MODULE', 'ibus'), ('PWD', '/home/ysc/lite_cog_ros2/nav/build/hdl_localization'), ('LC_ALL', 'en_US.UTF-8'), ('XDG_CONFIG_DIRS', '/etc/xdg/xdg-ubuntu:/etc/xdg'), ('XDG_DATA_DIRS', '/usr/share/ubuntu:/usr/local/share/:/usr/share/:/var/lib/snapd/desktop'), ('PYTHONPATH', '/home/ysc/lite_cog_ros2/nav/install/hdl_global_localization/lib/python3.8/site-packages:/opt/ros/foxy/lib/python3.8/site-packages'), ('LC_NUMERIC', 'zh_CN.UTF-8'), ('LC_PAPER', 'zh_CN.UTF-8'), ('COLCON', '1'), ('VTE_VERSION', '6003'), ('CMAKE_PREFIX_PATH', '/home/ysc/lite_cog_ros2/nav/install/hdl_global_localization:/opt/ros/foxy')]), 'shell': False}
[313.601587] (-) TimerEvent: {}
[313.704847] (-) TimerEvent: {}
[313.806047] (-) TimerEvent: {}
[313.871265] (hdl_localization) StdoutLine: {'line': b'[  2%] \x1b[34m\x1b[1mGenerating C code for ROS interfaces\x1b[0m\n'}
[313.878403] (hdl_localization) StdoutLine: {'line': b'\x1b[35m\x1b[1mScanning dependencies of target hdl_localization__cpp\x1b[0m\n'}
[313.906221] (-) TimerEvent: {}
[313.946890] (hdl_localization) StdoutLine: {'line': b'[  5%] \x1b[34m\x1b[1mGenerating C++ code for ROS interfaces\x1b[0m\n'}
[314.006463] (-) TimerEvent: {}
[314.108112] (-) TimerEvent: {}
[314.209852] (-) TimerEvent: {}
[314.310831] (-) TimerEvent: {}
[314.412676] (-) TimerEvent: {}
[314.513887] (-) TimerEvent: {}
[314.614956] (-) TimerEvent: {}
[314.715966] (-) TimerEvent: {}
[314.817011] (-) TimerEvent: {}
[314.918271] (-) TimerEvent: {}
[315.019651] (-) TimerEvent: {}
[315.036610] (hdl_localization) StdoutLine: {'line': b'\x1b[35m\x1b[1mScanning dependencies of target hdl_localization__rosidl_generator_c\x1b[0m\n'}
[315.119906] (-) TimerEvent: {}
[315.157354] (hdl_localization) StdoutLine: {'line': b'[  8%] \x1b[32mBuilding C object CMakeFiles/hdl_localization__rosidl_generator_c.dir/rosidl_generator_c/hdl_localization/msg/detail/scan_matching_status__functions.c.o\x1b[0m\n'}
[315.192943] (hdl_localization) StderrLine: {'line': b'\x1b[01m\x1b[Kcc1:\x1b[m\x1b[K \x1b[01;35m\x1b[Kwarning: \x1b[m\x1b[Kcommand line option \xe2\x80\x98\x1b[01m\x1b[K-std=c++14\x1b[m\x1b[K\xe2\x80\x99 is valid for C++/ObjC++ but not for C\n'}
[315.220113] (-) TimerEvent: {}
[315.248944] (hdl_localization) StdoutLine: {'line': b'[  8%] Built target hdl_localization__cpp\n'}
[315.320446] (-) TimerEvent: {}
[315.326079] (hdl_localization) StdoutLine: {'line': b'[ 11%] \x1b[34m\x1b[1mGenerating C++ introspection for ROS interfaces\x1b[0m\n'}
[315.330942] (hdl_localization) StdoutLine: {'line': b'[ 14%] \x1b[34m\x1b[1mGenerating C++ type support dispatch for ROS interfaces\x1b[0m\n'}
[315.341395] (hdl_localization) StdoutLine: {'line': b'[ 17%] \x1b[34m\x1b[1mGenerating C++ type support for eProsima Fast-RTPS\x1b[0m\n'}
[315.420681] (-) TimerEvent: {}
[315.521661] (-) TimerEvent: {}
[315.776156] (-) TimerEvent: {}
[315.877313] (-) TimerEvent: {}
[315.978285] (-) TimerEvent: {}
[316.020821] (hdl_localization) StdoutLine: {'line': b'[ 20%] \x1b[32m\x1b[1mLinking C shared library libhdl_localization__rosidl_generator_c.so\x1b[0m\n'}
[316.078560] (-) TimerEvent: {}
[316.179645] (-) TimerEvent: {}
[316.281716] (-) TimerEvent: {}
[316.291752] (hdl_localization) StdoutLine: {'line': b'[ 20%] Built target hdl_localization__rosidl_generator_c\n'}
[316.383246] (hdl_localization) StdoutLine: {'line': b'[ 23%] \x1b[34m\x1b[1mGenerating C introspection for ROS interfaces\x1b[0m\n'}
[316.429765] (-) TimerEvent: {}
[316.431026] (hdl_localization) StdoutLine: {'line': b'[ 26%] \x1b[34m\x1b[1mGenerating C type support dispatch for ROS interfaces\x1b[0m\n'}
[316.483429] (hdl_localization) StdoutLine: {'line': b'\x1b[35m\x1b[1mScanning dependencies of target hdl_localization__rosidl_typesupport_cpp\x1b[0m\n'}
[316.505902] (hdl_localization) StdoutLine: {'line': b'\x1b[35m\x1b[1mScanning dependencies of target hdl_localization__rosidl_typesupport_introspection_cpp\x1b[0m\n'}
[316.530020] (-) TimerEvent: {}
[316.609332] (hdl_localization) StdoutLine: {'line': b'\x1b[35m\x1b[1mScanning dependencies of target hdl_localization__rosidl_typesupport_fastrtps_cpp\x1b[0m\n'}
[316.630264] (-) TimerEvent: {}
[316.723269] (hdl_localization) StdoutLine: {'line': b'[ 29%] \x1b[32mBuilding CXX object CMakeFiles/hdl_localization__rosidl_typesupport_cpp.dir/rosidl_typesupport_cpp/hdl_localization/msg/scan_matching_status__type_support.cpp.o\x1b[0m\n'}
[316.730509] (-) TimerEvent: {}
[316.760909] (hdl_localization) StdoutLine: {'line': b'[ 32%] \x1b[32mBuilding CXX object CMakeFiles/hdl_localization__rosidl_typesupport_introspection_cpp.dir/rosidl_typesupport_introspection_cpp/hdl_localization/msg/detail/scan_matching_status__type_support.cpp.o\x1b[0m\n'}
[316.766272] (hdl_localization) StdoutLine: {'line': b'[ 35%] \x1b[32mBuilding CXX object CMakeFiles/hdl_localization__rosidl_typesupport_fastrtps_cpp.dir/rosidl_typesupport_fastrtps_cpp/hdl_localization/msg/detail/dds_fastrtps/scan_matching_status__type_support.cpp.o\x1b[0m\n'}
[316.830789] (-) TimerEvent: {}
[316.933538] (-) TimerEvent: {}
[317.034921] (-) TimerEvent: {}
[317.135989] (-) TimerEvent: {}
[317.237030] (-) TimerEvent: {}
[317.338643] (-) TimerEvent: {}
[317.439743] (-) TimerEvent: {}
[317.496330] (hdl_localization) StdoutLine: {'line': b'\x1b[35m\x1b[1mScanning dependencies of target hdl_localization__rosidl_typesupport_c\x1b[0m\n'}
[317.540031] (-) TimerEvent: {}
[317.632468] (hdl_localization) StdoutLine: {'line': b'[ 38%] \x1b[32mBuilding CXX object CMakeFiles/hdl_localization__rosidl_typesupport_c.dir/rosidl_typesupport_c/hdl_localization/msg/scan_matching_status__type_support.cpp.o\x1b[0m\n'}
[317.640328] (-) TimerEvent: {}
[317.741549] (-) TimerEvent: {}
[317.745310] (hdl_localization) StdoutLine: {'line': b'\x1b[35m\x1b[1mScanning dependencies of target hdl_localization__rosidl_typesupport_introspection_c\x1b[0m\n'}
[317.842357] (-) TimerEvent: {}
[317.944045] (-) TimerEvent: {}
[317.978533] (hdl_localization) StdoutLine: {'line': b'[ 41%] \x1b[32m\x1b[1mLinking CXX shared library libhdl_localization__rosidl_typesupport_c.so\x1b[0m\n'}
[318.035071] (hdl_localization) StdoutLine: {'line': b'[ 44%] \x1b[32mBuilding C object CMakeFiles/hdl_localization__rosidl_typesupport_introspection_c.dir/rosidl_typesupport_introspection_c/hdl_localization/msg/detail/scan_matching_status__type_support.c.o\x1b[0m\n'}
[318.044311] (-) TimerEvent: {}
[318.084194] (hdl_localization) StderrLine: {'line': b'\x1b[01m\x1b[Kcc1:\x1b[m\x1b[K \x1b[01;35m\x1b[Kwarning: \x1b[m\x1b[Kcommand line option \xe2\x80\x98\x1b[01m\x1b[K-std=c++14\x1b[m\x1b[K\xe2\x80\x99 is valid for C++/ObjC++ but not for C\n'}
[318.144698] (-) TimerEvent: {}
[318.246752] (-) TimerEvent: {}
[318.348668] (-) TimerEvent: {}
[318.366233] (hdl_localization) StdoutLine: {'line': b'[ 44%] Built target hdl_localization__rosidl_typesupport_c\n'}
[318.448946] (-) TimerEvent: {}
[318.516059] (hdl_localization) StdoutLine: {'line': b'[ 47%] \x1b[32m\x1b[1mLinking C shared library libhdl_localization__rosidl_typesupport_introspection_c.so\x1b[0m\n'}
[318.549487] (-) TimerEvent: {}
[318.653680] (-) TimerEvent: {}
[318.755755] (-) TimerEvent: {}
[318.759487] (hdl_localization) StdoutLine: {'line': b'[ 47%] Built target hdl_localization__rosidl_typesupport_introspection_c\n'}
[318.764312] (hdl_localization) StdoutLine: {'line': b'[ 50%] \x1b[32m\x1b[1mLinking CXX shared library libhdl_localization__rosidl_typesupport_cpp.so\x1b[0m\n'}
[318.858647] (-) TimerEvent: {}
[318.960724] (-) TimerEvent: {}
[319.030000] (hdl_localization) StdoutLine: {'line': b'[ 50%] Built target hdl_localization__rosidl_typesupport_cpp\n'}
[319.061021] (-) TimerEvent: {}
[319.164023] (-) TimerEvent: {}
[319.266069] (-) TimerEvent: {}
[319.367263] (-) TimerEvent: {}
[319.468517] (-) TimerEvent: {}
[319.570027] (-) TimerEvent: {}
[319.671330] (-) TimerEvent: {}
[319.718244] (hdl_localization) StdoutLine: {'line': b'[ 52%] \x1b[32m\x1b[1mLinking CXX shared library libhdl_localization__rosidl_typesupport_introspection_cpp.so\x1b[0m\n'}
[319.771595] (-) TimerEvent: {}
[319.873321] (-) TimerEvent: {}
[320.056607] (hdl_localization) StdoutLine: {'line': b'[ 52%] Built target hdl_localization__rosidl_typesupport_introspection_cpp\n'}
[320.057994] (-) TimerEvent: {}
[320.158987] (-) TimerEvent: {}
[320.260026] (-) TimerEvent: {}
[320.361128] (-) TimerEvent: {}
[320.463499] (-) TimerEvent: {}
[320.564445] (-) TimerEvent: {}
[320.665657] (-) TimerEvent: {}
[320.813819] (-) TimerEvent: {}
[320.915214] (-) TimerEvent: {}
[321.016423] (-) TimerEvent: {}
[321.117532] (-) TimerEvent: {}
[321.128759] (hdl_localization) StdoutLine: {'line': b'[ 55%] \x1b[32m\x1b[1mLinking CXX shared library libhdl_localization__rosidl_typesupport_fastrtps_cpp.so\x1b[0m\n'}
[321.217774] (-) TimerEvent: {}
[321.318814] (-) TimerEvent: {}
[321.419936] (-) TimerEvent: {}
[321.521012] (-) TimerEvent: {}
[321.554569] (hdl_localization) StdoutLine: {'line': b'[ 55%] Built target hdl_localization__rosidl_typesupport_fastrtps_cpp\n'}
[321.620060] (hdl_localization) StdoutLine: {'line': b'[ 58%] \x1b[34m\x1b[1mGenerating C type support for eProsima Fast-RTPS\x1b[0m\n'}
[321.621179] (-) TimerEvent: {}
[321.721993] (-) TimerEvent: {}
[321.822930] (-) TimerEvent: {}
[321.923829] (-) TimerEvent: {}
[322.024783] (-) TimerEvent: {}
[322.126238] (-) TimerEvent: {}
[322.227206] (-) TimerEvent: {}
[322.328240] (-) TimerEvent: {}
[322.429290] (-) TimerEvent: {}
[322.530298] (-) TimerEvent: {}
[322.631301] (-) TimerEvent: {}
[322.732438] (-) TimerEvent: {}
[322.739164] (hdl_localization) StdoutLine: {'line': b'\x1b[35m\x1b[1mScanning dependencies of target hdl_localization__rosidl_typesupport_fastrtps_c\x1b[0m\n'}
[322.832785] (-) TimerEvent: {}
[322.857474] (hdl_localization) StdoutLine: {'line': b'[ 61%] \x1b[32mBuilding CXX object CMakeFiles/hdl_localization__rosidl_typesupport_fastrtps_c.dir/rosidl_typesupport_fastrtps_c/hdl_localization/msg/detail/scan_matching_status__type_support_c.cpp.o\x1b[0m\n'}
[322.933031] (-) TimerEvent: {}
[323.034410] (-) TimerEvent: {}
[323.135535] (-) TimerEvent: {}
[323.236595] (-) TimerEvent: {}
[323.337890] (-) TimerEvent: {}
[323.439099] (-) TimerEvent: {}
[323.540325] (-) TimerEvent: {}
[323.641852] (-) TimerEvent: {}
[323.742978] (-) TimerEvent: {}
[323.844135] (-) TimerEvent: {}
[323.945303] (-) TimerEvent: {}
[324.046645] (-) TimerEvent: {}
[324.147837] (-) TimerEvent: {}
[324.249868] (-) TimerEvent: {}
[324.351135] (-) TimerEvent: {}
[324.452357] (-) TimerEvent: {}
[324.553857] (-) TimerEvent: {}
[324.655026] (-) TimerEvent: {}
[324.756168] (-) TimerEvent: {}
[324.857262] (-) TimerEvent: {}
[324.958361] (-) TimerEvent: {}
[324.986313] (hdl_localization) StdoutLine: {'line': b'[ 64%] \x1b[32m\x1b[1mLinking CXX shared library libhdl_localization__rosidl_typesupport_fastrtps_c.so\x1b[0m\n'}
[325.058618] (-) TimerEvent: {}
[325.159493] (-) TimerEvent: {}
[325.260434] (-) TimerEvent: {}
[325.361403] (-) TimerEvent: {}
[325.437829] (hdl_localization) StdoutLine: {'line': b'[ 64%] Built target hdl_localization__rosidl_typesupport_fastrtps_c\n'}
[325.461626] (-) TimerEvent: {}
[325.500386] (hdl_localization) StdoutLine: {'line': b'\x1b[35m\x1b[1mScanning dependencies of target hdl_localization\x1b[0m\n'}
[325.561927] (-) TimerEvent: {}
[325.575953] (hdl_localization) StdoutLine: {'line': b'[ 64%] Built target hdl_localization\n'}
[325.636877] (hdl_localization) StdoutLine: {'line': b'\x1b[35m\x1b[1mScanning dependencies of target hdl_localization__py\x1b[0m\n'}
[325.783722] (-) TimerEvent: {}
[325.785228] (hdl_localization) StdoutLine: {'line': b'\x1b[35m\x1b[1mScanning dependencies of target hdl_localization_composition\x1b[0m\n'}
[325.851048] (hdl_localization) StdoutLine: {'line': b'[ 67%] \x1b[34m\x1b[1mGenerating Python code for ROS interfaces\x1b[0m\n'}
[325.884060] (-) TimerEvent: {}
[325.984974] (-) TimerEvent: {}
[326.086023] (-) TimerEvent: {}
[326.186839] (-) TimerEvent: {}
[326.287761] (-) TimerEvent: {}
[326.388650] (-) TimerEvent: {}
[326.489766] (-) TimerEvent: {}
[326.590693] (-) TimerEvent: {}
[326.691586] (-) TimerEvent: {}
[326.792808] (-) TimerEvent: {}
[326.893795] (-) TimerEvent: {}
[326.995355] (-) TimerEvent: {}
[327.096290] (-) TimerEvent: {}
[327.197275] (-) TimerEvent: {}
[327.298292] (-) TimerEvent: {}
[327.356977] (hdl_localization) StdoutLine: {'line': b'[ 70%] \x1b[32mBuilding CXX object CMakeFiles/hdl_localization_composition.dir/src/hdl_localization/pose_estimator.cpp.o\x1b[0m\n'}
[327.398536] (-) TimerEvent: {}
[327.401360] (hdl_localization) StdoutLine: {'line': b'[ 73%] \x1b[32mBuilding CXX object CMakeFiles/hdl_localization_composition.dir/apps/hdl_localization_composition.cpp.o\x1b[0m\n'}
[327.498816] (-) TimerEvent: {}
[327.599967] (-) TimerEvent: {}
[327.696761] (hdl_localization) StdoutLine: {'line': b'[ 73%] Built target hdl_localization__py\n'}
[327.700184] (-) TimerEvent: {}
[327.763327] (hdl_localization) StdoutLine: {'line': b'\x1b[35m\x1b[1mScanning dependencies of target hdl_localization__python\x1b[0m\n'}
[327.800454] (-) TimerEvent: {}
[327.888633] (hdl_localization) StdoutLine: {'line': b'[ 76%] \x1b[32mBuilding C object CMakeFiles/hdl_localization__python.dir/rosidl_generator_py/hdl_localization/msg/_scan_matching_status_s.c.o\x1b[0m\n'}
[327.900688] (-) TimerEvent: {}
[327.925317] (hdl_localization) StderrLine: {'line': b'\x1b[01m\x1b[Kcc1:\x1b[m\x1b[K \x1b[01;35m\x1b[Kwarning: \x1b[m\x1b[Kcommand line option \xe2\x80\x98\x1b[01m\x1b[K-std=c++14\x1b[m\x1b[K\xe2\x80\x99 is valid for C++/ObjC++ but not for C\n'}
[328.000947] (-) TimerEvent: {}
[328.102921] (-) TimerEvent: {}
[328.204063] (-) TimerEvent: {}
[328.305281] (-) TimerEvent: {}
[328.406597] (-) TimerEvent: {}
[328.507655] (-) TimerEvent: {}
[328.608853] (-) TimerEvent: {}
[328.710079] (-) TimerEvent: {}
[328.811606] (-) TimerEvent: {}
[328.914812] (-) TimerEvent: {}
[329.015920] (-) TimerEvent: {}
[329.031221] (hdl_localization) StdoutLine: {'line': b'[ 79%] \x1b[32m\x1b[1mLinking C shared library rosidl_generator_py/hdl_localization/libhdl_localization__python.so\x1b[0m\n'}
[329.116155] (-) TimerEvent: {}
[329.217272] (-) TimerEvent: {}
[329.302844] (hdl_localization) StdoutLine: {'line': b'[ 79%] Built target hdl_localization__python\n'}
[329.317664] (-) TimerEvent: {}
[329.372670] (hdl_localization) StdoutLine: {'line': b'\x1b[35m\x1b[1mScanning dependencies of target hdl_localization__rosidl_typesupport_introspection_c__pyext\x1b[0m\n'}
[329.379801] (hdl_localization) StdoutLine: {'line': b'\x1b[35m\x1b[1mScanning dependencies of target hdl_localization__rosidl_typesupport_c__pyext\x1b[0m\n'}
[329.417955] (-) TimerEvent: {}
[329.475991] (hdl_localization) StdoutLine: {'line': b'\x1b[35m\x1b[1mScanning dependencies of target hdl_localization__rosidl_typesupport_fastrtps_c__pyext\x1b[0m\n'}
[329.518217] (-) TimerEvent: {}
[329.534261] (hdl_localization) StdoutLine: {'line': b'[ 82%] \x1b[32mBuilding C object CMakeFiles/hdl_localization__rosidl_typesupport_c__pyext.dir/rosidl_generator_py/hdl_localization/_hdl_localization_s.ep.rosidl_typesupport_c.c.o\x1b[0m\n'}
[329.557710] (hdl_localization) StdoutLine: {'line': b'[ 85%] \x1b[32mBuilding C object CMakeFiles/hdl_localization__rosidl_typesupport_introspection_c__pyext.dir/rosidl_generator_py/hdl_localization/_hdl_localization_s.ep.rosidl_typesupport_introspection_c.c.o\x1b[0m\n'}
[329.577262] (hdl_localization) StderrLine: {'line': b'\x1b[01m\x1b[Kcc1:\x1b[m\x1b[K \x1b[01;35m\x1b[Kwarning: \x1b[m\x1b[Kcommand line option \xe2\x80\x98\x1b[01m\x1b[K-std=c++14\x1b[m\x1b[K\xe2\x80\x99 is valid for C++/ObjC++ but not for C\n'}
[329.618505] (-) TimerEvent: {}
[329.620269] (hdl_localization) StderrLine: {'line': b'\x1b[01m\x1b[Kcc1:\x1b[m\x1b[K \x1b[01;35m\x1b[Kwarning: \x1b[m\x1b[Kcommand line option \xe2\x80\x98\x1b[01m\x1b[K-std=c++14\x1b[m\x1b[K\xe2\x80\x99 is valid for C++/ObjC++ but not for C\n'}
[329.666875] (hdl_localization) StdoutLine: {'line': b'[ 88%] \x1b[32mBuilding C object CMakeFiles/hdl_localization__rosidl_typesupport_fastrtps_c__pyext.dir/rosidl_generator_py/hdl_localization/_hdl_localization_s.ep.rosidl_typesupport_fastrtps_c.c.o\x1b[0m\n'}
[329.709546] (hdl_localization) StderrLine: {'line': b'\x1b[01m\x1b[Kcc1:\x1b[m\x1b[K \x1b[01;35m\x1b[Kwarning: \x1b[m\x1b[Kcommand line option \xe2\x80\x98\x1b[01m\x1b[K-std=c++14\x1b[m\x1b[K\xe2\x80\x99 is valid for C++/ObjC++ but not for C\n'}
[329.718725] (-) TimerEvent: {}
[329.820678] (-) TimerEvent: {}
[329.922547] (-) TimerEvent: {}
[330.024183] (-) TimerEvent: {}
[330.125886] (-) TimerEvent: {}
[330.227530] (-) TimerEvent: {}
[330.321993] (hdl_localization) StdoutLine: {'line': b'[ 91%] \x1b[32m\x1b[1mLinking C shared library rosidl_generator_py/hdl_localization/hdl_localization_s__rosidl_typesupport_c.cpython-38-aarch64-linux-gnu.so\x1b[0m\n'}
[330.327760] (-) TimerEvent: {}
[330.382819] (hdl_localization) StdoutLine: {'line': b'[ 94%] \x1b[32m\x1b[1mLinking CXX shared library rosidl_generator_py/hdl_localization/hdl_localization_s__rosidl_typesupport_fastrtps_c.cpython-38-aarch64-linux-gnu.so\x1b[0m\n'}
[330.428038] (-) TimerEvent: {}
[330.491640] (hdl_localization) StdoutLine: {'line': b'[ 97%] \x1b[32m\x1b[1mLinking C shared library rosidl_generator_py/hdl_localization/hdl_localization_s__rosidl_typesupport_introspection_c.cpython-38-aarch64-linux-gnu.so\x1b[0m\n'}
[330.528294] (-) TimerEvent: {}
[330.629618] (-) TimerEvent: {}
[330.742383] (-) TimerEvent: {}
[330.791311] (hdl_localization) StdoutLine: {'line': b'[ 97%] Built target hdl_localization__rosidl_typesupport_c__pyext\n'}
[330.843116] (-) TimerEvent: {}
[330.857682] (hdl_localization) StdoutLine: {'line': b'[ 97%] Built target hdl_localization__rosidl_typesupport_fastrtps_c__pyext\n'}
[330.866924] (hdl_localization) StdoutLine: {'line': b'[ 97%] Built target hdl_localization__rosidl_typesupport_introspection_c__pyext\n'}
[330.943338] (-) TimerEvent: {}
[331.044306] (-) TimerEvent: {}
[331.145280] (-) TimerEvent: {}
[331.246368] (-) TimerEvent: {}
[331.347521] (-) TimerEvent: {}
[331.448555] (-) TimerEvent: {}
[331.549706] (-) TimerEvent: {}
[331.650716] (-) TimerEvent: {}
[331.751783] (-) TimerEvent: {}
[331.852899] (-) TimerEvent: {}
[331.954001] (-) TimerEvent: {}
[332.055059] (-) TimerEvent: {}
[332.156127] (-) TimerEvent: {}
[332.257274] (-) TimerEvent: {}
[332.358584] (-) TimerEvent: {}
[332.459654] (-) TimerEvent: {}
[332.560689] (-) TimerEvent: {}
[332.661799] (-) TimerEvent: {}
[332.763570] (-) TimerEvent: {}
[332.864639] (-) TimerEvent: {}
[332.965740] (-) TimerEvent: {}
[333.066743] (-) TimerEvent: {}
[333.168355] (-) TimerEvent: {}
[333.269433] (-) TimerEvent: {}
[333.370486] (-) TimerEvent: {}
[333.471522] (-) TimerEvent: {}
[333.572868] (-) TimerEvent: {}
[333.674028] (-) TimerEvent: {}
[333.775077] (-) TimerEvent: {}
[333.876106] (-) TimerEvent: {}
[333.977342] (-) TimerEvent: {}
[334.079013] (-) TimerEvent: {}
[334.180231] (-) TimerEvent: {}
[334.282446] (-) TimerEvent: {}
[334.384290] (-) TimerEvent: {}
[334.486177] (-) TimerEvent: {}
[334.588598] (-) TimerEvent: {}
[334.690129] (-) TimerEvent: {}
[334.791464] (-) TimerEvent: {}
[334.893882] (-) TimerEvent: {}
[334.995509] (-) TimerEvent: {}
[335.096980] (-) TimerEvent: {}
[335.198800] (-) TimerEvent: {}
[335.300166] (-) TimerEvent: {}
[335.401558] (-) TimerEvent: {}
[335.503449] (-) TimerEvent: {}
[335.604897] (-) TimerEvent: {}
[335.707123] (-) TimerEvent: {}
[335.808688] (-) TimerEvent: {}
[335.952137] (-) TimerEvent: {}
[336.053371] (-) TimerEvent: {}
[336.155379] (-) TimerEvent: {}
[336.256656] (-) TimerEvent: {}
[336.358014] (-) TimerEvent: {}
[336.459119] (-) TimerEvent: {}
[336.560385] (-) TimerEvent: {}
[336.661552] (-) TimerEvent: {}
[336.762917] (-) TimerEvent: {}
[336.863999] (-) TimerEvent: {}
[336.965457] (-) TimerEvent: {}
[337.066456] (-) TimerEvent: {}
[337.167665] (-) TimerEvent: {}
[337.268936] (-) TimerEvent: {}
[337.370540] (-) TimerEvent: {}
[337.428472] (hdl_localization) StderrLine: {'line': b'In file included from \x1b[01m\x1b[K/home/ysc/lite_cog_ros2/nav/src/hdl_localization/apps/hdl_localization_composition.cpp:2\x1b[m\x1b[K:\n'}
[337.429563] (hdl_localization) StderrLine: {'line': b'\x1b[01m\x1b[K/home/ysc/lite_cog_ros2/nav/src/hdl_localization/apps/./hdl_localization_app.hpp:25:10:\x1b[m\x1b[K \x1b[01;31m\x1b[Kfatal error: \x1b[m\x1b[Kpclomp/ndt_omp.h: No such file or directory\n'}
[337.430496] (hdl_localization) StderrLine: {'line': b'   25 | #include \x1b[01;31m\x1b[K<pclomp/ndt_omp.h>\x1b[m\x1b[K\n'}
[337.430996] (hdl_localization) StderrLine: {'line': b'      |          \x1b[01;31m\x1b[K^~~~~~~~~~~~~~~~~~\x1b[m\x1b[K\n'}
[337.431452] (hdl_localization) StderrLine: {'line': b'compilation terminated.\n'}
[337.470768] (-) TimerEvent: {}
[337.572061] (-) TimerEvent: {}
[337.661262] (hdl_localization) StderrLine: {'line': b'make[2]: *** [CMakeFiles/hdl_localization_composition.dir/build.make:76: CMakeFiles/hdl_localization_composition.dir/apps/hdl_localization_composition.cpp.o] Error 1\n'}
[337.662478] (hdl_localization) StderrLine: {'line': b'make[2]: *** Waiting for unfinished jobs....\n'}
[337.672351] (-) TimerEvent: {}
[337.773278] (-) TimerEvent: {}
[337.874372] (-) TimerEvent: {}
[337.975439] (-) TimerEvent: {}
[338.076419] (-) TimerEvent: {}
[338.177581] (-) TimerEvent: {}
[338.278565] (-) TimerEvent: {}
[338.379638] (-) TimerEvent: {}
[338.480678] (-) TimerEvent: {}
[338.581735] (-) TimerEvent: {}
[338.682859] (-) TimerEvent: {}
[338.783939] (-) TimerEvent: {}
[338.884995] (-) TimerEvent: {}
[338.986074] (-) TimerEvent: {}
[339.087135] (-) TimerEvent: {}
[339.188212] (-) TimerEvent: {}
[339.289334] (-) TimerEvent: {}
[339.390387] (-) TimerEvent: {}
[339.491460] (-) TimerEvent: {}
[339.593271] (-) TimerEvent: {}
[339.694695] (-) TimerEvent: {}
[339.795915] (-) TimerEvent: {}
[339.897017] (-) TimerEvent: {}
[339.998199] (-) TimerEvent: {}
[340.099252] (-) TimerEvent: {}
[340.200340] (-) TimerEvent: {}
[340.301500] (-) TimerEvent: {}
[340.402778] (-) TimerEvent: {}
[340.503910] (-) TimerEvent: {}
[340.605185] (-) TimerEvent: {}
[340.706401] (-) TimerEvent: {}
[340.808144] (-) TimerEvent: {}
[340.909297] (-) TimerEvent: {}
[341.098412] (-) TimerEvent: {}
[341.199634] (-) TimerEvent: {}
[341.300913] (-) TimerEvent: {}
[341.402169] (-) TimerEvent: {}
[341.503315] (-) TimerEvent: {}
[341.604622] (-) TimerEvent: {}
[341.705778] (-) TimerEvent: {}
[341.806882] (-) TimerEvent: {}
[341.907971] (-) TimerEvent: {}
[342.009122] (-) TimerEvent: {}
[342.110251] (-) TimerEvent: {}
[342.211333] (-) TimerEvent: {}
[342.312566] (-) TimerEvent: {}
[342.413757] (-) TimerEvent: {}
[342.514854] (-) TimerEvent: {}
[342.615945] (-) TimerEvent: {}
[342.717045] (-) TimerEvent: {}
[342.818211] (-) TimerEvent: {}
[342.919349] (-) TimerEvent: {}
[343.020473] (-) TimerEvent: {}
[343.121611] (-) TimerEvent: {}
[343.222844] (-) TimerEvent: {}
[343.323919] (-) TimerEvent: {}
[343.425268] (-) TimerEvent: {}
[343.526458] (-) TimerEvent: {}
[343.627781] (-) TimerEvent: {}
[343.728943] (-) TimerEvent: {}
[343.830225] (-) TimerEvent: {}
[343.931577] (-) TimerEvent: {}
[344.032934] (-) TimerEvent: {}
[344.134142] (-) TimerEvent: {}
[344.235230] (-) TimerEvent: {}
[344.336331] (-) TimerEvent: {}
[344.437486] (-) TimerEvent: {}
[344.538873] (-) TimerEvent: {}
[344.639971] (-) TimerEvent: {}
[344.741265] (-) TimerEvent: {}
[344.842603] (-) TimerEvent: {}
[344.943767] (-) TimerEvent: {}
[345.044855] (-) TimerEvent: {}
[345.146324] (-) TimerEvent: {}
[345.247425] (-) TimerEvent: {}
[345.348652] (-) TimerEvent: {}
[345.450132] (-) TimerEvent: {}
[345.551312] (-) TimerEvent: {}
[345.652773] (-) TimerEvent: {}
[345.753962] (-) TimerEvent: {}
[345.855156] (-) TimerEvent: {}
[345.956433] (-) TimerEvent: {}
[346.058303] (-) TimerEvent: {}
[346.159838] (-) TimerEvent: {}
[346.300934] (-) TimerEvent: {}
[346.402302] (-) TimerEvent: {}
[346.503609] (-) TimerEvent: {}
[346.604829] (-) TimerEvent: {}
[346.706152] (-) TimerEvent: {}
[346.807431] (-) TimerEvent: {}
[346.908555] (-) TimerEvent: {}
[347.009743] (-) TimerEvent: {}
[347.110932] (-) TimerEvent: {}
[347.212913] (-) TimerEvent: {}
[347.314047] (-) TimerEvent: {}
[347.415155] (-) TimerEvent: {}
[347.516232] (-) TimerEvent: {}
[347.617528] (-) TimerEvent: {}
[347.718734] (-) TimerEvent: {}
[347.820008] (-) TimerEvent: {}
[347.921265] (-) TimerEvent: {}
[348.022572] (-) TimerEvent: {}
[348.123686] (-) TimerEvent: {}
[348.224767] (-) TimerEvent: {}
[348.325937] (-) TimerEvent: {}
[348.427058] (-) TimerEvent: {}
[348.528321] (-) TimerEvent: {}
[348.629599] (-) TimerEvent: {}
[348.730966] (-) TimerEvent: {}
[348.832268] (-) TimerEvent: {}
[348.933658] (-) TimerEvent: {}
[349.034782] (-) TimerEvent: {}
[349.135876] (-) TimerEvent: {}
[349.236984] (-) TimerEvent: {}
[349.338196] (-) TimerEvent: {}
[349.439397] (-) TimerEvent: {}
[349.540533] (-) TimerEvent: {}
[349.641696] (-) TimerEvent: {}
[349.742978] (-) TimerEvent: {}
[349.844089] (-) TimerEvent: {}
[349.945398] (-) TimerEvent: {}
[350.046499] (-) TimerEvent: {}
[350.147622] (-) TimerEvent: {}
[350.248737] (-) TimerEvent: {}
[350.349915] (-) TimerEvent: {}
[350.451081] (-) TimerEvent: {}
[350.553106] (-) TimerEvent: {}
[350.654304] (-) TimerEvent: {}
[350.755651] (-) TimerEvent: {}
[350.856880] (-) TimerEvent: {}
[350.958206] (-) TimerEvent: {}
[351.059315] (-) TimerEvent: {}
[351.160491] (-) TimerEvent: {}
[351.261791] (-) TimerEvent: {}
[351.404506] (-) TimerEvent: {}
[351.505662] (-) TimerEvent: {}
[351.606779] (-) TimerEvent: {}
[351.707912] (-) TimerEvent: {}
[351.809167] (-) TimerEvent: {}
[351.910603] (-) TimerEvent: {}
[352.011880] (-) TimerEvent: {}
[352.113621] (-) TimerEvent: {}
[352.214792] (-) TimerEvent: {}
[352.316061] (-) TimerEvent: {}
[352.417471] (-) TimerEvent: {}
[352.518650] (-) TimerEvent: {}
[352.619981] (-) TimerEvent: {}
[352.721285] (-) TimerEvent: {}
[352.822732] (-) TimerEvent: {}
[352.924042] (-) TimerEvent: {}
[353.025306] (-) TimerEvent: {}
[353.126554] (-) TimerEvent: {}
[353.227796] (-) TimerEvent: {}
[353.329169] (-) TimerEvent: {}
[353.430412] (-) TimerEvent: {}
[353.531728] (-) TimerEvent: {}
[353.633009] (-) TimerEvent: {}
[353.734321] (-) TimerEvent: {}
[353.835525] (-) TimerEvent: {}
[353.936853] (-) TimerEvent: {}
[354.038173] (-) TimerEvent: {}
[354.139415] (-) TimerEvent: {}
[354.240631] (-) TimerEvent: {}
[354.341968] (-) TimerEvent: {}
[354.443214] (-) TimerEvent: {}
[354.544438] (-) TimerEvent: {}
[354.645691] (-) TimerEvent: {}
[354.746946] (-) TimerEvent: {}
[354.848113] (-) TimerEvent: {}
[354.949510] (-) TimerEvent: {}
[355.050730] (-) TimerEvent: {}
[355.151988] (-) TimerEvent: {}
[355.253649] (-) TimerEvent: {}
[355.354928] (-) TimerEvent: {}
[355.456132] (-) TimerEvent: {}
[355.557557] (-) TimerEvent: {}
[355.658704] (-) TimerEvent: {}
[355.759844] (-) TimerEvent: {}
[355.861123] (-) TimerEvent: {}
[355.963045] (-) TimerEvent: {}
[356.064320] (-) TimerEvent: {}
[356.165620] (-) TimerEvent: {}
[356.266813] (-) TimerEvent: {}
[356.368236] (-) TimerEvent: {}
[356.509448] (-) TimerEvent: {}
[356.610771] (-) TimerEvent: {}
[356.712002] (-) TimerEvent: {}
[356.813298] (-) TimerEvent: {}
[356.914483] (-) TimerEvent: {}
[357.015742] (-) TimerEvent: {}
[357.117105] (-) TimerEvent: {}
[357.218578] (-) TimerEvent: {}
[357.319770] (-) TimerEvent: {}
[357.421126] (-) TimerEvent: {}
[357.522934] (-) TimerEvent: {}
[357.624213] (-) TimerEvent: {}
[357.725542] (-) TimerEvent: {}
[357.826672] (-) TimerEvent: {}
[357.928605] (-) TimerEvent: {}
[358.030088] (-) TimerEvent: {}
[358.131291] (-) TimerEvent: {}
[358.232632] (-) TimerEvent: {}
[358.333727] (-) TimerEvent: {}
[358.434852] (-) TimerEvent: {}
[358.535889] (-) TimerEvent: {}
[358.637006] (-) TimerEvent: {}
[358.738187] (-) TimerEvent: {}
[358.839248] (-) TimerEvent: {}
[358.940345] (-) TimerEvent: {}
[359.041432] (-) TimerEvent: {}
[359.142492] (-) TimerEvent: {}
[359.243501] (-) TimerEvent: {}
[359.344622] (-) TimerEvent: {}
[359.445719] (-) TimerEvent: {}
[359.546712] (-) TimerEvent: {}
[359.647738] (-) TimerEvent: {}
[359.748807] (-) TimerEvent: {}
[359.849898] (-) TimerEvent: {}
[359.950942] (-) TimerEvent: {}
[360.051960] (-) TimerEvent: {}
[360.153451] (-) TimerEvent: {}
[360.254467] (-) TimerEvent: {}
[360.355492] (-) TimerEvent: {}
[360.456505] (-) TimerEvent: {}
[360.557616] (-) TimerEvent: {}
[360.658591] (-) TimerEvent: {}
[360.759698] (-) TimerEvent: {}
[360.860800] (-) TimerEvent: {}
[360.961931] (-) TimerEvent: {}
[361.064861] (-) TimerEvent: {}
[361.166161] (-) TimerEvent: {}
[361.267454] (-) TimerEvent: {}
[361.368832] (-) TimerEvent: {}
[361.470118] (-) TimerEvent: {}
[361.612634] (-) TimerEvent: {}
[361.714922] (-) TimerEvent: {}
[361.816321] (-) TimerEvent: {}
[361.917687] (-) TimerEvent: {}
[362.019036] (-) TimerEvent: {}
[362.120188] (-) TimerEvent: {}
[362.221490] (-) TimerEvent: {}
[362.322876] (-) TimerEvent: {}
[362.424063] (-) TimerEvent: {}
[362.525299] (-) TimerEvent: {}
[362.626534] (-) TimerEvent: {}
[362.727756] (-) TimerEvent: {}
[362.829042] (-) TimerEvent: {}
[362.930351] (-) TimerEvent: {}
[363.031458] (-) TimerEvent: {}
[363.132559] (-) TimerEvent: {}
[363.233863] (-) TimerEvent: {}
[363.334867] (-) TimerEvent: {}
[363.435985] (-) TimerEvent: {}
[363.537148] (-) TimerEvent: {}
[363.638215] (-) TimerEvent: {}
[363.739330] (-) TimerEvent: {}
[363.840474] (-) TimerEvent: {}
[363.941682] (-) TimerEvent: {}
[364.042867] (-) TimerEvent: {}
[364.144375] (-) TimerEvent: {}
[364.245565] (-) TimerEvent: {}
[364.346702] (-) TimerEvent: {}
[364.447857] (-) TimerEvent: {}
[364.548997] (-) TimerEvent: {}
[364.650210] (-) TimerEvent: {}
[364.751615] (-) TimerEvent: {}
[364.852910] (-) TimerEvent: {}
[364.954704] (-) TimerEvent: {}
[365.055874] (-) TimerEvent: {}
[365.157264] (-) TimerEvent: {}
[365.258395] (-) TimerEvent: {}
[365.359736] (-) TimerEvent: {}
[365.460888] (-) TimerEvent: {}
[365.562216] (-) TimerEvent: {}
[365.663421] (-) TimerEvent: {}
[365.764669] (-) TimerEvent: {}
[365.866042] (-) TimerEvent: {}
[365.967172] (-) TimerEvent: {}
[366.068423] (-) TimerEvent: {}
[366.169686] (-) TimerEvent: {}
[366.270887] (-) TimerEvent: {}
[366.372104] (-) TimerEvent: {}
[366.473442] (-) TimerEvent: {}
[366.707834] (-) TimerEvent: {}
[366.809035] (-) TimerEvent: {}
[366.910118] (-) TimerEvent: {}
[367.011200] (-) TimerEvent: {}
[367.112282] (-) TimerEvent: {}
[367.213487] (-) TimerEvent: {}
[367.314626] (-) TimerEvent: {}
[367.415759] (-) TimerEvent: {}
[367.516853] (-) TimerEvent: {}
[367.618035] (-) TimerEvent: {}
[367.719170] (-) TimerEvent: {}
[367.820305] (-) TimerEvent: {}
[367.921569] (-) TimerEvent: {}
[368.022703] (-) TimerEvent: {}
[368.123840] (-) TimerEvent: {}
[368.224933] (-) TimerEvent: {}
[368.326040] (-) TimerEvent: {}
[368.427241] (-) TimerEvent: {}
[368.528577] (-) TimerEvent: {}
[368.629823] (-) TimerEvent: {}
[368.731045] (-) TimerEvent: {}
[368.832285] (-) TimerEvent: {}
[368.933685] (-) TimerEvent: {}
[369.034885] (-) TimerEvent: {}
[369.136099] (-) TimerEvent: {}
[369.237490] (-) TimerEvent: {}
[369.338853] (-) TimerEvent: {}
[369.439992] (-) TimerEvent: {}
[369.541351] (-) TimerEvent: {}
[369.642571] (-) TimerEvent: {}
[369.744206] (-) TimerEvent: {}
[369.845476] (-) TimerEvent: {}
[369.946656] (-) TimerEvent: {}
[370.048183] (-) TimerEvent: {}
[370.149330] (-) TimerEvent: {}
[370.250476] (-) TimerEvent: {}
[370.351631] (-) TimerEvent: {}
[370.453360] (-) TimerEvent: {}
[370.554822] (-) TimerEvent: {}
[370.655958] (-) TimerEvent: {}
[370.757325] (-) TimerEvent: {}
[370.858587] (-) TimerEvent: {}
[370.959809] (-) TimerEvent: {}
[371.061006] (-) TimerEvent: {}
[371.162682] (-) TimerEvent: {}
[371.264002] (-) TimerEvent: {}
[371.365163] (-) TimerEvent: {}
[371.466293] (-) TimerEvent: {}
[371.707672] (-) TimerEvent: {}
[371.808805] (-) TimerEvent: {}
[371.909989] (-) TimerEvent: {}
[372.011091] (-) TimerEvent: {}
[372.112194] (-) TimerEvent: {}
[372.213404] (-) TimerEvent: {}
[372.314599] (-) TimerEvent: {}
[372.415813] (-) TimerEvent: {}
[372.517168] (-) TimerEvent: {}
[372.618326] (-) TimerEvent: {}
[372.719599] (-) TimerEvent: {}
[372.820679] (-) TimerEvent: {}
[372.922013] (-) TimerEvent: {}
[373.023467] (-) TimerEvent: {}
[373.124542] (-) TimerEvent: {}
[373.225702] (-) TimerEvent: {}
[373.326692] (-) TimerEvent: {}
[373.427960] (-) TimerEvent: {}
[373.529149] (-) TimerEvent: {}
[373.630301] (-) TimerEvent: {}
[373.731380] (-) TimerEvent: {}
[373.832493] (-) TimerEvent: {}
[373.933822] (-) TimerEvent: {}
[374.035138] (-) TimerEvent: {}
[374.136267] (-) TimerEvent: {}
[374.237582] (-) TimerEvent: {}
[374.338796] (-) TimerEvent: {}
[374.439970] (-) TimerEvent: {}
[374.541215] (-) TimerEvent: {}
[374.642338] (-) TimerEvent: {}
[374.743489] (-) TimerEvent: {}
[374.844847] (-) TimerEvent: {}
[374.946043] (-) TimerEvent: {}
[375.047363] (-) TimerEvent: {}
[375.148577] (-) TimerEvent: {}
[375.249887] (-) TimerEvent: {}
[375.351225] (-) TimerEvent: {}
[375.452361] (-) TimerEvent: {}
[375.553637] (-) TimerEvent: {}
[375.654716] (-) TimerEvent: {}
[375.755787] (-) TimerEvent: {}
[375.856840] (-) TimerEvent: {}
[375.957980] (-) TimerEvent: {}
[376.059406] (-) TimerEvent: {}
[376.160455] (-) TimerEvent: {}
[376.261526] (-) TimerEvent: {}
[376.362620] (-) TimerEvent: {}
[376.463894] (-) TimerEvent: {}
[376.564974] (-) TimerEvent: {}
[376.666146] (-) TimerEvent: {}
[376.809819] (-) TimerEvent: {}
[376.910919] (-) TimerEvent: {}
[377.012452] (-) TimerEvent: {}
[377.113564] (-) TimerEvent: {}
[377.214625] (-) TimerEvent: {}
[377.315681] (-) TimerEvent: {}
[377.416665] (-) TimerEvent: {}
[377.517759] (-) TimerEvent: {}
[377.618763] (-) TimerEvent: {}
[377.719767] (-) TimerEvent: {}
[377.820826] (-) TimerEvent: {}
[377.921932] (-) TimerEvent: {}
[378.022959] (-) TimerEvent: {}
[378.124344] (-) TimerEvent: {}
[378.225315] (-) TimerEvent: {}
[378.326394] (-) TimerEvent: {}
[378.427427] (-) TimerEvent: {}
[378.528445] (-) TimerEvent: {}
[378.629541] (-) TimerEvent: {}
[378.730570] (-) TimerEvent: {}
[378.831561] (-) TimerEvent: {}
[378.933343] (-) TimerEvent: {}
[379.035158] (-) TimerEvent: {}
[379.136830] (-) TimerEvent: {}
[379.238726] (-) TimerEvent: {}
[379.340297] (-) TimerEvent: {}
[379.441483] (-) TimerEvent: {}
[379.544732] (-) TimerEvent: {}
[379.645963] (-) TimerEvent: {}
[379.747155] (-) TimerEvent: {}
[379.848541] (-) TimerEvent: {}
[379.949763] (-) TimerEvent: {}
[380.050907] (-) TimerEvent: {}
[380.151946] (-) TimerEvent: {}
[380.252902] (-) TimerEvent: {}
[380.354270] (-) TimerEvent: {}
[380.455288] (-) TimerEvent: {}
[380.556301] (-) TimerEvent: {}
[380.658423] (-) TimerEvent: {}
[380.761554] (-) TimerEvent: {}
[380.864034] (-) TimerEvent: {}
[380.965445] (-) TimerEvent: {}
[381.066876] (-) TimerEvent: {}
[381.168130] (-) TimerEvent: {}
[381.269299] (-) TimerEvent: {}
[381.370395] (-) TimerEvent: {}
[381.472031] (-) TimerEvent: {}
[381.573710] (-) TimerEvent: {}
[381.675513] (-) TimerEvent: {}
[381.777785] (-) TimerEvent: {}
[381.921211] (-) TimerEvent: {}
[382.022209] (-) TimerEvent: {}
[382.124035] (-) TimerEvent: {}
[382.225588] (-) TimerEvent: {}
[382.328214] (-) TimerEvent: {}
[382.429386] (-) TimerEvent: {}
[382.531117] (-) TimerEvent: {}
[382.632739] (-) TimerEvent: {}
[382.734703] (-) TimerEvent: {}
[382.835853] (-) TimerEvent: {}
[382.936978] (-) TimerEvent: {}
[383.039562] (-) TimerEvent: {}
[383.140637] (-) TimerEvent: {}
[383.241870] (-) TimerEvent: {}
[383.344160] (-) TimerEvent: {}
[383.446058] (-) TimerEvent: {}
[383.548545] (-) TimerEvent: {}
[383.650354] (-) TimerEvent: {}
[383.753773] (-) TimerEvent: {}
[383.855034] (-) TimerEvent: {}
[383.956332] (-) TimerEvent: {}
[384.058054] (-) TimerEvent: {}
[384.159328] (-) TimerEvent: {}
[384.260510] (-) TimerEvent: {}
[384.361729] (-) TimerEvent: {}
[384.463028] (-) TimerEvent: {}
[384.565141] (-) TimerEvent: {}
[384.666163] (-) TimerEvent: {}
[384.767252] (-) TimerEvent: {}
[384.868485] (-) TimerEvent: {}
[384.969611] (-) TimerEvent: {}
[385.070717] (-) TimerEvent: {}
[385.172529] (-) TimerEvent: {}
[385.275646] (-) TimerEvent: {}
[385.376650] (-) TimerEvent: {}
[385.477940] (-) TimerEvent: {}
[385.579460] (-) TimerEvent: {}
[385.680512] (-) TimerEvent: {}
[385.782141] (-) TimerEvent: {}
[385.883185] (-) TimerEvent: {}
[385.984271] (-) TimerEvent: {}
[386.085412] (-) TimerEvent: {}
[386.187225] (-) TimerEvent: {}
[386.288470] (-) TimerEvent: {}
[386.389804] (-) TimerEvent: {}
[386.491150] (-) TimerEvent: {}
[386.593281] (-) TimerEvent: {}
[386.698562] (-) TimerEvent: {}
[386.799766] (-) TimerEvent: {}
[386.986807] (-) TimerEvent: {}
[387.091506] (-) TimerEvent: {}
[387.202574] (-) TimerEvent: {}
[387.305112] (-) TimerEvent: {}
[387.408727] (-) TimerEvent: {}
[387.510003] (-) TimerEvent: {}
[387.611803] (-) TimerEvent: {}
[387.712757] (-) TimerEvent: {}
[387.813917] (-) TimerEvent: {}
[387.915043] (-) TimerEvent: {}
[388.016079] (-) TimerEvent: {}
[388.118059] (-) TimerEvent: {}
[388.219260] (-) TimerEvent: {}
[388.321998] (-) TimerEvent: {}
[388.423089] (-) TimerEvent: {}
[388.524175] (-) TimerEvent: {}
[388.625492] (-) TimerEvent: {}
[388.729331] (-) TimerEvent: {}
[388.830869] (-) TimerEvent: {}
[388.932076] (-) TimerEvent: {}
[389.033670] (-) TimerEvent: {}
[389.134870] (-) TimerEvent: {}
[389.236133] (-) TimerEvent: {}
[389.337524] (-) TimerEvent: {}
[389.438772] (-) TimerEvent: {}
[389.540097] (-) TimerEvent: {}
[389.641574] (-) TimerEvent: {}
[389.742799] (-) TimerEvent: {}
[389.844050] (-) TimerEvent: {}
[389.945421] (-) TimerEvent: {}
[390.046587] (-) TimerEvent: {}
[390.147790] (-) TimerEvent: {}
[390.249007] (-) TimerEvent: {}
[390.350597] (-) TimerEvent: {}
[390.451896] (-) TimerEvent: {}
[390.553006] (-) TimerEvent: {}
[390.654484] (-) TimerEvent: {}
[390.758091] (-) TimerEvent: {}
[390.859286] (-) TimerEvent: {}
[390.960433] (-) TimerEvent: {}
[391.062542] (-) TimerEvent: {}
[391.163729] (-) TimerEvent: {}
[391.265696] (-) TimerEvent: {}
[391.367592] (-) TimerEvent: {}
[391.468715] (-) TimerEvent: {}
[391.569865] (-) TimerEvent: {}
[391.670993] (-) TimerEvent: {}
[391.772237] (-) TimerEvent: {}
[391.873521] (-) TimerEvent: {}
[391.974613] (-) TimerEvent: {}
[392.119149] (-) TimerEvent: {}
[392.220462] (-) TimerEvent: {}
[392.323939] (-) TimerEvent: {}
[392.425506] (-) TimerEvent: {}
[392.526740] (-) TimerEvent: {}
[392.628397] (-) TimerEvent: {}
[392.729767] (-) TimerEvent: {}
[392.830820] (-) TimerEvent: {}
[392.931849] (-) TimerEvent: {}
[393.032949] (-) TimerEvent: {}
[393.134141] (-) TimerEvent: {}
[393.235242] (-) TimerEvent: {}
[393.336396] (-) TimerEvent: {}
[393.438049] (-) TimerEvent: {}
[393.539116] (-) TimerEvent: {}
[393.640176] (-) TimerEvent: {}
[393.741276] (-) TimerEvent: {}
[393.842512] (-) TimerEvent: {}
[393.944001] (-) TimerEvent: {}
[394.045290] (-) TimerEvent: {}
[394.146375] (-) TimerEvent: {}
[394.247423] (-) TimerEvent: {}
[394.348845] (-) TimerEvent: {}
[394.449953] (-) TimerEvent: {}
[394.551030] (-) TimerEvent: {}
[394.652165] (-) TimerEvent: {}
[394.753306] (-) TimerEvent: {}
[394.854478] (-) TimerEvent: {}
[394.958846] (-) TimerEvent: {}
[395.059921] (-) TimerEvent: {}
[395.161046] (-) TimerEvent: {}
[395.262210] (-) TimerEvent: {}
[395.363376] (-) TimerEvent: {}
[395.464566] (-) TimerEvent: {}
[395.565899] (-) TimerEvent: {}
[395.667086] (-) TimerEvent: {}
[395.769125] (-) TimerEvent: {}
[395.870320] (-) TimerEvent: {}
[395.976080] (-) TimerEvent: {}
[396.077435] (-) TimerEvent: {}
[396.178528] (-) TimerEvent: {}
[396.279625] (-) TimerEvent: {}
[396.380759] (-) TimerEvent: {}
[396.481913] (-) TimerEvent: {}
[396.583163] (-) TimerEvent: {}
[396.684512] (-) TimerEvent: {}
[396.785903] (-) TimerEvent: {}
[396.887162] (-) TimerEvent: {}
[396.988564] (-) TimerEvent: {}
[397.211972] (-) TimerEvent: {}
[397.313418] (-) TimerEvent: {}
[397.414930] (-) TimerEvent: {}
[397.516135] (-) TimerEvent: {}
[397.618061] (-) TimerEvent: {}
[397.719375] (-) TimerEvent: {}
[397.820654] (-) TimerEvent: {}
[397.922040] (-) TimerEvent: {}
[398.023282] (-) TimerEvent: {}
[398.124977] (-) TimerEvent: {}
[398.226361] (-) TimerEvent: {}
[398.327618] (-) TimerEvent: {}
[398.428873] (-) TimerEvent: {}
[398.530226] (-) TimerEvent: {}
[398.631518] (-) TimerEvent: {}
[398.733613] (-) TimerEvent: {}
[398.834889] (-) TimerEvent: {}
[398.936681] (-) TimerEvent: {}
[399.037947] (-) TimerEvent: {}
[399.139031] (-) TimerEvent: {}
[399.240163] (-) TimerEvent: {}
[399.341311] (-) TimerEvent: {}
[399.442589] (-) TimerEvent: {}
[399.543640] (-) TimerEvent: {}
[399.644729] (-) TimerEvent: {}
[399.745925] (-) TimerEvent: {}
[399.847048] (-) TimerEvent: {}
[399.948132] (-) TimerEvent: {}
[400.049327] (-) TimerEvent: {}
[400.150509] (-) TimerEvent: {}
[400.251600] (-) TimerEvent: {}
[400.352699] (-) TimerEvent: {}
[400.453863] (-) TimerEvent: {}
[400.554933] (-) TimerEvent: {}
[400.656261] (-) TimerEvent: {}
[400.757461] (-) TimerEvent: {}
[400.858635] (-) TimerEvent: {}
[400.959791] (-) TimerEvent: {}
[401.061117] (-) TimerEvent: {}
[401.162315] (-) TimerEvent: {}
[401.263816] (-) TimerEvent: {}
[401.364981] (-) TimerEvent: {}
[401.466396] (-) TimerEvent: {}
[401.567642] (-) TimerEvent: {}
[401.668960] (-) TimerEvent: {}
[401.770374] (-) TimerEvent: {}
[401.871534] (-) TimerEvent: {}
[401.972993] (-) TimerEvent: {}
[402.074271] (-) TimerEvent: {}
[402.219735] (-) TimerEvent: {}
[402.320910] (-) TimerEvent: {}
[402.422211] (-) TimerEvent: {}
[402.523548] (-) TimerEvent: {}
[402.624738] (-) TimerEvent: {}
[402.726412] (-) TimerEvent: {}
[402.827524] (-) TimerEvent: {}
[402.928646] (-) TimerEvent: {}
[403.029843] (-) TimerEvent: {}
[403.130925] (-) TimerEvent: {}
[403.232007] (-) TimerEvent: {}
[403.333155] (-) TimerEvent: {}
[403.434264] (-) TimerEvent: {}
[403.535350] (-) TimerEvent: {}
[403.636605] (-) TimerEvent: {}
[403.738407] (-) TimerEvent: {}
[403.839605] (-) TimerEvent: {}
[403.940795] (-) TimerEvent: {}
[404.041976] (-) TimerEvent: {}
[404.143550] (-) TimerEvent: {}
[404.244725] (-) TimerEvent: {}
[404.345981] (-) TimerEvent: {}
[404.447180] (-) TimerEvent: {}
[404.548268] (-) TimerEvent: {}
[404.649316] (-) TimerEvent: {}
[404.750417] (-) TimerEvent: {}
[404.851581] (-) TimerEvent: {}
[404.952758] (-) TimerEvent: {}
[405.053972] (-) TimerEvent: {}
[405.155087] (-) TimerEvent: {}
[405.256202] (-) TimerEvent: {}
[405.357300] (-) TimerEvent: {}
[405.458410] (-) TimerEvent: {}
[405.559611] (-) TimerEvent: {}
[405.660711] (-) TimerEvent: {}
[405.761898] (-) TimerEvent: {}
[405.863013] (-) TimerEvent: {}
[405.964073] (-) TimerEvent: {}
[406.065139] (-) TimerEvent: {}
[406.166321] (-) TimerEvent: {}
[406.267778] (-) TimerEvent: {}
[406.369168] (-) TimerEvent: {}
[406.470498] (-) TimerEvent: {}
[406.571580] (-) TimerEvent: {}
[406.673138] (-) TimerEvent: {}
[406.774352] (-) TimerEvent: {}
[406.875488] (-) TimerEvent: {}
[406.976553] (-) TimerEvent: {}
[407.077683] (-) TimerEvent: {}
[407.178749] (-) TimerEvent: {}
[407.323044] (-) TimerEvent: {}
[407.424336] (-) TimerEvent: {}
[407.526004] (-) TimerEvent: {}
[407.627313] (-) TimerEvent: {}
[407.728595] (-) TimerEvent: {}
[407.829865] (-) TimerEvent: {}
[407.931145] (-) TimerEvent: {}
[408.032347] (-) TimerEvent: {}
[408.133938] (-) TimerEvent: {}
[408.235077] (-) TimerEvent: {}
[408.336797] (-) TimerEvent: {}
[408.438061] (-) TimerEvent: {}
[408.539255] (-) TimerEvent: {}
[408.640340] (-) TimerEvent: {}
[408.741610] (-) TimerEvent: {}
[408.842786] (-) TimerEvent: {}
[408.943950] (-) TimerEvent: {}
[409.045282] (-) TimerEvent: {}
[409.146658] (-) TimerEvent: {}
[409.247884] (-) TimerEvent: {}
[409.349196] (-) TimerEvent: {}
[409.450402] (-) TimerEvent: {}
[409.551675] (-) TimerEvent: {}
[409.652766] (-) TimerEvent: {}
[409.754009] (-) TimerEvent: {}
[409.855220] (-) TimerEvent: {}
[409.956400] (-) TimerEvent: {}
[410.057512] (-) TimerEvent: {}
[410.158556] (-) TimerEvent: {}
[410.259847] (-) TimerEvent: {}
[410.361025] (-) TimerEvent: {}
[410.462390] (-) TimerEvent: {}
[410.563748] (-) TimerEvent: {}
[410.664773] (-) TimerEvent: {}
[410.766231] (-) TimerEvent: {}
[410.867254] (-) TimerEvent: {}
[410.968382] (-) TimerEvent: {}
[411.069293] (-) TimerEvent: {}
[411.170353] (-) TimerEvent: {}
[411.271365] (-) TimerEvent: {}
[411.372354] (-) TimerEvent: {}
[411.473494] (-) TimerEvent: {}
[411.574477] (-) TimerEvent: {}
[411.675511] (-) TimerEvent: {}
[411.776858] (-) TimerEvent: {}
[411.878032] (-) TimerEvent: {}
[411.979110] (-) TimerEvent: {}
[412.080095] (-) TimerEvent: {}
[412.181269] (-) TimerEvent: {}
[412.282304] (-) TimerEvent: {}
[412.427121] (-) TimerEvent: {}
[412.528187] (-) TimerEvent: {}
[412.629274] (-) TimerEvent: {}
[412.730436] (-) TimerEvent: {}
[412.831521] (-) TimerEvent: {}
[412.932877] (-) TimerEvent: {}
[413.034061] (-) TimerEvent: {}
[413.135155] (-) TimerEvent: {}
[413.236379] (-) TimerEvent: {}
[413.337649] (-) TimerEvent: {}
[413.438745] (-) TimerEvent: {}
[413.539807] (-) TimerEvent: {}
[413.640897] (-) TimerEvent: {}
[413.742034] (-) TimerEvent: {}
[413.843394] (-) TimerEvent: {}
[413.944549] (-) TimerEvent: {}
[414.045926] (-) TimerEvent: {}
[414.147122] (-) TimerEvent: {}
[414.248240] (-) TimerEvent: {}
[414.349461] (-) TimerEvent: {}
[414.450532] (-) TimerEvent: {}
[414.551686] (-) TimerEvent: {}
[414.652782] (-) TimerEvent: {}
[414.753964] (-) TimerEvent: {}
[414.855069] (-) TimerEvent: {}
[414.956480] (-) TimerEvent: {}
[415.057663] (-) TimerEvent: {}
[415.158705] (-) TimerEvent: {}
[415.259721] (-) TimerEvent: {}
[415.360803] (-) TimerEvent: {}
[415.462864] (-) TimerEvent: {}
[415.564351] (-) TimerEvent: {}
[415.666004] (-) TimerEvent: {}
[415.767350] (-) TimerEvent: {}
[415.868682] (-) TimerEvent: {}
[415.969931] (-) TimerEvent: {}
[416.071244] (-) TimerEvent: {}
[416.172475] (-) TimerEvent: {}
[416.273855] (-) TimerEvent: {}
[416.375078] (-) TimerEvent: {}
[416.476794] (-) TimerEvent: {}
[416.578241] (-) TimerEvent: {}
[416.679577] (-) TimerEvent: {}
[416.780741] (-) TimerEvent: {}
[416.882178] (-) TimerEvent: {}
[416.983424] (-) TimerEvent: {}
[417.084723] (-) TimerEvent: {}
[417.186592] (-) TimerEvent: {}
[417.288149] (-) TimerEvent: {}
[417.389474] (-) TimerEvent: {}
[417.533723] (-) TimerEvent: {}
[417.635014] (-) TimerEvent: {}
[417.736306] (-) TimerEvent: {}
[417.837568] (-) TimerEvent: {}
[417.938691] (-) TimerEvent: {}
[418.039941] (-) TimerEvent: {}
[418.141110] (-) TimerEvent: {}
[418.242665] (-) TimerEvent: {}
[418.343870] (-) TimerEvent: {}
[418.445282] (-) TimerEvent: {}
[418.546848] (-) TimerEvent: {}
[418.648103] (-) TimerEvent: {}
[418.749498] (-) TimerEvent: {}
[418.850806] (-) TimerEvent: {}
[418.952024] (-) TimerEvent: {}
[419.053342] (-) TimerEvent: {}
[419.154519] (-) TimerEvent: {}
[419.256188] (-) TimerEvent: {}
[419.357355] (-) TimerEvent: {}
[419.458590] (-) TimerEvent: {}
[419.559921] (-) TimerEvent: {}
[419.661204] (-) TimerEvent: {}
[419.762577] (-) TimerEvent: {}
[419.863744] (-) TimerEvent: {}
[419.964845] (-) TimerEvent: {}
[420.066364] (-) TimerEvent: {}
[420.167572] (-) TimerEvent: {}
[420.268759] (-) TimerEvent: {}
[420.369974] (-) TimerEvent: {}
[420.471034] (-) TimerEvent: {}
[420.572107] (-) TimerEvent: {}
[420.673286] (-) TimerEvent: {}
[420.774381] (-) TimerEvent: {}
[420.875471] (-) TimerEvent: {}
[420.976942] (-) TimerEvent: {}
[421.078342] (-) TimerEvent: {}
[421.180111] (-) TimerEvent: {}
[421.186148] (hdl_localization) StderrLine: {'line': b'make[1]: *** [CMakeFiles/Makefile2:326: CMakeFiles/hdl_localization_composition.dir/all] Error 2\n'}
[421.188027] (hdl_localization) StderrLine: {'line': b'make: *** [Makefile:141: all] Error 2\n'}
[421.198798] (hdl_localization) CommandEnded: {'returncode': 2}
[421.281045] (-) TimerEvent: {}
[421.383863] (-) TimerEvent: {}
[421.484822] (-) TimerEvent: {}
[421.586147] (-) TimerEvent: {}
[421.687615] (-) TimerEvent: {}
[421.769219] (hdl_localization) JobEnded: {'identifier': 'hdl_localization', 'rc': 2}
[421.783375] (-) EventReactorShutdown: {}
