[0.000000] (-) TimerEvent: {}
[0.001821] (dr_nav2) JobQueued: {'identifier': 'dr_nav2', 'dependencies': OrderedDict()}
[0.003303] (hdl_global_localization) JobQueued: {'identifier': 'hdl_global_localization', 'dependencies': OrderedDict()}
[0.004069] (sensor_test) JobQueued: {'identifier': 'sensor_test', 'dependencies': OrderedDict()}
[0.004931] (hdl_localization) JobQueued: {'identifier': 'hdl_localization', 'dependencies': OrderedDict([('hdl_global_localization', '/home/ysc/lite_cog_ros2/nav/install/hdl_global_localization')])}
[0.005156] (hdl_global_localization) JobStarted: {'identifier': 'hdl_global_localization'}
[0.065253] (dr_nav2) JobStarted: {'identifier': 'dr_nav2'}
[0.101102] (-) TimerEvent: {}
[0.117366] (sensor_test) JobStarted: {'identifier': 'sensor_test'}
[0.201988] (-) TimerEvent: {}
[0.207439] (hdl_global_localization) JobProgress: {'identifier': 'hdl_global_localization', 'progress': 'cmake'}
[0.223154] (hdl_global_localization) JobProgress: {'identifier': 'hdl_global_localization', 'progress': 'build'}
[0.223608] (hdl_global_localization) Command: {'cmd': ['/usr/bin/cmake', '--build', '/home/ysc/lite_cog_ros2/nav/build/hdl_global_localization', '--', '-j6', '-l6'], 'cwd': '/home/ysc/lite_cog_ros2/nav/build/hdl_global_localization', 'env': OrderedDict([('GJS_DEBUG_TOPICS', 'JS ERROR;JS LOG'), ('LESSOPEN', '| /usr/bin/lesspipe %s'), ('USER', 'ysc'), ('LC_TIME', 'zh_CN.UTF-8'), ('SSH_AGENT_PID', '1935'), ('XDG_SESSION_TYPE', 'x11'), ('SHLVL', '1'), ('LD_LIBRARY_PATH', '/home/ysc/lite_cog_ros2/fast_gicp/install/fast_gicp/lib:/home/ysc/lite_cog_ros2/ndt_omp/install/ndt_omp/lib:/usr/lib/aarch64-linux-gnu/gazebo-11/plugins:/opt/ros/foxy/opt/yaml_cpp_vendor/lib:/opt/ros/foxy/opt/rviz_ogre_vendor/lib:/opt/ros/foxy/lib/aarch64-linux-gnu:/opt/ros/foxy/lib:/usr/local/cuda-11.4/lib64:'), ('HOME', '/home/ysc'), ('OLDPWD', '/home/ysc/lite_cog_ros2/system/scripts/nav'), ('DESKTOP_SESSION', 'ubuntu'), ('ROS_PYTHON_VERSION', '3'), ('GNOME_SHELL_SESSION_MODE', 'ubuntu'), ('GTK_MODULES', 'gail:atk-bridge'), ('LC_MONETARY', 'zh_CN.UTF-8'), ('MANAGERPID', '1397'), ('ROS_LOG_DIR', '/home/ysc/lite_cog_ros2/system/log'), ('DBUS_SESSION_BUS_ADDRESS', 'unix:path=/run/user/1000/bus'), ('COLORTERM', 'truecolor'), ('_colcon_cd_root', '/opt/ros/foxy/'), ('IM_CONFIG_PHASE', '1'), ('COLCON_PREFIX_PATH', '/home/ysc/lite_cog_ros2/fast_gicp/install:/home/ysc/lite_cog_ros2/ndt_omp/install'), ('ROS_DISTRO', 'foxy'), ('LOGNAME', 'ysc'), ('JOURNAL_STREAM', '8:47729'), ('_', '/usr/bin/colcon'), ('ROS_VERSION', '2'), ('XDG_SESSION_CLASS', 'user'), ('USERNAME', 'ysc'), ('TERM', 'xterm-256color'), ('GNOME_DESKTOP_SESSION_ID', 'this-is-deprecated'), ('ROS_LOCALHOST_ONLY', '0'), ('WINDOWPATH', '2'), ('PATH', '/opt/ros/foxy/bin:/usr/local/cuda-11.4/bin:/home/ysc/.local/bin:/usr/local/sbin:/usr/local/bin:/usr/sbin:/usr/bin:/sbin:/bin:/usr/games:/usr/local/games:/snap/bin'), ('SESSION_MANAGER', 'local/lite:@/tmp/.ICE-unix/2068,unix/lite:/tmp/.ICE-unix/2068'), ('FASTRTPS_DEFAULT_PROFILES_FILE', '/home/ysc/lite_cog_ros2/system/fastdds_profile.xml'), ('INVOCATION_ID', '0484f74e356a467b8aeeb47d6652837a'), ('XDG_MENU_PREFIX', 'gnome-'), ('LC_ADDRESS', 'zh_CN.UTF-8'), ('GNOME_TERMINAL_SCREEN', '/org/gnome/Terminal/screen/35028862_784e_43e0_b61d_ff9eaae70a80'), ('XDG_RUNTIME_DIR', '/run/user/1000'), ('DISPLAY', ':0'), ('LANG', 'en_US.UTF-8'), ('XDG_CURRENT_DESKTOP', 'ubuntu:GNOME'), ('LC_TELEPHONE', 'zh_CN.UTF-8'), ('XMODIFIERS', '@im=ibus'), ('XDG_SESSION_DESKTOP', 'ubuntu'), ('XAUTHORITY', '/run/user/1000/gdm/Xauthority'), ('LS_COLORS', 'rs=0:di=01;34:ln=01;36:mh=00:pi=40;33:so=01;35:do=01;35:bd=40;33;01:cd=40;33;01:or=40;31;01:mi=00:su=37;41:sg=30;43:ca=30;41:tw=30;42:ow=34;42:st=37;44:ex=01;32:*.tar=01;31:*.tgz=01;31:*.arc=01;31:*.arj=01;31:*.taz=01;31:*.lha=01;31:*.lz4=01;31:*.lzh=01;31:*.lzma=01;31:*.tlz=01;31:*.txz=01;31:*.tzo=01;31:*.t7z=01;31:*.zip=01;31:*.z=01;31:*.dz=01;31:*.gz=01;31:*.lrz=01;31:*.lz=01;31:*.lzo=01;31:*.xz=01;31:*.zst=01;31:*.tzst=01;31:*.bz2=01;31:*.bz=01;31:*.tbz=01;31:*.tbz2=01;31:*.tz=01;31:*.deb=01;31:*.rpm=01;31:*.jar=01;31:*.war=01;31:*.ear=01;31:*.sar=01;31:*.rar=01;31:*.alz=01;31:*.ace=01;31:*.zoo=01;31:*.cpio=01;31:*.7z=01;31:*.rz=01;31:*.cab=01;31:*.wim=01;31:*.swm=01;31:*.dwm=01;31:*.esd=01;31:*.jpg=01;35:*.jpeg=01;35:*.mjpg=01;35:*.mjpeg=01;35:*.gif=01;35:*.bmp=01;35:*.pbm=01;35:*.pgm=01;35:*.ppm=01;35:*.tga=01;35:*.xbm=01;35:*.xpm=01;35:*.tif=01;35:*.tiff=01;35:*.png=01;35:*.svg=01;35:*.svgz=01;35:*.mng=01;35:*.pcx=01;35:*.mov=01;35:*.mpg=01;35:*.mpeg=01;35:*.m2v=01;35:*.mkv=01;35:*.webm=01;35:*.ogm=01;35:*.mp4=01;35:*.m4v=01;35:*.mp4v=01;35:*.vob=01;35:*.qt=01;35:*.nuv=01;35:*.wmv=01;35:*.asf=01;35:*.rm=01;35:*.rmvb=01;35:*.flc=01;35:*.avi=01;35:*.fli=01;35:*.flv=01;35:*.gl=01;35:*.dl=01;35:*.xcf=01;35:*.xwd=01;35:*.yuv=01;35:*.cgm=01;35:*.emf=01;35:*.ogv=01;35:*.ogx=01;35:*.aac=00;36:*.au=00;36:*.flac=00;36:*.m4a=00;36:*.mid=00;36:*.midi=00;36:*.mka=00;36:*.mp3=00;36:*.mpc=00;36:*.ogg=00;36:*.ra=00;36:*.wav=00;36:*.oga=00;36:*.opus=00;36:*.spx=00;36:*.xspf=00;36:'), ('GNOME_TERMINAL_SERVICE', ':1.81'), ('SSH_AUTH_SOCK', '/run/user/1000/keyring/ssh'), ('ROS_DOMAIN_ID', '0'), ('AMENT_PREFIX_PATH', '/home/ysc/lite_cog_ros2/fast_gicp/install/fast_gicp:/home/ysc/lite_cog_ros2/ndt_omp/install/ndt_omp:/opt/ros/foxy'), ('SHELL', '/bin/bash'), ('LC_NAME', 'zh_CN.UTF-8'), ('QT_ACCESSIBILITY', '1'), ('GDMSESSION', 'ubuntu'), ('LESSCLOSE', '/usr/bin/lesspipe %s %s'), ('LC_MEASUREMENT', 'zh_CN.UTF-8'), ('GPG_AGENT_INFO', '/run/user/1000/gnupg/S.gpg-agent:0:1'), ('GJS_DEBUG_OUTPUT', 'stderr'), ('LC_IDENTIFICATION', 'zh_CN.UTF-8'), ('QT_IM_MODULE', 'ibus'), ('PWD', '/home/ysc/lite_cog_ros2/nav/build/hdl_global_localization'), ('LC_ALL', 'en_US.UTF-8'), ('XDG_CONFIG_DIRS', '/etc/xdg/xdg-ubuntu:/etc/xdg'), ('XDG_DATA_DIRS', '/usr/share/ubuntu:/usr/local/share/:/usr/share/:/var/lib/snapd/desktop'), ('PYTHONPATH', '/opt/ros/foxy/lib/python3.8/site-packages'), ('LC_NUMERIC', 'zh_CN.UTF-8'), ('LC_PAPER', 'zh_CN.UTF-8'), ('COLCON', '1'), ('VTE_VERSION', '6003'), ('CMAKE_PREFIX_PATH', '/home/ysc/lite_cog_ros2/fast_gicp/install/fast_gicp:/home/ysc/lite_cog_ros2/ndt_omp/install/ndt_omp:/opt/ros/foxy')]), 'shell': False}
[0.260063] (dr_nav2) JobProgress: {'identifier': 'dr_nav2', 'progress': 'cmake'}
[0.264076] (dr_nav2) JobProgress: {'identifier': 'dr_nav2', 'progress': 'build'}
[0.265509] (dr_nav2) Command: {'cmd': ['/usr/bin/cmake', '--build', '/home/ysc/lite_cog_ros2/nav/build/dr_nav2', '--', '-j6', '-l6'], 'cwd': '/home/ysc/lite_cog_ros2/nav/build/dr_nav2', 'env': OrderedDict([('GJS_DEBUG_TOPICS', 'JS ERROR;JS LOG'), ('LESSOPEN', '| /usr/bin/lesspipe %s'), ('USER', 'ysc'), ('LC_TIME', 'zh_CN.UTF-8'), ('SSH_AGENT_PID', '1935'), ('XDG_SESSION_TYPE', 'x11'), ('SHLVL', '1'), ('LD_LIBRARY_PATH', '/home/ysc/lite_cog_ros2/fast_gicp/install/fast_gicp/lib:/home/ysc/lite_cog_ros2/ndt_omp/install/ndt_omp/lib:/usr/lib/aarch64-linux-gnu/gazebo-11/plugins:/opt/ros/foxy/opt/yaml_cpp_vendor/lib:/opt/ros/foxy/opt/rviz_ogre_vendor/lib:/opt/ros/foxy/lib/aarch64-linux-gnu:/opt/ros/foxy/lib:/usr/local/cuda-11.4/lib64:'), ('HOME', '/home/ysc'), ('OLDPWD', '/home/ysc/lite_cog_ros2/system/scripts/nav'), ('DESKTOP_SESSION', 'ubuntu'), ('ROS_PYTHON_VERSION', '3'), ('GNOME_SHELL_SESSION_MODE', 'ubuntu'), ('GTK_MODULES', 'gail:atk-bridge'), ('LC_MONETARY', 'zh_CN.UTF-8'), ('MANAGERPID', '1397'), ('ROS_LOG_DIR', '/home/ysc/lite_cog_ros2/system/log'), ('DBUS_SESSION_BUS_ADDRESS', 'unix:path=/run/user/1000/bus'), ('COLORTERM', 'truecolor'), ('_colcon_cd_root', '/opt/ros/foxy/'), ('IM_CONFIG_PHASE', '1'), ('COLCON_PREFIX_PATH', '/home/ysc/lite_cog_ros2/fast_gicp/install:/home/ysc/lite_cog_ros2/ndt_omp/install'), ('ROS_DISTRO', 'foxy'), ('LOGNAME', 'ysc'), ('JOURNAL_STREAM', '8:47729'), ('_', '/usr/bin/colcon'), ('ROS_VERSION', '2'), ('XDG_SESSION_CLASS', 'user'), ('USERNAME', 'ysc'), ('TERM', 'xterm-256color'), ('GNOME_DESKTOP_SESSION_ID', 'this-is-deprecated'), ('ROS_LOCALHOST_ONLY', '0'), ('WINDOWPATH', '2'), ('PATH', '/opt/ros/foxy/bin:/usr/local/cuda-11.4/bin:/home/ysc/.local/bin:/usr/local/sbin:/usr/local/bin:/usr/sbin:/usr/bin:/sbin:/bin:/usr/games:/usr/local/games:/snap/bin'), ('SESSION_MANAGER', 'local/lite:@/tmp/.ICE-unix/2068,unix/lite:/tmp/.ICE-unix/2068'), ('FASTRTPS_DEFAULT_PROFILES_FILE', '/home/ysc/lite_cog_ros2/system/fastdds_profile.xml'), ('INVOCATION_ID', '0484f74e356a467b8aeeb47d6652837a'), ('XDG_MENU_PREFIX', 'gnome-'), ('LC_ADDRESS', 'zh_CN.UTF-8'), ('GNOME_TERMINAL_SCREEN', '/org/gnome/Terminal/screen/35028862_784e_43e0_b61d_ff9eaae70a80'), ('XDG_RUNTIME_DIR', '/run/user/1000'), ('DISPLAY', ':0'), ('LANG', 'en_US.UTF-8'), ('XDG_CURRENT_DESKTOP', 'ubuntu:GNOME'), ('LC_TELEPHONE', 'zh_CN.UTF-8'), ('XMODIFIERS', '@im=ibus'), ('XDG_SESSION_DESKTOP', 'ubuntu'), ('XAUTHORITY', '/run/user/1000/gdm/Xauthority'), ('LS_COLORS', 'rs=0:di=01;34:ln=01;36:mh=00:pi=40;33:so=01;35:do=01;35:bd=40;33;01:cd=40;33;01:or=40;31;01:mi=00:su=37;41:sg=30;43:ca=30;41:tw=30;42:ow=34;42:st=37;44:ex=01;32:*.tar=01;31:*.tgz=01;31:*.arc=01;31:*.arj=01;31:*.taz=01;31:*.lha=01;31:*.lz4=01;31:*.lzh=01;31:*.lzma=01;31:*.tlz=01;31:*.txz=01;31:*.tzo=01;31:*.t7z=01;31:*.zip=01;31:*.z=01;31:*.dz=01;31:*.gz=01;31:*.lrz=01;31:*.lz=01;31:*.lzo=01;31:*.xz=01;31:*.zst=01;31:*.tzst=01;31:*.bz2=01;31:*.bz=01;31:*.tbz=01;31:*.tbz2=01;31:*.tz=01;31:*.deb=01;31:*.rpm=01;31:*.jar=01;31:*.war=01;31:*.ear=01;31:*.sar=01;31:*.rar=01;31:*.alz=01;31:*.ace=01;31:*.zoo=01;31:*.cpio=01;31:*.7z=01;31:*.rz=01;31:*.cab=01;31:*.wim=01;31:*.swm=01;31:*.dwm=01;31:*.esd=01;31:*.jpg=01;35:*.jpeg=01;35:*.mjpg=01;35:*.mjpeg=01;35:*.gif=01;35:*.bmp=01;35:*.pbm=01;35:*.pgm=01;35:*.ppm=01;35:*.tga=01;35:*.xbm=01;35:*.xpm=01;35:*.tif=01;35:*.tiff=01;35:*.png=01;35:*.svg=01;35:*.svgz=01;35:*.mng=01;35:*.pcx=01;35:*.mov=01;35:*.mpg=01;35:*.mpeg=01;35:*.m2v=01;35:*.mkv=01;35:*.webm=01;35:*.ogm=01;35:*.mp4=01;35:*.m4v=01;35:*.mp4v=01;35:*.vob=01;35:*.qt=01;35:*.nuv=01;35:*.wmv=01;35:*.asf=01;35:*.rm=01;35:*.rmvb=01;35:*.flc=01;35:*.avi=01;35:*.fli=01;35:*.flv=01;35:*.gl=01;35:*.dl=01;35:*.xcf=01;35:*.xwd=01;35:*.yuv=01;35:*.cgm=01;35:*.emf=01;35:*.ogv=01;35:*.ogx=01;35:*.aac=00;36:*.au=00;36:*.flac=00;36:*.m4a=00;36:*.mid=00;36:*.midi=00;36:*.mka=00;36:*.mp3=00;36:*.mpc=00;36:*.ogg=00;36:*.ra=00;36:*.wav=00;36:*.oga=00;36:*.opus=00;36:*.spx=00;36:*.xspf=00;36:'), ('GNOME_TERMINAL_SERVICE', ':1.81'), ('SSH_AUTH_SOCK', '/run/user/1000/keyring/ssh'), ('ROS_DOMAIN_ID', '0'), ('AMENT_PREFIX_PATH', '/home/ysc/lite_cog_ros2/fast_gicp/install/fast_gicp:/home/ysc/lite_cog_ros2/ndt_omp/install/ndt_omp:/opt/ros/foxy'), ('SHELL', '/bin/bash'), ('LC_NAME', 'zh_CN.UTF-8'), ('QT_ACCESSIBILITY', '1'), ('GDMSESSION', 'ubuntu'), ('LESSCLOSE', '/usr/bin/lesspipe %s %s'), ('LC_MEASUREMENT', 'zh_CN.UTF-8'), ('GPG_AGENT_INFO', '/run/user/1000/gnupg/S.gpg-agent:0:1'), ('GJS_DEBUG_OUTPUT', 'stderr'), ('LC_IDENTIFICATION', 'zh_CN.UTF-8'), ('QT_IM_MODULE', 'ibus'), ('PWD', '/home/ysc/lite_cog_ros2/nav/build/dr_nav2'), ('LC_ALL', 'en_US.UTF-8'), ('XDG_CONFIG_DIRS', '/etc/xdg/xdg-ubuntu:/etc/xdg'), ('XDG_DATA_DIRS', '/usr/share/ubuntu:/usr/local/share/:/usr/share/:/var/lib/snapd/desktop'), ('PYTHONPATH', '/opt/ros/foxy/lib/python3.8/site-packages'), ('LC_NUMERIC', 'zh_CN.UTF-8'), ('LC_PAPER', 'zh_CN.UTF-8'), ('COLCON', '1'), ('VTE_VERSION', '6003'), ('CMAKE_PREFIX_PATH', '/home/ysc/lite_cog_ros2/fast_gicp/install/fast_gicp:/home/ysc/lite_cog_ros2/ndt_omp/install/ndt_omp:/opt/ros/foxy')]), 'shell': False}
[0.302334] (-) TimerEvent: {}
[0.305592] (sensor_test) JobProgress: {'identifier': 'sensor_test', 'progress': 'cmake'}
[0.310314] (sensor_test) JobProgress: {'identifier': 'sensor_test', 'progress': 'build'}
[0.312024] (sensor_test) Command: {'cmd': ['/usr/bin/cmake', '--build', '/home/ysc/lite_cog_ros2/nav/build/sensor_test', '--', '-j6', '-l6'], 'cwd': '/home/ysc/lite_cog_ros2/nav/build/sensor_test', 'env': OrderedDict([('GJS_DEBUG_TOPICS', 'JS ERROR;JS LOG'), ('LESSOPEN', '| /usr/bin/lesspipe %s'), ('USER', 'ysc'), ('LC_TIME', 'zh_CN.UTF-8'), ('SSH_AGENT_PID', '1935'), ('XDG_SESSION_TYPE', 'x11'), ('SHLVL', '1'), ('LD_LIBRARY_PATH', '/home/ysc/lite_cog_ros2/fast_gicp/install/fast_gicp/lib:/home/ysc/lite_cog_ros2/ndt_omp/install/ndt_omp/lib:/usr/lib/aarch64-linux-gnu/gazebo-11/plugins:/opt/ros/foxy/opt/yaml_cpp_vendor/lib:/opt/ros/foxy/opt/rviz_ogre_vendor/lib:/opt/ros/foxy/lib/aarch64-linux-gnu:/opt/ros/foxy/lib:/usr/local/cuda-11.4/lib64:'), ('HOME', '/home/ysc'), ('OLDPWD', '/home/ysc/lite_cog_ros2/system/scripts/nav'), ('DESKTOP_SESSION', 'ubuntu'), ('ROS_PYTHON_VERSION', '3'), ('GNOME_SHELL_SESSION_MODE', 'ubuntu'), ('GTK_MODULES', 'gail:atk-bridge'), ('LC_MONETARY', 'zh_CN.UTF-8'), ('MANAGERPID', '1397'), ('ROS_LOG_DIR', '/home/ysc/lite_cog_ros2/system/log'), ('DBUS_SESSION_BUS_ADDRESS', 'unix:path=/run/user/1000/bus'), ('COLORTERM', 'truecolor'), ('_colcon_cd_root', '/opt/ros/foxy/'), ('IM_CONFIG_PHASE', '1'), ('COLCON_PREFIX_PATH', '/home/ysc/lite_cog_ros2/fast_gicp/install:/home/ysc/lite_cog_ros2/ndt_omp/install'), ('ROS_DISTRO', 'foxy'), ('LOGNAME', 'ysc'), ('JOURNAL_STREAM', '8:47729'), ('_', '/usr/bin/colcon'), ('ROS_VERSION', '2'), ('XDG_SESSION_CLASS', 'user'), ('USERNAME', 'ysc'), ('TERM', 'xterm-256color'), ('GNOME_DESKTOP_SESSION_ID', 'this-is-deprecated'), ('ROS_LOCALHOST_ONLY', '0'), ('WINDOWPATH', '2'), ('PATH', '/opt/ros/foxy/bin:/usr/local/cuda-11.4/bin:/home/ysc/.local/bin:/usr/local/sbin:/usr/local/bin:/usr/sbin:/usr/bin:/sbin:/bin:/usr/games:/usr/local/games:/snap/bin'), ('SESSION_MANAGER', 'local/lite:@/tmp/.ICE-unix/2068,unix/lite:/tmp/.ICE-unix/2068'), ('FASTRTPS_DEFAULT_PROFILES_FILE', '/home/ysc/lite_cog_ros2/system/fastdds_profile.xml'), ('INVOCATION_ID', '0484f74e356a467b8aeeb47d6652837a'), ('XDG_MENU_PREFIX', 'gnome-'), ('LC_ADDRESS', 'zh_CN.UTF-8'), ('GNOME_TERMINAL_SCREEN', '/org/gnome/Terminal/screen/35028862_784e_43e0_b61d_ff9eaae70a80'), ('XDG_RUNTIME_DIR', '/run/user/1000'), ('DISPLAY', ':0'), ('LANG', 'en_US.UTF-8'), ('XDG_CURRENT_DESKTOP', 'ubuntu:GNOME'), ('LC_TELEPHONE', 'zh_CN.UTF-8'), ('XMODIFIERS', '@im=ibus'), ('XDG_SESSION_DESKTOP', 'ubuntu'), ('XAUTHORITY', '/run/user/1000/gdm/Xauthority'), ('LS_COLORS', 'rs=0:di=01;34:ln=01;36:mh=00:pi=40;33:so=01;35:do=01;35:bd=40;33;01:cd=40;33;01:or=40;31;01:mi=00:su=37;41:sg=30;43:ca=30;41:tw=30;42:ow=34;42:st=37;44:ex=01;32:*.tar=01;31:*.tgz=01;31:*.arc=01;31:*.arj=01;31:*.taz=01;31:*.lha=01;31:*.lz4=01;31:*.lzh=01;31:*.lzma=01;31:*.tlz=01;31:*.txz=01;31:*.tzo=01;31:*.t7z=01;31:*.zip=01;31:*.z=01;31:*.dz=01;31:*.gz=01;31:*.lrz=01;31:*.lz=01;31:*.lzo=01;31:*.xz=01;31:*.zst=01;31:*.tzst=01;31:*.bz2=01;31:*.bz=01;31:*.tbz=01;31:*.tbz2=01;31:*.tz=01;31:*.deb=01;31:*.rpm=01;31:*.jar=01;31:*.war=01;31:*.ear=01;31:*.sar=01;31:*.rar=01;31:*.alz=01;31:*.ace=01;31:*.zoo=01;31:*.cpio=01;31:*.7z=01;31:*.rz=01;31:*.cab=01;31:*.wim=01;31:*.swm=01;31:*.dwm=01;31:*.esd=01;31:*.jpg=01;35:*.jpeg=01;35:*.mjpg=01;35:*.mjpeg=01;35:*.gif=01;35:*.bmp=01;35:*.pbm=01;35:*.pgm=01;35:*.ppm=01;35:*.tga=01;35:*.xbm=01;35:*.xpm=01;35:*.tif=01;35:*.tiff=01;35:*.png=01;35:*.svg=01;35:*.svgz=01;35:*.mng=01;35:*.pcx=01;35:*.mov=01;35:*.mpg=01;35:*.mpeg=01;35:*.m2v=01;35:*.mkv=01;35:*.webm=01;35:*.ogm=01;35:*.mp4=01;35:*.m4v=01;35:*.mp4v=01;35:*.vob=01;35:*.qt=01;35:*.nuv=01;35:*.wmv=01;35:*.asf=01;35:*.rm=01;35:*.rmvb=01;35:*.flc=01;35:*.avi=01;35:*.fli=01;35:*.flv=01;35:*.gl=01;35:*.dl=01;35:*.xcf=01;35:*.xwd=01;35:*.yuv=01;35:*.cgm=01;35:*.emf=01;35:*.ogv=01;35:*.ogx=01;35:*.aac=00;36:*.au=00;36:*.flac=00;36:*.m4a=00;36:*.mid=00;36:*.midi=00;36:*.mka=00;36:*.mp3=00;36:*.mpc=00;36:*.ogg=00;36:*.ra=00;36:*.wav=00;36:*.oga=00;36:*.opus=00;36:*.spx=00;36:*.xspf=00;36:'), ('GNOME_TERMINAL_SERVICE', ':1.81'), ('SSH_AUTH_SOCK', '/run/user/1000/keyring/ssh'), ('ROS_DOMAIN_ID', '0'), ('AMENT_PREFIX_PATH', '/home/ysc/lite_cog_ros2/fast_gicp/install/fast_gicp:/home/ysc/lite_cog_ros2/ndt_omp/install/ndt_omp:/opt/ros/foxy'), ('SHELL', '/bin/bash'), ('LC_NAME', 'zh_CN.UTF-8'), ('QT_ACCESSIBILITY', '1'), ('GDMSESSION', 'ubuntu'), ('LESSCLOSE', '/usr/bin/lesspipe %s %s'), ('LC_MEASUREMENT', 'zh_CN.UTF-8'), ('GPG_AGENT_INFO', '/run/user/1000/gnupg/S.gpg-agent:0:1'), ('GJS_DEBUG_OUTPUT', 'stderr'), ('LC_IDENTIFICATION', 'zh_CN.UTF-8'), ('QT_IM_MODULE', 'ibus'), ('PWD', '/home/ysc/lite_cog_ros2/nav/build/sensor_test'), ('LC_ALL', 'en_US.UTF-8'), ('XDG_CONFIG_DIRS', '/etc/xdg/xdg-ubuntu:/etc/xdg'), ('XDG_DATA_DIRS', '/usr/share/ubuntu:/usr/local/share/:/usr/share/:/var/lib/snapd/desktop'), ('PYTHONPATH', '/opt/ros/foxy/lib/python3.8/site-packages'), ('LC_NUMERIC', 'zh_CN.UTF-8'), ('LC_PAPER', 'zh_CN.UTF-8'), ('COLCON', '1'), ('VTE_VERSION', '6003'), ('CMAKE_PREFIX_PATH', '/home/ysc/lite_cog_ros2/fast_gicp/install/fast_gicp:/home/ysc/lite_cog_ros2/ndt_omp/install/ndt_omp:/opt/ros/foxy')]), 'shell': False}
[0.407990] (-) TimerEvent: {}
[0.510724] (-) TimerEvent: {}
[0.557494] (dr_nav2) CommandEnded: {'returncode': 0}
[0.611637] (-) TimerEvent: {}
[0.714101] (-) TimerEvent: {}
[0.758274] (dr_nav2) JobProgress: {'identifier': 'dr_nav2', 'progress': 'install'}
[0.783217] (sensor_test) StdoutLine: {'line': b'[100%] Built target sensor_test\n'}
[0.814468] (-) TimerEvent: {}
[0.845524] (dr_nav2) Command: {'cmd': ['/usr/bin/cmake', '--install', '/home/ysc/lite_cog_ros2/nav/build/dr_nav2'], 'cwd': '/home/ysc/lite_cog_ros2/nav/build/dr_nav2', 'env': OrderedDict([('GJS_DEBUG_TOPICS', 'JS ERROR;JS LOG'), ('LESSOPEN', '| /usr/bin/lesspipe %s'), ('USER', 'ysc'), ('LC_TIME', 'zh_CN.UTF-8'), ('SSH_AGENT_PID', '1935'), ('XDG_SESSION_TYPE', 'x11'), ('SHLVL', '1'), ('LD_LIBRARY_PATH', '/home/ysc/lite_cog_ros2/fast_gicp/install/fast_gicp/lib:/home/ysc/lite_cog_ros2/ndt_omp/install/ndt_omp/lib:/usr/lib/aarch64-linux-gnu/gazebo-11/plugins:/opt/ros/foxy/opt/yaml_cpp_vendor/lib:/opt/ros/foxy/opt/rviz_ogre_vendor/lib:/opt/ros/foxy/lib/aarch64-linux-gnu:/opt/ros/foxy/lib:/usr/local/cuda-11.4/lib64:'), ('HOME', '/home/ysc'), ('OLDPWD', '/home/ysc/lite_cog_ros2/system/scripts/nav'), ('DESKTOP_SESSION', 'ubuntu'), ('ROS_PYTHON_VERSION', '3'), ('GNOME_SHELL_SESSION_MODE', 'ubuntu'), ('GTK_MODULES', 'gail:atk-bridge'), ('LC_MONETARY', 'zh_CN.UTF-8'), ('MANAGERPID', '1397'), ('ROS_LOG_DIR', '/home/ysc/lite_cog_ros2/system/log'), ('DBUS_SESSION_BUS_ADDRESS', 'unix:path=/run/user/1000/bus'), ('COLORTERM', 'truecolor'), ('_colcon_cd_root', '/opt/ros/foxy/'), ('IM_CONFIG_PHASE', '1'), ('COLCON_PREFIX_PATH', '/home/ysc/lite_cog_ros2/fast_gicp/install:/home/ysc/lite_cog_ros2/ndt_omp/install'), ('ROS_DISTRO', 'foxy'), ('LOGNAME', 'ysc'), ('JOURNAL_STREAM', '8:47729'), ('_', '/usr/bin/colcon'), ('ROS_VERSION', '2'), ('XDG_SESSION_CLASS', 'user'), ('USERNAME', 'ysc'), ('TERM', 'xterm-256color'), ('GNOME_DESKTOP_SESSION_ID', 'this-is-deprecated'), ('ROS_LOCALHOST_ONLY', '0'), ('WINDOWPATH', '2'), ('PATH', '/opt/ros/foxy/bin:/usr/local/cuda-11.4/bin:/home/ysc/.local/bin:/usr/local/sbin:/usr/local/bin:/usr/sbin:/usr/bin:/sbin:/bin:/usr/games:/usr/local/games:/snap/bin'), ('SESSION_MANAGER', 'local/lite:@/tmp/.ICE-unix/2068,unix/lite:/tmp/.ICE-unix/2068'), ('FASTRTPS_DEFAULT_PROFILES_FILE', '/home/ysc/lite_cog_ros2/system/fastdds_profile.xml'), ('INVOCATION_ID', '0484f74e356a467b8aeeb47d6652837a'), ('XDG_MENU_PREFIX', 'gnome-'), ('LC_ADDRESS', 'zh_CN.UTF-8'), ('GNOME_TERMINAL_SCREEN', '/org/gnome/Terminal/screen/35028862_784e_43e0_b61d_ff9eaae70a80'), ('XDG_RUNTIME_DIR', '/run/user/1000'), ('DISPLAY', ':0'), ('LANG', 'en_US.UTF-8'), ('XDG_CURRENT_DESKTOP', 'ubuntu:GNOME'), ('LC_TELEPHONE', 'zh_CN.UTF-8'), ('XMODIFIERS', '@im=ibus'), ('XDG_SESSION_DESKTOP', 'ubuntu'), ('XAUTHORITY', '/run/user/1000/gdm/Xauthority'), ('LS_COLORS', 'rs=0:di=01;34:ln=01;36:mh=00:pi=40;33:so=01;35:do=01;35:bd=40;33;01:cd=40;33;01:or=40;31;01:mi=00:su=37;41:sg=30;43:ca=30;41:tw=30;42:ow=34;42:st=37;44:ex=01;32:*.tar=01;31:*.tgz=01;31:*.arc=01;31:*.arj=01;31:*.taz=01;31:*.lha=01;31:*.lz4=01;31:*.lzh=01;31:*.lzma=01;31:*.tlz=01;31:*.txz=01;31:*.tzo=01;31:*.t7z=01;31:*.zip=01;31:*.z=01;31:*.dz=01;31:*.gz=01;31:*.lrz=01;31:*.lz=01;31:*.lzo=01;31:*.xz=01;31:*.zst=01;31:*.tzst=01;31:*.bz2=01;31:*.bz=01;31:*.tbz=01;31:*.tbz2=01;31:*.tz=01;31:*.deb=01;31:*.rpm=01;31:*.jar=01;31:*.war=01;31:*.ear=01;31:*.sar=01;31:*.rar=01;31:*.alz=01;31:*.ace=01;31:*.zoo=01;31:*.cpio=01;31:*.7z=01;31:*.rz=01;31:*.cab=01;31:*.wim=01;31:*.swm=01;31:*.dwm=01;31:*.esd=01;31:*.jpg=01;35:*.jpeg=01;35:*.mjpg=01;35:*.mjpeg=01;35:*.gif=01;35:*.bmp=01;35:*.pbm=01;35:*.pgm=01;35:*.ppm=01;35:*.tga=01;35:*.xbm=01;35:*.xpm=01;35:*.tif=01;35:*.tiff=01;35:*.png=01;35:*.svg=01;35:*.svgz=01;35:*.mng=01;35:*.pcx=01;35:*.mov=01;35:*.mpg=01;35:*.mpeg=01;35:*.m2v=01;35:*.mkv=01;35:*.webm=01;35:*.ogm=01;35:*.mp4=01;35:*.m4v=01;35:*.mp4v=01;35:*.vob=01;35:*.qt=01;35:*.nuv=01;35:*.wmv=01;35:*.asf=01;35:*.rm=01;35:*.rmvb=01;35:*.flc=01;35:*.avi=01;35:*.fli=01;35:*.flv=01;35:*.gl=01;35:*.dl=01;35:*.xcf=01;35:*.xwd=01;35:*.yuv=01;35:*.cgm=01;35:*.emf=01;35:*.ogv=01;35:*.ogx=01;35:*.aac=00;36:*.au=00;36:*.flac=00;36:*.m4a=00;36:*.mid=00;36:*.midi=00;36:*.mka=00;36:*.mp3=00;36:*.mpc=00;36:*.ogg=00;36:*.ra=00;36:*.wav=00;36:*.oga=00;36:*.opus=00;36:*.spx=00;36:*.xspf=00;36:'), ('GNOME_TERMINAL_SERVICE', ':1.81'), ('SSH_AUTH_SOCK', '/run/user/1000/keyring/ssh'), ('ROS_DOMAIN_ID', '0'), ('AMENT_PREFIX_PATH', '/home/ysc/lite_cog_ros2/fast_gicp/install/fast_gicp:/home/ysc/lite_cog_ros2/ndt_omp/install/ndt_omp:/opt/ros/foxy'), ('SHELL', '/bin/bash'), ('LC_NAME', 'zh_CN.UTF-8'), ('QT_ACCESSIBILITY', '1'), ('GDMSESSION', 'ubuntu'), ('LESSCLOSE', '/usr/bin/lesspipe %s %s'), ('LC_MEASUREMENT', 'zh_CN.UTF-8'), ('GPG_AGENT_INFO', '/run/user/1000/gnupg/S.gpg-agent:0:1'), ('GJS_DEBUG_OUTPUT', 'stderr'), ('LC_IDENTIFICATION', 'zh_CN.UTF-8'), ('QT_IM_MODULE', 'ibus'), ('PWD', '/home/ysc/lite_cog_ros2/nav/build/dr_nav2'), ('LC_ALL', 'en_US.UTF-8'), ('XDG_CONFIG_DIRS', '/etc/xdg/xdg-ubuntu:/etc/xdg'), ('XDG_DATA_DIRS', '/usr/share/ubuntu:/usr/local/share/:/usr/share/:/var/lib/snapd/desktop'), ('PYTHONPATH', '/opt/ros/foxy/lib/python3.8/site-packages'), ('LC_NUMERIC', 'zh_CN.UTF-8'), ('LC_PAPER', 'zh_CN.UTF-8'), ('COLCON', '1'), ('VTE_VERSION', '6003'), ('CMAKE_PREFIX_PATH', '/home/ysc/lite_cog_ros2/fast_gicp/install/fast_gicp:/home/ysc/lite_cog_ros2/ndt_omp/install/ndt_omp:/opt/ros/foxy')]), 'shell': False}
[0.870524] (sensor_test) CommandEnded: {'returncode': 0}
[0.914249] (dr_nav2) StdoutLine: {'line': b'-- Install configuration: ""\n'}
[0.916597] (-) TimerEvent: {}
[0.918159] (dr_nav2) StdoutLine: {'line': b'-- Execute custom install script\n'}
[0.924859] (dr_nav2) StdoutLine: {'line': b'-- Up-to-date symlink: /home/ysc/lite_cog_ros2/nav/install/dr_nav2/share/dr_nav2/config/lite_nav2.yaml\n'}
[0.930116] (dr_nav2) StdoutLine: {'line': b'-- Up-to-date symlink: /home/ysc/lite_cog_ros2/nav/install/dr_nav2/share/dr_nav2/launch/dr_nav2.launch.py\n'}
[0.933156] (dr_nav2) StdoutLine: {'line': b'-- Up-to-date symlink: /home/ysc/lite_cog_ros2/nav/install/dr_nav2/share/dr_nav2/rviz/dr_nav2.rviz\n'}
[0.941125] (dr_nav2) StdoutLine: {'line': b'-- Up-to-date symlink: /home/ysc/lite_cog_ros2/nav/install/dr_nav2/share/ament_index/resource_index/package_run_dependencies/dr_nav2\n'}
[0.946209] (dr_nav2) StdoutLine: {'line': b'-- Up-to-date symlink: /home/ysc/lite_cog_ros2/nav/install/dr_nav2/share/ament_index/resource_index/parent_prefix_path/dr_nav2\n'}
[0.947258] (dr_nav2) StdoutLine: {'line': b'-- Up-to-date symlink: /home/ysc/lite_cog_ros2/nav/install/dr_nav2/share/dr_nav2/environment/ament_prefix_path.sh\n'}
[0.947812] (dr_nav2) StdoutLine: {'line': b'-- Up-to-date symlink: /home/ysc/lite_cog_ros2/nav/install/dr_nav2/share/dr_nav2/environment/ament_prefix_path.dsv\n'}
[0.949148] (dr_nav2) StdoutLine: {'line': b'-- Up-to-date symlink: /home/ysc/lite_cog_ros2/nav/install/dr_nav2/share/dr_nav2/environment/path.sh\n'}
[0.951995] (dr_nav2) StdoutLine: {'line': b'-- Up-to-date symlink: /home/ysc/lite_cog_ros2/nav/install/dr_nav2/share/dr_nav2/environment/path.dsv\n'}
[0.954068] (dr_nav2) StdoutLine: {'line': b'-- Up-to-date symlink: /home/ysc/lite_cog_ros2/nav/install/dr_nav2/share/dr_nav2/local_setup.bash\n'}
[0.956014] (dr_nav2) StdoutLine: {'line': b'-- Up-to-date symlink: /home/ysc/lite_cog_ros2/nav/install/dr_nav2/share/dr_nav2/local_setup.sh\n'}
[0.960092] (dr_nav2) StdoutLine: {'line': b'-- Up-to-date symlink: /home/ysc/lite_cog_ros2/nav/install/dr_nav2/share/dr_nav2/local_setup.zsh\n'}
[0.962182] (dr_nav2) StdoutLine: {'line': b'-- Up-to-date symlink: /home/ysc/lite_cog_ros2/nav/install/dr_nav2/share/dr_nav2/local_setup.dsv\n'}
[0.964115] (dr_nav2) StdoutLine: {'line': b'-- Symlinking: /home/ysc/lite_cog_ros2/nav/install/dr_nav2/share/dr_nav2/package.dsv\n'}
[0.965648] (hdl_global_localization) StdoutLine: {'line': b'[ 12%] Built target hdl_global_localization_engines\n'}
[1.016891] (-) TimerEvent: {}
[1.030047] (dr_nav2) StdoutLine: {'line': b'-- Up-to-date symlink: /home/ysc/lite_cog_ros2/nav/install/dr_nav2/share/ament_index/resource_index/packages/dr_nav2\n'}
[1.032682] (dr_nav2) StdoutLine: {'line': b'-- Up-to-date symlink: /home/ysc/lite_cog_ros2/nav/install/dr_nav2/share/dr_nav2/cmake/dr_nav2Config.cmake\n'}
[1.034133] (dr_nav2) StdoutLine: {'line': b'-- Up-to-date symlink: /home/ysc/lite_cog_ros2/nav/install/dr_nav2/share/dr_nav2/cmake/dr_nav2Config-version.cmake\n'}
[1.035997] (dr_nav2) StdoutLine: {'line': b'-- Up-to-date symlink: /home/ysc/lite_cog_ros2/nav/install/dr_nav2/share/dr_nav2/package.xml\n'}
[1.048618] (dr_nav2) CommandEnded: {'returncode': 0}
[1.226567] (hdl_global_localization) StdoutLine: {'line': b'[ 20%] Built target hdl_global_localization__rosidl_generator_c\n'}
[1.229945] (-) TimerEvent: {}
[1.312097] (sensor_test) JobProgress: {'identifier': 'sensor_test', 'progress': 'install'}
[1.314741] (sensor_test) Command: {'cmd': ['/usr/bin/cmake', '--install', '/home/ysc/lite_cog_ros2/nav/build/sensor_test'], 'cwd': '/home/ysc/lite_cog_ros2/nav/build/sensor_test', 'env': OrderedDict([('GJS_DEBUG_TOPICS', 'JS ERROR;JS LOG'), ('LESSOPEN', '| /usr/bin/lesspipe %s'), ('USER', 'ysc'), ('LC_TIME', 'zh_CN.UTF-8'), ('SSH_AGENT_PID', '1935'), ('XDG_SESSION_TYPE', 'x11'), ('SHLVL', '1'), ('LD_LIBRARY_PATH', '/home/ysc/lite_cog_ros2/fast_gicp/install/fast_gicp/lib:/home/ysc/lite_cog_ros2/ndt_omp/install/ndt_omp/lib:/usr/lib/aarch64-linux-gnu/gazebo-11/plugins:/opt/ros/foxy/opt/yaml_cpp_vendor/lib:/opt/ros/foxy/opt/rviz_ogre_vendor/lib:/opt/ros/foxy/lib/aarch64-linux-gnu:/opt/ros/foxy/lib:/usr/local/cuda-11.4/lib64:'), ('HOME', '/home/ysc'), ('OLDPWD', '/home/ysc/lite_cog_ros2/system/scripts/nav'), ('DESKTOP_SESSION', 'ubuntu'), ('ROS_PYTHON_VERSION', '3'), ('GNOME_SHELL_SESSION_MODE', 'ubuntu'), ('GTK_MODULES', 'gail:atk-bridge'), ('LC_MONETARY', 'zh_CN.UTF-8'), ('MANAGERPID', '1397'), ('ROS_LOG_DIR', '/home/ysc/lite_cog_ros2/system/log'), ('DBUS_SESSION_BUS_ADDRESS', 'unix:path=/run/user/1000/bus'), ('COLORTERM', 'truecolor'), ('_colcon_cd_root', '/opt/ros/foxy/'), ('IM_CONFIG_PHASE', '1'), ('COLCON_PREFIX_PATH', '/home/ysc/lite_cog_ros2/fast_gicp/install:/home/ysc/lite_cog_ros2/ndt_omp/install'), ('ROS_DISTRO', 'foxy'), ('LOGNAME', 'ysc'), ('JOURNAL_STREAM', '8:47729'), ('_', '/usr/bin/colcon'), ('ROS_VERSION', '2'), ('XDG_SESSION_CLASS', 'user'), ('USERNAME', 'ysc'), ('TERM', 'xterm-256color'), ('GNOME_DESKTOP_SESSION_ID', 'this-is-deprecated'), ('ROS_LOCALHOST_ONLY', '0'), ('WINDOWPATH', '2'), ('PATH', '/opt/ros/foxy/bin:/usr/local/cuda-11.4/bin:/home/ysc/.local/bin:/usr/local/sbin:/usr/local/bin:/usr/sbin:/usr/bin:/sbin:/bin:/usr/games:/usr/local/games:/snap/bin'), ('SESSION_MANAGER', 'local/lite:@/tmp/.ICE-unix/2068,unix/lite:/tmp/.ICE-unix/2068'), ('FASTRTPS_DEFAULT_PROFILES_FILE', '/home/ysc/lite_cog_ros2/system/fastdds_profile.xml'), ('INVOCATION_ID', '0484f74e356a467b8aeeb47d6652837a'), ('XDG_MENU_PREFIX', 'gnome-'), ('LC_ADDRESS', 'zh_CN.UTF-8'), ('GNOME_TERMINAL_SCREEN', '/org/gnome/Terminal/screen/35028862_784e_43e0_b61d_ff9eaae70a80'), ('XDG_RUNTIME_DIR', '/run/user/1000'), ('DISPLAY', ':0'), ('LANG', 'en_US.UTF-8'), ('XDG_CURRENT_DESKTOP', 'ubuntu:GNOME'), ('LC_TELEPHONE', 'zh_CN.UTF-8'), ('XMODIFIERS', '@im=ibus'), ('XDG_SESSION_DESKTOP', 'ubuntu'), ('XAUTHORITY', '/run/user/1000/gdm/Xauthority'), ('LS_COLORS', 'rs=0:di=01;34:ln=01;36:mh=00:pi=40;33:so=01;35:do=01;35:bd=40;33;01:cd=40;33;01:or=40;31;01:mi=00:su=37;41:sg=30;43:ca=30;41:tw=30;42:ow=34;42:st=37;44:ex=01;32:*.tar=01;31:*.tgz=01;31:*.arc=01;31:*.arj=01;31:*.taz=01;31:*.lha=01;31:*.lz4=01;31:*.lzh=01;31:*.lzma=01;31:*.tlz=01;31:*.txz=01;31:*.tzo=01;31:*.t7z=01;31:*.zip=01;31:*.z=01;31:*.dz=01;31:*.gz=01;31:*.lrz=01;31:*.lz=01;31:*.lzo=01;31:*.xz=01;31:*.zst=01;31:*.tzst=01;31:*.bz2=01;31:*.bz=01;31:*.tbz=01;31:*.tbz2=01;31:*.tz=01;31:*.deb=01;31:*.rpm=01;31:*.jar=01;31:*.war=01;31:*.ear=01;31:*.sar=01;31:*.rar=01;31:*.alz=01;31:*.ace=01;31:*.zoo=01;31:*.cpio=01;31:*.7z=01;31:*.rz=01;31:*.cab=01;31:*.wim=01;31:*.swm=01;31:*.dwm=01;31:*.esd=01;31:*.jpg=01;35:*.jpeg=01;35:*.mjpg=01;35:*.mjpeg=01;35:*.gif=01;35:*.bmp=01;35:*.pbm=01;35:*.pgm=01;35:*.ppm=01;35:*.tga=01;35:*.xbm=01;35:*.xpm=01;35:*.tif=01;35:*.tiff=01;35:*.png=01;35:*.svg=01;35:*.svgz=01;35:*.mng=01;35:*.pcx=01;35:*.mov=01;35:*.mpg=01;35:*.mpeg=01;35:*.m2v=01;35:*.mkv=01;35:*.webm=01;35:*.ogm=01;35:*.mp4=01;35:*.m4v=01;35:*.mp4v=01;35:*.vob=01;35:*.qt=01;35:*.nuv=01;35:*.wmv=01;35:*.asf=01;35:*.rm=01;35:*.rmvb=01;35:*.flc=01;35:*.avi=01;35:*.fli=01;35:*.flv=01;35:*.gl=01;35:*.dl=01;35:*.xcf=01;35:*.xwd=01;35:*.yuv=01;35:*.cgm=01;35:*.emf=01;35:*.ogv=01;35:*.ogx=01;35:*.aac=00;36:*.au=00;36:*.flac=00;36:*.m4a=00;36:*.mid=00;36:*.midi=00;36:*.mka=00;36:*.mp3=00;36:*.mpc=00;36:*.ogg=00;36:*.ra=00;36:*.wav=00;36:*.oga=00;36:*.opus=00;36:*.spx=00;36:*.xspf=00;36:'), ('GNOME_TERMINAL_SERVICE', ':1.81'), ('SSH_AUTH_SOCK', '/run/user/1000/keyring/ssh'), ('ROS_DOMAIN_ID', '0'), ('AMENT_PREFIX_PATH', '/home/ysc/lite_cog_ros2/fast_gicp/install/fast_gicp:/home/ysc/lite_cog_ros2/ndt_omp/install/ndt_omp:/opt/ros/foxy'), ('SHELL', '/bin/bash'), ('LC_NAME', 'zh_CN.UTF-8'), ('QT_ACCESSIBILITY', '1'), ('GDMSESSION', 'ubuntu'), ('LESSCLOSE', '/usr/bin/lesspipe %s %s'), ('LC_MEASUREMENT', 'zh_CN.UTF-8'), ('GPG_AGENT_INFO', '/run/user/1000/gnupg/S.gpg-agent:0:1'), ('GJS_DEBUG_OUTPUT', 'stderr'), ('LC_IDENTIFICATION', 'zh_CN.UTF-8'), ('QT_IM_MODULE', 'ibus'), ('PWD', '/home/ysc/lite_cog_ros2/nav/build/sensor_test'), ('LC_ALL', 'en_US.UTF-8'), ('XDG_CONFIG_DIRS', '/etc/xdg/xdg-ubuntu:/etc/xdg'), ('XDG_DATA_DIRS', '/usr/share/ubuntu:/usr/local/share/:/usr/share/:/var/lib/snapd/desktop'), ('PYTHONPATH', '/opt/ros/foxy/lib/python3.8/site-packages'), ('LC_NUMERIC', 'zh_CN.UTF-8'), ('LC_PAPER', 'zh_CN.UTF-8'), ('COLCON', '1'), ('VTE_VERSION', '6003'), ('CMAKE_PREFIX_PATH', '/home/ysc/lite_cog_ros2/fast_gicp/install/fast_gicp:/home/ysc/lite_cog_ros2/ndt_omp/install/ndt_omp:/opt/ros/foxy')]), 'shell': False}
[1.335567] (-) TimerEvent: {}
[1.340109] (hdl_global_localization) StdoutLine: {'line': b'[ 22%] Built target hdl_global_localization__cpp\n'}
[1.385670] (sensor_test) StdoutLine: {'line': b'-- Install configuration: "RELEASE"\n'}
[1.388765] (sensor_test) StdoutLine: {'line': b'-- Execute custom install script\n'}
[1.394087] (sensor_test) StdoutLine: {'line': b'-- Up-to-date symlink: /home/ysc/lite_cog_ros2/nav/install/sensor_test/lib/sensor_test/sensor_test\n'}
[1.404893] (sensor_test) StdoutLine: {'line': b'-- Up-to-date symlink: /home/ysc/lite_cog_ros2/nav/install/sensor_test/lib/sensor_test/sensor_test\n'}
[1.409019] (sensor_test) StdoutLine: {'line': b'-- Up-to-date symlink: /home/ysc/lite_cog_ros2/nav/install/sensor_test/share/ament_index/resource_index/package_run_dependencies/sensor_test\n'}
[1.412064] (sensor_test) StdoutLine: {'line': b'-- Up-to-date symlink: /home/ysc/lite_cog_ros2/nav/install/sensor_test/share/ament_index/resource_index/parent_prefix_path/sensor_test\n'}
[1.413533] (sensor_test) StdoutLine: {'line': b'-- Up-to-date symlink: /home/ysc/lite_cog_ros2/nav/install/sensor_test/share/sensor_test/environment/ament_prefix_path.sh\n'}
[1.416131] (sensor_test) StdoutLine: {'line': b'-- Up-to-date symlink: /home/ysc/lite_cog_ros2/nav/install/sensor_test/share/sensor_test/environment/ament_prefix_path.dsv\n'}
[1.417900] (sensor_test) StdoutLine: {'line': b'-- Up-to-date symlink: /home/ysc/lite_cog_ros2/nav/install/sensor_test/share/sensor_test/environment/path.sh\n'}
[1.420957] (sensor_test) StdoutLine: {'line': b'-- Up-to-date symlink: /home/ysc/lite_cog_ros2/nav/install/sensor_test/share/sensor_test/environment/path.dsv\n'}
[1.422423] (sensor_test) StdoutLine: {'line': b'-- Up-to-date symlink: /home/ysc/lite_cog_ros2/nav/install/sensor_test/share/sensor_test/local_setup.bash\n'}
[1.423782] (sensor_test) StdoutLine: {'line': b'-- Up-to-date symlink: /home/ysc/lite_cog_ros2/nav/install/sensor_test/share/sensor_test/local_setup.sh\n'}
[1.425868] (sensor_test) StdoutLine: {'line': b'-- Up-to-date symlink: /home/ysc/lite_cog_ros2/nav/install/sensor_test/share/sensor_test/local_setup.zsh\n'}
[1.427613] (sensor_test) StdoutLine: {'line': b'-- Up-to-date symlink: /home/ysc/lite_cog_ros2/nav/install/sensor_test/share/sensor_test/local_setup.dsv\n'}
[1.429179] (sensor_test) StdoutLine: {'line': b'-- Symlinking: /home/ysc/lite_cog_ros2/nav/install/sensor_test/share/sensor_test/package.dsv\n'}
[1.436001] (-) TimerEvent: {}
[1.499071] (sensor_test) StdoutLine: {'line': b'-- Up-to-date symlink: /home/ysc/lite_cog_ros2/nav/install/sensor_test/share/ament_index/resource_index/packages/sensor_test\n'}
[1.501374] (sensor_test) StdoutLine: {'line': b'-- Up-to-date symlink: /home/ysc/lite_cog_ros2/nav/install/sensor_test/share/sensor_test/cmake/ament_cmake_export_dependencies-extras.cmake\n'}
[1.502320] (sensor_test) StdoutLine: {'line': b'-- Up-to-date symlink: /home/ysc/lite_cog_ros2/nav/install/sensor_test/share/sensor_test/cmake/sensor_testConfig.cmake\n'}
[1.502802] (sensor_test) StdoutLine: {'line': b'-- Up-to-date symlink: /home/ysc/lite_cog_ros2/nav/install/sensor_test/share/sensor_test/cmake/sensor_testConfig-version.cmake\n'}
[1.504839] (sensor_test) StdoutLine: {'line': b'-- Up-to-date symlink: /home/ysc/lite_cog_ros2/nav/install/sensor_test/share/sensor_test/package.xml\n'}
[1.525095] (dr_nav2) JobEnded: {'identifier': 'dr_nav2', 'rc': 0}
[1.539961] (sensor_test) CommandEnded: {'returncode': 0}
[1.543440] (-) TimerEvent: {}
[1.544041] (hdl_global_localization) StdoutLine: {'line': b'[ 31%] Built target hdl_global_localization__rosidl_typesupport_c\n'}
[1.644486] (-) TimerEvent: {}
[1.735514] (hdl_global_localization) StdoutLine: {'line': b'[ 39%] Built target hdl_global_localization__rosidl_typesupport_introspection_cpp\n'}
[1.744375] (-) TimerEvent: {}
[1.845066] (sensor_test) JobEnded: {'identifier': 'sensor_test', 'rc': 0}
[1.847382] (-) TimerEvent: {}
[1.948103] (-) TimerEvent: {}
[1.975152] (hdl_global_localization) StdoutLine: {'line': b'[ 48%] Built target hdl_global_localization__rosidl_typesupport_fastrtps_cpp\n'}
[2.048500] (-) TimerEvent: {}
[2.149515] (-) TimerEvent: {}
[2.161684] (hdl_global_localization) StdoutLine: {'line': b'[ 56%] Built target hdl_global_localization__rosidl_typesupport_cpp\n'}
[2.249759] (-) TimerEvent: {}
[2.350839] (-) TimerEvent: {}
[2.374552] (hdl_global_localization) StdoutLine: {'line': b'[ 65%] Built target hdl_global_localization__rosidl_typesupport_fastrtps_c\n'}
[2.451077] (-) TimerEvent: {}
[2.552207] (-) TimerEvent: {}
[2.581454] (hdl_global_localization) StdoutLine: {'line': b'[ 74%] Built target hdl_global_localization__rosidl_typesupport_introspection_c\n'}
[2.652433] (-) TimerEvent: {}
[2.732552] (hdl_global_localization) StdoutLine: {'line': b'[ 74%] Built target hdl_global_localization\n'}
[2.752681] (-) TimerEvent: {}
[2.853828] (-) TimerEvent: {}
[2.954939] (-) TimerEvent: {}
[3.004853] (hdl_global_localization) StdoutLine: {'line': b'[ 77%] Built target hdl_global_localization_test\n'}
[3.055196] (-) TimerEvent: {}
[3.156325] (-) TimerEvent: {}
[3.257490] (-) TimerEvent: {}
[3.271579] (hdl_global_localization) StdoutLine: {'line': b'[ 81%] Built target hdl_global_localization_node\n'}
[3.358836] (-) TimerEvent: {}
[3.439233] (hdl_global_localization) StdoutLine: {'line': b'[ 82%] Built target hdl_global_localization__py\n'}
[3.459136] (-) TimerEvent: {}
[3.563959] (-) TimerEvent: {}
[3.641590] (hdl_global_localization) StdoutLine: {'line': b'[ 89%] Built target hdl_global_localization__python\n'}
[3.664302] (-) TimerEvent: {}
[3.765648] (-) TimerEvent: {}
[3.833356] (hdl_global_localization) StdoutLine: {'line': b'[ 93%] Built target hdl_global_localization__rosidl_typesupport_c__pyext\n'}
[3.865870] (-) TimerEvent: {}
[3.966868] (-) TimerEvent: {}
[4.007823] (hdl_global_localization) StdoutLine: {'line': b'[ 96%] Built target hdl_global_localization__rosidl_typesupport_fastrtps_c__pyext\n'}
[4.067139] (-) TimerEvent: {}
[4.168386] (-) TimerEvent: {}
[4.198636] (hdl_global_localization) StdoutLine: {'line': b'[100%] Built target hdl_global_localization__rosidl_typesupport_introspection_c__pyext\n'}
[4.268637] (-) TimerEvent: {}
[4.291436] (hdl_global_localization) CommandEnded: {'returncode': 0}
[4.369577] (-) TimerEvent: {}
[4.471982] (-) TimerEvent: {}
[4.572955] (-) TimerEvent: {}
[4.674891] (-) TimerEvent: {}
[4.779484] (-) TimerEvent: {}
[4.881169] (-) TimerEvent: {}
[4.982110] (-) TimerEvent: {}
[5.083158] (-) TimerEvent: {}
[5.184714] (-) TimerEvent: {}
[5.244538] (hdl_global_localization) JobProgress: {'identifier': 'hdl_global_localization', 'progress': 'install'}
[5.257659] (hdl_global_localization) Command: {'cmd': ['/usr/bin/cmake', '--install', '/home/ysc/lite_cog_ros2/nav/build/hdl_global_localization'], 'cwd': '/home/ysc/lite_cog_ros2/nav/build/hdl_global_localization', 'env': OrderedDict([('GJS_DEBUG_TOPICS', 'JS ERROR;JS LOG'), ('LESSOPEN', '| /usr/bin/lesspipe %s'), ('USER', 'ysc'), ('LC_TIME', 'zh_CN.UTF-8'), ('SSH_AGENT_PID', '1935'), ('XDG_SESSION_TYPE', 'x11'), ('SHLVL', '1'), ('LD_LIBRARY_PATH', '/home/ysc/lite_cog_ros2/fast_gicp/install/fast_gicp/lib:/home/ysc/lite_cog_ros2/ndt_omp/install/ndt_omp/lib:/usr/lib/aarch64-linux-gnu/gazebo-11/plugins:/opt/ros/foxy/opt/yaml_cpp_vendor/lib:/opt/ros/foxy/opt/rviz_ogre_vendor/lib:/opt/ros/foxy/lib/aarch64-linux-gnu:/opt/ros/foxy/lib:/usr/local/cuda-11.4/lib64:'), ('HOME', '/home/ysc'), ('OLDPWD', '/home/ysc/lite_cog_ros2/system/scripts/nav'), ('DESKTOP_SESSION', 'ubuntu'), ('ROS_PYTHON_VERSION', '3'), ('GNOME_SHELL_SESSION_MODE', 'ubuntu'), ('GTK_MODULES', 'gail:atk-bridge'), ('LC_MONETARY', 'zh_CN.UTF-8'), ('MANAGERPID', '1397'), ('ROS_LOG_DIR', '/home/ysc/lite_cog_ros2/system/log'), ('DBUS_SESSION_BUS_ADDRESS', 'unix:path=/run/user/1000/bus'), ('COLORTERM', 'truecolor'), ('_colcon_cd_root', '/opt/ros/foxy/'), ('IM_CONFIG_PHASE', '1'), ('COLCON_PREFIX_PATH', '/home/ysc/lite_cog_ros2/fast_gicp/install:/home/ysc/lite_cog_ros2/ndt_omp/install'), ('ROS_DISTRO', 'foxy'), ('LOGNAME', 'ysc'), ('JOURNAL_STREAM', '8:47729'), ('_', '/usr/bin/colcon'), ('ROS_VERSION', '2'), ('XDG_SESSION_CLASS', 'user'), ('USERNAME', 'ysc'), ('TERM', 'xterm-256color'), ('GNOME_DESKTOP_SESSION_ID', 'this-is-deprecated'), ('ROS_LOCALHOST_ONLY', '0'), ('WINDOWPATH', '2'), ('PATH', '/opt/ros/foxy/bin:/usr/local/cuda-11.4/bin:/home/ysc/.local/bin:/usr/local/sbin:/usr/local/bin:/usr/sbin:/usr/bin:/sbin:/bin:/usr/games:/usr/local/games:/snap/bin'), ('SESSION_MANAGER', 'local/lite:@/tmp/.ICE-unix/2068,unix/lite:/tmp/.ICE-unix/2068'), ('FASTRTPS_DEFAULT_PROFILES_FILE', '/home/ysc/lite_cog_ros2/system/fastdds_profile.xml'), ('INVOCATION_ID', '0484f74e356a467b8aeeb47d6652837a'), ('XDG_MENU_PREFIX', 'gnome-'), ('LC_ADDRESS', 'zh_CN.UTF-8'), ('GNOME_TERMINAL_SCREEN', '/org/gnome/Terminal/screen/35028862_784e_43e0_b61d_ff9eaae70a80'), ('XDG_RUNTIME_DIR', '/run/user/1000'), ('DISPLAY', ':0'), ('LANG', 'en_US.UTF-8'), ('XDG_CURRENT_DESKTOP', 'ubuntu:GNOME'), ('LC_TELEPHONE', 'zh_CN.UTF-8'), ('XMODIFIERS', '@im=ibus'), ('XDG_SESSION_DESKTOP', 'ubuntu'), ('XAUTHORITY', '/run/user/1000/gdm/Xauthority'), ('LS_COLORS', 'rs=0:di=01;34:ln=01;36:mh=00:pi=40;33:so=01;35:do=01;35:bd=40;33;01:cd=40;33;01:or=40;31;01:mi=00:su=37;41:sg=30;43:ca=30;41:tw=30;42:ow=34;42:st=37;44:ex=01;32:*.tar=01;31:*.tgz=01;31:*.arc=01;31:*.arj=01;31:*.taz=01;31:*.lha=01;31:*.lz4=01;31:*.lzh=01;31:*.lzma=01;31:*.tlz=01;31:*.txz=01;31:*.tzo=01;31:*.t7z=01;31:*.zip=01;31:*.z=01;31:*.dz=01;31:*.gz=01;31:*.lrz=01;31:*.lz=01;31:*.lzo=01;31:*.xz=01;31:*.zst=01;31:*.tzst=01;31:*.bz2=01;31:*.bz=01;31:*.tbz=01;31:*.tbz2=01;31:*.tz=01;31:*.deb=01;31:*.rpm=01;31:*.jar=01;31:*.war=01;31:*.ear=01;31:*.sar=01;31:*.rar=01;31:*.alz=01;31:*.ace=01;31:*.zoo=01;31:*.cpio=01;31:*.7z=01;31:*.rz=01;31:*.cab=01;31:*.wim=01;31:*.swm=01;31:*.dwm=01;31:*.esd=01;31:*.jpg=01;35:*.jpeg=01;35:*.mjpg=01;35:*.mjpeg=01;35:*.gif=01;35:*.bmp=01;35:*.pbm=01;35:*.pgm=01;35:*.ppm=01;35:*.tga=01;35:*.xbm=01;35:*.xpm=01;35:*.tif=01;35:*.tiff=01;35:*.png=01;35:*.svg=01;35:*.svgz=01;35:*.mng=01;35:*.pcx=01;35:*.mov=01;35:*.mpg=01;35:*.mpeg=01;35:*.m2v=01;35:*.mkv=01;35:*.webm=01;35:*.ogm=01;35:*.mp4=01;35:*.m4v=01;35:*.mp4v=01;35:*.vob=01;35:*.qt=01;35:*.nuv=01;35:*.wmv=01;35:*.asf=01;35:*.rm=01;35:*.rmvb=01;35:*.flc=01;35:*.avi=01;35:*.fli=01;35:*.flv=01;35:*.gl=01;35:*.dl=01;35:*.xcf=01;35:*.xwd=01;35:*.yuv=01;35:*.cgm=01;35:*.emf=01;35:*.ogv=01;35:*.ogx=01;35:*.aac=00;36:*.au=00;36:*.flac=00;36:*.m4a=00;36:*.mid=00;36:*.midi=00;36:*.mka=00;36:*.mp3=00;36:*.mpc=00;36:*.ogg=00;36:*.ra=00;36:*.wav=00;36:*.oga=00;36:*.opus=00;36:*.spx=00;36:*.xspf=00;36:'), ('GNOME_TERMINAL_SERVICE', ':1.81'), ('SSH_AUTH_SOCK', '/run/user/1000/keyring/ssh'), ('ROS_DOMAIN_ID', '0'), ('AMENT_PREFIX_PATH', '/home/ysc/lite_cog_ros2/fast_gicp/install/fast_gicp:/home/ysc/lite_cog_ros2/ndt_omp/install/ndt_omp:/opt/ros/foxy'), ('SHELL', '/bin/bash'), ('LC_NAME', 'zh_CN.UTF-8'), ('QT_ACCESSIBILITY', '1'), ('GDMSESSION', 'ubuntu'), ('LESSCLOSE', '/usr/bin/lesspipe %s %s'), ('LC_MEASUREMENT', 'zh_CN.UTF-8'), ('GPG_AGENT_INFO', '/run/user/1000/gnupg/S.gpg-agent:0:1'), ('GJS_DEBUG_OUTPUT', 'stderr'), ('LC_IDENTIFICATION', 'zh_CN.UTF-8'), ('QT_IM_MODULE', 'ibus'), ('PWD', '/home/ysc/lite_cog_ros2/nav/build/hdl_global_localization'), ('LC_ALL', 'en_US.UTF-8'), ('XDG_CONFIG_DIRS', '/etc/xdg/xdg-ubuntu:/etc/xdg'), ('XDG_DATA_DIRS', '/usr/share/ubuntu:/usr/local/share/:/usr/share/:/var/lib/snapd/desktop'), ('PYTHONPATH', '/opt/ros/foxy/lib/python3.8/site-packages'), ('LC_NUMERIC', 'zh_CN.UTF-8'), ('LC_PAPER', 'zh_CN.UTF-8'), ('COLCON', '1'), ('VTE_VERSION', '6003'), ('CMAKE_PREFIX_PATH', '/home/ysc/lite_cog_ros2/fast_gicp/install/fast_gicp:/home/ysc/lite_cog_ros2/ndt_omp/install/ndt_omp:/opt/ros/foxy')]), 'shell': False}
[5.285163] (-) TimerEvent: {}
[5.337818] (hdl_global_localization) StdoutLine: {'line': b'-- Install configuration: ""\n'}
[5.342180] (hdl_global_localization) StdoutLine: {'line': b'-- Execute custom install script\n'}
[5.345322] (hdl_global_localization) StdoutLine: {'line': b'-- Up-to-date symlink: /home/ysc/lite_cog_ros2/nav/install/hdl_global_localization/share/ament_index/resource_index/rosidl_interfaces/hdl_global_localization\n'}
[5.350990] (hdl_global_localization) StdoutLine: {'line': b'-- Up-to-date symlink: /home/ysc/lite_cog_ros2/nav/install/hdl_global_localization/include/hdl_global_localization/msg/rosidl_generator_c__visibility_control.h\n'}
[5.352799] (hdl_global_localization) StdoutLine: {'line': b'-- Up-to-date symlink: /home/ysc/lite_cog_ros2/nav/install/hdl_global_localization/include/hdl_global_localization/srv/detail/query_global_localization__functions.h\n'}
[5.354425] (hdl_global_localization) StdoutLine: {'line': b'-- Up-to-date symlink: /home/ysc/lite_cog_ros2/nav/install/hdl_global_localization/include/hdl_global_localization/srv/detail/query_global_localization__struct.h\n'}
[5.355830] (hdl_global_localization) StdoutLine: {'line': b'-- Up-to-date symlink: /home/ysc/lite_cog_ros2/nav/install/hdl_global_localization/include/hdl_global_localization/srv/detail/query_global_localization__type_support.h\n'}
[5.357510] (hdl_global_localization) StdoutLine: {'line': b'-- Up-to-date symlink: /home/ysc/lite_cog_ros2/nav/install/hdl_global_localization/include/hdl_global_localization/srv/detail/set_global_localization_engine__functions.h\n'}
[5.359257] (hdl_global_localization) StdoutLine: {'line': b'-- Up-to-date symlink: /home/ysc/lite_cog_ros2/nav/install/hdl_global_localization/include/hdl_global_localization/srv/detail/set_global_localization_engine__struct.h\n'}
[5.361168] (hdl_global_localization) StdoutLine: {'line': b'-- Up-to-date symlink: /home/ysc/lite_cog_ros2/nav/install/hdl_global_localization/include/hdl_global_localization/srv/detail/set_global_localization_engine__type_support.h\n'}
[5.362592] (hdl_global_localization) StdoutLine: {'line': b'-- Up-to-date symlink: /home/ysc/lite_cog_ros2/nav/install/hdl_global_localization/include/hdl_global_localization/srv/detail/set_global_map__functions.h\n'}
[5.364308] (hdl_global_localization) StdoutLine: {'line': b'-- Up-to-date symlink: /home/ysc/lite_cog_ros2/nav/install/hdl_global_localization/include/hdl_global_localization/srv/detail/set_global_map__struct.h\n'}
[5.365884] (hdl_global_localization) StdoutLine: {'line': b'-- Up-to-date symlink: /home/ysc/lite_cog_ros2/nav/install/hdl_global_localization/include/hdl_global_localization/srv/detail/set_global_map__type_support.h\n'}
[5.367311] (hdl_global_localization) StdoutLine: {'line': b'-- Up-to-date symlink: /home/ysc/lite_cog_ros2/nav/install/hdl_global_localization/include/hdl_global_localization/srv/query_global_localization.h\n'}
[5.368878] (hdl_global_localization) StdoutLine: {'line': b'-- Up-to-date symlink: /home/ysc/lite_cog_ros2/nav/install/hdl_global_localization/include/hdl_global_localization/srv/set_global_localization_engine.h\n'}
[5.370498] (hdl_global_localization) StdoutLine: {'line': b'-- Up-to-date symlink: /home/ysc/lite_cog_ros2/nav/install/hdl_global_localization/include/hdl_global_localization/srv/set_global_map.h\n'}
[5.372628] (hdl_global_localization) StdoutLine: {'line': b'-- Up-to-date symlink: /home/ysc/lite_cog_ros2/nav/install/hdl_global_localization/share/hdl_global_localization/environment/library_path.sh\n'}
[5.374683] (hdl_global_localization) StdoutLine: {'line': b'-- Up-to-date symlink: /home/ysc/lite_cog_ros2/nav/install/hdl_global_localization/share/hdl_global_localization/environment/library_path.dsv\n'}
[5.380980] (hdl_global_localization) StdoutLine: {'line': b'-- Up-to-date symlink: /home/ysc/lite_cog_ros2/nav/install/hdl_global_localization/include/hdl_global_localization/msg/rosidl_typesupport_fastrtps_c__visibility_control.h\n'}
[5.382427] (hdl_global_localization) StdoutLine: {'line': b'-- Up-to-date symlink: /home/ysc/lite_cog_ros2/nav/install/hdl_global_localization/include/hdl_global_localization/srv/detail/query_global_localization__rosidl_typesupport_fastrtps_c.h\n'}
[5.383965] (hdl_global_localization) StdoutLine: {'line': b'-- Up-to-date symlink: /home/ysc/lite_cog_ros2/nav/install/hdl_global_localization/include/hdl_global_localization/srv/detail/set_global_localization_engine__rosidl_typesupport_fastrtps_c.h\n'}
[5.385178] (-) TimerEvent: {}
[5.385828] (hdl_global_localization) StdoutLine: {'line': b'-- Up-to-date symlink: /home/ysc/lite_cog_ros2/nav/install/hdl_global_localization/include/hdl_global_localization/srv/detail/set_global_map__rosidl_typesupport_fastrtps_c.h\n'}
[5.388359] (hdl_global_localization) StdoutLine: {'line': b'-- Up-to-date symlink: /home/ysc/lite_cog_ros2/nav/install/hdl_global_localization/lib/libhdl_global_localization__rosidl_typesupport_fastrtps_c.so\n'}
[5.394281] (hdl_global_localization) StdoutLine: {'line': b'-- Up-to-date symlink: /home/ysc/lite_cog_ros2/nav/install/hdl_global_localization/include/hdl_global_localization/msg/rosidl_typesupport_fastrtps_cpp__visibility_control.h\n'}
[5.395630] (hdl_global_localization) StdoutLine: {'line': b'-- Up-to-date symlink: /home/ysc/lite_cog_ros2/nav/install/hdl_global_localization/include/hdl_global_localization/srv/detail/query_global_localization__rosidl_typesupport_fastrtps_cpp.hpp\n'}
[5.397495] (hdl_global_localization) StdoutLine: {'line': b'-- Up-to-date symlink: /home/ysc/lite_cog_ros2/nav/install/hdl_global_localization/include/hdl_global_localization/srv/detail/set_global_localization_engine__rosidl_typesupport_fastrtps_cpp.hpp\n'}
[5.399182] (hdl_global_localization) StdoutLine: {'line': b'-- Up-to-date symlink: /home/ysc/lite_cog_ros2/nav/install/hdl_global_localization/include/hdl_global_localization/srv/detail/set_global_map__rosidl_typesupport_fastrtps_cpp.hpp\n'}
[5.402315] (hdl_global_localization) StdoutLine: {'line': b'-- Up-to-date symlink: /home/ysc/lite_cog_ros2/nav/install/hdl_global_localization/lib/libhdl_global_localization__rosidl_typesupport_fastrtps_cpp.so\n'}
[5.406829] (hdl_global_localization) StdoutLine: {'line': b'-- Up-to-date symlink: /home/ysc/lite_cog_ros2/nav/install/hdl_global_localization/include/hdl_global_localization/msg/rosidl_typesupport_introspection_c__visibility_control.h\n'}
[5.408411] (hdl_global_localization) StdoutLine: {'line': b'-- Up-to-date symlink: /home/ysc/lite_cog_ros2/nav/install/hdl_global_localization/include/hdl_global_localization/srv/detail/query_global_localization__rosidl_typesupport_introspection_c.h\n'}
[5.409880] (hdl_global_localization) StdoutLine: {'line': b'-- Up-to-date symlink: /home/ysc/lite_cog_ros2/nav/install/hdl_global_localization/include/hdl_global_localization/srv/detail/set_global_localization_engine__rosidl_typesupport_introspection_c.h\n'}
[5.411552] (hdl_global_localization) StdoutLine: {'line': b'-- Up-to-date symlink: /home/ysc/lite_cog_ros2/nav/install/hdl_global_localization/include/hdl_global_localization/srv/detail/set_global_map__rosidl_typesupport_introspection_c.h\n'}
[5.416766] (hdl_global_localization) StdoutLine: {'line': b'-- Up-to-date symlink: /home/ysc/lite_cog_ros2/nav/install/hdl_global_localization/include/hdl_global_localization/msg/rosidl_generator_cpp__visibility_control.hpp\n'}
[5.418363] (hdl_global_localization) StdoutLine: {'line': b'-- Up-to-date symlink: /home/ysc/lite_cog_ros2/nav/install/hdl_global_localization/include/hdl_global_localization/srv/detail/query_global_localization__builder.hpp\n'}
[5.420270] (hdl_global_localization) StdoutLine: {'line': b'-- Up-to-date symlink: /home/ysc/lite_cog_ros2/nav/install/hdl_global_localization/include/hdl_global_localization/srv/detail/query_global_localization__struct.hpp\n'}
[5.422379] (hdl_global_localization) StdoutLine: {'line': b'-- Up-to-date symlink: /home/ysc/lite_cog_ros2/nav/install/hdl_global_localization/include/hdl_global_localization/srv/detail/query_global_localization__traits.hpp\n'}
[5.423532] (hdl_global_localization) StdoutLine: {'line': b'-- Up-to-date symlink: /home/ysc/lite_cog_ros2/nav/install/hdl_global_localization/include/hdl_global_localization/srv/detail/query_global_localization__type_support.hpp\n'}
[5.425171] (hdl_global_localization) StdoutLine: {'line': b'-- Up-to-date symlink: /home/ysc/lite_cog_ros2/nav/install/hdl_global_localization/include/hdl_global_localization/srv/detail/set_global_localization_engine__builder.hpp\n'}
[5.427353] (hdl_global_localization) StdoutLine: {'line': b'-- Up-to-date symlink: /home/ysc/lite_cog_ros2/nav/install/hdl_global_localization/include/hdl_global_localization/srv/detail/set_global_localization_engine__struct.hpp\n'}
[5.428961] (hdl_global_localization) StdoutLine: {'line': b'-- Up-to-date symlink: /home/ysc/lite_cog_ros2/nav/install/hdl_global_localization/include/hdl_global_localization/srv/detail/set_global_localization_engine__traits.hpp\n'}
[5.430677] (hdl_global_localization) StdoutLine: {'line': b'-- Up-to-date symlink: /home/ysc/lite_cog_ros2/nav/install/hdl_global_localization/include/hdl_global_localization/srv/detail/set_global_localization_engine__type_support.hpp\n'}
[5.434086] (hdl_global_localization) StdoutLine: {'line': b'-- Up-to-date symlink: /home/ysc/lite_cog_ros2/nav/install/hdl_global_localization/include/hdl_global_localization/srv/detail/set_global_map__builder.hpp\n'}
[5.435673] (hdl_global_localization) StdoutLine: {'line': b'-- Up-to-date symlink: /home/ysc/lite_cog_ros2/nav/install/hdl_global_localization/include/hdl_global_localization/srv/detail/set_global_map__struct.hpp\n'}
[5.436606] (hdl_global_localization) StdoutLine: {'line': b'-- Up-to-date symlink: /home/ysc/lite_cog_ros2/nav/install/hdl_global_localization/include/hdl_global_localization/srv/detail/set_global_map__traits.hpp\n'}
[5.437590] (hdl_global_localization) StdoutLine: {'line': b'-- Up-to-date symlink: /home/ysc/lite_cog_ros2/nav/install/hdl_global_localization/include/hdl_global_localization/srv/detail/set_global_map__type_support.hpp\n'}
[5.439297] (hdl_global_localization) StdoutLine: {'line': b'-- Up-to-date symlink: /home/ysc/lite_cog_ros2/nav/install/hdl_global_localization/include/hdl_global_localization/srv/query_global_localization.hpp\n'}
[5.441708] (hdl_global_localization) StdoutLine: {'line': b'-- Up-to-date symlink: /home/ysc/lite_cog_ros2/nav/install/hdl_global_localization/include/hdl_global_localization/srv/set_global_localization_engine.hpp\n'}
[5.442836] (hdl_global_localization) StdoutLine: {'line': b'-- Up-to-date symlink: /home/ysc/lite_cog_ros2/nav/install/hdl_global_localization/include/hdl_global_localization/srv/set_global_map.hpp\n'}
[5.447274] (hdl_global_localization) StdoutLine: {'line': b'-- Up-to-date symlink: /home/ysc/lite_cog_ros2/nav/install/hdl_global_localization/include/hdl_global_localization/srv/detail/query_global_localization__rosidl_typesupport_introspection_cpp.hpp\n'}
[5.448894] (hdl_global_localization) StdoutLine: {'line': b'-- Up-to-date symlink: /home/ysc/lite_cog_ros2/nav/install/hdl_global_localization/include/hdl_global_localization/srv/detail/set_global_localization_engine__rosidl_typesupport_introspection_cpp.hpp\n'}
[5.450619] (hdl_global_localization) StdoutLine: {'line': b'-- Up-to-date symlink: /home/ysc/lite_cog_ros2/nav/install/hdl_global_localization/include/hdl_global_localization/srv/detail/set_global_map__rosidl_typesupport_introspection_cpp.hpp\n'}
[5.452864] (hdl_global_localization) StdoutLine: {'line': b'-- Up-to-date symlink: /home/ysc/lite_cog_ros2/nav/install/hdl_global_localization/share/hdl_global_localization/environment/pythonpath.sh\n'}
[5.455631] (hdl_global_localization) StdoutLine: {'line': b'-- Up-to-date symlink: /home/ysc/lite_cog_ros2/nav/install/hdl_global_localization/share/hdl_global_localization/environment/pythonpath.dsv\n'}
[5.457234] (hdl_global_localization) StdoutLine: {'line': b'-- Up-to-date symlink: /home/ysc/lite_cog_ros2/nav/install/hdl_global_localization/lib/python3.8/site-packages/hdl_global_localization/__init__.py\n'}
[5.463053] (hdl_global_localization) StdoutLine: {'line': b'-- Up-to-date symlink: /home/ysc/lite_cog_ros2/nav/install/hdl_global_localization/lib/python3.8/site-packages/hdl_global_localization/srv/__init__.py\n'}
[5.464446] (hdl_global_localization) StdoutLine: {'line': b'-- Up-to-date symlink: /home/ysc/lite_cog_ros2/nav/install/hdl_global_localization/lib/python3.8/site-packages/hdl_global_localization/srv/_query_global_localization.py\n'}
[5.466376] (hdl_global_localization) StdoutLine: {'line': b'-- Up-to-date symlink: /home/ysc/lite_cog_ros2/nav/install/hdl_global_localization/lib/python3.8/site-packages/hdl_global_localization/srv/_set_global_localization_engine.py\n'}
[5.468114] (hdl_global_localization) StdoutLine: {'line': b'-- Up-to-date symlink: /home/ysc/lite_cog_ros2/nav/install/hdl_global_localization/lib/python3.8/site-packages/hdl_global_localization/srv/_set_global_map.py\n'}
[5.473668] (hdl_global_localization) StdoutLine: {'line': b'-- Up-to-date symlink: /home/ysc/lite_cog_ros2/nav/install/hdl_global_localization/lib/python3.8/site-packages/hdl_global_localization/hdl_global_localization_s__rosidl_typesupport_fastrtps_c.cpython-38-aarch64-linux-gnu.so\n'}
[5.476528] (hdl_global_localization) StdoutLine: {'line': b'-- Up-to-date symlink: /home/ysc/lite_cog_ros2/nav/install/hdl_global_localization/lib/python3.8/site-packages/hdl_global_localization/hdl_global_localization_s__rosidl_typesupport_introspection_c.cpython-38-aarch64-linux-gnu.so\n'}
[5.479797] (hdl_global_localization) StdoutLine: {'line': b'-- Up-to-date symlink: /home/ysc/lite_cog_ros2/nav/install/hdl_global_localization/lib/python3.8/site-packages/hdl_global_localization/hdl_global_localization_s__rosidl_typesupport_c.cpython-38-aarch64-linux-gnu.so\n'}
[5.483183] (hdl_global_localization) StdoutLine: {'line': b'-- Up-to-date symlink: /home/ysc/lite_cog_ros2/nav/install/hdl_global_localization/lib/libhdl_global_localization__python.so\n'}
[5.485563] (hdl_global_localization) StdoutLine: {'line': b'-- Up-to-date symlink: /home/ysc/lite_cog_ros2/nav/install/hdl_global_localization/share/hdl_global_localization/srv/QueryGlobalLocalization.idl\n'}
[5.486244] (-) TimerEvent: {}
[5.487509] (hdl_global_localization) StdoutLine: {'line': b'-- Up-to-date symlink: /home/ysc/lite_cog_ros2/nav/install/hdl_global_localization/share/hdl_global_localization/srv/SetGlobalLocalizationEngine.idl\n'}
[5.491314] (hdl_global_localization) StdoutLine: {'line': b'-- Up-to-date symlink: /home/ysc/lite_cog_ros2/nav/install/hdl_global_localization/share/hdl_global_localization/srv/SetGlobalMap.idl\n'}
[5.494068] (hdl_global_localization) StdoutLine: {'line': b'-- Up-to-date symlink: /home/ysc/lite_cog_ros2/nav/install/hdl_global_localization/share/hdl_global_localization/srv/QueryGlobalLocalization.srv\n'}
[5.496480] (hdl_global_localization) StdoutLine: {'line': b'-- Up-to-date symlink: /home/ysc/lite_cog_ros2/nav/install/hdl_global_localization/share/hdl_global_localization/srv/QueryGlobalLocalization_Request.msg\n'}
[5.498959] (hdl_global_localization) StdoutLine: {'line': b'-- Up-to-date symlink: /home/ysc/lite_cog_ros2/nav/install/hdl_global_localization/share/hdl_global_localization/srv/QueryGlobalLocalization_Response.msg\n'}
[5.501118] (hdl_global_localization) StdoutLine: {'line': b'-- Up-to-date symlink: /home/ysc/lite_cog_ros2/nav/install/hdl_global_localization/share/hdl_global_localization/srv/SetGlobalLocalizationEngine.srv\n'}
[5.503544] (hdl_global_localization) StdoutLine: {'line': b'-- Up-to-date symlink: /home/ysc/lite_cog_ros2/nav/install/hdl_global_localization/share/hdl_global_localization/srv/SetGlobalLocalizationEngine_Request.msg\n'}
[5.505756] (hdl_global_localization) StdoutLine: {'line': b'-- Up-to-date symlink: /home/ysc/lite_cog_ros2/nav/install/hdl_global_localization/share/hdl_global_localization/srv/SetGlobalLocalizationEngine_Response.msg\n'}
[5.507713] (hdl_global_localization) StdoutLine: {'line': b'-- Up-to-date symlink: /home/ysc/lite_cog_ros2/nav/install/hdl_global_localization/share/hdl_global_localization/srv/SetGlobalMap.srv\n'}
[5.509674] (hdl_global_localization) StdoutLine: {'line': b'-- Up-to-date symlink: /home/ysc/lite_cog_ros2/nav/install/hdl_global_localization/share/hdl_global_localization/srv/SetGlobalMap_Request.msg\n'}
[5.511704] (hdl_global_localization) StdoutLine: {'line': b'-- Up-to-date symlink: /home/ysc/lite_cog_ros2/nav/install/hdl_global_localization/share/hdl_global_localization/srv/SetGlobalMap_Response.msg\n'}
[5.516298] (hdl_global_localization) StdoutLine: {'line': b'-- Up-to-date symlink: /home/ysc/lite_cog_ros2/nav/install/hdl_global_localization/share/hdl_global_localization/config/config.json\n'}
[5.517630] (hdl_global_localization) StdoutLine: {'line': b'-- Up-to-date symlink: /home/ysc/lite_cog_ros2/nav/install/hdl_global_localization/share/hdl_global_localization/config/config_base.json\n'}
[5.518918] (hdl_global_localization) StdoutLine: {'line': b'-- Up-to-date symlink: /home/ysc/lite_cog_ros2/nav/install/hdl_global_localization/share/hdl_global_localization/config/config_bbs.json\n'}
[5.520611] (hdl_global_localization) StdoutLine: {'line': b'-- Up-to-date symlink: /home/ysc/lite_cog_ros2/nav/install/hdl_global_localization/share/hdl_global_localization/config/ros1/bbs_config.yaml\n'}
[5.522682] (hdl_global_localization) StdoutLine: {'line': b'-- Up-to-date symlink: /home/ysc/lite_cog_ros2/nav/install/hdl_global_localization/share/hdl_global_localization/config/ros1/fpfh_config.yaml\n'}
[5.523459] (hdl_global_localization) StdoutLine: {'line': b'-- Up-to-date symlink: /home/ysc/lite_cog_ros2/nav/install/hdl_global_localization/share/hdl_global_localization/config/ros1/general_config.yaml\n'}
[5.524956] (hdl_global_localization) StdoutLine: {'line': b'-- Up-to-date symlink: /home/ysc/lite_cog_ros2/nav/install/hdl_global_localization/share/hdl_global_localization/config/ros1/ransac_config.yaml\n'}
[5.527145] (hdl_global_localization) StdoutLine: {'line': b'-- Up-to-date symlink: /home/ysc/lite_cog_ros2/nav/install/hdl_global_localization/share/hdl_global_localization/config/ros1/teaser_config.yaml\n'}
[5.528843] (hdl_global_localization) StdoutLine: {'line': b'-- Up-to-date symlink: /home/ysc/lite_cog_ros2/nav/install/hdl_global_localization/share/hdl_global_localization/config/test.rviz\n'}
[5.535909] (hdl_global_localization) StdoutLine: {'line': b'-- Up-to-date symlink: /home/ysc/lite_cog_ros2/nav/install/hdl_global_localization/include/hdl_global_localization/bbs/bbs_localization.hpp\n'}
[5.538546] (hdl_global_localization) StdoutLine: {'line': b'-- Up-to-date symlink: /home/ysc/lite_cog_ros2/nav/install/hdl_global_localization/include/hdl_global_localization/bbs/occupancy_gridmap.hpp\n'}
[5.539327] (hdl_global_localization) StdoutLine: {'line': b'-- Up-to-date symlink: /home/ysc/lite_cog_ros2/nav/install/hdl_global_localization/include/hdl_global_localization/engines/global_localization_bbs.hpp\n'}
[5.540861] (hdl_global_localization) StdoutLine: {'line': b'-- Up-to-date symlink: /home/ysc/lite_cog_ros2/nav/install/hdl_global_localization/include/hdl_global_localization/engines/global_localization_engine.hpp\n'}
[5.542890] (hdl_global_localization) StdoutLine: {'line': b'-- Up-to-date symlink: /home/ysc/lite_cog_ros2/nav/install/hdl_global_localization/include/hdl_global_localization/engines/global_localization_fpfh_ransac.hpp\n'}
[5.544370] (hdl_global_localization) StdoutLine: {'line': b'-- Up-to-date symlink: /home/ysc/lite_cog_ros2/nav/install/hdl_global_localization/include/hdl_global_localization/engines/global_localization_fpfh_teaser.hpp\n'}
[5.545726] (hdl_global_localization) StdoutLine: {'line': b'-- Up-to-date symlink: /home/ysc/lite_cog_ros2/nav/install/hdl_global_localization/include/hdl_global_localization/global_localization_results.hpp\n'}
[5.547309] (hdl_global_localization) StdoutLine: {'line': b'-- Up-to-date symlink: /home/ysc/lite_cog_ros2/nav/install/hdl_global_localization/include/hdl_global_localization/ransac/matching_cost_evaluater.hpp\n'}
[5.548966] (hdl_global_localization) StdoutLine: {'line': b'-- Up-to-date symlink: /home/ysc/lite_cog_ros2/nav/install/hdl_global_localization/include/hdl_global_localization/ransac/matching_cost_evaluater_flann.hpp\n'}
[5.550980] (hdl_global_localization) StdoutLine: {'line': b'-- Up-to-date symlink: /home/ysc/lite_cog_ros2/nav/install/hdl_global_localization/include/hdl_global_localization/ransac/matching_cost_evaluater_voxels.hpp\n'}
[5.552268] (hdl_global_localization) StdoutLine: {'line': b'-- Up-to-date symlink: /home/ysc/lite_cog_ros2/nav/install/hdl_global_localization/include/hdl_global_localization/ransac/ransac_pose_estimation.hpp\n'}
[5.553695] (hdl_global_localization) StdoutLine: {'line': b'-- Up-to-date symlink: /home/ysc/lite_cog_ros2/nav/install/hdl_global_localization/include/hdl_global_localization/ransac/voxelset.hpp\n'}
[5.555149] (hdl_global_localization) StdoutLine: {'line': b'-- Up-to-date symlink: /home/ysc/lite_cog_ros2/nav/install/hdl_global_localization/include/hdl_global_localization/util/config.hpp\n'}
[5.556747] (hdl_global_localization) StdoutLine: {'line': b'-- Up-to-date symlink: /home/ysc/lite_cog_ros2/nav/install/hdl_global_localization/include/hdl_global_localization/util/convert_to_string.hpp\n'}
[5.559676] (hdl_global_localization) StdoutLine: {'line': b'-- Up-to-date symlink: /home/ysc/lite_cog_ros2/nav/install/hdl_global_localization/lib/libhdl_global_localization_engines.so\n'}
[5.562605] (hdl_global_localization) StdoutLine: {'line': b'-- Up-to-date symlink: /home/ysc/lite_cog_ros2/nav/install/hdl_global_localization/lib/hdl_global_localization/hdl_global_localization_node\n'}
[5.564866] (hdl_global_localization) StdoutLine: {'line': b'-- Up-to-date symlink: /home/ysc/lite_cog_ros2/nav/install/hdl_global_localization/lib/hdl_global_localization/hdl_global_localization_test\n'}
[5.567015] (hdl_global_localization) StdoutLine: {'line': b'-- Up-to-date symlink: /home/ysc/lite_cog_ros2/nav/install/hdl_global_localization/share/ament_index/resource_index/package_run_dependencies/hdl_global_localization\n'}
[5.569184] (hdl_global_localization) StdoutLine: {'line': b'-- Up-to-date symlink: /home/ysc/lite_cog_ros2/nav/install/hdl_global_localization/share/ament_index/resource_index/parent_prefix_path/hdl_global_localization\n'}
[5.571262] (hdl_global_localization) StdoutLine: {'line': b'-- Up-to-date symlink: /home/ysc/lite_cog_ros2/nav/install/hdl_global_localization/share/hdl_global_localization/environment/ament_prefix_path.sh\n'}
[5.573374] (hdl_global_localization) StdoutLine: {'line': b'-- Up-to-date symlink: /home/ysc/lite_cog_ros2/nav/install/hdl_global_localization/share/hdl_global_localization/environment/ament_prefix_path.dsv\n'}
[5.575377] (hdl_global_localization) StdoutLine: {'line': b'-- Up-to-date symlink: /home/ysc/lite_cog_ros2/nav/install/hdl_global_localization/share/hdl_global_localization/environment/path.sh\n'}
[5.577352] (hdl_global_localization) StdoutLine: {'line': b'-- Up-to-date symlink: /home/ysc/lite_cog_ros2/nav/install/hdl_global_localization/share/hdl_global_localization/environment/path.dsv\n'}
[5.579328] (hdl_global_localization) StdoutLine: {'line': b'-- Up-to-date symlink: /home/ysc/lite_cog_ros2/nav/install/hdl_global_localization/share/hdl_global_localization/local_setup.bash\n'}
[5.581470] (hdl_global_localization) StdoutLine: {'line': b'-- Up-to-date symlink: /home/ysc/lite_cog_ros2/nav/install/hdl_global_localization/share/hdl_global_localization/local_setup.sh\n'}
[5.583571] (hdl_global_localization) StdoutLine: {'line': b'-- Up-to-date symlink: /home/ysc/lite_cog_ros2/nav/install/hdl_global_localization/share/hdl_global_localization/local_setup.zsh\n'}
[5.585351] (hdl_global_localization) StdoutLine: {'line': b'-- Up-to-date symlink: /home/ysc/lite_cog_ros2/nav/install/hdl_global_localization/share/hdl_global_localization/local_setup.dsv\n'}
[5.586406] (-) TimerEvent: {}
[5.587171] (hdl_global_localization) StdoutLine: {'line': b'-- Symlinking: /home/ysc/lite_cog_ros2/nav/install/hdl_global_localization/share/hdl_global_localization/package.dsv\n'}
[5.655674] (hdl_global_localization) StdoutLine: {'line': b'-- Up-to-date symlink: /home/ysc/lite_cog_ros2/nav/install/hdl_global_localization/share/ament_index/resource_index/packages/hdl_global_localization\n'}
[5.659415] (hdl_global_localization) StdoutLine: {'line': b'-- Up-to-date symlink: /home/ysc/lite_cog_ros2/nav/install/hdl_global_localization/share/hdl_global_localization/cmake/rosidl_cmake-extras.cmake\n'}
[5.667604] (hdl_global_localization) StdoutLine: {'line': b'-- Up-to-date symlink: /home/ysc/lite_cog_ros2/nav/install/hdl_global_localization/share/hdl_global_localization/cmake/ament_cmake_export_dependencies-extras.cmake\n'}
[5.671417] (hdl_global_localization) StdoutLine: {'line': b'-- Up-to-date symlink: /home/ysc/lite_cog_ros2/nav/install/hdl_global_localization/share/hdl_global_localization/cmake/ament_cmake_export_libraries-extras.cmake\n'}
[5.673555] (hdl_global_localization) StdoutLine: {'line': b'-- Up-to-date symlink: /home/ysc/lite_cog_ros2/nav/install/hdl_global_localization/share/hdl_global_localization/cmake/ament_cmake_export_targets-extras.cmake\n'}
[5.675569] (hdl_global_localization) StdoutLine: {'line': b'-- Up-to-date symlink: /home/ysc/lite_cog_ros2/nav/install/hdl_global_localization/share/hdl_global_localization/cmake/ament_cmake_export_include_directories-extras.cmake\n'}
[5.677594] (hdl_global_localization) StdoutLine: {'line': b'-- Up-to-date symlink: /home/ysc/lite_cog_ros2/nav/install/hdl_global_localization/share/hdl_global_localization/cmake/rosidl_cmake_export_typesupport_libraries-extras.cmake\n'}
[5.679554] (hdl_global_localization) StdoutLine: {'line': b'-- Up-to-date symlink: /home/ysc/lite_cog_ros2/nav/install/hdl_global_localization/share/hdl_global_localization/cmake/rosidl_cmake_export_typesupport_targets-extras.cmake\n'}
[5.681849] (hdl_global_localization) StdoutLine: {'line': b'-- Up-to-date symlink: /home/ysc/lite_cog_ros2/nav/install/hdl_global_localization/share/hdl_global_localization/cmake/hdl_global_localizationConfig.cmake\n'}
[5.683390] (hdl_global_localization) StdoutLine: {'line': b'-- Up-to-date symlink: /home/ysc/lite_cog_ros2/nav/install/hdl_global_localization/share/hdl_global_localization/cmake/hdl_global_localizationConfig-version.cmake\n'}
[5.685473] (hdl_global_localization) StdoutLine: {'line': b'-- Up-to-date symlink: /home/ysc/lite_cog_ros2/nav/install/hdl_global_localization/share/hdl_global_localization/package.xml\n'}
[5.686561] (-) TimerEvent: {}
[5.689097] (hdl_global_localization) StdoutLine: {'line': b'-- Up-to-date: /home/ysc/lite_cog_ros2/nav/install/hdl_global_localization/lib/libhdl_global_localization__rosidl_generator_c.so\n'}
[5.692632] (hdl_global_localization) StdoutLine: {'line': b'-- Up-to-date: /home/ysc/lite_cog_ros2/nav/install/hdl_global_localization/lib/libhdl_global_localization__rosidl_typesupport_introspection_c.so\n'}
[5.695836] (hdl_global_localization) StdoutLine: {'line': b'-- Up-to-date: /home/ysc/lite_cog_ros2/nav/install/hdl_global_localization/lib/libhdl_global_localization__rosidl_typesupport_c.so\n'}
[5.699284] (hdl_global_localization) StdoutLine: {'line': b'-- Up-to-date: /home/ysc/lite_cog_ros2/nav/install/hdl_global_localization/lib/libhdl_global_localization__rosidl_typesupport_introspection_cpp.so\n'}
[5.702958] (hdl_global_localization) StdoutLine: {'line': b'-- Up-to-date: /home/ysc/lite_cog_ros2/nav/install/hdl_global_localization/lib/libhdl_global_localization__rosidl_typesupport_cpp.so\n'}
[5.786856] (-) TimerEvent: {}
[5.887995] (-) TimerEvent: {}
[5.891591] (hdl_global_localization) StdoutLine: {'line': b'-- Up-to-date: /home/ysc/lite_cog_ros2/nav/install/hdl_global_localization/share/hdl_global_localization/cmake/hdl_global_localization__rosidl_generator_cExport.cmake\n'}
[5.892508] (hdl_global_localization) StdoutLine: {'line': b'-- Up-to-date: /home/ysc/lite_cog_ros2/nav/install/hdl_global_localization/share/hdl_global_localization/cmake/hdl_global_localization__rosidl_generator_cExport-noconfig.cmake\n'}
[5.893193] (hdl_global_localization) StdoutLine: {'line': b'-- Up-to-date: /home/ysc/lite_cog_ros2/nav/install/hdl_global_localization/share/hdl_global_localization/cmake/hdl_global_localization__rosidl_typesupport_introspection_cExport.cmake\n'}
[5.893827] (hdl_global_localization) StdoutLine: {'line': b'-- Up-to-date: /home/ysc/lite_cog_ros2/nav/install/hdl_global_localization/share/hdl_global_localization/cmake/hdl_global_localization__rosidl_typesupport_introspection_cExport-noconfig.cmake\n'}
[5.894656] (hdl_global_localization) StdoutLine: {'line': b'-- Up-to-date: /home/ysc/lite_cog_ros2/nav/install/hdl_global_localization/share/hdl_global_localization/cmake/hdl_global_localization__rosidl_typesupport_cExport.cmake\n'}
[5.895206] (hdl_global_localization) StdoutLine: {'line': b'-- Up-to-date: /home/ysc/lite_cog_ros2/nav/install/hdl_global_localization/share/hdl_global_localization/cmake/hdl_global_localization__rosidl_typesupport_cExport-noconfig.cmake\n'}
[5.896300] (hdl_global_localization) StdoutLine: {'line': b'-- Up-to-date: /home/ysc/lite_cog_ros2/nav/install/hdl_global_localization/share/hdl_global_localization/cmake/hdl_global_localization__rosidl_generator_cppExport.cmake\n'}
[5.898137] (hdl_global_localization) StdoutLine: {'line': b'-- Up-to-date: /home/ysc/lite_cog_ros2/nav/install/hdl_global_localization/share/hdl_global_localization/cmake/hdl_global_localization__rosidl_typesupport_introspection_cppExport.cmake\n'}
[5.898676] (hdl_global_localization) StdoutLine: {'line': b'-- Up-to-date: /home/ysc/lite_cog_ros2/nav/install/hdl_global_localization/share/hdl_global_localization/cmake/hdl_global_localization__rosidl_typesupport_introspection_cppExport-noconfig.cmake\n'}
[5.899848] (hdl_global_localization) StdoutLine: {'line': b'-- Up-to-date: /home/ysc/lite_cog_ros2/nav/install/hdl_global_localization/share/hdl_global_localization/cmake/hdl_global_localization__rosidl_typesupport_cppExport.cmake\n'}
[5.902033] (hdl_global_localization) StdoutLine: {'line': b'-- Up-to-date: /home/ysc/lite_cog_ros2/nav/install/hdl_global_localization/share/hdl_global_localization/cmake/hdl_global_localization__rosidl_typesupport_cppExport-noconfig.cmake\n'}
[5.913435] (hdl_global_localization) CommandEnded: {'returncode': 0}
[5.989364] (-) TimerEvent: {}
[6.094602] (-) TimerEvent: {}
[6.196121] (-) TimerEvent: {}
[6.297268] (-) TimerEvent: {}
[6.398287] (-) TimerEvent: {}
[6.501804] (-) TimerEvent: {}
[6.606653] (-) TimerEvent: {}
[6.710029] (-) TimerEvent: {}
[6.817142] (-) TimerEvent: {}
[6.918339] (-) TimerEvent: {}
[6.991759] (hdl_global_localization) JobEnded: {'identifier': 'hdl_global_localization', 'rc': 0}
[6.998542] (hdl_localization) JobStarted: {'identifier': 'hdl_localization'}
[7.018488] (-) TimerEvent: {}
[7.086385] (hdl_localization) JobProgress: {'identifier': 'hdl_localization', 'progress': 'cmake'}
[7.091133] (hdl_localization) Command: {'cmd': ['/usr/bin/cmake', '/home/ysc/lite_cog_ros2/nav/src/hdl_localization', '-DAMENT_CMAKE_SYMLINK_INSTALL=1', '-DCMAKE_INSTALL_PREFIX=/home/ysc/lite_cog_ros2/nav/install/hdl_localization'], 'cwd': '/home/ysc/lite_cog_ros2/nav/build/hdl_localization', 'env': OrderedDict([('GJS_DEBUG_TOPICS', 'JS ERROR;JS LOG'), ('LESSOPEN', '| /usr/bin/lesspipe %s'), ('USER', 'ysc'), ('LC_TIME', 'zh_CN.UTF-8'), ('SSH_AGENT_PID', '1935'), ('XDG_SESSION_TYPE', 'x11'), ('SHLVL', '1'), ('LD_LIBRARY_PATH', '/home/ysc/lite_cog_ros2/nav/install/hdl_global_localization/lib:/home/ysc/lite_cog_ros2/fast_gicp/install/fast_gicp/lib:/home/ysc/lite_cog_ros2/ndt_omp/install/ndt_omp/lib:/usr/lib/aarch64-linux-gnu/gazebo-11/plugins:/opt/ros/foxy/opt/yaml_cpp_vendor/lib:/opt/ros/foxy/opt/rviz_ogre_vendor/lib:/opt/ros/foxy/lib/aarch64-linux-gnu:/opt/ros/foxy/lib:/usr/local/cuda-11.4/lib64'), ('HOME', '/home/ysc'), ('OLDPWD', '/home/ysc/lite_cog_ros2/system/scripts/nav'), ('DESKTOP_SESSION', 'ubuntu'), ('ROS_PYTHON_VERSION', '3'), ('GNOME_SHELL_SESSION_MODE', 'ubuntu'), ('GTK_MODULES', 'gail:atk-bridge'), ('LC_MONETARY', 'zh_CN.UTF-8'), ('MANAGERPID', '1397'), ('ROS_LOG_DIR', '/home/ysc/lite_cog_ros2/system/log'), ('DBUS_SESSION_BUS_ADDRESS', 'unix:path=/run/user/1000/bus'), ('COLORTERM', 'truecolor'), ('_colcon_cd_root', '/opt/ros/foxy/'), ('IM_CONFIG_PHASE', '1'), ('COLCON_PREFIX_PATH', '/home/ysc/lite_cog_ros2/fast_gicp/install:/home/ysc/lite_cog_ros2/ndt_omp/install'), ('ROS_DISTRO', 'foxy'), ('LOGNAME', 'ysc'), ('JOURNAL_STREAM', '8:47729'), ('_', '/usr/bin/colcon'), ('ROS_VERSION', '2'), ('XDG_SESSION_CLASS', 'user'), ('USERNAME', 'ysc'), ('TERM', 'xterm-256color'), ('GNOME_DESKTOP_SESSION_ID', 'this-is-deprecated'), ('ROS_LOCALHOST_ONLY', '0'), ('WINDOWPATH', '2'), ('PATH', '/opt/ros/foxy/bin:/usr/local/cuda-11.4/bin:/home/ysc/.local/bin:/usr/local/sbin:/usr/local/bin:/usr/sbin:/usr/bin:/sbin:/bin:/usr/games:/usr/local/games:/snap/bin'), ('SESSION_MANAGER', 'local/lite:@/tmp/.ICE-unix/2068,unix/lite:/tmp/.ICE-unix/2068'), ('FASTRTPS_DEFAULT_PROFILES_FILE', '/home/ysc/lite_cog_ros2/system/fastdds_profile.xml'), ('INVOCATION_ID', '0484f74e356a467b8aeeb47d6652837a'), ('XDG_MENU_PREFIX', 'gnome-'), ('LC_ADDRESS', 'zh_CN.UTF-8'), ('GNOME_TERMINAL_SCREEN', '/org/gnome/Terminal/screen/35028862_784e_43e0_b61d_ff9eaae70a80'), ('XDG_RUNTIME_DIR', '/run/user/1000'), ('DISPLAY', ':0'), ('LANG', 'en_US.UTF-8'), ('XDG_CURRENT_DESKTOP', 'ubuntu:GNOME'), ('LC_TELEPHONE', 'zh_CN.UTF-8'), ('XMODIFIERS', '@im=ibus'), ('XDG_SESSION_DESKTOP', 'ubuntu'), ('XAUTHORITY', '/run/user/1000/gdm/Xauthority'), ('LS_COLORS', 'rs=0:di=01;34:ln=01;36:mh=00:pi=40;33:so=01;35:do=01;35:bd=40;33;01:cd=40;33;01:or=40;31;01:mi=00:su=37;41:sg=30;43:ca=30;41:tw=30;42:ow=34;42:st=37;44:ex=01;32:*.tar=01;31:*.tgz=01;31:*.arc=01;31:*.arj=01;31:*.taz=01;31:*.lha=01;31:*.lz4=01;31:*.lzh=01;31:*.lzma=01;31:*.tlz=01;31:*.txz=01;31:*.tzo=01;31:*.t7z=01;31:*.zip=01;31:*.z=01;31:*.dz=01;31:*.gz=01;31:*.lrz=01;31:*.lz=01;31:*.lzo=01;31:*.xz=01;31:*.zst=01;31:*.tzst=01;31:*.bz2=01;31:*.bz=01;31:*.tbz=01;31:*.tbz2=01;31:*.tz=01;31:*.deb=01;31:*.rpm=01;31:*.jar=01;31:*.war=01;31:*.ear=01;31:*.sar=01;31:*.rar=01;31:*.alz=01;31:*.ace=01;31:*.zoo=01;31:*.cpio=01;31:*.7z=01;31:*.rz=01;31:*.cab=01;31:*.wim=01;31:*.swm=01;31:*.dwm=01;31:*.esd=01;31:*.jpg=01;35:*.jpeg=01;35:*.mjpg=01;35:*.mjpeg=01;35:*.gif=01;35:*.bmp=01;35:*.pbm=01;35:*.pgm=01;35:*.ppm=01;35:*.tga=01;35:*.xbm=01;35:*.xpm=01;35:*.tif=01;35:*.tiff=01;35:*.png=01;35:*.svg=01;35:*.svgz=01;35:*.mng=01;35:*.pcx=01;35:*.mov=01;35:*.mpg=01;35:*.mpeg=01;35:*.m2v=01;35:*.mkv=01;35:*.webm=01;35:*.ogm=01;35:*.mp4=01;35:*.m4v=01;35:*.mp4v=01;35:*.vob=01;35:*.qt=01;35:*.nuv=01;35:*.wmv=01;35:*.asf=01;35:*.rm=01;35:*.rmvb=01;35:*.flc=01;35:*.avi=01;35:*.fli=01;35:*.flv=01;35:*.gl=01;35:*.dl=01;35:*.xcf=01;35:*.xwd=01;35:*.yuv=01;35:*.cgm=01;35:*.emf=01;35:*.ogv=01;35:*.ogx=01;35:*.aac=00;36:*.au=00;36:*.flac=00;36:*.m4a=00;36:*.mid=00;36:*.midi=00;36:*.mka=00;36:*.mp3=00;36:*.mpc=00;36:*.ogg=00;36:*.ra=00;36:*.wav=00;36:*.oga=00;36:*.opus=00;36:*.spx=00;36:*.xspf=00;36:'), ('GNOME_TERMINAL_SERVICE', ':1.81'), ('SSH_AUTH_SOCK', '/run/user/1000/keyring/ssh'), ('ROS_DOMAIN_ID', '0'), ('AMENT_PREFIX_PATH', '/home/ysc/lite_cog_ros2/nav/install/hdl_global_localization:/home/ysc/lite_cog_ros2/fast_gicp/install/fast_gicp:/home/ysc/lite_cog_ros2/ndt_omp/install/ndt_omp:/opt/ros/foxy'), ('SHELL', '/bin/bash'), ('LC_NAME', 'zh_CN.UTF-8'), ('QT_ACCESSIBILITY', '1'), ('GDMSESSION', 'ubuntu'), ('LESSCLOSE', '/usr/bin/lesspipe %s %s'), ('LC_MEASUREMENT', 'zh_CN.UTF-8'), ('GPG_AGENT_INFO', '/run/user/1000/gnupg/S.gpg-agent:0:1'), ('GJS_DEBUG_OUTPUT', 'stderr'), ('LC_IDENTIFICATION', 'zh_CN.UTF-8'), ('QT_IM_MODULE', 'ibus'), ('PWD', '/home/ysc/lite_cog_ros2/nav/build/hdl_localization'), ('LC_ALL', 'en_US.UTF-8'), ('XDG_CONFIG_DIRS', '/etc/xdg/xdg-ubuntu:/etc/xdg'), ('XDG_DATA_DIRS', '/usr/share/ubuntu:/usr/local/share/:/usr/share/:/var/lib/snapd/desktop'), ('PYTHONPATH', '/home/ysc/lite_cog_ros2/nav/install/hdl_global_localization/lib/python3.8/site-packages:/opt/ros/foxy/lib/python3.8/site-packages'), ('LC_NUMERIC', 'zh_CN.UTF-8'), ('LC_PAPER', 'zh_CN.UTF-8'), ('COLCON', '1'), ('VTE_VERSION', '6003'), ('CMAKE_PREFIX_PATH', '/home/ysc/lite_cog_ros2/nav/install/hdl_global_localization:/home/ysc/lite_cog_ros2/fast_gicp/install/fast_gicp:/home/ysc/lite_cog_ros2/ndt_omp/install/ndt_omp:/opt/ros/foxy')]), 'shell': False}
[7.118893] (-) TimerEvent: {}
[7.221150] (-) TimerEvent: {}
[7.322134] (-) TimerEvent: {}
[7.423186] (-) TimerEvent: {}
[7.524388] (-) TimerEvent: {}
[7.625670] (-) TimerEvent: {}
[7.686712] (hdl_localization) StdoutLine: {'line': b'-- The C compiler identification is GNU 9.4.0\n'}
[7.725923] (-) TimerEvent: {}
[7.826963] (-) TimerEvent: {}
[7.928005] (-) TimerEvent: {}
[8.144452] (-) TimerEvent: {}
[8.245500] (-) TimerEvent: {}
[8.264383] (hdl_localization) StdoutLine: {'line': b'-- The CXX compiler identification is GNU 9.4.0\n'}
[8.292602] (hdl_localization) StdoutLine: {'line': b'-- Check for working C compiler: /usr/bin/cc\n'}
[8.347456] (-) TimerEvent: {}
[8.449943] (-) TimerEvent: {}
[8.551565] (-) TimerEvent: {}
[8.653330] (-) TimerEvent: {}
[8.754379] (-) TimerEvent: {}
[8.855552] (-) TimerEvent: {}
[8.869631] (hdl_localization) StdoutLine: {'line': b'-- Check for working C compiler: /usr/bin/cc -- works\n'}
[8.874375] (hdl_localization) StdoutLine: {'line': b'-- Detecting C compiler ABI info\n'}
[8.955776] (-) TimerEvent: {}
[9.057253] (-) TimerEvent: {}
[9.158289] (-) TimerEvent: {}
[9.259380] (-) TimerEvent: {}
[9.361319] (-) TimerEvent: {}
[9.463317] (-) TimerEvent: {}
[9.475317] (hdl_localization) StdoutLine: {'line': b'-- Detecting C compiler ABI info - done\n'}
[9.547339] (hdl_localization) StdoutLine: {'line': b'-- Detecting C compile features\n'}
[9.550023] (hdl_localization) StdoutLine: {'line': b'-- Detecting C compile features - done\n'}
[9.563231] (-) TimerEvent: {}
[9.566307] (hdl_localization) StdoutLine: {'line': b'-- Check for working CXX compiler: /usr/bin/c++\n'}
[9.663475] (-) TimerEvent: {}
[9.764571] (-) TimerEvent: {}
[9.865539] (-) TimerEvent: {}
[9.966702] (-) TimerEvent: {}
[10.067767] (-) TimerEvent: {}
[10.168931] (-) TimerEvent: {}
[10.195868] (hdl_localization) StdoutLine: {'line': b'-- Check for working CXX compiler: /usr/bin/c++ -- works\n'}
[10.212361] (hdl_localization) StdoutLine: {'line': b'-- Detecting CXX compiler ABI info\n'}
[10.269184] (-) TimerEvent: {}
[10.370365] (-) TimerEvent: {}
[10.471506] (-) TimerEvent: {}
[10.572626] (-) TimerEvent: {}
[10.674284] (-) TimerEvent: {}
[10.775469] (-) TimerEvent: {}
[10.840672] (hdl_localization) StdoutLine: {'line': b'-- Detecting CXX compiler ABI info - done\n'}
[10.875689] (-) TimerEvent: {}
[10.903951] (hdl_localization) StdoutLine: {'line': b'-- Detecting CXX compile features\n'}
[10.906746] (hdl_localization) StdoutLine: {'line': b'-- Detecting CXX compile features - done\n'}
[10.921923] (hdl_localization) StdoutLine: {'line': b'-- Found ament_cmake_auto: 0.9.12 (/opt/ros/foxy/share/ament_cmake_auto/cmake)\n'}
[10.975918] (-) TimerEvent: {}
[11.076966] (-) TimerEvent: {}
[11.090879] (hdl_localization) StdoutLine: {'line': b'-- Found PythonInterp: /usr/bin/python3 (found suitable version "3.8.10", minimum required is "3") \n'}
[11.092008] (hdl_localization) StdoutLine: {'line': b'-- Using PYTHON_EXECUTABLE: /usr/bin/python3\n'}
[11.177181] (-) TimerEvent: {}
[11.278440] (-) TimerEvent: {}
[11.380413] (-) TimerEvent: {}
[11.481924] (-) TimerEvent: {}
[11.582889] (-) TimerEvent: {}
[11.683875] (-) TimerEvent: {}
[11.784917] (-) TimerEvent: {}
[11.885927] (-) TimerEvent: {}
[11.986876] (-) TimerEvent: {}
[12.087884] (-) TimerEvent: {}
[12.188891] (-) TimerEvent: {}
[12.281572] (hdl_localization) StdoutLine: {'line': b'-- Override CMake install command with custom implementation using symlinks instead of copying resources\n'}
[12.289050] (-) TimerEvent: {}
[12.390927] (-) TimerEvent: {}
[12.492385] (-) TimerEvent: {}
[12.593335] (-) TimerEvent: {}
[12.694405] (-) TimerEvent: {}
[12.795301] (-) TimerEvent: {}
[12.810175] (hdl_localization) StdoutLine: {'line': b'-- Using all available rosidl_typesupport_c: rosidl_typesupport_fastrtps_c;rosidl_typesupport_introspection_c\n'}
[12.855041] (hdl_localization) StdoutLine: {'line': b'-- Found rosidl_adapter: 1.3.1 (/opt/ros/foxy/share/rosidl_adapter/cmake)\n'}
[12.895675] (-) TimerEvent: {}
[12.998132] (-) TimerEvent: {}
[13.196098] (-) TimerEvent: {}
[13.297365] (-) TimerEvent: {}
[13.398340] (-) TimerEvent: {}
[13.499302] (-) TimerEvent: {}
[13.601376] (-) TimerEvent: {}
[13.705353] (-) TimerEvent: {}
[13.807226] (-) TimerEvent: {}
[13.836890] (hdl_localization) StdoutLine: {'line': b'-- Found OpenSSL: /usr/lib/aarch64-linux-gnu/libcrypto.so (found version "1.1.1f")  \n'}
[13.907141] (-) TimerEvent: {}
[14.008366] (-) TimerEvent: {}
[14.048304] (hdl_localization) StdoutLine: {'line': b'-- Found FastRTPS: /opt/ros/foxy/include  \n'}
[14.108617] (-) TimerEvent: {}
[14.209585] (-) TimerEvent: {}
[14.311187] (-) TimerEvent: {}
[14.412247] (-) TimerEvent: {}
[14.513237] (-) TimerEvent: {}
[14.526770] (hdl_localization) StdoutLine: {'line': b'-- Using all available rosidl_typesupport_cpp: rosidl_typesupport_fastrtps_cpp;rosidl_typesupport_introspection_cpp\n'}
[14.613477] (-) TimerEvent: {}
[14.714510] (-) TimerEvent: {}
[14.815524] (-) TimerEvent: {}
[14.916524] (-) TimerEvent: {}
[15.017504] (-) TimerEvent: {}
[15.035524] (hdl_localization) StdoutLine: {'line': b'-- Found rmw_implementation_cmake: 1.0.4 (/opt/ros/foxy/share/rmw_implementation_cmake/cmake)\n'}
[15.043275] (hdl_localization) StdoutLine: {'line': b"-- Using RMW implementation 'rmw_fastrtps_cpp' as default\n"}
[15.047614] (hdl_localization) StdoutLine: {'line': b'-- Looking for pthread.h\n'}
[15.117740] (-) TimerEvent: {}
[15.218767] (-) TimerEvent: {}
[15.319862] (-) TimerEvent: {}
[15.421529] (-) TimerEvent: {}
[15.522496] (-) TimerEvent: {}
[15.623636] (hdl_localization) StdoutLine: {'line': b'-- Looking for pthread.h - found\n'}
[15.624546] (-) TimerEvent: {}
[15.625276] (hdl_localization) StdoutLine: {'line': b'-- Performing Test CMAKE_HAVE_LIBC_PTHREAD\n'}
[15.724870] (-) TimerEvent: {}
[15.826087] (-) TimerEvent: {}
[15.927222] (-) TimerEvent: {}
[16.028411] (-) TimerEvent: {}
[16.129621] (-) TimerEvent: {}
[16.231163] (-) TimerEvent: {}
[16.332295] (-) TimerEvent: {}
[16.350927] (hdl_localization) StdoutLine: {'line': b'-- Performing Test CMAKE_HAVE_LIBC_PTHREAD - Failed\n'}
[16.353061] (hdl_localization) StdoutLine: {'line': b'-- Looking for pthread_create in pthreads\n'}
[16.432550] (-) TimerEvent: {}
[16.533682] (-) TimerEvent: {}
[16.634696] (-) TimerEvent: {}
[16.735713] (-) TimerEvent: {}
[16.836914] (-) TimerEvent: {}
[16.937772] (-) TimerEvent: {}
[16.989569] (hdl_localization) StdoutLine: {'line': b'-- Looking for pthread_create in pthreads - not found\n'}
[16.991258] (hdl_localization) StdoutLine: {'line': b'-- Looking for pthread_create in pthread\n'}
[17.038042] (-) TimerEvent: {}
[17.139259] (-) TimerEvent: {}
[17.240897] (-) TimerEvent: {}
[17.341900] (-) TimerEvent: {}
[17.442987] (-) TimerEvent: {}
[17.544090] (-) TimerEvent: {}
[17.567243] (hdl_localization) StdoutLine: {'line': b'-- Looking for pthread_create in pthread - found\n'}
[17.585926] (hdl_localization) StdoutLine: {'line': b'-- Found Threads: TRUE  \n'}
[17.644386] (-) TimerEvent: {}
[17.745431] (-) TimerEvent: {}
[17.846454] (-) TimerEvent: {}
[17.947475] (-) TimerEvent: {}
[18.048705] (-) TimerEvent: {}
[18.149708] (-) TimerEvent: {}
[18.293705] (-) TimerEvent: {}
[18.394753] (-) TimerEvent: {}
[18.495844] (-) TimerEvent: {}
[18.596959] (-) TimerEvent: {}
[18.697973] (-) TimerEvent: {}
[18.798983] (-) TimerEvent: {}
[18.899976] (-) TimerEvent: {}
[19.000918] (-) TimerEvent: {}
[19.101950] (-) TimerEvent: {}
[19.202994] (-) TimerEvent: {}
[19.304017] (-) TimerEvent: {}
[19.405073] (-) TimerEvent: {}
[19.505940] (-) TimerEvent: {}
[19.606925] (-) TimerEvent: {}
[19.707914] (-) TimerEvent: {}
[19.808983] (-) TimerEvent: {}
[19.909961] (-) TimerEvent: {}
[20.011483] (-) TimerEvent: {}
[20.112558] (-) TimerEvent: {}
[20.213665] (-) TimerEvent: {}
[20.314687] (-) TimerEvent: {}
[20.415810] (-) TimerEvent: {}
[20.516938] (-) TimerEvent: {}
[20.522479] (hdl_localization) StdoutLine: {'line': b'-- Found eigen3_cmake_module: 0.1.1 (/opt/ros/foxy/share/eigen3_cmake_module/cmake)\n'}
[20.542195] (hdl_localization) StdoutLine: {'line': b'-- Found Eigen3: TRUE (found version "3.3.7") \n'}
[20.617213] (-) TimerEvent: {}
[20.718497] (-) TimerEvent: {}
[20.819608] (-) TimerEvent: {}
[20.920913] (-) TimerEvent: {}
[21.022016] (-) TimerEvent: {}
[21.123163] (-) TimerEvent: {}
[21.224115] (-) TimerEvent: {}
[21.325164] (-) TimerEvent: {}
[21.426313] (-) TimerEvent: {}
[21.527372] (-) TimerEvent: {}
[21.628379] (-) TimerEvent: {}
[21.729549] (-) TimerEvent: {}
[21.831089] (-) TimerEvent: {}
[21.932754] (-) TimerEvent: {}
[22.033870] (-) TimerEvent: {}
[22.134950] (-) TimerEvent: {}
[22.157406] (hdl_localization) StdoutLine: {'line': b"-- Checking for module 'eigen3'\n"}
[22.235226] (-) TimerEvent: {}
[22.309752] (hdl_localization) StdoutLine: {'line': b'--   Found eigen3, version 3.3.7\n'}
[22.335480] (-) TimerEvent: {}
[22.436788] (-) TimerEvent: {}
[22.537868] (-) TimerEvent: {}
[22.639337] (-) TimerEvent: {}
[22.715789] (hdl_localization) StdoutLine: {'line': b'-- Found Eigen: /usr/include/eigen3 (Required is at least version "3.1") \n'}
[22.718173] (hdl_localization) StdoutLine: {'line': b'-- Eigen found (include: /usr/include/eigen3, version: 3.3.7)\n'}
[22.739539] (-) TimerEvent: {}
[22.840827] (-) TimerEvent: {}
[22.941794] (-) TimerEvent: {}
[23.042747] (-) TimerEvent: {}
[23.115937] (hdl_localization) StdoutLine: {'line': b"-- Checking for module 'flann'\n"}
[23.142980] (-) TimerEvent: {}
[23.243984] (-) TimerEvent: {}
[23.254525] (hdl_localization) StdoutLine: {'line': b'--   Found flann, version 1.9.1\n'}
[23.388742] (-) TimerEvent: {}
[23.489602] (-) TimerEvent: {}
[23.593878] (-) TimerEvent: {}
[23.680244] (hdl_localization) StdoutLine: {'line': b'-- Found FLANN: /usr/lib/aarch64-linux-gnu/libflann_cpp.so  \n'}
[23.693861] (-) TimerEvent: {}
[23.794823] (-) TimerEvent: {}
[23.895801] (-) TimerEvent: {}
[23.997790] (-) TimerEvent: {}
[24.077508] (hdl_localization) StdoutLine: {'line': b'-- The imported target "vtkParseOGLExt" references the file\n'}
[24.078263] (hdl_localization) StdoutLine: {'line': b'   "/usr/bin/vtkParseOGLExt-7.1"\n'}
[24.078772] (hdl_localization) StdoutLine: {'line': b'but this file does not exist.  Possible reasons include:\n'}
[24.079191] (hdl_localization) StdoutLine: {'line': b'* The file was deleted, renamed, or moved to another location.\n'}
[24.079588] (hdl_localization) StdoutLine: {'line': b'* An install or uninstall procedure did not complete successfully.\n'}
[24.080274] (hdl_localization) StdoutLine: {'line': b'* The installation package was faulty and contained\n'}
[24.081280] (hdl_localization) StdoutLine: {'line': b'   "/usr/lib/cmake/vtk-7.1/VTKTargets.cmake"\n'}
[24.081763] (hdl_localization) StdoutLine: {'line': b'but not all the files it references.\n'}
[24.082238] (hdl_localization) StdoutLine: {'line': b'\n'}
[24.085355] (hdl_localization) StdoutLine: {'line': b'-- The imported target "vtkRenderingPythonTkWidgets" references the file\n'}
[24.085953] (hdl_localization) StdoutLine: {'line': b'   "/usr/lib/aarch64-linux-gnu/libvtkRenderingPythonTkWidgets.so"\n'}
[24.086425] (hdl_localization) StdoutLine: {'line': b'but this file does not exist.  Possible reasons include:\n'}
[24.086811] (hdl_localization) StdoutLine: {'line': b'* The file was deleted, renamed, or moved to another location.\n'}
[24.087247] (hdl_localization) StdoutLine: {'line': b'* An install or uninstall procedure did not complete successfully.\n'}
[24.087653] (hdl_localization) StdoutLine: {'line': b'* The installation package was faulty and contained\n'}
[24.088017] (hdl_localization) StdoutLine: {'line': b'   "/usr/lib/cmake/vtk-7.1/VTKTargets.cmake"\n'}
[24.088653] (hdl_localization) StdoutLine: {'line': b'but not all the files it references.\n'}
[24.089031] (hdl_localization) StdoutLine: {'line': b'\n'}
[24.090201] (hdl_localization) StdoutLine: {'line': b'-- The imported target "vtk" references the file\n'}
[24.090663] (hdl_localization) StdoutLine: {'line': b'   "/usr/bin/vtk"\n'}
[24.091397] (hdl_localization) StdoutLine: {'line': b'but this file does not exist.  Possible reasons include:\n'}
[24.091860] (hdl_localization) StdoutLine: {'line': b'* The file was deleted, renamed, or moved to another location.\n'}
[24.092333] (hdl_localization) StdoutLine: {'line': b'* An install or uninstall procedure did not complete successfully.\n'}
[24.092785] (hdl_localization) StdoutLine: {'line': b'* The installation package was faulty and contained\n'}
[24.093182] (hdl_localization) StdoutLine: {'line': b'   "/usr/lib/cmake/vtk-7.1/VTKTargets.cmake"\n'}
[24.093551] (hdl_localization) StdoutLine: {'line': b'but not all the files it references.\n'}
[24.093990] (hdl_localization) StdoutLine: {'line': b'\n'}
[24.094347] (hdl_localization) StdoutLine: {'line': b'-- The imported target "pvtk" references the file\n'}
[24.094708] (hdl_localization) StdoutLine: {'line': b'   "/usr/bin/pvtk"\n'}
[24.095167] (hdl_localization) StdoutLine: {'line': b'but this file does not exist.  Possible reasons include:\n'}
[24.095540] (hdl_localization) StdoutLine: {'line': b'* The file was deleted, renamed, or moved to another location.\n'}
[24.095924] (hdl_localization) StdoutLine: {'line': b'* An install or uninstall procedure did not complete successfully.\n'}
[24.096421] (hdl_localization) StdoutLine: {'line': b'* The installation package was faulty and contained\n'}
[24.096803] (hdl_localization) StdoutLine: {'line': b'   "/usr/lib/cmake/vtk-7.1/VTKTargets.cmake"\n'}
[24.097194] (hdl_localization) StdoutLine: {'line': b'but not all the files it references.\n'}
[24.097622] (hdl_localization) StdoutLine: {'line': b'\n'}
[24.097972] (-) TimerEvent: {}
[24.198699] (-) TimerEvent: {}
[24.230318] (hdl_localization) StdoutLine: {'line': b"-- Checking for module 'libusb-1.0'\n"}
[24.298936] (-) TimerEvent: {}
[24.374102] (hdl_localization) StdoutLine: {'line': b'--   Found libusb-1.0, version 1.0.23\n'}
[24.399194] (-) TimerEvent: {}
[24.500389] (-) TimerEvent: {}
[24.603586] (-) TimerEvent: {}
[24.704731] (-) TimerEvent: {}
[24.805754] (-) TimerEvent: {}
[24.807311] (hdl_localization) StdoutLine: {'line': b'-- Found USB_10: /usr/lib/aarch64-linux-gnu/libusb-1.0.so  \n'}
[24.905964] (-) TimerEvent: {}
[25.007343] (-) TimerEvent: {}
[25.114296] (-) TimerEvent: {}
[25.218924] (-) TimerEvent: {}
[25.325315] (-) TimerEvent: {}
[25.426412] (hdl_localization) StdoutLine: {'line': b'-- OpenNI found (include: /usr/include/ni, lib: /usr/lib/libOpenNI.so)\n'}
[25.427347] (-) TimerEvent: {}
[25.528120] (-) TimerEvent: {}
[25.629276] (-) TimerEvent: {}
[25.730362] (-) TimerEvent: {}
[25.831640] (-) TimerEvent: {}
[25.932829] (-) TimerEvent: {}
[26.034431] (-) TimerEvent: {}
[26.049863] (hdl_localization) StdoutLine: {'line': b'-- OpenNI2 found (include: /usr/include/openni2, lib: /usr/lib/libOpenNI2.so)\n'}
[26.134645] (-) TimerEvent: {}
[26.135996] (hdl_localization) StdoutLine: {'line': b'-- Found libusb-1.0: /usr/include  \n'}
[26.173446] (hdl_localization) StdoutLine: {'line': b'-- OpenNI found (include: /usr/include/ni, lib: /usr/lib/libOpenNI.so)\n'}
[26.229598] (hdl_localization) StdoutLine: {'line': b'-- OpenNI2 found (include: /usr/include/openni2, lib: /usr/lib/libOpenNI2.so)\n'}
[26.234922] (-) TimerEvent: {}
[26.335982] (-) TimerEvent: {}
[26.409183] (hdl_localization) StdoutLine: {'line': b'-- Found Qhull: optimized;/usr/lib/aarch64-linux-gnu/libqhull.so;debug;/usr/lib/aarch64-linux-gnu/libqhull.so  \n'}
[26.411037] (hdl_localization) StdoutLine: {'line': b'-- QHULL found (include: /usr/include, lib: optimized;/usr/lib/aarch64-linux-gnu/libqhull.so;debug;/usr/lib/aarch64-linux-gnu/libqhull.so)\n'}
[26.436323] (-) TimerEvent: {}
[26.445566] (hdl_localization) StdoutLine: {'line': b'-- OpenNI found (include: /usr/include/ni, lib: /usr/lib/libOpenNI.so)\n'}
[26.532655] (hdl_localization) StdoutLine: {'line': b'-- Found PCL_COMMON: /usr/lib/aarch64-linux-gnu/libpcl_common.so  \n'}
[26.536504] (-) TimerEvent: {}
[26.540446] (hdl_localization) StdoutLine: {'line': b'-- Found PCL_KDTREE: /usr/lib/aarch64-linux-gnu/libpcl_kdtree.so  \n'}
[26.546981] (hdl_localization) StdoutLine: {'line': b'-- Found PCL_OCTREE: /usr/lib/aarch64-linux-gnu/libpcl_octree.so  \n'}
[26.553404] (hdl_localization) StdoutLine: {'line': b'-- Found PCL_SEARCH: /usr/lib/aarch64-linux-gnu/libpcl_search.so  \n'}
[26.559458] (hdl_localization) StdoutLine: {'line': b'-- Found PCL_SAMPLE_CONSENSUS: /usr/lib/aarch64-linux-gnu/libpcl_sample_consensus.so  \n'}
[26.565416] (hdl_localization) StdoutLine: {'line': b'-- Found PCL_FILTERS: /usr/lib/aarch64-linux-gnu/libpcl_filters.so  \n'}
[26.568420] (hdl_localization) StdoutLine: {'line': b'-- Found PCL_2D: /usr/include/pcl-1.10  \n'}
[26.571371] (hdl_localization) StdoutLine: {'line': b'-- Found PCL_GEOMETRY: /usr/include/pcl-1.10  \n'}
[26.578898] (hdl_localization) StdoutLine: {'line': b'-- Found PCL_IO: /usr/lib/aarch64-linux-gnu/libpcl_io.so  \n'}
[26.598972] (hdl_localization) StdoutLine: {'line': b'-- Found PCL_FEATURES: /usr/lib/aarch64-linux-gnu/libpcl_features.so  \n'}
[26.606795] (hdl_localization) StdoutLine: {'line': b'-- Found PCL_ML: /usr/lib/aarch64-linux-gnu/libpcl_ml.so  \n'}
[26.613086] (hdl_localization) StdoutLine: {'line': b'-- Found PCL_SEGMENTATION: /usr/lib/aarch64-linux-gnu/libpcl_segmentation.so  \n'}
[26.620262] (hdl_localization) StdoutLine: {'line': b'-- Found PCL_VISUALIZATION: /usr/lib/aarch64-linux-gnu/libpcl_visualization.so  \n'}
[26.627239] (hdl_localization) StdoutLine: {'line': b'-- Found PCL_SURFACE: /usr/lib/aarch64-linux-gnu/libpcl_surface.so  \n'}
[26.634028] (hdl_localization) StdoutLine: {'line': b'-- Found PCL_REGISTRATION: /usr/lib/aarch64-linux-gnu/libpcl_registration.so  \n'}
[26.636664] (-) TimerEvent: {}
[26.641264] (hdl_localization) StdoutLine: {'line': b'-- Found PCL_KEYPOINTS: /usr/lib/aarch64-linux-gnu/libpcl_keypoints.so  \n'}
[26.647839] (hdl_localization) StdoutLine: {'line': b'-- Found PCL_TRACKING: /usr/lib/aarch64-linux-gnu/libpcl_tracking.so  \n'}
[26.654876] (hdl_localization) StdoutLine: {'line': b'-- Found PCL_RECOGNITION: /usr/lib/aarch64-linux-gnu/libpcl_recognition.so  \n'}
[26.662461] (hdl_localization) StdoutLine: {'line': b'-- Found PCL_STEREO: /usr/lib/aarch64-linux-gnu/libpcl_stereo.so  \n'}
[26.668904] (hdl_localization) StdoutLine: {'line': b'-- Found PCL_APPS: /usr/lib/aarch64-linux-gnu/libpcl_apps.so  \n'}
[26.675380] (hdl_localization) StdoutLine: {'line': b'-- Found PCL_IN_HAND_SCANNER: /usr/include/pcl-1.10  \n'}
[26.682019] (hdl_localization) StdoutLine: {'line': b'-- Found PCL_POINT_CLOUD_EDITOR: /usr/include/pcl-1.10  \n'}
[26.700562] (hdl_localization) StdoutLine: {'line': b'-- Found PCL_OUTOFCORE: /usr/lib/aarch64-linux-gnu/libpcl_outofcore.so  \n'}
[26.707967] (hdl_localization) StdoutLine: {'line': b'-- Found PCL_PEOPLE: /usr/lib/aarch64-linux-gnu/libpcl_people.so  \n'}
[26.736870] (-) TimerEvent: {}
[26.837955] (-) TimerEvent: {}
[26.939046] (-) TimerEvent: {}
[27.040120] (-) TimerEvent: {}
[27.141166] (-) TimerEvent: {}
[27.242222] (-) TimerEvent: {}
[27.343187] (-) TimerEvent: {}
[27.444130] (-) TimerEvent: {}
[27.545203] (-) TimerEvent: {}
[27.646202] (-) TimerEvent: {}
[27.747275] (-) TimerEvent: {}
[27.848386] (-) TimerEvent: {}
[27.949371] (-) TimerEvent: {}
[28.050385] (-) TimerEvent: {}
[28.151469] (-) TimerEvent: {}
[28.252532] (-) TimerEvent: {}
[28.353577] (-) TimerEvent: {}
[28.496052] (-) TimerEvent: {}
[28.597139] (-) TimerEvent: {}
[28.698221] (-) TimerEvent: {}
[28.799445] (-) TimerEvent: {}
[28.900973] (-) TimerEvent: {}
[29.001909] (-) TimerEvent: {}
[29.102967] (-) TimerEvent: {}
[29.204057] (-) TimerEvent: {}
[29.305272] (-) TimerEvent: {}
[29.406637] (-) TimerEvent: {}
[29.507652] (-) TimerEvent: {}
[29.608675] (-) TimerEvent: {}
[29.709813] (-) TimerEvent: {}
[29.811498] (-) TimerEvent: {}
[29.913436] (-) TimerEvent: {}
[30.014449] (-) TimerEvent: {}
[30.115406] (-) TimerEvent: {}
[30.216538] (-) TimerEvent: {}
[30.317625] (-) TimerEvent: {}
[30.418639] (-) TimerEvent: {}
[30.519657] (-) TimerEvent: {}
[30.621719] (-) TimerEvent: {}
[30.723270] (-) TimerEvent: {}
[30.824568] (-) TimerEvent: {}
[30.925718] (-) TimerEvent: {}
[31.027985] (-) TimerEvent: {}
[31.036543] (hdl_localization) StdoutLine: {'line': b'-- Found OpenMP_C: -fopenmp (found version "4.5") \n'}
[31.127973] (-) TimerEvent: {}
[31.229291] (-) TimerEvent: {}
[31.330330] (-) TimerEvent: {}
[31.432666] (-) TimerEvent: {}
[31.533656] (-) TimerEvent: {}
[31.634700] (-) TimerEvent: {}
[31.723768] (hdl_localization) StdoutLine: {'line': b'-- Found OpenMP_CXX: -fopenmp (found version "4.5") \n'}
[31.727370] (hdl_localization) StdoutLine: {'line': b'-- Found OpenMP: TRUE (found version "4.5")  \n'}
[31.734896] (-) TimerEvent: {}
[31.835852] (-) TimerEvent: {}
[31.873660] (hdl_localization) StdoutLine: {'line': b'-- Found PythonInterp: /usr/bin/python3 (found version "3.8.10") \n'}
[31.936060] (-) TimerEvent: {}
[32.037059] (-) TimerEvent: {}
[32.137995] (-) TimerEvent: {}
[32.239977] (-) TimerEvent: {}
[32.344576] (-) TimerEvent: {}
[32.445669] (-) TimerEvent: {}
[32.546626] (-) TimerEvent: {}
[32.646204] (hdl_localization) StdoutLine: {'line': b'-- Found ament_cmake_ros: 0.9.2 (/opt/ros/foxy/share/ament_cmake_ros/cmake)\n'}
[32.647001] (-) TimerEvent: {}
[32.747725] (-) TimerEvent: {}
[32.848857] (-) TimerEvent: {}
[32.949811] (-) TimerEvent: {}
[33.051473] (-) TimerEvent: {}
[33.152619] (-) TimerEvent: {}
[33.253619] (-) TimerEvent: {}
[33.354645] (-) TimerEvent: {}
[33.455773] (-) TimerEvent: {}
[33.557020] (-) TimerEvent: {}
[33.658231] (-) TimerEvent: {}
[33.759452] (-) TimerEvent: {}
[33.860841] (-) TimerEvent: {}
[33.962023] (-) TimerEvent: {}
[34.063752] (-) TimerEvent: {}
[34.137951] (hdl_localization) StdoutLine: {'line': b'-- Using all available rosidl_typesupport_c: rosidl_typesupport_fastrtps_c;rosidl_typesupport_introspection_c\n'}
[34.163975] (-) TimerEvent: {}
[34.265145] (-) TimerEvent: {}
[34.366537] (-) TimerEvent: {}
[34.467604] (-) TimerEvent: {}
[34.568749] (-) TimerEvent: {}
[34.669798] (-) TimerEvent: {}
[34.770960] (-) TimerEvent: {}
[34.843110] (hdl_localization) StdoutLine: {'line': b'-- Using all available rosidl_typesupport_cpp: rosidl_typesupport_fastrtps_cpp;rosidl_typesupport_introspection_cpp\n'}
[34.871257] (-) TimerEvent: {}
[34.973217] (-) TimerEvent: {}
[35.015459] (hdl_localization) StdoutLine: {'line': b'-- Found PythonInterp: /usr/bin/python3 (found suitable version "3.8.10", minimum required is "3.5") \n'}
[35.031594] (hdl_localization) StdoutLine: {'line': b'-- Found python_cmake_module: 0.8.1 (/opt/ros/foxy/share/python_cmake_module/cmake)\n'}
[35.073328] (-) TimerEvent: {}
[35.174492] (-) TimerEvent: {}
[35.202388] (hdl_localization) StdoutLine: {'line': b'-- Found PythonLibs: /usr/lib/aarch64-linux-gnu/libpython3.8.so (found suitable version "3.8.10", minimum required is "3.5") \n'}
[35.203631] (hdl_localization) StdoutLine: {'line': b'-- Using PYTHON_EXECUTABLE: /usr/bin/python3\n'}
[35.204382] (hdl_localization) StdoutLine: {'line': b'-- Using PYTHON_INCLUDE_DIRS: /usr/include/python3.8\n'}
[35.204916] (hdl_localization) StdoutLine: {'line': b'-- Using PYTHON_LIBRARIES: /usr/lib/aarch64-linux-gnu/libpython3.8.so\n'}
[35.274692] (-) TimerEvent: {}
[35.335283] (hdl_localization) StdoutLine: {'line': b'-- Found PythonExtra: .so  \n'}
[35.374926] (-) TimerEvent: {}
[35.475896] (-) TimerEvent: {}
[35.576918] (-) TimerEvent: {}
[35.677928] (-) TimerEvent: {}
[35.779356] (-) TimerEvent: {}
[35.880694] (-) TimerEvent: {}
[35.982166] (-) TimerEvent: {}
[36.083153] (-) TimerEvent: {}
[36.184122] (-) TimerEvent: {}
[36.233049] (hdl_localization) StdoutLine: {'line': b'-- Configuring done\n'}
[36.284404] (-) TimerEvent: {}
[36.385404] (-) TimerEvent: {}
[36.486375] (-) TimerEvent: {}
[36.587365] (-) TimerEvent: {}
[36.688382] (-) TimerEvent: {}
[36.789439] (-) TimerEvent: {}
[36.890515] (-) TimerEvent: {}
[36.992197] (-) TimerEvent: {}
[37.093402] (-) TimerEvent: {}
[37.155391] (hdl_localization) StdoutLine: {'line': b'-- Generating done\n'}
[37.177837] (hdl_localization) StdoutLine: {'line': b'-- Build files have been written to: /home/ysc/lite_cog_ros2/nav/build/hdl_localization\n'}
[37.193664] (-) TimerEvent: {}
[37.276347] (hdl_localization) CommandEnded: {'returncode': 0}
[37.280701] (hdl_localization) JobProgress: {'identifier': 'hdl_localization', 'progress': 'build'}
[37.283202] (hdl_localization) Command: {'cmd': ['/usr/bin/cmake', '--build', '/home/ysc/lite_cog_ros2/nav/build/hdl_localization', '--', '-j6', '-l6'], 'cwd': '/home/ysc/lite_cog_ros2/nav/build/hdl_localization', 'env': OrderedDict([('GJS_DEBUG_TOPICS', 'JS ERROR;JS LOG'), ('LESSOPEN', '| /usr/bin/lesspipe %s'), ('USER', 'ysc'), ('LC_TIME', 'zh_CN.UTF-8'), ('SSH_AGENT_PID', '1935'), ('XDG_SESSION_TYPE', 'x11'), ('SHLVL', '1'), ('LD_LIBRARY_PATH', '/home/ysc/lite_cog_ros2/nav/install/hdl_global_localization/lib:/home/ysc/lite_cog_ros2/fast_gicp/install/fast_gicp/lib:/home/ysc/lite_cog_ros2/ndt_omp/install/ndt_omp/lib:/usr/lib/aarch64-linux-gnu/gazebo-11/plugins:/opt/ros/foxy/opt/yaml_cpp_vendor/lib:/opt/ros/foxy/opt/rviz_ogre_vendor/lib:/opt/ros/foxy/lib/aarch64-linux-gnu:/opt/ros/foxy/lib:/usr/local/cuda-11.4/lib64'), ('HOME', '/home/ysc'), ('OLDPWD', '/home/ysc/lite_cog_ros2/system/scripts/nav'), ('DESKTOP_SESSION', 'ubuntu'), ('ROS_PYTHON_VERSION', '3'), ('GNOME_SHELL_SESSION_MODE', 'ubuntu'), ('GTK_MODULES', 'gail:atk-bridge'), ('LC_MONETARY', 'zh_CN.UTF-8'), ('MANAGERPID', '1397'), ('ROS_LOG_DIR', '/home/ysc/lite_cog_ros2/system/log'), ('DBUS_SESSION_BUS_ADDRESS', 'unix:path=/run/user/1000/bus'), ('COLORTERM', 'truecolor'), ('_colcon_cd_root', '/opt/ros/foxy/'), ('IM_CONFIG_PHASE', '1'), ('COLCON_PREFIX_PATH', '/home/ysc/lite_cog_ros2/fast_gicp/install:/home/ysc/lite_cog_ros2/ndt_omp/install'), ('ROS_DISTRO', 'foxy'), ('LOGNAME', 'ysc'), ('JOURNAL_STREAM', '8:47729'), ('_', '/usr/bin/colcon'), ('ROS_VERSION', '2'), ('XDG_SESSION_CLASS', 'user'), ('USERNAME', 'ysc'), ('TERM', 'xterm-256color'), ('GNOME_DESKTOP_SESSION_ID', 'this-is-deprecated'), ('ROS_LOCALHOST_ONLY', '0'), ('WINDOWPATH', '2'), ('PATH', '/opt/ros/foxy/bin:/usr/local/cuda-11.4/bin:/home/ysc/.local/bin:/usr/local/sbin:/usr/local/bin:/usr/sbin:/usr/bin:/sbin:/bin:/usr/games:/usr/local/games:/snap/bin'), ('SESSION_MANAGER', 'local/lite:@/tmp/.ICE-unix/2068,unix/lite:/tmp/.ICE-unix/2068'), ('FASTRTPS_DEFAULT_PROFILES_FILE', '/home/ysc/lite_cog_ros2/system/fastdds_profile.xml'), ('INVOCATION_ID', '0484f74e356a467b8aeeb47d6652837a'), ('XDG_MENU_PREFIX', 'gnome-'), ('LC_ADDRESS', 'zh_CN.UTF-8'), ('GNOME_TERMINAL_SCREEN', '/org/gnome/Terminal/screen/35028862_784e_43e0_b61d_ff9eaae70a80'), ('XDG_RUNTIME_DIR', '/run/user/1000'), ('DISPLAY', ':0'), ('LANG', 'en_US.UTF-8'), ('XDG_CURRENT_DESKTOP', 'ubuntu:GNOME'), ('LC_TELEPHONE', 'zh_CN.UTF-8'), ('XMODIFIERS', '@im=ibus'), ('XDG_SESSION_DESKTOP', 'ubuntu'), ('XAUTHORITY', '/run/user/1000/gdm/Xauthority'), ('LS_COLORS', 'rs=0:di=01;34:ln=01;36:mh=00:pi=40;33:so=01;35:do=01;35:bd=40;33;01:cd=40;33;01:or=40;31;01:mi=00:su=37;41:sg=30;43:ca=30;41:tw=30;42:ow=34;42:st=37;44:ex=01;32:*.tar=01;31:*.tgz=01;31:*.arc=01;31:*.arj=01;31:*.taz=01;31:*.lha=01;31:*.lz4=01;31:*.lzh=01;31:*.lzma=01;31:*.tlz=01;31:*.txz=01;31:*.tzo=01;31:*.t7z=01;31:*.zip=01;31:*.z=01;31:*.dz=01;31:*.gz=01;31:*.lrz=01;31:*.lz=01;31:*.lzo=01;31:*.xz=01;31:*.zst=01;31:*.tzst=01;31:*.bz2=01;31:*.bz=01;31:*.tbz=01;31:*.tbz2=01;31:*.tz=01;31:*.deb=01;31:*.rpm=01;31:*.jar=01;31:*.war=01;31:*.ear=01;31:*.sar=01;31:*.rar=01;31:*.alz=01;31:*.ace=01;31:*.zoo=01;31:*.cpio=01;31:*.7z=01;31:*.rz=01;31:*.cab=01;31:*.wim=01;31:*.swm=01;31:*.dwm=01;31:*.esd=01;31:*.jpg=01;35:*.jpeg=01;35:*.mjpg=01;35:*.mjpeg=01;35:*.gif=01;35:*.bmp=01;35:*.pbm=01;35:*.pgm=01;35:*.ppm=01;35:*.tga=01;35:*.xbm=01;35:*.xpm=01;35:*.tif=01;35:*.tiff=01;35:*.png=01;35:*.svg=01;35:*.svgz=01;35:*.mng=01;35:*.pcx=01;35:*.mov=01;35:*.mpg=01;35:*.mpeg=01;35:*.m2v=01;35:*.mkv=01;35:*.webm=01;35:*.ogm=01;35:*.mp4=01;35:*.m4v=01;35:*.mp4v=01;35:*.vob=01;35:*.qt=01;35:*.nuv=01;35:*.wmv=01;35:*.asf=01;35:*.rm=01;35:*.rmvb=01;35:*.flc=01;35:*.avi=01;35:*.fli=01;35:*.flv=01;35:*.gl=01;35:*.dl=01;35:*.xcf=01;35:*.xwd=01;35:*.yuv=01;35:*.cgm=01;35:*.emf=01;35:*.ogv=01;35:*.ogx=01;35:*.aac=00;36:*.au=00;36:*.flac=00;36:*.m4a=00;36:*.mid=00;36:*.midi=00;36:*.mka=00;36:*.mp3=00;36:*.mpc=00;36:*.ogg=00;36:*.ra=00;36:*.wav=00;36:*.oga=00;36:*.opus=00;36:*.spx=00;36:*.xspf=00;36:'), ('GNOME_TERMINAL_SERVICE', ':1.81'), ('SSH_AUTH_SOCK', '/run/user/1000/keyring/ssh'), ('ROS_DOMAIN_ID', '0'), ('AMENT_PREFIX_PATH', '/home/ysc/lite_cog_ros2/nav/install/hdl_global_localization:/home/ysc/lite_cog_ros2/fast_gicp/install/fast_gicp:/home/ysc/lite_cog_ros2/ndt_omp/install/ndt_omp:/opt/ros/foxy'), ('SHELL', '/bin/bash'), ('LC_NAME', 'zh_CN.UTF-8'), ('QT_ACCESSIBILITY', '1'), ('GDMSESSION', 'ubuntu'), ('LESSCLOSE', '/usr/bin/lesspipe %s %s'), ('LC_MEASUREMENT', 'zh_CN.UTF-8'), ('GPG_AGENT_INFO', '/run/user/1000/gnupg/S.gpg-agent:0:1'), ('GJS_DEBUG_OUTPUT', 'stderr'), ('LC_IDENTIFICATION', 'zh_CN.UTF-8'), ('QT_IM_MODULE', 'ibus'), ('PWD', '/home/ysc/lite_cog_ros2/nav/build/hdl_localization'), ('LC_ALL', 'en_US.UTF-8'), ('XDG_CONFIG_DIRS', '/etc/xdg/xdg-ubuntu:/etc/xdg'), ('XDG_DATA_DIRS', '/usr/share/ubuntu:/usr/local/share/:/usr/share/:/var/lib/snapd/desktop'), ('PYTHONPATH', '/home/ysc/lite_cog_ros2/nav/install/hdl_global_localization/lib/python3.8/site-packages:/opt/ros/foxy/lib/python3.8/site-packages'), ('LC_NUMERIC', 'zh_CN.UTF-8'), ('LC_PAPER', 'zh_CN.UTF-8'), ('COLCON', '1'), ('VTE_VERSION', '6003'), ('CMAKE_PREFIX_PATH', '/home/ysc/lite_cog_ros2/nav/install/hdl_global_localization:/home/ysc/lite_cog_ros2/fast_gicp/install/fast_gicp:/home/ysc/lite_cog_ros2/ndt_omp/install/ndt_omp:/opt/ros/foxy')]), 'shell': False}
[37.298351] (-) TimerEvent: {}
[37.403259] (-) TimerEvent: {}
[37.504348] (-) TimerEvent: {}
[37.586412] (hdl_localization) StdoutLine: {'line': b'\x1b[35m\x1b[1mScanning dependencies of target hdl_localization__cpp\x1b[0m\n'}
[37.595998] (hdl_localization) StdoutLine: {'line': b'[  2%] \x1b[34m\x1b[1mGenerating C code for ROS interfaces\x1b[0m\n'}
[37.604546] (-) TimerEvent: {}
[37.656859] (hdl_localization) StdoutLine: {'line': b'[  5%] \x1b[34m\x1b[1mGenerating C++ code for ROS interfaces\x1b[0m\n'}
[37.704772] (-) TimerEvent: {}
[37.806408] (-) TimerEvent: {}
[37.907389] (-) TimerEvent: {}
[38.008577] (-) TimerEvent: {}
[38.109778] (-) TimerEvent: {}
[38.211182] (-) TimerEvent: {}
[38.312596] (-) TimerEvent: {}
[38.413529] (-) TimerEvent: {}
[38.514677] (-) TimerEvent: {}
[38.615879] (-) TimerEvent: {}
[38.717094] (-) TimerEvent: {}
[38.818032] (-) TimerEvent: {}
[38.884894] (hdl_localization) StdoutLine: {'line': b'[  5%] Built target hdl_localization__cpp\n'}
[38.918693] (-) TimerEvent: {}
[39.003931] (hdl_localization) StdoutLine: {'line': b'\x1b[35m\x1b[1mScanning dependencies of target hdl_localization__rosidl_generator_c\x1b[0m\n'}
[39.004879] (hdl_localization) StdoutLine: {'line': b'[  8%] \x1b[34m\x1b[1mGenerating C++ introspection for ROS interfaces\x1b[0m\n'}
[39.005531] (hdl_localization) StdoutLine: {'line': b'[ 11%] \x1b[34m\x1b[1mGenerating C++ type support for eProsima Fast-RTPS\x1b[0m\n'}
[39.018554] (-) TimerEvent: {}
[39.025265] (hdl_localization) StdoutLine: {'line': b'[ 14%] \x1b[34m\x1b[1mGenerating C++ type support dispatch for ROS interfaces\x1b[0m\n'}
[39.105392] (hdl_localization) StdoutLine: {'line': b'[ 17%] \x1b[32mBuilding C object CMakeFiles/hdl_localization__rosidl_generator_c.dir/rosidl_generator_c/hdl_localization/msg/detail/scan_matching_status__functions.c.o\x1b[0m\n'}
[39.118782] (-) TimerEvent: {}
[39.143158] (hdl_localization) StderrLine: {'line': b'\x1b[01m\x1b[Kcc1:\x1b[m\x1b[K \x1b[01;35m\x1b[Kwarning: \x1b[m\x1b[Kcommand line option \xe2\x80\x98\x1b[01m\x1b[K-std=c++14\x1b[m\x1b[K\xe2\x80\x99 is valid for C++/ObjC++ but not for C\n'}
[39.219031] (-) TimerEvent: {}
[39.320078] (-) TimerEvent: {}
[39.424054] (-) TimerEvent: {}
[39.526806] (-) TimerEvent: {}
[39.627879] (-) TimerEvent: {}
[39.728982] (-) TimerEvent: {}
[39.832394] (-) TimerEvent: {}
[39.990262] (hdl_localization) StdoutLine: {'line': b'[ 20%] \x1b[32m\x1b[1mLinking C shared library libhdl_localization__rosidl_generator_c.so\x1b[0m\n'}
[39.991332] (-) TimerEvent: {}
[40.092855] (-) TimerEvent: {}
[40.121189] (hdl_localization) StdoutLine: {'line': b'\x1b[35m\x1b[1mScanning dependencies of target hdl_localization__rosidl_typesupport_cpp\x1b[0m\n'}
[40.193955] (-) TimerEvent: {}
[40.242882] (hdl_localization) StdoutLine: {'line': b'[ 23%] \x1b[32mBuilding CXX object CMakeFiles/hdl_localization__rosidl_typesupport_cpp.dir/rosidl_typesupport_cpp/hdl_localization/msg/scan_matching_status__type_support.cpp.o\x1b[0m\n'}
[40.244834] (hdl_localization) StdoutLine: {'line': b'\x1b[35m\x1b[1mScanning dependencies of target hdl_localization__rosidl_typesupport_introspection_cpp\x1b[0m\n'}
[40.294360] (-) TimerEvent: {}
[40.331173] (hdl_localization) StdoutLine: {'line': b'[ 23%] Built target hdl_localization__rosidl_generator_c\n'}
[40.343692] (hdl_localization) StdoutLine: {'line': b'\x1b[35m\x1b[1mScanning dependencies of target hdl_localization__rosidl_typesupport_fastrtps_cpp\x1b[0m\n'}
[40.350097] (hdl_localization) StdoutLine: {'line': b'[ 26%] \x1b[32mBuilding CXX object CMakeFiles/hdl_localization__rosidl_typesupport_introspection_cpp.dir/rosidl_typesupport_introspection_cpp/hdl_localization/msg/detail/scan_matching_status__type_support.cpp.o\x1b[0m\n'}
[40.394603] (-) TimerEvent: {}
[40.420942] (hdl_localization) StdoutLine: {'line': b'[ 29%] \x1b[34m\x1b[1mGenerating C type support dispatch for ROS interfaces\x1b[0m\n'}
[40.469913] (hdl_localization) StdoutLine: {'line': b'[ 32%] \x1b[34m\x1b[1mGenerating C introspection for ROS interfaces\x1b[0m\n'}
[40.494869] (-) TimerEvent: {}
[40.510579] (hdl_localization) StdoutLine: {'line': b'[ 35%] \x1b[32mBuilding CXX object CMakeFiles/hdl_localization__rosidl_typesupport_fastrtps_cpp.dir/rosidl_typesupport_fastrtps_cpp/hdl_localization/msg/detail/dds_fastrtps/scan_matching_status__type_support.cpp.o\x1b[0m\n'}
[40.595132] (-) TimerEvent: {}
[40.698430] (-) TimerEvent: {}
[40.804451] (-) TimerEvent: {}
[40.905498] (-) TimerEvent: {}
[41.007622] (-) TimerEvent: {}
[41.108693] (-) TimerEvent: {}
[41.213558] (-) TimerEvent: {}
[41.316000] (-) TimerEvent: {}
[41.417194] (-) TimerEvent: {}
[41.518417] (-) TimerEvent: {}
[41.621493] (-) TimerEvent: {}
[41.675950] (hdl_localization) StdoutLine: {'line': b'\x1b[35m\x1b[1mScanning dependencies of target hdl_localization__rosidl_typesupport_c\x1b[0m\n'}
[41.693683] (hdl_localization) StdoutLine: {'line': b'\x1b[35m\x1b[1mScanning dependencies of target hdl_localization__rosidl_typesupport_introspection_c\x1b[0m\n'}
[41.722156] (-) TimerEvent: {}
[41.824402] (-) TimerEvent: {}
[41.828828] (hdl_localization) StdoutLine: {'line': b'[ 38%] \x1b[32mBuilding CXX object CMakeFiles/hdl_localization__rosidl_typesupport_c.dir/rosidl_typesupport_c/hdl_localization/msg/scan_matching_status__type_support.cpp.o\x1b[0m\n'}
[41.890843] (hdl_localization) StdoutLine: {'line': b'[ 41%] \x1b[32mBuilding C object CMakeFiles/hdl_localization__rosidl_typesupport_introspection_c.dir/rosidl_typesupport_introspection_c/hdl_localization/msg/detail/scan_matching_status__type_support.c.o\x1b[0m\n'}
[41.925578] (-) TimerEvent: {}
[41.948576] (hdl_localization) StderrLine: {'line': b'\x1b[01m\x1b[Kcc1:\x1b[m\x1b[K \x1b[01;35m\x1b[Kwarning: \x1b[m\x1b[Kcommand line option \xe2\x80\x98\x1b[01m\x1b[K-std=c++14\x1b[m\x1b[K\xe2\x80\x99 is valid for C++/ObjC++ but not for C\n'}
[42.035583] (-) TimerEvent: {}
[42.137642] (-) TimerEvent: {}
[42.240127] (-) TimerEvent: {}
[42.257114] (hdl_localization) StdoutLine: {'line': b'[ 44%] \x1b[32m\x1b[1mLinking CXX shared library libhdl_localization__rosidl_typesupport_c.so\x1b[0m\n'}
[42.344607] (-) TimerEvent: {}
[42.447052] (-) TimerEvent: {}
[42.533742] (hdl_localization) StdoutLine: {'line': b'[ 47%] \x1b[32m\x1b[1mLinking C shared library libhdl_localization__rosidl_typesupport_introspection_c.so\x1b[0m\n'}
[42.547342] (-) TimerEvent: {}
[42.599164] (hdl_localization) StdoutLine: {'line': b'[ 47%] Built target hdl_localization__rosidl_typesupport_c\n'}
[42.647651] (-) TimerEvent: {}
[42.748930] (-) TimerEvent: {}
[42.850122] (-) TimerEvent: {}
[42.856787] (hdl_localization) StdoutLine: {'line': b'[ 47%] Built target hdl_localization__rosidl_typesupport_introspection_c\n'}
[42.948449] (hdl_localization) StdoutLine: {'line': b'[ 50%] \x1b[32m\x1b[1mLinking CXX shared library libhdl_localization__rosidl_typesupport_cpp.so\x1b[0m\n'}
[42.950299] (-) TimerEvent: {}
[43.051798] (-) TimerEvent: {}
[43.153007] (-) TimerEvent: {}
[43.233834] (hdl_localization) StdoutLine: {'line': b'[ 50%] Built target hdl_localization__rosidl_typesupport_cpp\n'}
[43.253285] (-) TimerEvent: {}
[43.354442] (-) TimerEvent: {}
[43.455972] (-) TimerEvent: {}
[43.557144] (-) TimerEvent: {}
[43.658133] (-) TimerEvent: {}
[43.759323] (-) TimerEvent: {}
[43.773763] (hdl_localization) StdoutLine: {'line': b'[ 52%] \x1b[32m\x1b[1mLinking CXX shared library libhdl_localization__rosidl_typesupport_introspection_cpp.so\x1b[0m\n'}
[43.859581] (-) TimerEvent: {}
[43.961524] (-) TimerEvent: {}
[44.062717] (-) TimerEvent: {}
[44.151860] (hdl_localization) StdoutLine: {'line': b'[ 52%] Built target hdl_localization__rosidl_typesupport_introspection_cpp\n'}
[44.162935] (-) TimerEvent: {}
[44.264098] (-) TimerEvent: {}
[44.365448] (-) TimerEvent: {}
[44.466512] (-) TimerEvent: {}
[44.567557] (-) TimerEvent: {}
[44.668622] (-) TimerEvent: {}
[44.769631] (-) TimerEvent: {}
[44.791006] (hdl_localization) StdoutLine: {'line': b'[ 55%] \x1b[32m\x1b[1mLinking CXX shared library libhdl_localization__rosidl_typesupport_fastrtps_cpp.so\x1b[0m\n'}
[44.869891] (-) TimerEvent: {}
[45.107554] (-) TimerEvent: {}
[45.208828] (-) TimerEvent: {}
[45.309942] (-) TimerEvent: {}
[45.409254] (hdl_localization) StdoutLine: {'line': b'[ 55%] Built target hdl_localization__rosidl_typesupport_fastrtps_cpp\n'}
[45.410048] (-) TimerEvent: {}
[45.482306] (hdl_localization) StdoutLine: {'line': b'[ 58%] \x1b[34m\x1b[1mGenerating C type support for eProsima Fast-RTPS\x1b[0m\n'}
[45.510313] (-) TimerEvent: {}
[45.611247] (-) TimerEvent: {}
[45.712713] (-) TimerEvent: {}
[45.813716] (-) TimerEvent: {}
[45.915120] (-) TimerEvent: {}
[46.016069] (-) TimerEvent: {}
[46.117122] (-) TimerEvent: {}
[46.218108] (-) TimerEvent: {}
[46.319101] (-) TimerEvent: {}
[46.420064] (-) TimerEvent: {}
[46.521999] (-) TimerEvent: {}
[46.604746] (hdl_localization) StdoutLine: {'line': b'\x1b[35m\x1b[1mScanning dependencies of target hdl_localization__rosidl_typesupport_fastrtps_c\x1b[0m\n'}
[46.622247] (-) TimerEvent: {}
[46.723334] (-) TimerEvent: {}
[46.742687] (hdl_localization) StdoutLine: {'line': b'[ 61%] \x1b[32mBuilding CXX object CMakeFiles/hdl_localization__rosidl_typesupport_fastrtps_c.dir/rosidl_typesupport_fastrtps_c/hdl_localization/msg/detail/scan_matching_status__type_support_c.cpp.o\x1b[0m\n'}
[46.823574] (-) TimerEvent: {}
[46.924706] (-) TimerEvent: {}
[47.025787] (-) TimerEvent: {}
[47.126920] (-) TimerEvent: {}
[47.227905] (-) TimerEvent: {}
[47.329061] (-) TimerEvent: {}
[47.430089] (-) TimerEvent: {}
[47.531963] (-) TimerEvent: {}
[47.633646] (-) TimerEvent: {}
[47.734685] (-) TimerEvent: {}
[47.835722] (-) TimerEvent: {}
[47.936753] (-) TimerEvent: {}
[48.037866] (-) TimerEvent: {}
[48.138841] (-) TimerEvent: {}
[48.239858] (-) TimerEvent: {}
[48.341547] (-) TimerEvent: {}
[48.442690] (-) TimerEvent: {}
[48.543691] (-) TimerEvent: {}
[48.644843] (-) TimerEvent: {}
[48.745965] (-) TimerEvent: {}
[48.847094] (-) TimerEvent: {}
[48.948321] (-) TimerEvent: {}
[49.008993] (hdl_localization) StdoutLine: {'line': b'[ 64%] \x1b[32m\x1b[1mLinking CXX shared library libhdl_localization__rosidl_typesupport_fastrtps_c.so\x1b[0m\n'}
[49.048572] (-) TimerEvent: {}
[49.149718] (-) TimerEvent: {}
[49.251514] (-) TimerEvent: {}
[49.352615] (-) TimerEvent: {}
[49.453670] (-) TimerEvent: {}
[49.485859] (hdl_localization) StdoutLine: {'line': b'[ 64%] Built target hdl_localization__rosidl_typesupport_fastrtps_c\n'}
[49.553899] (-) TimerEvent: {}
[49.575935] (hdl_localization) StdoutLine: {'line': b'\x1b[35m\x1b[1mScanning dependencies of target hdl_localization\x1b[0m\n'}
[49.654137] (-) TimerEvent: {}
[49.657561] (hdl_localization) StdoutLine: {'line': b'[ 64%] Built target hdl_localization\n'}
[49.729146] (hdl_localization) StdoutLine: {'line': b'\x1b[35m\x1b[1mScanning dependencies of target hdl_localization__py\x1b[0m\n'}
[49.730500] (hdl_localization) StdoutLine: {'line': b'\x1b[35m\x1b[1mScanning dependencies of target hdl_localization_composition\x1b[0m\n'}
[49.754394] (-) TimerEvent: {}
[49.803205] (hdl_localization) StdoutLine: {'line': b'[ 67%] \x1b[34m\x1b[1mGenerating Python code for ROS interfaces\x1b[0m\n'}
[49.854760] (-) TimerEvent: {}
[49.955962] (-) TimerEvent: {}
[50.056995] (-) TimerEvent: {}
[50.158064] (-) TimerEvent: {}
[50.259101] (-) TimerEvent: {}
[50.360268] (-) TimerEvent: {}
[50.461883] (-) TimerEvent: {}
[50.562930] (-) TimerEvent: {}
[50.663965] (-) TimerEvent: {}
[50.699292] (hdl_localization) StdoutLine: {'line': b'[ 70%] \x1b[32mBuilding CXX object CMakeFiles/hdl_localization_composition.dir/src/hdl_localization/pose_estimator.cpp.o\x1b[0m\n'}
[50.738693] (hdl_localization) StdoutLine: {'line': b'[ 73%] \x1b[32mBuilding CXX object CMakeFiles/hdl_localization_composition.dir/apps/hdl_localization_composition.cpp.o\x1b[0m\n'}
[50.764575] (-) TimerEvent: {}
[50.865586] (-) TimerEvent: {}
[50.966608] (-) TimerEvent: {}
[51.067581] (-) TimerEvent: {}
[51.168817] (-) TimerEvent: {}
[51.269860] (-) TimerEvent: {}
[51.370911] (-) TimerEvent: {}
[51.471927] (-) TimerEvent: {}
[51.573159] (-) TimerEvent: {}
[51.674238] (-) TimerEvent: {}
[51.775713] (-) TimerEvent: {}
[51.876910] (-) TimerEvent: {}
[51.978288] (-) TimerEvent: {}
[52.083177] (-) TimerEvent: {}
[52.184435] (-) TimerEvent: {}
[52.264625] (hdl_localization) StdoutLine: {'line': b'[ 73%] Built target hdl_localization__py\n'}
[52.284705] (-) TimerEvent: {}
[52.352047] (hdl_localization) StdoutLine: {'line': b'\x1b[35m\x1b[1mScanning dependencies of target hdl_localization__python\x1b[0m\n'}
[52.384965] (-) TimerEvent: {}
[52.487646] (-) TimerEvent: {}
[52.496673] (hdl_localization) StdoutLine: {'line': b'[ 76%] \x1b[32mBuilding C object CMakeFiles/hdl_localization__python.dir/rosidl_generator_py/hdl_localization/msg/_scan_matching_status_s.c.o\x1b[0m\n'}
[52.537383] (hdl_localization) StderrLine: {'line': b'\x1b[01m\x1b[Kcc1:\x1b[m\x1b[K \x1b[01;35m\x1b[Kwarning: \x1b[m\x1b[Kcommand line option \xe2\x80\x98\x1b[01m\x1b[K-std=c++14\x1b[m\x1b[K\xe2\x80\x99 is valid for C++/ObjC++ but not for C\n'}
[52.587931] (-) TimerEvent: {}
[52.689194] (-) TimerEvent: {}
[52.791107] (-) TimerEvent: {}
[52.893374] (-) TimerEvent: {}
[52.994542] (-) TimerEvent: {}
[53.095697] (-) TimerEvent: {}
[53.196786] (-) TimerEvent: {}
[53.297815] (-) TimerEvent: {}
[53.399962] (-) TimerEvent: {}
[53.502203] (-) TimerEvent: {}
[53.604353] (-) TimerEvent: {}
[53.683206] (hdl_localization) StdoutLine: {'line': b'[ 79%] \x1b[32m\x1b[1mLinking C shared library rosidl_generator_py/hdl_localization/libhdl_localization__python.so\x1b[0m\n'}
[53.704690] (-) TimerEvent: {}
[53.806323] (-) TimerEvent: {}
[53.908387] (-) TimerEvent: {}
[53.987799] (hdl_localization) StdoutLine: {'line': b'[ 79%] Built target hdl_localization__python\n'}
[54.008646] (-) TimerEvent: {}
[54.068601] (hdl_localization) StdoutLine: {'line': b'\x1b[35m\x1b[1mScanning dependencies of target hdl_localization__rosidl_typesupport_c__pyext\x1b[0m\n'}
[54.087078] (hdl_localization) StdoutLine: {'line': b'\x1b[35m\x1b[1mScanning dependencies of target hdl_localization__rosidl_typesupport_introspection_c__pyext\x1b[0m\n'}
[54.108925] (-) TimerEvent: {}
[54.132481] (hdl_localization) StdoutLine: {'line': b'\x1b[35m\x1b[1mScanning dependencies of target hdl_localization__rosidl_typesupport_fastrtps_c__pyext\x1b[0m\n'}
[54.222965] (-) TimerEvent: {}
[54.267973] (hdl_localization) StdoutLine: {'line': b'[ 82%] \x1b[32mBuilding C object CMakeFiles/hdl_localization__rosidl_typesupport_c__pyext.dir/rosidl_generator_py/hdl_localization/_hdl_localization_s.ep.rosidl_typesupport_c.c.o\x1b[0m\n'}
[54.319039] (-) TimerEvent: {}
[54.322691] (hdl_localization) StderrLine: {'line': b'\x1b[01m\x1b[Kcc1:\x1b[m\x1b[K \x1b[01;35m\x1b[Kwarning: \x1b[m\x1b[Kcommand line option \xe2\x80\x98\x1b[01m\x1b[K-std=c++14\x1b[m\x1b[K\xe2\x80\x99 is valid for C++/ObjC++ but not for C\n'}
[54.347909] (hdl_localization) StdoutLine: {'line': b'[ 85%] \x1b[32mBuilding C object CMakeFiles/hdl_localization__rosidl_typesupport_introspection_c__pyext.dir/rosidl_generator_py/hdl_localization/_hdl_localization_s.ep.rosidl_typesupport_introspection_c.c.o\x1b[0m\n'}
[54.357593] (hdl_localization) StdoutLine: {'line': b'[ 88%] \x1b[32mBuilding C object CMakeFiles/hdl_localization__rosidl_typesupport_fastrtps_c__pyext.dir/rosidl_generator_py/hdl_localization/_hdl_localization_s.ep.rosidl_typesupport_fastrtps_c.c.o\x1b[0m\n'}
[54.400410] (hdl_localization) StderrLine: {'line': b'\x1b[01m\x1b[Kcc1:\x1b[m\x1b[K \x1b[01;35m\x1b[Kwarning: \x1b[m\x1b[Kcommand line option \xe2\x80\x98\x1b[01m\x1b[K-std=c++14\x1b[m\x1b[K\xe2\x80\x99 is valid for C++/ObjC++ but not for C\n'}
[54.403230] (hdl_localization) StderrLine: {'line': b'\x1b[01m\x1b[Kcc1:\x1b[m\x1b[K \x1b[01;35m\x1b[Kwarning: \x1b[m\x1b[Kcommand line option \xe2\x80\x98\x1b[01m\x1b[K-std=c++14\x1b[m\x1b[K\xe2\x80\x99 is valid for C++/ObjC++ but not for C\n'}
[54.419283] (-) TimerEvent: {}
[54.524301] (-) TimerEvent: {}
[54.626405] (-) TimerEvent: {}
[54.728390] (-) TimerEvent: {}
[54.829970] (-) TimerEvent: {}
[54.933276] (-) TimerEvent: {}
[55.117689] (-) TimerEvent: {}
[55.178204] (hdl_localization) StdoutLine: {'line': b'[ 91%] \x1b[32m\x1b[1mLinking C shared library rosidl_generator_py/hdl_localization/hdl_localization_s__rosidl_typesupport_c.cpython-38-aarch64-linux-gnu.so\x1b[0m\n'}
[55.217914] (-) TimerEvent: {}
[55.348481] (hdl_localization) StdoutLine: {'line': b'[ 94%] \x1b[32m\x1b[1mLinking CXX shared library rosidl_generator_py/hdl_localization/hdl_localization_s__rosidl_typesupport_fastrtps_c.cpython-38-aarch64-linux-gnu.so\x1b[0m\n'}
[55.349321] (-) TimerEvent: {}
[55.450224] (-) TimerEvent: {}
[55.493394] (hdl_localization) StdoutLine: {'line': b'[ 97%] \x1b[32m\x1b[1mLinking C shared library rosidl_generator_py/hdl_localization/hdl_localization_s__rosidl_typesupport_introspection_c.cpython-38-aarch64-linux-gnu.so\x1b[0m\n'}
[55.550465] (-) TimerEvent: {}
[55.565472] (hdl_localization) StdoutLine: {'line': b'[ 97%] Built target hdl_localization__rosidl_typesupport_c__pyext\n'}
[55.650760] (-) TimerEvent: {}
[55.754783] (-) TimerEvent: {}
[55.816779] (hdl_localization) StdoutLine: {'line': b'[ 97%] Built target hdl_localization__rosidl_typesupport_introspection_c__pyext\n'}
[55.855046] (-) TimerEvent: {}
[55.874315] (hdl_localization) StdoutLine: {'line': b'[ 97%] Built target hdl_localization__rosidl_typesupport_fastrtps_c__pyext\n'}
[55.955324] (-) TimerEvent: {}
[56.056635] (-) TimerEvent: {}
[56.157702] (-) TimerEvent: {}
[56.259139] (-) TimerEvent: {}
[56.360544] (-) TimerEvent: {}
[56.462241] (-) TimerEvent: {}
[56.563856] (-) TimerEvent: {}
[56.666051] (-) TimerEvent: {}
[56.768001] (-) TimerEvent: {}
[56.869665] (-) TimerEvent: {}
[56.972037] (-) TimerEvent: {}
[57.073511] (-) TimerEvent: {}
[57.174637] (-) TimerEvent: {}
[57.275670] (-) TimerEvent: {}
[57.376793] (-) TimerEvent: {}
[57.477801] (-) TimerEvent: {}
[57.578720] (-) TimerEvent: {}
[57.679657] (-) TimerEvent: {}
[57.780708] (-) TimerEvent: {}
[57.881776] (-) TimerEvent: {}
[57.982777] (-) TimerEvent: {}
[58.083793] (-) TimerEvent: {}
[58.185027] (-) TimerEvent: {}
[58.286013] (-) TimerEvent: {}
[58.386950] (-) TimerEvent: {}
[58.488034] (-) TimerEvent: {}
[58.589082] (-) TimerEvent: {}
[58.690171] (-) TimerEvent: {}
[58.791652] (-) TimerEvent: {}
[58.892778] (-) TimerEvent: {}
[58.993955] (-) TimerEvent: {}
[59.095057] (-) TimerEvent: {}
[59.196250] (-) TimerEvent: {}
[59.297350] (-) TimerEvent: {}
[59.398748] (-) TimerEvent: {}
[59.499893] (-) TimerEvent: {}
[59.602662] (-) TimerEvent: {}
[59.704084] (-) TimerEvent: {}
[59.805464] (-) TimerEvent: {}
[59.906949] (-) TimerEvent: {}
[60.008324] (-) TimerEvent: {}
[60.109632] (-) TimerEvent: {}
[60.256885] (-) TimerEvent: {}
[60.357973] (-) TimerEvent: {}
[60.459024] (-) TimerEvent: {}
[60.560254] (-) TimerEvent: {}
[60.661503] (-) TimerEvent: {}
[60.762904] (-) TimerEvent: {}
[60.864062] (-) TimerEvent: {}
[60.965730] (-) TimerEvent: {}
[61.066737] (-) TimerEvent: {}
[61.167765] (-) TimerEvent: {}
[61.268906] (-) TimerEvent: {}
[61.369977] (-) TimerEvent: {}
[61.471404] (-) TimerEvent: {}
[61.572591] (-) TimerEvent: {}
[61.673582] (-) TimerEvent: {}
[61.774577] (-) TimerEvent: {}
[61.875608] (-) TimerEvent: {}
[61.976758] (-) TimerEvent: {}
[62.077884] (-) TimerEvent: {}
[62.178911] (-) TimerEvent: {}
[62.280080] (-) TimerEvent: {}
[62.381611] (-) TimerEvent: {}
[62.482838] (-) TimerEvent: {}
[62.584445] (-) TimerEvent: {}
[62.686692] (-) TimerEvent: {}
[62.787916] (-) TimerEvent: {}
[62.889230] (-) TimerEvent: {}
[62.990432] (-) TimerEvent: {}
[63.092502] (-) TimerEvent: {}
[63.193936] (-) TimerEvent: {}
[63.295214] (-) TimerEvent: {}
[63.396593] (-) TimerEvent: {}
[63.498382] (-) TimerEvent: {}
[63.599648] (-) TimerEvent: {}
[63.701580] (-) TimerEvent: {}
[63.802897] (-) TimerEvent: {}
[63.904019] (-) TimerEvent: {}
[64.005160] (-) TimerEvent: {}
[64.106232] (-) TimerEvent: {}
[64.207403] (-) TimerEvent: {}
[64.308654] (-) TimerEvent: {}
[64.409842] (-) TimerEvent: {}
[64.511042] (-) TimerEvent: {}
[64.613052] (-) TimerEvent: {}
[64.714257] (-) TimerEvent: {}
[64.815339] (-) TimerEvent: {}
[64.916845] (-) TimerEvent: {}
[65.018099] (-) TimerEvent: {}
[65.119231] (-) TimerEvent: {}
[65.364326] (-) TimerEvent: {}
[65.466359] (-) TimerEvent: {}
[65.567691] (-) TimerEvent: {}
[65.668889] (-) TimerEvent: {}
[65.770066] (-) TimerEvent: {}
[65.871487] (-) TimerEvent: {}
[65.972670] (-) TimerEvent: {}
[66.073749] (-) TimerEvent: {}
[66.174856] (-) TimerEvent: {}
[66.275878] (-) TimerEvent: {}
[66.376953] (-) TimerEvent: {}
[66.477961] (-) TimerEvent: {}
[66.578970] (-) TimerEvent: {}
[66.680048] (-) TimerEvent: {}
[66.781991] (-) TimerEvent: {}
[66.883373] (-) TimerEvent: {}
[66.984760] (-) TimerEvent: {}
[67.085888] (-) TimerEvent: {}
[67.186906] (-) TimerEvent: {}
[67.287943] (-) TimerEvent: {}
[67.389091] (-) TimerEvent: {}
[67.490140] (-) TimerEvent: {}
[67.591776] (-) TimerEvent: {}
[67.692959] (-) TimerEvent: {}
[67.794023] (-) TimerEvent: {}
[67.895137] (-) TimerEvent: {}
[67.996288] (-) TimerEvent: {}
[68.097413] (-) TimerEvent: {}
[68.198572] (-) TimerEvent: {}
[68.299735] (-) TimerEvent: {}
[68.400953] (-) TimerEvent: {}
[68.502551] (-) TimerEvent: {}
[68.603828] (-) TimerEvent: {}
[68.705328] (-) TimerEvent: {}
[68.806482] (-) TimerEvent: {}
[68.907771] (-) TimerEvent: {}
[69.009186] (-) TimerEvent: {}
[69.110492] (-) TimerEvent: {}
[69.213654] (-) TimerEvent: {}
[69.314853] (-) TimerEvent: {}
[69.417252] (-) TimerEvent: {}
[69.518514] (-) TimerEvent: {}
[69.619798] (-) TimerEvent: {}
[69.721024] (-) TimerEvent: {}
[69.822727] (-) TimerEvent: {}
[69.923804] (-) TimerEvent: {}
[70.025057] (-) TimerEvent: {}
[70.126300] (-) TimerEvent: {}
[70.227820] (-) TimerEvent: {}
[70.373631] (-) TimerEvent: {}
[70.474723] (-) TimerEvent: {}
[70.575837] (-) TimerEvent: {}
[70.678178] (-) TimerEvent: {}
[70.779216] (-) TimerEvent: {}
[70.880410] (-) TimerEvent: {}
[70.981526] (-) TimerEvent: {}
[71.082654] (-) TimerEvent: {}
[71.183751] (-) TimerEvent: {}
[71.284981] (-) TimerEvent: {}
[71.386271] (-) TimerEvent: {}
[71.487512] (-) TimerEvent: {}
[71.588799] (-) TimerEvent: {}
[71.690006] (-) TimerEvent: {}
[71.791175] (-) TimerEvent: {}
[71.893187] (-) TimerEvent: {}
[71.994411] (-) TimerEvent: {}
[72.095667] (-) TimerEvent: {}
[72.196950] (-) TimerEvent: {}
[72.298244] (-) TimerEvent: {}
[72.399434] (-) TimerEvent: {}
[72.500786] (-) TimerEvent: {}
[72.601940] (-) TimerEvent: {}
[72.703066] (-) TimerEvent: {}
[72.804259] (-) TimerEvent: {}
[72.905317] (-) TimerEvent: {}
[73.006542] (-) TimerEvent: {}
[73.107958] (-) TimerEvent: {}
[73.209286] (-) TimerEvent: {}
[73.310384] (-) TimerEvent: {}
[73.411765] (-) TimerEvent: {}
[73.513253] (-) TimerEvent: {}
[73.614453] (-) TimerEvent: {}
[73.715555] (-) TimerEvent: {}
[73.816602] (-) TimerEvent: {}
[73.917623] (-) TimerEvent: {}
[74.018734] (-) TimerEvent: {}
[74.119810] (-) TimerEvent: {}
[74.221017] (-) TimerEvent: {}
[74.322436] (-) TimerEvent: {}
[74.423706] (-) TimerEvent: {}
[74.525086] (-) TimerEvent: {}
[74.626279] (-) TimerEvent: {}
[74.727833] (-) TimerEvent: {}
[74.829075] (-) TimerEvent: {}
[74.930217] (-) TimerEvent: {}
[75.031929] (-) TimerEvent: {}
[75.133621] (-) TimerEvent: {}
[75.234862] (-) TimerEvent: {}
[75.336111] (-) TimerEvent: {}
[75.481790] (-) TimerEvent: {}
[75.585024] (-) TimerEvent: {}
[75.686041] (-) TimerEvent: {}
[75.787131] (-) TimerEvent: {}
[75.888286] (-) TimerEvent: {}
[75.989359] (-) TimerEvent: {}
[76.090398] (-) TimerEvent: {}
[76.193170] (-) TimerEvent: {}
[76.294241] (-) TimerEvent: {}
[76.395421] (-) TimerEvent: {}
[76.496518] (-) TimerEvent: {}
[76.597766] (-) TimerEvent: {}
[76.698935] (-) TimerEvent: {}
[76.800323] (-) TimerEvent: {}
[76.902379] (-) TimerEvent: {}
[77.003498] (-) TimerEvent: {}
[77.104818] (-) TimerEvent: {}
[77.206030] (-) TimerEvent: {}
[77.307522] (-) TimerEvent: {}
[77.409630] (-) TimerEvent: {}
[77.510649] (-) TimerEvent: {}
[77.612624] (-) TimerEvent: {}
[77.713920] (-) TimerEvent: {}
[77.815007] (-) TimerEvent: {}
[77.916233] (-) TimerEvent: {}
[78.017277] (-) TimerEvent: {}
[78.118393] (-) TimerEvent: {}
[78.219543] (-) TimerEvent: {}
[78.320732] (-) TimerEvent: {}
[78.422020] (-) TimerEvent: {}
[78.523119] (-) TimerEvent: {}
[78.624297] (-) TimerEvent: {}
[78.725503] (-) TimerEvent: {}
[78.826657] (-) TimerEvent: {}
[78.928393] (-) TimerEvent: {}
[79.029988] (-) TimerEvent: {}
[79.131629] (-) TimerEvent: {}
[79.233403] (-) TimerEvent: {}
[79.335145] (-) TimerEvent: {}
[79.436119] (-) TimerEvent: {}
[79.537264] (-) TimerEvent: {}
[79.638226] (-) TimerEvent: {}
[79.739177] (-) TimerEvent: {}
[79.840352] (-) TimerEvent: {}
[79.942299] (-) TimerEvent: {}
[80.043363] (-) TimerEvent: {}
[80.144611] (-) TimerEvent: {}
[80.245850] (-) TimerEvent: {}
[80.346931] (-) TimerEvent: {}
[80.448269] (-) TimerEvent: {}
[80.594414] (-) TimerEvent: {}
[80.695546] (-) TimerEvent: {}
[80.796911] (-) TimerEvent: {}
[80.898293] (-) TimerEvent: {}
[80.999584] (-) TimerEvent: {}
[81.100934] (-) TimerEvent: {}
[81.203090] (-) TimerEvent: {}
[81.304300] (-) TimerEvent: {}
[81.405310] (-) TimerEvent: {}
[81.506311] (-) TimerEvent: {}
[81.607574] (-) TimerEvent: {}
[81.708723] (-) TimerEvent: {}
[81.809767] (-) TimerEvent: {}
[81.911917] (-) TimerEvent: {}
[82.013288] (-) TimerEvent: {}
[82.114351] (-) TimerEvent: {}
[82.215406] (-) TimerEvent: {}
[82.317387] (-) TimerEvent: {}
[82.418349] (-) TimerEvent: {}
[82.519366] (-) TimerEvent: {}
[82.620418] (-) TimerEvent: {}
[82.721941] (-) TimerEvent: {}
[82.822948] (-) TimerEvent: {}
[82.924062] (-) TimerEvent: {}
[83.025264] (-) TimerEvent: {}
[83.126271] (-) TimerEvent: {}
[83.228079] (-) TimerEvent: {}
[83.329374] (-) TimerEvent: {}
[83.430761] (-) TimerEvent: {}
[83.532079] (-) TimerEvent: {}
[83.633979] (-) TimerEvent: {}
[83.735185] (-) TimerEvent: {}
[83.836427] (-) TimerEvent: {}
[83.937878] (-) TimerEvent: {}
[84.039024] (-) TimerEvent: {}
[84.140245] (-) TimerEvent: {}
[84.241479] (-) TimerEvent: {}
[84.342591] (-) TimerEvent: {}
[84.443688] (-) TimerEvent: {}
[84.544933] (-) TimerEvent: {}
[84.646084] (-) TimerEvent: {}
[84.747174] (-) TimerEvent: {}
[84.848319] (-) TimerEvent: {}
[84.949410] (-) TimerEvent: {}
[84.962989] (hdl_localization) StderrLine: {'line': b'In file included from \x1b[01m\x1b[K/home/ysc/lite_cog_ros2/nav/src/hdl_localization/apps/hdl_localization_composition.cpp:2\x1b[m\x1b[K:\n'}
[84.963943] (hdl_localization) StderrLine: {'line': b'\x1b[01m\x1b[K/home/ysc/lite_cog_ros2/nav/src/hdl_localization/apps/./hdl_localization_app.hpp:\x1b[m\x1b[K In member function \xe2\x80\x98\x1b[01m\x1b[Kbool hdl_localization::HdlLocalizationApp::GetClosestImuData(const rclcpp::Time&, sensor_msgs::msg::Imu_<std::allocator<void> >::SharedPtr&)\x1b[m\x1b[K\xe2\x80\x99:\n'}
[84.964701] (hdl_localization) StderrLine: {'line': b'\x1b[01m\x1b[K/home/ysc/lite_cog_ros2/nav/src/hdl_localization/apps/./hdl_localization_app.hpp:365:26:\x1b[m\x1b[K \x1b[01;35m\x1b[Kwarning: \x1b[m\x1b[Kcomparison of integer expressions of different signedness: \xe2\x80\x98\x1b[01m\x1b[Kint\x1b[m\x1b[K\xe2\x80\x99 and \xe2\x80\x98\x1b[01m\x1b[Kstd::deque<std::shared_ptr<sensor_msgs::msg::Imu_<std::allocator<void> > > >::size_type\x1b[m\x1b[K\xe2\x80\x99 {aka \xe2\x80\x98\x1b[01m\x1b[Klong unsigned int\x1b[m\x1b[K\xe2\x80\x99} [\x1b[01;35m\x1b[K-Wsign-compare\x1b[m\x1b[K]\n'}
[84.965365] (hdl_localization) StderrLine: {'line': b'  365 |         for(int i = 0; \x1b[01;35m\x1b[Ki < imu_data_buffer_.size()\x1b[m\x1b[K; i++){\n'}
[84.965884] (hdl_localization) StderrLine: {'line': b'      |                        \x1b[01;35m\x1b[K~~^~~~~~~~~~~~~~~~~~~~~~~~~\x1b[m\x1b[K\n'}
[85.049709] (-) TimerEvent: {}
[85.150982] (-) TimerEvent: {}
[85.252342] (-) TimerEvent: {}
[85.272573] (hdl_localization) StderrLine: {'line': b'\x1b[01m\x1b[K/home/ysc/lite_cog_ros2/nav/src/hdl_localization/apps/./hdl_localization_app.hpp:\x1b[m\x1b[K In member function \xe2\x80\x98\x1b[01m\x1b[Kbool hdl_localization::HdlLocalizationApp::Relocalize(std::shared_ptr<rmw_request_id_t>, std::shared_ptr<std_srvs::srv::Empty_Request_<std::allocator<void> > >, std::shared_ptr<std_srvs::srv::Empty_Response_<std::allocator<void> > >)\x1b[m\x1b[K\xe2\x80\x99:\n'}
[85.273827] (hdl_localization) StderrLine: {'line': b'\x1b[01m\x1b[K/home/ysc/lite_cog_ros2/nav/src/hdl_localization/apps/./hdl_localization_app.hpp:556:56:\x1b[m\x1b[K \x1b[01;35m\x1b[Kwarning: \x1b[m\x1b[Kunused parameter \xe2\x80\x98\x1b[01m\x1b[Kreq\x1b[m\x1b[K\xe2\x80\x99 [\x1b[01;35m\x1b[K-Wunused-parameter\x1b[m\x1b[K]\n'}
[85.274443] (hdl_localization) StderrLine: {'line': b'  556 |         \x1b[01;35m\x1b[Kstd::shared_ptr<std_srvs::srv::Empty::Request> req\x1b[m\x1b[K,\n'}
[85.274899] (hdl_localization) StderrLine: {'line': b'      |         \x1b[01;35m\x1b[K~~~~~~~~~~~~~~~~~~~~~~~~~~~~~~~~~~~~~~~~~~~~~~~^~~\x1b[m\x1b[K\n'}
[85.275383] (hdl_localization) StderrLine: {'line': b'\x1b[01m\x1b[K/home/ysc/lite_cog_ros2/nav/src/hdl_localization/apps/./hdl_localization_app.hpp:557:57:\x1b[m\x1b[K \x1b[01;35m\x1b[Kwarning: \x1b[m\x1b[Kunused parameter \xe2\x80\x98\x1b[01m\x1b[Kres\x1b[m\x1b[K\xe2\x80\x99 [\x1b[01;35m\x1b[K-Wunused-parameter\x1b[m\x1b[K]\n'}
[85.275947] (hdl_localization) StderrLine: {'line': b'  557 |         \x1b[01;35m\x1b[Kstd::shared_ptr<std_srvs::srv::Empty::Response> res\x1b[m\x1b[K)\n'}
[85.276553] (hdl_localization) StderrLine: {'line': b'      |         \x1b[01;35m\x1b[K~~~~~~~~~~~~~~~~~~~~~~~~~~~~~~~~~~~~~~~~~~~~~~~~^~~\x1b[m\x1b[K\n'}
[85.352501] (-) TimerEvent: {}
[85.404349] (hdl_localization) StderrLine: {'line': b'\x1b[01m\x1b[K/home/ysc/lite_cog_ros2/nav/src/hdl_localization/apps/./hdl_localization_app.hpp:\x1b[m\x1b[K In member function \xe2\x80\x98\x1b[01m\x1b[Kvoid hdl_localization::HdlLocalizationApp::TimerCallback()\x1b[m\x1b[K\xe2\x80\x99:\n'}
[85.550131] (-) TimerEvent: {}
[85.551351] (hdl_localization) StderrLine: {'line': b'\x1b[01m\x1b[K/home/ysc/lite_cog_ros2/nav/src/hdl_localization/apps/./hdl_localization_app.hpp:795:27:\x1b[m\x1b[K \x1b[01;35m\x1b[Kwarning: \x1b[m\x1b[Kcomparison of integer expressions of different signedness: \xe2\x80\x98\x1b[01m\x1b[Kint\x1b[m\x1b[K\xe2\x80\x99 and \xe2\x80\x98\x1b[01m\x1b[Kstd::deque<double>::size_type\x1b[m\x1b[K\xe2\x80\x99 {aka \xe2\x80\x98\x1b[01m\x1b[Klong unsigned int\x1b[m\x1b[K\xe2\x80\x99} [\x1b[01;35m\x1b[K-Wsign-compare\x1b[m\x1b[K]\n'}
[85.552124] (hdl_localization) StderrLine: {'line': b'  795 |             for(int i=0; \x1b[01;35m\x1b[Ki<ms_deque_.size()\x1b[m\x1b[K; i++){\n'}
[85.552881] (hdl_localization) StderrLine: {'line': b'      |                          \x1b[01;35m\x1b[K~^~~~~~~~~~~~~~~~~\x1b[m\x1b[K\n'}
[85.650437] (-) TimerEvent: {}
[85.752244] (-) TimerEvent: {}
[85.853397] (-) TimerEvent: {}
[85.954573] (-) TimerEvent: {}
[86.055732] (-) TimerEvent: {}
[86.157040] (-) TimerEvent: {}
[86.258345] (-) TimerEvent: {}
[86.359577] (-) TimerEvent: {}
[86.461032] (-) TimerEvent: {}
[86.562274] (-) TimerEvent: {}
[86.663537] (-) TimerEvent: {}
[86.764940] (-) TimerEvent: {}
[86.866121] (-) TimerEvent: {}
[86.967900] (-) TimerEvent: {}
[87.069143] (-) TimerEvent: {}
[87.170419] (-) TimerEvent: {}
[87.271768] (-) TimerEvent: {}
[87.373272] (-) TimerEvent: {}
[87.474334] (-) TimerEvent: {}
[87.575420] (-) TimerEvent: {}
[87.676680] (-) TimerEvent: {}
[87.777862] (-) TimerEvent: {}
[87.879059] (-) TimerEvent: {}
[87.980327] (-) TimerEvent: {}
[88.081620] (-) TimerEvent: {}
[88.183316] (-) TimerEvent: {}
[88.284790] (-) TimerEvent: {}
[88.385938] (-) TimerEvent: {}
[88.487094] (-) TimerEvent: {}
[88.588249] (-) TimerEvent: {}
[88.689424] (-) TimerEvent: {}
[88.790584] (-) TimerEvent: {}
[88.892612] (-) TimerEvent: {}
[88.993779] (-) TimerEvent: {}
[89.094885] (-) TimerEvent: {}
[89.195934] (-) TimerEvent: {}
[89.297297] (-) TimerEvent: {}
[89.398307] (-) TimerEvent: {}
[89.499378] (-) TimerEvent: {}
[89.600687] (-) TimerEvent: {}
[89.702505] (-) TimerEvent: {}
[89.803603] (-) TimerEvent: {}
[89.904841] (-) TimerEvent: {}
[90.005844] (-) TimerEvent: {}
[90.106998] (-) TimerEvent: {}
[90.208241] (-) TimerEvent: {}
[90.309428] (-) TimerEvent: {}
[90.410499] (-) TimerEvent: {}
[90.511763] (-) TimerEvent: {}
[90.656597] (-) TimerEvent: {}
[90.757726] (-) TimerEvent: {}
[90.858841] (-) TimerEvent: {}
[90.959926] (-) TimerEvent: {}
[91.061111] (-) TimerEvent: {}
[91.162759] (-) TimerEvent: {}
[91.263835] (-) TimerEvent: {}
[91.365134] (-) TimerEvent: {}
[91.466247] (-) TimerEvent: {}
[91.567547] (-) TimerEvent: {}
[91.668852] (-) TimerEvent: {}
[91.770073] (-) TimerEvent: {}
[91.871933] (-) TimerEvent: {}
[91.973272] (-) TimerEvent: {}
[92.074537] (-) TimerEvent: {}
[92.175817] (-) TimerEvent: {}
[92.277117] (-) TimerEvent: {}
[92.378375] (-) TimerEvent: {}
[92.479770] (-) TimerEvent: {}
[92.581130] (-) TimerEvent: {}
[92.682455] (-) TimerEvent: {}
[92.784607] (-) TimerEvent: {}
[92.885774] (-) TimerEvent: {}
[92.986913] (-) TimerEvent: {}
[93.088085] (-) TimerEvent: {}
[93.189246] (-) TimerEvent: {}
[93.290342] (-) TimerEvent: {}
[93.392078] (-) TimerEvent: {}
[93.493099] (-) TimerEvent: {}
[93.594318] (-) TimerEvent: {}
[93.695307] (-) TimerEvent: {}
[93.796669] (-) TimerEvent: {}
[93.898035] (-) TimerEvent: {}
[94.000441] (-) TimerEvent: {}
[94.102130] (-) TimerEvent: {}
[94.203177] (-) TimerEvent: {}
[94.304489] (-) TimerEvent: {}
[94.405704] (-) TimerEvent: {}
[94.506857] (-) TimerEvent: {}
[94.608040] (-) TimerEvent: {}
[94.709341] (-) TimerEvent: {}
[94.810540] (-) TimerEvent: {}
[94.912609] (-) TimerEvent: {}
[95.013821] (-) TimerEvent: {}
[95.115445] (-) TimerEvent: {}
[95.216844] (-) TimerEvent: {}
[95.318060] (-) TimerEvent: {}
[95.419294] (-) TimerEvent: {}
[95.520510] (-) TimerEvent: {}
[95.765284] (-) TimerEvent: {}
[95.866655] (-) TimerEvent: {}
[95.968015] (-) TimerEvent: {}
[96.069219] (-) TimerEvent: {}
[96.170639] (-) TimerEvent: {}
[96.272553] (-) TimerEvent: {}
[96.373840] (-) TimerEvent: {}
[96.475045] (-) TimerEvent: {}
[96.576218] (-) TimerEvent: {}
[96.677562] (-) TimerEvent: {}
[96.778724] (-) TimerEvent: {}
[96.879901] (-) TimerEvent: {}
[96.981585] (-) TimerEvent: {}
[97.083294] (-) TimerEvent: {}
[97.184673] (-) TimerEvent: {}
[97.285929] (-) TimerEvent: {}
[97.387101] (-) TimerEvent: {}
[97.488427] (-) TimerEvent: {}
[97.589641] (-) TimerEvent: {}
[97.690771] (-) TimerEvent: {}
[97.792852] (-) TimerEvent: {}
[97.893933] (-) TimerEvent: {}
[97.995105] (-) TimerEvent: {}
[98.096417] (-) TimerEvent: {}
[98.197608] (-) TimerEvent: {}
[98.298588] (-) TimerEvent: {}
[98.399590] (-) TimerEvent: {}
[98.500586] (-) TimerEvent: {}
[98.602796] (-) TimerEvent: {}
[98.704006] (-) TimerEvent: {}
[98.805294] (-) TimerEvent: {}
[98.906440] (-) TimerEvent: {}
[99.007941] (-) TimerEvent: {}
[99.109154] (-) TimerEvent: {}
[99.210269] (-) TimerEvent: {}
[99.311709] (-) TimerEvent: {}
[99.412889] (-) TimerEvent: {}
[99.514150] (-) TimerEvent: {}
[99.615879] (-) TimerEvent: {}
[99.717284] (-) TimerEvent: {}
[99.818820] (-) TimerEvent: {}
[99.920128] (-) TimerEvent: {}
[100.021291] (-) TimerEvent: {}
[100.122774] (-) TimerEvent: {}
[100.226723] (-) TimerEvent: {}
[100.327988] (-) TimerEvent: {}
[100.429183] (-) TimerEvent: {}
[100.530266] (-) TimerEvent: {}
[100.632436] (-) TimerEvent: {}
[100.774886] (-) TimerEvent: {}
[100.875972] (-) TimerEvent: {}
[100.977059] (-) TimerEvent: {}
[101.078048] (-) TimerEvent: {}
[101.179124] (-) TimerEvent: {}
[101.280127] (-) TimerEvent: {}
[101.381284] (-) TimerEvent: {}
[101.482737] (-) TimerEvent: {}
[101.584623] (-) TimerEvent: {}
[101.686161] (-) TimerEvent: {}
[101.787355] (-) TimerEvent: {}
[101.888395] (-) TimerEvent: {}
[101.989482] (-) TimerEvent: {}
[102.090534] (-) TimerEvent: {}
[102.192244] (-) TimerEvent: {}
[102.293348] (-) TimerEvent: {}
[102.394522] (-) TimerEvent: {}
[102.495538] (-) TimerEvent: {}
[102.596743] (-) TimerEvent: {}
[102.697855] (-) TimerEvent: {}
[102.798996] (-) TimerEvent: {}
[102.900541] (-) TimerEvent: {}
[103.003943] (-) TimerEvent: {}
[103.105167] (-) TimerEvent: {}
[103.206258] (-) TimerEvent: {}
[103.307617] (-) TimerEvent: {}
[103.410059] (-) TimerEvent: {}
[103.511668] (-) TimerEvent: {}
[103.613138] (-) TimerEvent: {}
[103.714521] (-) TimerEvent: {}
[103.815988] (-) TimerEvent: {}
[103.917666] (-) TimerEvent: {}
[104.018847] (-) TimerEvent: {}
[104.120257] (-) TimerEvent: {}
[104.221578] (-) TimerEvent: {}
[104.323235] (-) TimerEvent: {}
[104.426120] (-) TimerEvent: {}
[104.527243] (-) TimerEvent: {}
[104.628645] (-) TimerEvent: {}
[104.729817] (-) TimerEvent: {}
[104.831031] (-) TimerEvent: {}
[104.932743] (-) TimerEvent: {}
[105.033884] (-) TimerEvent: {}
[105.135076] (-) TimerEvent: {}
[105.236722] (-) TimerEvent: {}
[105.337747] (-) TimerEvent: {}
[105.438858] (-) TimerEvent: {}
[105.540035] (-) TimerEvent: {}
[105.642101] (-) TimerEvent: {}
[105.885874] (-) TimerEvent: {}
[105.987117] (-) TimerEvent: {}
[106.088393] (-) TimerEvent: {}
[106.189477] (-) TimerEvent: {}
[106.290613] (-) TimerEvent: {}
[106.392657] (-) TimerEvent: {}
[106.493852] (-) TimerEvent: {}
[106.595266] (-) TimerEvent: {}
[106.696562] (-) TimerEvent: {}
[106.797717] (-) TimerEvent: {}
[106.898967] (-) TimerEvent: {}
[107.000046] (-) TimerEvent: {}
[107.101244] (-) TimerEvent: {}
[107.203685] (-) TimerEvent: {}
[107.304999] (-) TimerEvent: {}
[107.406312] (-) TimerEvent: {}
[107.507577] (-) TimerEvent: {}
[107.608645] (-) TimerEvent: {}
[107.709860] (-) TimerEvent: {}
[107.811033] (-) TimerEvent: {}
[107.912483] (-) TimerEvent: {}
[108.014263] (-) TimerEvent: {}
[108.116597] (-) TimerEvent: {}
[108.218726] (-) TimerEvent: {}
[108.319995] (-) TimerEvent: {}
[108.421667] (-) TimerEvent: {}
[108.522882] (-) TimerEvent: {}
[108.624058] (-) TimerEvent: {}
[108.725315] (-) TimerEvent: {}
[108.826442] (-) TimerEvent: {}
[108.927742] (-) TimerEvent: {}
[109.029128] (-) TimerEvent: {}
[109.130148] (-) TimerEvent: {}
[109.231254] (-) TimerEvent: {}
[109.332971] (-) TimerEvent: {}
[109.434061] (-) TimerEvent: {}
[109.535129] (-) TimerEvent: {}
[109.636317] (-) TimerEvent: {}
[109.737516] (-) TimerEvent: {}
[109.838525] (-) TimerEvent: {}
[109.939669] (-) TimerEvent: {}
[110.040727] (-) TimerEvent: {}
[110.141786] (-) TimerEvent: {}
[110.242997] (-) TimerEvent: {}
[110.344121] (-) TimerEvent: {}
[110.445337] (-) TimerEvent: {}
[110.546323] (-) TimerEvent: {}
[110.647461] (-) TimerEvent: {}
[110.748738] (-) TimerEvent: {}
[110.891662] (-) TimerEvent: {}
[110.992911] (-) TimerEvent: {}
[111.094078] (-) TimerEvent: {}
[111.195205] (-) TimerEvent: {}
[111.296391] (-) TimerEvent: {}
[111.397671] (-) TimerEvent: {}
[111.498938] (-) TimerEvent: {}
[111.600329] (-) TimerEvent: {}
[111.702925] (-) TimerEvent: {}
[111.804596] (-) TimerEvent: {}
[111.905826] (-) TimerEvent: {}
[112.007081] (-) TimerEvent: {}
[112.108382] (-) TimerEvent: {}
[112.209606] (-) TimerEvent: {}
[112.310905] (-) TimerEvent: {}
[112.413229] (-) TimerEvent: {}
[112.514378] (-) TimerEvent: {}
[112.615827] (-) TimerEvent: {}
[112.717189] (-) TimerEvent: {}
[112.818354] (-) TimerEvent: {}
[112.919793] (-) TimerEvent: {}
[113.020909] (-) TimerEvent: {}
[113.121982] (-) TimerEvent: {}
[113.223237] (-) TimerEvent: {}
[113.324466] (-) TimerEvent: {}
[113.425643] (-) TimerEvent: {}
[113.526739] (-) TimerEvent: {}
[113.627779] (-) TimerEvent: {}
[113.728967] (-) TimerEvent: {}
[113.830016] (-) TimerEvent: {}
[113.931126] (-) TimerEvent: {}
[114.032875] (-) TimerEvent: {}
[114.133959] (-) TimerEvent: {}
[114.235047] (-) TimerEvent: {}
[114.336283] (-) TimerEvent: {}
[114.437412] (-) TimerEvent: {}
[114.539103] (-) TimerEvent: {}
[114.640431] (-) TimerEvent: {}
[114.741770] (-) TimerEvent: {}
[114.842922] (-) TimerEvent: {}
[114.944366] (-) TimerEvent: {}
[115.045913] (-) TimerEvent: {}
[115.147062] (-) TimerEvent: {}
[115.248323] (-) TimerEvent: {}
[115.349444] (-) TimerEvent: {}
[115.450730] (-) TimerEvent: {}
[115.551984] (-) TimerEvent: {}
[115.653221] (-) TimerEvent: {}
[115.754486] (-) TimerEvent: {}
[115.855505] (-) TimerEvent: {}
[115.999478] (-) TimerEvent: {}
[116.101185] (-) TimerEvent: {}
[116.202894] (-) TimerEvent: {}
[116.303913] (-) TimerEvent: {}
[116.405070] (-) TimerEvent: {}
[116.506004] (-) TimerEvent: {}
[116.607035] (-) TimerEvent: {}
[116.708070] (-) TimerEvent: {}
[116.809270] (-) TimerEvent: {}
[116.910336] (-) TimerEvent: {}
[117.011346] (-) TimerEvent: {}
[117.112614] (-) TimerEvent: {}
[117.213699] (-) TimerEvent: {}
[117.314734] (-) TimerEvent: {}
[117.415736] (-) TimerEvent: {}
[117.516841] (-) TimerEvent: {}
[117.618051] (-) TimerEvent: {}
[117.719412] (-) TimerEvent: {}
[117.820568] (-) TimerEvent: {}
[117.921621] (-) TimerEvent: {}
[118.022774] (-) TimerEvent: {}
[118.123829] (-) TimerEvent: {}
[118.224955] (-) TimerEvent: {}
[118.326016] (-) TimerEvent: {}
[118.427040] (-) TimerEvent: {}
[118.528352] (-) TimerEvent: {}
[118.629412] (-) TimerEvent: {}
[118.730468] (-) TimerEvent: {}
[118.831493] (-) TimerEvent: {}
[118.932736] (-) TimerEvent: {}
[119.034209] (-) TimerEvent: {}
[119.135317] (-) TimerEvent: {}
[119.236394] (-) TimerEvent: {}
[119.337423] (-) TimerEvent: {}
[119.438409] (-) TimerEvent: {}
[119.539458] (-) TimerEvent: {}
[119.640575] (-) TimerEvent: {}
[119.741672] (-) TimerEvent: {}
[119.842857] (-) TimerEvent: {}
[119.943950] (-) TimerEvent: {}
[120.044987] (-) TimerEvent: {}
[120.145972] (-) TimerEvent: {}
[120.247060] (-) TimerEvent: {}
[120.348035] (-) TimerEvent: {}
[120.449216] (-) TimerEvent: {}
[120.550299] (-) TimerEvent: {}
[120.651468] (-) TimerEvent: {}
[120.752641] (-) TimerEvent: {}
[120.853681] (-) TimerEvent: {}
[120.954749] (-) TimerEvent: {}
[121.097832] (-) TimerEvent: {}
[121.198827] (-) TimerEvent: {}
[121.299871] (-) TimerEvent: {}
[121.400995] (-) TimerEvent: {}
[121.502424] (-) TimerEvent: {}
[121.604683] (-) TimerEvent: {}
[121.706057] (-) TimerEvent: {}
[121.807640] (-) TimerEvent: {}
[121.909114] (-) TimerEvent: {}
[122.012432] (-) TimerEvent: {}
[122.113923] (-) TimerEvent: {}
[122.215185] (-) TimerEvent: {}
[122.316505] (-) TimerEvent: {}
[122.417751] (-) TimerEvent: {}
[122.518990] (-) TimerEvent: {}
[122.620121] (-) TimerEvent: {}
[122.721387] (-) TimerEvent: {}
[122.823365] (-) TimerEvent: {}
[122.924485] (-) TimerEvent: {}
[123.025498] (-) TimerEvent: {}
[123.126517] (-) TimerEvent: {}
[123.227518] (-) TimerEvent: {}
[123.328651] (-) TimerEvent: {}
[123.429803] (-) TimerEvent: {}
[123.530935] (-) TimerEvent: {}
[123.632297] (-) TimerEvent: {}
[123.733804] (-) TimerEvent: {}
[123.835651] (-) TimerEvent: {}
[123.937513] (-) TimerEvent: {}
[124.038827] (-) TimerEvent: {}
[124.139909] (-) TimerEvent: {}
[124.241039] (-) TimerEvent: {}
[124.342471] (-) TimerEvent: {}
[124.443387] (-) TimerEvent: {}
[124.544581] (-) TimerEvent: {}
[124.645770] (-) TimerEvent: {}
[124.746836] (-) TimerEvent: {}
[124.847857] (-) TimerEvent: {}
[124.949021] (-) TimerEvent: {}
[125.050168] (-) TimerEvent: {}
[125.151120] (-) TimerEvent: {}
[125.253210] (-) TimerEvent: {}
[125.354223] (-) TimerEvent: {}
[125.455254] (-) TimerEvent: {}
[125.556900] (-) TimerEvent: {}
[125.657933] (-) TimerEvent: {}
[125.759054] (-) TimerEvent: {}
[125.860108] (-) TimerEvent: {}
[125.961330] (-) TimerEvent: {}
[126.063082] (-) TimerEvent: {}
[126.164117] (-) TimerEvent: {}
[126.265213] (-) TimerEvent: {}
[126.366293] (-) TimerEvent: {}
[126.467322] (-) TimerEvent: {}
[126.568414] (-) TimerEvent: {}
[126.669459] (-) TimerEvent: {}
[126.770475] (-) TimerEvent: {}
[126.871586] (-) TimerEvent: {}
[126.973218] (-) TimerEvent: {}
[127.074949] (-) TimerEvent: {}
[127.176291] (-) TimerEvent: {}
[127.277441] (-) TimerEvent: {}
[127.378746] (-) TimerEvent: {}
[127.479944] (-) TimerEvent: {}
[127.582196] (-) TimerEvent: {}
[127.683503] (-) TimerEvent: {}
[127.784801] (-) TimerEvent: {}
[127.886057] (-) TimerEvent: {}
[127.987836] (-) TimerEvent: {}
[128.089108] (-) TimerEvent: {}
[128.190327] (-) TimerEvent: {}
[128.291560] (-) TimerEvent: {}
[128.392861] (-) TimerEvent: {}
[128.494400] (-) TimerEvent: {}
[128.595521] (-) TimerEvent: {}
[128.696814] (-) TimerEvent: {}
[128.797998] (-) TimerEvent: {}
[128.899755] (-) TimerEvent: {}
[129.003528] (-) TimerEvent: {}
[129.104724] (-) TimerEvent: {}
[129.205787] (-) TimerEvent: {}
[129.306875] (-) TimerEvent: {}
[129.407930] (-) TimerEvent: {}
[129.509385] (-) TimerEvent: {}
[129.611418] (-) TimerEvent: {}
[129.712446] (-) TimerEvent: {}
[129.813715] (-) TimerEvent: {}
[129.915016] (-) TimerEvent: {}
[130.017648] (-) TimerEvent: {}
[130.119973] (-) TimerEvent: {}
[130.222262] (-) TimerEvent: {}
[130.323459] (-) TimerEvent: {}
[130.432766] (-) TimerEvent: {}
[130.534118] (-) TimerEvent: {}
[130.635534] (-) TimerEvent: {}
[130.737055] (-) TimerEvent: {}
[130.839053] (-) TimerEvent: {}
[130.940437] (-) TimerEvent: {}
[131.041701] (-) TimerEvent: {}
[131.208098] (-) TimerEvent: {}
[131.309568] (-) TimerEvent: {}
[131.410852] (-) TimerEvent: {}
[131.513070] (-) TimerEvent: {}
[131.615164] (-) TimerEvent: {}
[131.717182] (-) TimerEvent: {}
[131.819231] (-) TimerEvent: {}
[131.921267] (-) TimerEvent: {}
[132.023258] (-) TimerEvent: {}
[132.125337] (-) TimerEvent: {}
[132.227402] (-) TimerEvent: {}
[132.328719] (-) TimerEvent: {}
[132.430081] (-) TimerEvent: {}
[132.532249] (-) TimerEvent: {}
[132.633577] (-) TimerEvent: {}
[132.736821] (-) TimerEvent: {}
[132.837963] (-) TimerEvent: {}
[132.939193] (-) TimerEvent: {}
[133.040961] (-) TimerEvent: {}
[133.143522] (-) TimerEvent: {}
[133.244938] (-) TimerEvent: {}
[133.346342] (-) TimerEvent: {}
[133.447782] (-) TimerEvent: {}
[133.549664] (-) TimerEvent: {}
[133.651548] (-) TimerEvent: {}
[133.753598] (-) TimerEvent: {}
[133.855220] (-) TimerEvent: {}
[133.956517] (-) TimerEvent: {}
[134.058360] (-) TimerEvent: {}
[134.159536] (-) TimerEvent: {}
[134.260918] (-) TimerEvent: {}
[134.363642] (-) TimerEvent: {}
[134.464958] (-) TimerEvent: {}
[134.566046] (-) TimerEvent: {}
[134.667241] (-) TimerEvent: {}
[134.768397] (-) TimerEvent: {}
[134.869726] (-) TimerEvent: {}
[134.971160] (-) TimerEvent: {}
[135.075050] (-) TimerEvent: {}
[135.176261] (-) TimerEvent: {}
[135.277340] (-) TimerEvent: {}
[135.378629] (-) TimerEvent: {}
[135.479827] (-) TimerEvent: {}
[135.581109] (-) TimerEvent: {}
[135.682866] (-) TimerEvent: {}
[135.783988] (-) TimerEvent: {}
[135.885166] (-) TimerEvent: {}
[135.986424] (-) TimerEvent: {}
[136.087515] (-) TimerEvent: {}
[136.188652] (-) TimerEvent: {}
[136.334050] (-) TimerEvent: {}
[136.435047] (-) TimerEvent: {}
[136.536281] (-) TimerEvent: {}
[136.637367] (-) TimerEvent: {}
[136.738841] (-) TimerEvent: {}
[136.839844] (-) TimerEvent: {}
[136.940957] (-) TimerEvent: {}
[137.042973] (-) TimerEvent: {}
[137.144035] (-) TimerEvent: {}
[137.245053] (-) TimerEvent: {}
[137.346129] (-) TimerEvent: {}
[137.447333] (-) TimerEvent: {}
[137.548663] (-) TimerEvent: {}
[137.649733] (-) TimerEvent: {}
[137.750729] (-) TimerEvent: {}
[137.851695] (-) TimerEvent: {}
[137.953330] (-) TimerEvent: {}
[138.054364] (-) TimerEvent: {}
[138.155462] (-) TimerEvent: {}
[138.256551] (-) TimerEvent: {}
[138.357644] (-) TimerEvent: {}
[138.458679] (-) TimerEvent: {}
[138.559858] (-) TimerEvent: {}
[138.661079] (-) TimerEvent: {}
[138.763290] (-) TimerEvent: {}
[138.864815] (-) TimerEvent: {}
[138.966217] (-) TimerEvent: {}
[139.067603] (-) TimerEvent: {}
[139.168829] (-) TimerEvent: {}
[139.271010] (-) TimerEvent: {}
[139.373809] (-) TimerEvent: {}
[139.474863] (-) TimerEvent: {}
[139.575957] (-) TimerEvent: {}
[139.677069] (-) TimerEvent: {}
[139.778014] (-) TimerEvent: {}
[139.879201] (-) TimerEvent: {}
[139.980400] (-) TimerEvent: {}
[140.081471] (-) TimerEvent: {}
[140.183221] (-) TimerEvent: {}
[140.284369] (-) TimerEvent: {}
[140.385611] (-) TimerEvent: {}
[140.487878] (-) TimerEvent: {}
[140.589124] (-) TimerEvent: {}
[140.690314] (-) TimerEvent: {}
[140.792626] (-) TimerEvent: {}
[140.893925] (-) TimerEvent: {}
[140.995288] (-) TimerEvent: {}
[141.096639] (-) TimerEvent: {}
[141.197829] (-) TimerEvent: {}
[141.299210] (-) TimerEvent: {}
[141.443409] (-) TimerEvent: {}
[141.545392] (-) TimerEvent: {}
[141.648456] (-) TimerEvent: {}
[141.750150] (-) TimerEvent: {}
[141.853711] (-) TimerEvent: {}
[141.955269] (-) TimerEvent: {}
[142.056851] (-) TimerEvent: {}
[142.158301] (-) TimerEvent: {}
[142.260284] (-) TimerEvent: {}
[142.368098] (-) TimerEvent: {}
[142.486140] (-) TimerEvent: {}
[142.587265] (-) TimerEvent: {}
[142.688433] (-) TimerEvent: {}
[142.789615] (-) TimerEvent: {}
[142.890849] (-) TimerEvent: {}
[142.992015] (-) TimerEvent: {}
[143.094003] (-) TimerEvent: {}
[143.195836] (-) TimerEvent: {}
[143.297096] (-) TimerEvent: {}
[143.398301] (-) TimerEvent: {}
[143.499564] (-) TimerEvent: {}
[143.600933] (-) TimerEvent: {}
[143.703782] (-) TimerEvent: {}
[143.805358] (-) TimerEvent: {}
[143.907117] (-) TimerEvent: {}
[144.008961] (-) TimerEvent: {}
[144.112422] (-) TimerEvent: {}
[144.213718] (-) TimerEvent: {}
[144.314913] (-) TimerEvent: {}
[144.416302] (-) TimerEvent: {}
[144.517703] (-) TimerEvent: {}
[144.618962] (-) TimerEvent: {}
[144.720246] (-) TimerEvent: {}
[144.822404] (-) TimerEvent: {}
[144.924098] (-) TimerEvent: {}
[145.025824] (-) TimerEvent: {}
[145.126883] (-) TimerEvent: {}
[145.228022] (-) TimerEvent: {}
[145.329168] (-) TimerEvent: {}
[145.430129] (-) TimerEvent: {}
[145.531189] (-) TimerEvent: {}
[145.632488] (-) TimerEvent: {}
[145.733710] (-) TimerEvent: {}
[145.834998] (-) TimerEvent: {}
[145.936204] (-) TimerEvent: {}
[146.038177] (-) TimerEvent: {}
[146.139537] (-) TimerEvent: {}
[146.240733] (-) TimerEvent: {}
[146.342738] (-) TimerEvent: {}
[146.576000] (-) TimerEvent: {}
[146.677380] (-) TimerEvent: {}
[146.778689] (-) TimerEvent: {}
[146.879908] (-) TimerEvent: {}
[146.981109] (-) TimerEvent: {}
[147.082723] (-) TimerEvent: {}
[147.183876] (-) TimerEvent: {}
[147.285122] (-) TimerEvent: {}
[147.386699] (-) TimerEvent: {}
[147.487729] (-) TimerEvent: {}
[147.588849] (-) TimerEvent: {}
[147.690212] (-) TimerEvent: {}
[147.792229] (-) TimerEvent: {}
[147.894278] (-) TimerEvent: {}
[147.996441] (-) TimerEvent: {}
[148.098058] (-) TimerEvent: {}
[148.199367] (-) TimerEvent: {}
[148.300734] (-) TimerEvent: {}
[148.402810] (-) TimerEvent: {}
[148.504047] (-) TimerEvent: {}
[148.605141] (-) TimerEvent: {}
[148.706755] (-) TimerEvent: {}
[148.808047] (-) TimerEvent: {}
[148.909961] (-) TimerEvent: {}
[149.011210] (-) TimerEvent: {}
[149.114041] (-) TimerEvent: {}
[149.215837] (-) TimerEvent: {}
[149.317571] (-) TimerEvent: {}
[149.420406] (-) TimerEvent: {}
[149.523189] (-) TimerEvent: {}
[149.625019] (-) TimerEvent: {}
[149.726805] (-) TimerEvent: {}
[149.828815] (-) TimerEvent: {}
[149.931133] (-) TimerEvent: {}
[150.032840] (-) TimerEvent: {}
[150.133819] (-) TimerEvent: {}
[150.234820] (-) TimerEvent: {}
[150.335750] (-) TimerEvent: {}
[150.436722] (-) TimerEvent: {}
[150.537691] (-) TimerEvent: {}
[150.638750] (-) TimerEvent: {}
[150.739698] (-) TimerEvent: {}
[150.840872] (-) TimerEvent: {}
[150.941968] (-) TimerEvent: {}
[151.043054] (-) TimerEvent: {}
[151.143970] (-) TimerEvent: {}
[151.245080] (-) TimerEvent: {}
[151.346194] (-) TimerEvent: {}
[151.447348] (-) TimerEvent: {}
[151.590232] (-) TimerEvent: {}
[151.691237] (-) TimerEvent: {}
[151.792283] (-) TimerEvent: {}
[151.893351] (-) TimerEvent: {}
[151.994369] (-) TimerEvent: {}
[152.095566] (-) TimerEvent: {}
[152.196683] (-) TimerEvent: {}
[152.297737] (-) TimerEvent: {}
[152.399029] (-) TimerEvent: {}
[152.499894] (-) TimerEvent: {}
[152.601023] (-) TimerEvent: {}
[152.701997] (-) TimerEvent: {}
[152.803638] (-) TimerEvent: {}
[152.904743] (-) TimerEvent: {}
[153.005756] (-) TimerEvent: {}
[153.106758] (-) TimerEvent: {}
[153.207874] (-) TimerEvent: {}
[153.309027] (-) TimerEvent: {}
[153.410142] (-) TimerEvent: {}
[153.511221] (-) TimerEvent: {}
[153.612353] (-) TimerEvent: {}
[153.713483] (-) TimerEvent: {}
[153.814535] (-) TimerEvent: {}
[153.915650] (-) TimerEvent: {}
[154.016778] (-) TimerEvent: {}
[154.117836] (-) TimerEvent: {}
[154.218931] (-) TimerEvent: {}
[154.319962] (-) TimerEvent: {}
[154.421134] (-) TimerEvent: {}
[154.522150] (-) TimerEvent: {}
[154.624233] (-) TimerEvent: {}
[154.725293] (-) TimerEvent: {}
[154.826362] (-) TimerEvent: {}
[154.927397] (-) TimerEvent: {}
[155.028574] (-) TimerEvent: {}
[155.129583] (-) TimerEvent: {}
[155.230642] (-) TimerEvent: {}
[155.331692] (-) TimerEvent: {}
[155.434012] (-) TimerEvent: {}
[155.535035] (-) TimerEvent: {}
[155.636061] (-) TimerEvent: {}
[155.737030] (-) TimerEvent: {}
[155.838070] (-) TimerEvent: {}
[155.939143] (-) TimerEvent: {}
[156.040261] (-) TimerEvent: {}
[156.141262] (-) TimerEvent: {}
[156.242776] (-) TimerEvent: {}
[156.343841] (-) TimerEvent: {}
[156.445031] (-) TimerEvent: {}
[156.638072] (-) TimerEvent: {}
[156.739169] (-) TimerEvent: {}
[156.840323] (-) TimerEvent: {}
[156.941367] (-) TimerEvent: {}
[157.042477] (-) TimerEvent: {}
[157.143645] (-) TimerEvent: {}
[157.245826] (-) TimerEvent: {}
[157.346891] (-) TimerEvent: {}
[157.448024] (-) TimerEvent: {}
[157.549494] (-) TimerEvent: {}
[157.650637] (-) TimerEvent: {}
[157.751702] (-) TimerEvent: {}
[157.853489] (-) TimerEvent: {}
[157.954891] (-) TimerEvent: {}
[158.056734] (-) TimerEvent: {}
[158.157934] (-) TimerEvent: {}
[158.259023] (-) TimerEvent: {}
[158.360097] (-) TimerEvent: {}
[158.461213] (-) TimerEvent: {}
[158.562264] (-) TimerEvent: {}
[158.663310] (-) TimerEvent: {}
[158.764390] (-) TimerEvent: {}
[158.865535] (-) TimerEvent: {}
[158.968666] (-) TimerEvent: {}
[159.069909] (-) TimerEvent: {}
[159.171083] (-) TimerEvent: {}
[159.272370] (-) TimerEvent: {}
[159.373560] (-) TimerEvent: {}
[159.474825] (-) TimerEvent: {}
[159.575993] (-) TimerEvent: {}
[159.677797] (-) TimerEvent: {}
[159.779003] (-) TimerEvent: {}
[159.880031] (-) TimerEvent: {}
[159.981242] (-) TimerEvent: {}
[160.082536] (-) TimerEvent: {}
[160.183821] (-) TimerEvent: {}
[160.285067] (-) TimerEvent: {}
[160.386362] (-) TimerEvent: {}
[160.488347] (-) TimerEvent: {}
[160.589406] (-) TimerEvent: {}
[160.690654] (-) TimerEvent: {}
[160.791875] (-) TimerEvent: {}
[160.893747] (-) TimerEvent: {}
[160.994753] (-) TimerEvent: {}
[161.095831] (-) TimerEvent: {}
[161.197292] (-) TimerEvent: {}
[161.298382] (-) TimerEvent: {}
[161.400621] (-) TimerEvent: {}
[161.643655] (-) TimerEvent: {}
[161.745003] (-) TimerEvent: {}
[161.846432] (-) TimerEvent: {}
[161.947622] (-) TimerEvent: {}
[162.049187] (-) TimerEvent: {}
[162.150397] (-) TimerEvent: {}
[162.251630] (-) TimerEvent: {}
[162.353644] (-) TimerEvent: {}
[162.455255] (-) TimerEvent: {}
[162.556587] (-) TimerEvent: {}
[162.657663] (-) TimerEvent: {}
[162.759032] (-) TimerEvent: {}
[162.860085] (-) TimerEvent: {}
[162.961648] (-) TimerEvent: {}
[163.062773] (-) TimerEvent: {}
[163.163997] (-) TimerEvent: {}
[163.265381] (-) TimerEvent: {}
[163.366463] (-) TimerEvent: {}
[163.467643] (-) TimerEvent: {}
[163.568791] (-) TimerEvent: {}
[163.669893] (-) TimerEvent: {}
[163.770975] (-) TimerEvent: {}
[163.871996] (-) TimerEvent: {}
[163.973736] (-) TimerEvent: {}
[164.074782] (-) TimerEvent: {}
[164.175894] (-) TimerEvent: {}
[164.277077] (-) TimerEvent: {}
[164.378240] (-) TimerEvent: {}
[164.479403] (-) TimerEvent: {}
[164.580537] (-) TimerEvent: {}
[164.681629] (-) TimerEvent: {}
[164.782898] (-) TimerEvent: {}
[164.884003] (-) TimerEvent: {}
[164.985269] (-) TimerEvent: {}
[165.086451] (-) TimerEvent: {}
[165.187651] (-) TimerEvent: {}
[165.288935] (-) TimerEvent: {}
[165.390453] (-) TimerEvent: {}
[165.491515] (-) TimerEvent: {}
[165.592880] (-) TimerEvent: {}
[165.694201] (-) TimerEvent: {}
[165.795480] (-) TimerEvent: {}
[165.897253] (-) TimerEvent: {}
[165.999261] (-) TimerEvent: {}
[166.100497] (-) TimerEvent: {}
[166.201609] (-) TimerEvent: {}
[166.303402] (-) TimerEvent: {}
[166.404656] (-) TimerEvent: {}
[166.643982] (-) TimerEvent: {}
[166.745081] (-) TimerEvent: {}
[166.846818] (-) TimerEvent: {}
[166.947953] (-) TimerEvent: {}
[167.049116] (-) TimerEvent: {}
[167.150313] (-) TimerEvent: {}
[167.251366] (-) TimerEvent: {}
[167.352569] (-) TimerEvent: {}
[167.453654] (-) TimerEvent: {}
[167.554829] (-) TimerEvent: {}
[167.655908] (-) TimerEvent: {}
[167.757049] (-) TimerEvent: {}
[167.858125] (-) TimerEvent: {}
[167.959299] (-) TimerEvent: {}
[168.060577] (-) TimerEvent: {}
[168.161991] (-) TimerEvent: {}
[168.263123] (-) TimerEvent: {}
[168.364400] (-) TimerEvent: {}
[168.465631] (-) TimerEvent: {}
[168.566917] (-) TimerEvent: {}
[168.668332] (-) TimerEvent: {}
[168.769590] (-) TimerEvent: {}
[168.870895] (-) TimerEvent: {}
[168.972466] (-) TimerEvent: {}
[169.073957] (-) TimerEvent: {}
[169.175069] (-) TimerEvent: {}
[169.276123] (-) TimerEvent: {}
[169.377219] (-) TimerEvent: {}
[169.478301] (-) TimerEvent: {}
[169.579367] (-) TimerEvent: {}
[169.680351] (-) TimerEvent: {}
[169.781384] (-) TimerEvent: {}
[169.882918] (-) TimerEvent: {}
[169.983971] (-) TimerEvent: {}
[170.085015] (-) TimerEvent: {}
[170.186054] (-) TimerEvent: {}
[170.287070] (-) TimerEvent: {}
[170.388127] (-) TimerEvent: {}
[170.489266] (-) TimerEvent: {}
[170.590308] (-) TimerEvent: {}
[170.691284] (-) TimerEvent: {}
[170.792335] (-) TimerEvent: {}
[170.893472] (-) TimerEvent: {}
[170.919071] (hdl_localization) StderrLine: {'line': b'\x1b[01m\x1b[K/home/ysc/lite_cog_ros2/nav/src/hdl_localization/apps/./hdl_localization_app.hpp:798:24:\x1b[m\x1b[K \x1b[01;35m\x1b[Kwarning: \x1b[m\x1b[K\xe2\x80\x98\x1b[01m\x1b[Ktotal_ms\x1b[m\x1b[K\xe2\x80\x99 may be used uninitialized in this function [\x1b[01;35m\x1b[K-Wmaybe-uninitialized\x1b[m\x1b[K]\n'}
[170.919879] (hdl_localization) StderrLine: {'line': b'  798 |             \x1b[01;35m\x1b[Kaverage_ms = total_ms / ms_deque_.size()\x1b[m\x1b[K;\n'}
[170.920497] (hdl_localization) StderrLine: {'line': b'      |             \x1b[01;35m\x1b[K~~~~~~~~~~~^~~~~~~~~~~~~~~~~~~~~~~~~~~~~\x1b[m\x1b[K\n'}
[170.993691] (-) TimerEvent: {}
[171.094773] (-) TimerEvent: {}
[171.195858] (-) TimerEvent: {}
[171.297026] (-) TimerEvent: {}
[171.398011] (-) TimerEvent: {}
[171.499083] (-) TimerEvent: {}
[171.696674] (-) TimerEvent: {}
[171.797744] (-) TimerEvent: {}
[171.898835] (-) TimerEvent: {}
[171.999772] (-) TimerEvent: {}
[172.100944] (-) TimerEvent: {}
[172.201989] (-) TimerEvent: {}
[172.303022] (-) TimerEvent: {}
[172.404090] (-) TimerEvent: {}
[172.505167] (-) TimerEvent: {}
[172.606221] (-) TimerEvent: {}
[172.707372] (-) TimerEvent: {}
[172.808550] (-) TimerEvent: {}
[172.909568] (-) TimerEvent: {}
[173.010654] (-) TimerEvent: {}
[173.111763] (-) TimerEvent: {}
[173.212920] (-) TimerEvent: {}
[173.313972] (-) TimerEvent: {}
[173.414989] (-) TimerEvent: {}
[173.516088] (-) TimerEvent: {}
[173.617248] (-) TimerEvent: {}
[173.718365] (-) TimerEvent: {}
[173.819339] (-) TimerEvent: {}
[173.920466] (-) TimerEvent: {}
[174.021564] (-) TimerEvent: {}
[174.122830] (-) TimerEvent: {}
[174.223869] (-) TimerEvent: {}
[174.324978] (-) TimerEvent: {}
[174.425993] (-) TimerEvent: {}
[174.527046] (-) TimerEvent: {}
[174.627961] (-) TimerEvent: {}
[174.729057] (-) TimerEvent: {}
[174.830125] (-) TimerEvent: {}
[174.931179] (-) TimerEvent: {}
[175.033249] (-) TimerEvent: {}
[175.134477] (-) TimerEvent: {}
[175.235534] (-) TimerEvent: {}
[175.336627] (-) TimerEvent: {}
[175.437653] (-) TimerEvent: {}
[175.538907] (-) TimerEvent: {}
[175.640000] (-) TimerEvent: {}
[175.741154] (-) TimerEvent: {}
[175.842684] (-) TimerEvent: {}
[175.943810] (-) TimerEvent: {}
[176.044958] (-) TimerEvent: {}
[176.146046] (-) TimerEvent: {}
[176.247118] (-) TimerEvent: {}
[176.348317] (-) TimerEvent: {}
[176.449335] (-) TimerEvent: {}
[176.550465] (-) TimerEvent: {}
[176.651484] (-) TimerEvent: {}
[176.792997] (-) TimerEvent: {}
[176.893960] (-) TimerEvent: {}
[176.995014] (-) TimerEvent: {}
[177.096081] (-) TimerEvent: {}
[177.197289] (-) TimerEvent: {}
[177.299079] (-) TimerEvent: {}
[177.400403] (-) TimerEvent: {}
[177.501730] (-) TimerEvent: {}
[177.603581] (-) TimerEvent: {}
[177.704849] (-) TimerEvent: {}
[177.806467] (-) TimerEvent: {}
[177.907670] (-) TimerEvent: {}
[178.009035] (-) TimerEvent: {}
[178.110085] (-) TimerEvent: {}
[178.211123] (-) TimerEvent: {}
[178.312262] (-) TimerEvent: {}
[178.413331] (-) TimerEvent: {}
[178.514476] (-) TimerEvent: {}
[178.615637] (-) TimerEvent: {}
[178.716773] (-) TimerEvent: {}
[178.818037] (-) TimerEvent: {}
[178.919187] (-) TimerEvent: {}
[179.020574] (-) TimerEvent: {}
[179.121906] (-) TimerEvent: {}
[179.223674] (-) TimerEvent: {}
[179.325071] (-) TimerEvent: {}
[179.426210] (-) TimerEvent: {}
[179.527370] (-) TimerEvent: {}
[179.628755] (-) TimerEvent: {}
[179.730015] (-) TimerEvent: {}
[179.831145] (-) TimerEvent: {}
[179.932431] (-) TimerEvent: {}
[180.033907] (-) TimerEvent: {}
[180.135127] (-) TimerEvent: {}
[180.236430] (-) TimerEvent: {}
[180.337717] (-) TimerEvent: {}
[180.438891] (-) TimerEvent: {}
[180.540125] (-) TimerEvent: {}
[180.641361] (-) TimerEvent: {}
[180.742629] (-) TimerEvent: {}
[180.843749] (-) TimerEvent: {}
[180.945149] (-) TimerEvent: {}
[181.046326] (-) TimerEvent: {}
[181.147432] (-) TimerEvent: {}
[181.248718] (-) TimerEvent: {}
[181.350153] (-) TimerEvent: {}
[181.451253] (-) TimerEvent: {}
[181.553490] (-) TimerEvent: {}
[181.654611] (-) TimerEvent: {}
[181.756352] (-) TimerEvent: {}
[181.897655] (-) TimerEvent: {}
[181.998641] (-) TimerEvent: {}
[182.099708] (-) TimerEvent: {}
[182.200833] (-) TimerEvent: {}
[182.301927] (-) TimerEvent: {}
[182.403501] (-) TimerEvent: {}
[182.504636] (-) TimerEvent: {}
[182.605714] (-) TimerEvent: {}
[182.706773] (-) TimerEvent: {}
[182.807802] (-) TimerEvent: {}
[182.908802] (-) TimerEvent: {}
[183.009892] (-) TimerEvent: {}
[183.111025] (-) TimerEvent: {}
[183.212292] (-) TimerEvent: {}
[183.315527] (-) TimerEvent: {}
[183.416678] (-) TimerEvent: {}
[183.517641] (-) TimerEvent: {}
[183.618681] (-) TimerEvent: {}
[183.719775] (-) TimerEvent: {}
[183.820903] (-) TimerEvent: {}
[183.921899] (-) TimerEvent: {}
[184.023495] (-) TimerEvent: {}
[184.124777] (-) TimerEvent: {}
[184.225885] (-) TimerEvent: {}
[184.326940] (-) TimerEvent: {}
[184.428227] (-) TimerEvent: {}
[184.529315] (-) TimerEvent: {}
[184.630544] (-) TimerEvent: {}
[184.731757] (-) TimerEvent: {}
[184.833167] (-) TimerEvent: {}
[184.934310] (-) TimerEvent: {}
[185.035352] (-) TimerEvent: {}
[185.136387] (-) TimerEvent: {}
[185.237427] (-) TimerEvent: {}
[185.338648] (-) TimerEvent: {}
[185.439768] (-) TimerEvent: {}
[185.540866] (-) TimerEvent: {}
[185.641937] (-) TimerEvent: {}
[185.743009] (-) TimerEvent: {}
[185.844053] (-) TimerEvent: {}
[185.945161] (-) TimerEvent: {}
[186.046242] (-) TimerEvent: {}
[186.147274] (-) TimerEvent: {}
[186.248701] (-) TimerEvent: {}
[186.350105] (-) TimerEvent: {}
[186.451317] (-) TimerEvent: {}
[186.552731] (-) TimerEvent: {}
[186.654074] (-) TimerEvent: {}
[186.755189] (-) TimerEvent: {}
[186.857012] (-) TimerEvent: {}
[186.999347] (-) TimerEvent: {}
[187.100649] (-) TimerEvent: {}
[187.202448] (-) TimerEvent: {}
[187.306888] (-) TimerEvent: {}
[187.407971] (-) TimerEvent: {}
[187.508948] (-) TimerEvent: {}
[187.609983] (-) TimerEvent: {}
[187.711056] (-) TimerEvent: {}
[187.812632] (-) TimerEvent: {}
[187.914202] (-) TimerEvent: {}
[188.015242] (-) TimerEvent: {}
[188.116351] (-) TimerEvent: {}
[188.217358] (-) TimerEvent: {}
[188.318434] (-) TimerEvent: {}
[188.419528] (-) TimerEvent: {}
[188.520736] (-) TimerEvent: {}
[188.622298] (-) TimerEvent: {}
[188.723783] (-) TimerEvent: {}
[188.824874] (-) TimerEvent: {}
[188.925901] (-) TimerEvent: {}
[189.026967] (-) TimerEvent: {}
[189.128101] (-) TimerEvent: {}
[189.229277] (-) TimerEvent: {}
[189.330412] (-) TimerEvent: {}
[189.431539] (-) TimerEvent: {}
[189.532684] (-) TimerEvent: {}
[189.634494] (-) TimerEvent: {}
[189.735528] (-) TimerEvent: {}
[189.836537] (-) TimerEvent: {}
[189.937506] (-) TimerEvent: {}
[190.038599] (-) TimerEvent: {}
[190.139633] (-) TimerEvent: {}
[190.240765] (-) TimerEvent: {}
[190.341817] (-) TimerEvent: {}
[190.443059] (-) TimerEvent: {}
[190.544602] (-) TimerEvent: {}
[190.645665] (-) TimerEvent: {}
[190.746870] (-) TimerEvent: {}
[190.848194] (-) TimerEvent: {}
[190.949315] (-) TimerEvent: {}
[191.050369] (-) TimerEvent: {}
[191.151389] (-) TimerEvent: {}
[191.253437] (-) TimerEvent: {}
[191.354971] (-) TimerEvent: {}
[191.456345] (-) TimerEvent: {}
[191.557933] (-) TimerEvent: {}
[191.658989] (-) TimerEvent: {}
[191.760016] (-) TimerEvent: {}
[191.863276] (-) TimerEvent: {}
[191.964361] (-) TimerEvent: {}
[192.072676] (-) TimerEvent: {}
[192.173766] (-) TimerEvent: {}
[192.274821] (-) TimerEvent: {}
[192.375875] (-) TimerEvent: {}
[192.476954] (-) TimerEvent: {}
[192.578019] (-) TimerEvent: {}
[192.679088] (-) TimerEvent: {}
[192.780222] (-) TimerEvent: {}
[192.881203] (-) TimerEvent: {}
[192.982242] (-) TimerEvent: {}
[193.083439] (-) TimerEvent: {}
[193.184689] (-) TimerEvent: {}
[193.285880] (-) TimerEvent: {}
[193.386995] (-) TimerEvent: {}
[193.488301] (-) TimerEvent: {}
[193.590125] (-) TimerEvent: {}
[193.691094] (-) TimerEvent: {}
[193.793112] (-) TimerEvent: {}
[193.894444] (-) TimerEvent: {}
[193.995746] (-) TimerEvent: {}
[194.097096] (-) TimerEvent: {}
[194.198268] (-) TimerEvent: {}
[194.299371] (-) TimerEvent: {}
[194.400322] (-) TimerEvent: {}
[194.501371] (-) TimerEvent: {}
[194.602560] (-) TimerEvent: {}
[194.703615] (-) TimerEvent: {}
[194.804726] (-) TimerEvent: {}
[194.905777] (-) TimerEvent: {}
[195.006769] (-) TimerEvent: {}
[195.107799] (-) TimerEvent: {}
[195.208877] (-) TimerEvent: {}
[195.309927] (-) TimerEvent: {}
[195.411017] (-) TimerEvent: {}
[195.511980] (-) TimerEvent: {}
[195.613845] (-) TimerEvent: {}
[195.714880] (-) TimerEvent: {}
[195.816927] (-) TimerEvent: {}
[195.918704] (-) TimerEvent: {}
[196.019765] (-) TimerEvent: {}
[196.120902] (-) TimerEvent: {}
[196.221958] (-) TimerEvent: {}
[196.323855] (-) TimerEvent: {}
[196.424950] (-) TimerEvent: {}
[196.526029] (-) TimerEvent: {}
[196.627048] (-) TimerEvent: {}
[196.728100] (-) TimerEvent: {}
[196.829253] (-) TimerEvent: {}
[196.930356] (-) TimerEvent: {}
[197.140939] (-) TimerEvent: {}
[197.242140] (-) TimerEvent: {}
[197.344253] (-) TimerEvent: {}
[197.445303] (-) TimerEvent: {}
[197.546349] (-) TimerEvent: {}
[197.647363] (-) TimerEvent: {}
[197.748541] (-) TimerEvent: {}
[197.849625] (-) TimerEvent: {}
[197.950639] (-) TimerEvent: {}
[198.051709] (-) TimerEvent: {}
[198.154073] (-) TimerEvent: {}
[198.255132] (-) TimerEvent: {}
[198.356248] (-) TimerEvent: {}
[198.457320] (-) TimerEvent: {}
[198.558404] (-) TimerEvent: {}
[198.659673] (-) TimerEvent: {}
[198.760865] (-) TimerEvent: {}
[198.861908] (-) TimerEvent: {}
[198.963406] (-) TimerEvent: {}
[199.064383] (-) TimerEvent: {}
[199.165460] (-) TimerEvent: {}
[199.266518] (-) TimerEvent: {}
[199.367540] (-) TimerEvent: {}
[199.468645] (-) TimerEvent: {}
[199.569703] (-) TimerEvent: {}
[199.670796] (-) TimerEvent: {}
[199.771873] (-) TimerEvent: {}
[199.873074] (-) TimerEvent: {}
[199.974060] (-) TimerEvent: {}
[200.075142] (-) TimerEvent: {}
[200.176363] (-) TimerEvent: {}
[200.277482] (-) TimerEvent: {}
[200.378629] (-) TimerEvent: {}
[200.479746] (-) TimerEvent: {}
[200.580929] (-) TimerEvent: {}
[200.682221] (-) TimerEvent: {}
[200.783700] (-) TimerEvent: {}
[200.884944] (-) TimerEvent: {}
[200.986079] (-) TimerEvent: {}
[201.087876] (-) TimerEvent: {}
[201.189033] (-) TimerEvent: {}
[201.290125] (-) TimerEvent: {}
[201.391167] (-) TimerEvent: {}
[201.492288] (-) TimerEvent: {}
[201.593761] (-) TimerEvent: {}
[201.694803] (-) TimerEvent: {}
[201.795843] (-) TimerEvent: {}
[201.897692] (-) TimerEvent: {}
[201.998709] (-) TimerEvent: {}
[202.217516] (-) TimerEvent: {}
[202.318671] (-) TimerEvent: {}
[202.420081] (-) TimerEvent: {}
[202.521860] (-) TimerEvent: {}
[202.624614] (-) TimerEvent: {}
[202.725608] (-) TimerEvent: {}
[202.826618] (-) TimerEvent: {}
[202.927588] (-) TimerEvent: {}
[203.028670] (-) TimerEvent: {}
[203.129627] (-) TimerEvent: {}
[203.230670] (-) TimerEvent: {}
[203.331628] (-) TimerEvent: {}
[203.433045] (-) TimerEvent: {}
[203.533964] (-) TimerEvent: {}
[203.634954] (-) TimerEvent: {}
[203.735957] (-) TimerEvent: {}
[203.836991] (-) TimerEvent: {}
[203.937977] (-) TimerEvent: {}
[204.039030] (-) TimerEvent: {}
[204.140057] (-) TimerEvent: {}
[204.241164] (-) TimerEvent: {}
[204.342186] (-) TimerEvent: {}
[204.443434] (-) TimerEvent: {}
[204.544558] (-) TimerEvent: {}
[204.646066] (-) TimerEvent: {}
[204.747810] (-) TimerEvent: {}
[204.848920] (-) TimerEvent: {}
[204.949836] (-) TimerEvent: {}
[205.050853] (-) TimerEvent: {}
[205.151846] (-) TimerEvent: {}
[205.253252] (-) TimerEvent: {}
[205.354268] (-) TimerEvent: {}
[205.455295] (-) TimerEvent: {}
[205.556368] (-) TimerEvent: {}
[205.657341] (-) TimerEvent: {}
[205.758336] (-) TimerEvent: {}
[205.859368] (-) TimerEvent: {}
[205.960412] (-) TimerEvent: {}
[206.061427] (-) TimerEvent: {}
[206.162419] (-) TimerEvent: {}
[206.263442] (-) TimerEvent: {}
[206.364544] (-) TimerEvent: {}
[206.465665] (-) TimerEvent: {}
[206.566708] (-) TimerEvent: {}
[206.667715] (-) TimerEvent: {}
[206.768910] (-) TimerEvent: {}
[206.870080] (-) TimerEvent: {}
[206.971150] (-) TimerEvent: {}
[207.072218] (-) TimerEvent: {}
[207.240510] (-) TimerEvent: {}
[207.341520] (-) TimerEvent: {}
[207.442559] (-) TimerEvent: {}
[207.543790] (-) TimerEvent: {}
[207.645093] (-) TimerEvent: {}
[207.746168] (-) TimerEvent: {}
[207.847290] (-) TimerEvent: {}
[207.948835] (-) TimerEvent: {}
[208.050263] (-) TimerEvent: {}
[208.151406] (-) TimerEvent: {}
[208.252592] (-) TimerEvent: {}
[208.353840] (-) TimerEvent: {}
[208.455002] (-) TimerEvent: {}
[208.556111] (-) TimerEvent: {}
[208.657397] (-) TimerEvent: {}
[208.758626] (-) TimerEvent: {}
[208.860220] (-) TimerEvent: {}
[208.961384] (-) TimerEvent: {}
[209.062761] (-) TimerEvent: {}
[209.164364] (-) TimerEvent: {}
[209.265375] (-) TimerEvent: {}
[209.366349] (-) TimerEvent: {}
[209.468609] (-) TimerEvent: {}
[209.571617] (-) TimerEvent: {}
[209.674047] (-) TimerEvent: {}
[209.775313] (-) TimerEvent: {}
[209.877172] (-) TimerEvent: {}
[209.978606] (-) TimerEvent: {}
[210.079769] (-) TimerEvent: {}
[210.180929] (-) TimerEvent: {}
[210.282189] (-) TimerEvent: {}
[210.383583] (-) TimerEvent: {}
[210.484597] (-) TimerEvent: {}
[210.585625] (-) TimerEvent: {}
[210.686630] (-) TimerEvent: {}
[210.787664] (-) TimerEvent: {}
[210.888815] (-) TimerEvent: {}
[210.989845] (-) TimerEvent: {}
[211.090886] (-) TimerEvent: {}
[211.191851] (-) TimerEvent: {}
[211.293426] (-) TimerEvent: {}
[211.394795] (-) TimerEvent: {}
[211.497338] (-) TimerEvent: {}
[211.598396] (-) TimerEvent: {}
[211.699413] (-) TimerEvent: {}
[211.800452] (-) TimerEvent: {}
[211.901483] (-) TimerEvent: {}
[212.002580] (-) TimerEvent: {}
[212.105157] (-) TimerEvent: {}
[212.206206] (-) TimerEvent: {}
[212.356500] (-) TimerEvent: {}
[212.457568] (-) TimerEvent: {}
[212.558702] (-) TimerEvent: {}
[212.662099] (-) TimerEvent: {}
[212.763684] (-) TimerEvent: {}
[212.865035] (-) TimerEvent: {}
[212.966187] (-) TimerEvent: {}
[213.067487] (-) TimerEvent: {}
[213.168643] (-) TimerEvent: {}
[213.269662] (-) TimerEvent: {}
[213.370887] (-) TimerEvent: {}
[213.471961] (-) TimerEvent: {}
[213.573158] (-) TimerEvent: {}
[213.674161] (-) TimerEvent: {}
[213.775082] (-) TimerEvent: {}
[213.876014] (-) TimerEvent: {}
[213.977081] (-) TimerEvent: {}
[214.078028] (-) TimerEvent: {}
[214.179098] (-) TimerEvent: {}
[214.280121] (-) TimerEvent: {}
[214.381200] (-) TimerEvent: {}
[214.482196] (-) TimerEvent: {}
[214.583296] (-) TimerEvent: {}
[214.684364] (-) TimerEvent: {}
[214.785375] (-) TimerEvent: {}
[214.886430] (-) TimerEvent: {}
[214.987648] (-) TimerEvent: {}
[215.088838] (-) TimerEvent: {}
[215.189878] (-) TimerEvent: {}
[215.290916] (-) TimerEvent: {}
[215.391959] (-) TimerEvent: {}
[215.493342] (-) TimerEvent: {}
[215.594350] (-) TimerEvent: {}
[215.695353] (-) TimerEvent: {}
[215.796366] (-) TimerEvent: {}
[215.897357] (-) TimerEvent: {}
[215.999002] (-) TimerEvent: {}
[216.100048] (-) TimerEvent: {}
[216.201162] (-) TimerEvent: {}
[216.302292] (-) TimerEvent: {}
[216.403898] (-) TimerEvent: {}
[216.504927] (-) TimerEvent: {}
[216.605989] (-) TimerEvent: {}
[216.706983] (-) TimerEvent: {}
[216.808385] (-) TimerEvent: {}
[216.909442] (-) TimerEvent: {}
[217.010493] (-) TimerEvent: {}
[217.111600] (-) TimerEvent: {}
[217.213661] (-) TimerEvent: {}
[217.314767] (-) TimerEvent: {}
[217.513439] (-) TimerEvent: {}
[217.614474] (-) TimerEvent: {}
[217.715715] (-) TimerEvent: {}
[217.816958] (-) TimerEvent: {}
[217.918366] (-) TimerEvent: {}
[218.019340] (-) TimerEvent: {}
[218.120434] (-) TimerEvent: {}
[218.221500] (-) TimerEvent: {}
[218.322601] (-) TimerEvent: {}
[218.423770] (-) TimerEvent: {}
[218.524970] (-) TimerEvent: {}
[218.625995] (-) TimerEvent: {}
[218.727010] (-) TimerEvent: {}
[218.828342] (-) TimerEvent: {}
[218.929779] (-) TimerEvent: {}
[219.031012] (-) TimerEvent: {}
[219.132245] (-) TimerEvent: {}
[219.233986] (-) TimerEvent: {}
[219.335017] (-) TimerEvent: {}
[219.436279] (-) TimerEvent: {}
[219.537371] (-) TimerEvent: {}
[219.638424] (-) TimerEvent: {}
[219.739986] (-) TimerEvent: {}
[219.841561] (-) TimerEvent: {}
[219.942590] (-) TimerEvent: {}
[220.044276] (-) TimerEvent: {}
[220.145335] (-) TimerEvent: {}
[220.246282] (-) TimerEvent: {}
[220.347475] (-) TimerEvent: {}
[220.448790] (-) TimerEvent: {}
[220.550701] (-) TimerEvent: {}
[220.651749] (-) TimerEvent: {}
[220.753283] (-) TimerEvent: {}
[220.854361] (-) TimerEvent: {}
[220.955739] (-) TimerEvent: {}
[221.057733] (-) TimerEvent: {}
[221.158700] (-) TimerEvent: {}
[221.259891] (-) TimerEvent: {}
[221.361054] (-) TimerEvent: {}
[221.462193] (-) TimerEvent: {}
[221.564311] (-) TimerEvent: {}
[221.665465] (-) TimerEvent: {}
[221.767548] (-) TimerEvent: {}
[221.790735] (hdl_localization) StdoutLine: {'line': b'[100%] \x1b[32m\x1b[1mLinking CXX executable hdl_localization_composition\x1b[0m\n'}
[221.867800] (-) TimerEvent: {}
[221.969035] (-) TimerEvent: {}
[222.070456] (-) TimerEvent: {}
[222.171554] (-) TimerEvent: {}
[222.273809] (-) TimerEvent: {}
[222.378095] (-) TimerEvent: {}
[222.527746] (-) TimerEvent: {}
[222.628891] (-) TimerEvent: {}
[222.729926] (-) TimerEvent: {}
[222.830997] (-) TimerEvent: {}
[222.932088] (-) TimerEvent: {}
[223.033270] (-) TimerEvent: {}
[223.134455] (-) TimerEvent: {}
[223.235578] (-) TimerEvent: {}
[223.336752] (-) TimerEvent: {}
[223.437716] (-) TimerEvent: {}
[223.538825] (-) TimerEvent: {}
[223.639898] (-) TimerEvent: {}
[223.741042] (-) TimerEvent: {}
[223.842321] (-) TimerEvent: {}
[223.944087] (-) TimerEvent: {}
[224.045152] (-) TimerEvent: {}
[224.146247] (-) TimerEvent: {}
[224.247420] (-) TimerEvent: {}
[224.348646] (-) TimerEvent: {}
[224.449752] (-) TimerEvent: {}
[224.550851] (-) TimerEvent: {}
[224.652094] (-) TimerEvent: {}
[224.754206] (-) TimerEvent: {}
[224.855316] (-) TimerEvent: {}
[224.956408] (-) TimerEvent: {}
[225.058185] (-) TimerEvent: {}
[225.159570] (-) TimerEvent: {}
[225.260748] (-) TimerEvent: {}
[225.362377] (-) TimerEvent: {}
[225.463979] (-) TimerEvent: {}
[225.565157] (-) TimerEvent: {}
[225.666178] (-) TimerEvent: {}
[225.767170] (-) TimerEvent: {}
[225.868346] (-) TimerEvent: {}
[225.969490] (-) TimerEvent: {}
[226.070629] (-) TimerEvent: {}
[226.171646] (-) TimerEvent: {}
[226.273159] (-) TimerEvent: {}
[226.375131] (-) TimerEvent: {}
[226.476309] (-) TimerEvent: {}
[226.577325] (-) TimerEvent: {}
[226.678607] (-) TimerEvent: {}
[226.779771] (-) TimerEvent: {}
[226.789460] (hdl_localization) StdoutLine: {'line': b'[100%] Built target hdl_localization_composition\n'}
[226.880025] (-) TimerEvent: {}
[226.955268] (hdl_localization) CommandEnded: {'returncode': 0}
[226.982629] (-) TimerEvent: {}
[227.086517] (-) TimerEvent: {}
[227.187610] (-) TimerEvent: {}
[227.288736] (-) TimerEvent: {}
[227.390621] (-) TimerEvent: {}
[227.493372] (-) TimerEvent: {}
[227.579390] (hdl_localization) JobProgress: {'identifier': 'hdl_localization', 'progress': 'install'}
[227.594597] (hdl_localization) Command: {'cmd': ['/usr/bin/cmake', '--install', '/home/ysc/lite_cog_ros2/nav/build/hdl_localization'], 'cwd': '/home/ysc/lite_cog_ros2/nav/build/hdl_localization', 'env': OrderedDict([('GJS_DEBUG_TOPICS', 'JS ERROR;JS LOG'), ('LESSOPEN', '| /usr/bin/lesspipe %s'), ('USER', 'ysc'), ('LC_TIME', 'zh_CN.UTF-8'), ('SSH_AGENT_PID', '1935'), ('XDG_SESSION_TYPE', 'x11'), ('SHLVL', '1'), ('LD_LIBRARY_PATH', '/home/ysc/lite_cog_ros2/nav/install/hdl_global_localization/lib:/home/ysc/lite_cog_ros2/fast_gicp/install/fast_gicp/lib:/home/ysc/lite_cog_ros2/ndt_omp/install/ndt_omp/lib:/usr/lib/aarch64-linux-gnu/gazebo-11/plugins:/opt/ros/foxy/opt/yaml_cpp_vendor/lib:/opt/ros/foxy/opt/rviz_ogre_vendor/lib:/opt/ros/foxy/lib/aarch64-linux-gnu:/opt/ros/foxy/lib:/usr/local/cuda-11.4/lib64'), ('HOME', '/home/ysc'), ('OLDPWD', '/home/ysc/lite_cog_ros2/system/scripts/nav'), ('DESKTOP_SESSION', 'ubuntu'), ('ROS_PYTHON_VERSION', '3'), ('GNOME_SHELL_SESSION_MODE', 'ubuntu'), ('GTK_MODULES', 'gail:atk-bridge'), ('LC_MONETARY', 'zh_CN.UTF-8'), ('MANAGERPID', '1397'), ('ROS_LOG_DIR', '/home/ysc/lite_cog_ros2/system/log'), ('DBUS_SESSION_BUS_ADDRESS', 'unix:path=/run/user/1000/bus'), ('COLORTERM', 'truecolor'), ('_colcon_cd_root', '/opt/ros/foxy/'), ('IM_CONFIG_PHASE', '1'), ('COLCON_PREFIX_PATH', '/home/ysc/lite_cog_ros2/fast_gicp/install:/home/ysc/lite_cog_ros2/ndt_omp/install'), ('ROS_DISTRO', 'foxy'), ('LOGNAME', 'ysc'), ('JOURNAL_STREAM', '8:47729'), ('_', '/usr/bin/colcon'), ('ROS_VERSION', '2'), ('XDG_SESSION_CLASS', 'user'), ('USERNAME', 'ysc'), ('TERM', 'xterm-256color'), ('GNOME_DESKTOP_SESSION_ID', 'this-is-deprecated'), ('ROS_LOCALHOST_ONLY', '0'), ('WINDOWPATH', '2'), ('PATH', '/opt/ros/foxy/bin:/usr/local/cuda-11.4/bin:/home/ysc/.local/bin:/usr/local/sbin:/usr/local/bin:/usr/sbin:/usr/bin:/sbin:/bin:/usr/games:/usr/local/games:/snap/bin'), ('SESSION_MANAGER', 'local/lite:@/tmp/.ICE-unix/2068,unix/lite:/tmp/.ICE-unix/2068'), ('FASTRTPS_DEFAULT_PROFILES_FILE', '/home/ysc/lite_cog_ros2/system/fastdds_profile.xml'), ('INVOCATION_ID', '0484f74e356a467b8aeeb47d6652837a'), ('XDG_MENU_PREFIX', 'gnome-'), ('LC_ADDRESS', 'zh_CN.UTF-8'), ('GNOME_TERMINAL_SCREEN', '/org/gnome/Terminal/screen/35028862_784e_43e0_b61d_ff9eaae70a80'), ('XDG_RUNTIME_DIR', '/run/user/1000'), ('DISPLAY', ':0'), ('LANG', 'en_US.UTF-8'), ('XDG_CURRENT_DESKTOP', 'ubuntu:GNOME'), ('LC_TELEPHONE', 'zh_CN.UTF-8'), ('XMODIFIERS', '@im=ibus'), ('XDG_SESSION_DESKTOP', 'ubuntu'), ('XAUTHORITY', '/run/user/1000/gdm/Xauthority'), ('LS_COLORS', 'rs=0:di=01;34:ln=01;36:mh=00:pi=40;33:so=01;35:do=01;35:bd=40;33;01:cd=40;33;01:or=40;31;01:mi=00:su=37;41:sg=30;43:ca=30;41:tw=30;42:ow=34;42:st=37;44:ex=01;32:*.tar=01;31:*.tgz=01;31:*.arc=01;31:*.arj=01;31:*.taz=01;31:*.lha=01;31:*.lz4=01;31:*.lzh=01;31:*.lzma=01;31:*.tlz=01;31:*.txz=01;31:*.tzo=01;31:*.t7z=01;31:*.zip=01;31:*.z=01;31:*.dz=01;31:*.gz=01;31:*.lrz=01;31:*.lz=01;31:*.lzo=01;31:*.xz=01;31:*.zst=01;31:*.tzst=01;31:*.bz2=01;31:*.bz=01;31:*.tbz=01;31:*.tbz2=01;31:*.tz=01;31:*.deb=01;31:*.rpm=01;31:*.jar=01;31:*.war=01;31:*.ear=01;31:*.sar=01;31:*.rar=01;31:*.alz=01;31:*.ace=01;31:*.zoo=01;31:*.cpio=01;31:*.7z=01;31:*.rz=01;31:*.cab=01;31:*.wim=01;31:*.swm=01;31:*.dwm=01;31:*.esd=01;31:*.jpg=01;35:*.jpeg=01;35:*.mjpg=01;35:*.mjpeg=01;35:*.gif=01;35:*.bmp=01;35:*.pbm=01;35:*.pgm=01;35:*.ppm=01;35:*.tga=01;35:*.xbm=01;35:*.xpm=01;35:*.tif=01;35:*.tiff=01;35:*.png=01;35:*.svg=01;35:*.svgz=01;35:*.mng=01;35:*.pcx=01;35:*.mov=01;35:*.mpg=01;35:*.mpeg=01;35:*.m2v=01;35:*.mkv=01;35:*.webm=01;35:*.ogm=01;35:*.mp4=01;35:*.m4v=01;35:*.mp4v=01;35:*.vob=01;35:*.qt=01;35:*.nuv=01;35:*.wmv=01;35:*.asf=01;35:*.rm=01;35:*.rmvb=01;35:*.flc=01;35:*.avi=01;35:*.fli=01;35:*.flv=01;35:*.gl=01;35:*.dl=01;35:*.xcf=01;35:*.xwd=01;35:*.yuv=01;35:*.cgm=01;35:*.emf=01;35:*.ogv=01;35:*.ogx=01;35:*.aac=00;36:*.au=00;36:*.flac=00;36:*.m4a=00;36:*.mid=00;36:*.midi=00;36:*.mka=00;36:*.mp3=00;36:*.mpc=00;36:*.ogg=00;36:*.ra=00;36:*.wav=00;36:*.oga=00;36:*.opus=00;36:*.spx=00;36:*.xspf=00;36:'), ('GNOME_TERMINAL_SERVICE', ':1.81'), ('SSH_AUTH_SOCK', '/run/user/1000/keyring/ssh'), ('ROS_DOMAIN_ID', '0'), ('AMENT_PREFIX_PATH', '/home/ysc/lite_cog_ros2/nav/install/hdl_global_localization:/home/ysc/lite_cog_ros2/fast_gicp/install/fast_gicp:/home/ysc/lite_cog_ros2/ndt_omp/install/ndt_omp:/opt/ros/foxy'), ('SHELL', '/bin/bash'), ('LC_NAME', 'zh_CN.UTF-8'), ('QT_ACCESSIBILITY', '1'), ('GDMSESSION', 'ubuntu'), ('LESSCLOSE', '/usr/bin/lesspipe %s %s'), ('LC_MEASUREMENT', 'zh_CN.UTF-8'), ('GPG_AGENT_INFO', '/run/user/1000/gnupg/S.gpg-agent:0:1'), ('GJS_DEBUG_OUTPUT', 'stderr'), ('LC_IDENTIFICATION', 'zh_CN.UTF-8'), ('QT_IM_MODULE', 'ibus'), ('PWD', '/home/ysc/lite_cog_ros2/nav/build/hdl_localization'), ('LC_ALL', 'en_US.UTF-8'), ('XDG_CONFIG_DIRS', '/etc/xdg/xdg-ubuntu:/etc/xdg'), ('XDG_DATA_DIRS', '/usr/share/ubuntu:/usr/local/share/:/usr/share/:/var/lib/snapd/desktop'), ('PYTHONPATH', '/home/ysc/lite_cog_ros2/nav/install/hdl_global_localization/lib/python3.8/site-packages:/opt/ros/foxy/lib/python3.8/site-packages'), ('LC_NUMERIC', 'zh_CN.UTF-8'), ('LC_PAPER', 'zh_CN.UTF-8'), ('COLCON', '1'), ('VTE_VERSION', '6003'), ('CMAKE_PREFIX_PATH', '/home/ysc/lite_cog_ros2/nav/install/hdl_global_localization:/home/ysc/lite_cog_ros2/fast_gicp/install/fast_gicp:/home/ysc/lite_cog_ros2/ndt_omp/install/ndt_omp:/opt/ros/foxy')]), 'shell': False}
[227.608511] (-) TimerEvent: {}
[227.658401] (hdl_localization) StdoutLine: {'line': b'-- Install configuration: "RELEASE"\n'}
[227.662729] (hdl_localization) StdoutLine: {'line': b'-- Execute custom install script\n'}
[227.666471] (hdl_localization) StdoutLine: {'line': b'-- Symlinking: /home/ysc/lite_cog_ros2/nav/install/hdl_localization/share/ament_index/resource_index/rosidl_interfaces/hdl_localization\n'}
[227.708748] (-) TimerEvent: {}
[227.725144] (hdl_localization) StdoutLine: {'line': b'-- Symlinking: /home/ysc/lite_cog_ros2/nav/install/hdl_localization/include/hdl_localization/msg/detail/scan_matching_status__functions.h\n'}
[227.782224] (hdl_localization) StdoutLine: {'line': b'-- Symlinking: /home/ysc/lite_cog_ros2/nav/install/hdl_localization/include/hdl_localization/msg/detail/scan_matching_status__struct.h\n'}
[227.808999] (-) TimerEvent: {}
[227.836435] (hdl_localization) StdoutLine: {'line': b'-- Symlinking: /home/ysc/lite_cog_ros2/nav/install/hdl_localization/include/hdl_localization/msg/detail/scan_matching_status__type_support.h\n'}
[227.898695] (hdl_localization) StdoutLine: {'line': b'-- Symlinking: /home/ysc/lite_cog_ros2/nav/install/hdl_localization/include/hdl_localization/msg/rosidl_generator_c__visibility_control.h\n'}
[227.910063] (-) TimerEvent: {}
[227.967222] (hdl_localization) StdoutLine: {'line': b'-- Symlinking: /home/ysc/lite_cog_ros2/nav/install/hdl_localization/include/hdl_localization/msg/scan_matching_status.h\n'}
[228.010462] (-) TimerEvent: {}
[228.029330] (hdl_localization) StdoutLine: {'line': b'-- Symlinking: /home/ysc/lite_cog_ros2/nav/install/hdl_localization/share/hdl_localization/environment/library_path.sh\n'}
[228.092418] (hdl_localization) StdoutLine: {'line': b'-- Symlinking: /home/ysc/lite_cog_ros2/nav/install/hdl_localization/share/hdl_localization/environment/library_path.dsv\n'}
[228.110824] (-) TimerEvent: {}
[228.160348] (hdl_localization) StdoutLine: {'line': b'-- Symlinking: /home/ysc/lite_cog_ros2/nav/install/hdl_localization/include/hdl_localization/msg/detail/scan_matching_status__rosidl_typesupport_fastrtps_c.h\n'}
[228.211078] (-) TimerEvent: {}
[228.218970] (hdl_localization) StdoutLine: {'line': b'-- Symlinking: /home/ysc/lite_cog_ros2/nav/install/hdl_localization/include/hdl_localization/msg/rosidl_typesupport_fastrtps_c__visibility_control.h\n'}
[228.299287] (hdl_localization) StdoutLine: {'line': b'-- Symlinking: /home/ysc/lite_cog_ros2/nav/install/hdl_localization/lib/libhdl_localization__rosidl_typesupport_fastrtps_c.so\n'}
[228.311329] (-) TimerEvent: {}
[228.371615] (hdl_localization) StdoutLine: {'line': b'-- Symlinking: /home/ysc/lite_cog_ros2/nav/install/hdl_localization/include/hdl_localization/msg/detail/scan_matching_status__rosidl_typesupport_fastrtps_cpp.hpp\n'}
[228.411627] (-) TimerEvent: {}
[228.428764] (hdl_localization) StdoutLine: {'line': b'-- Symlinking: /home/ysc/lite_cog_ros2/nav/install/hdl_localization/include/hdl_localization/msg/rosidl_typesupport_fastrtps_cpp__visibility_control.h\n'}
[228.492627] (hdl_localization) StdoutLine: {'line': b'-- Symlinking: /home/ysc/lite_cog_ros2/nav/install/hdl_localization/lib/libhdl_localization__rosidl_typesupport_fastrtps_cpp.so\n'}
[228.511907] (-) TimerEvent: {}
[228.571300] (hdl_localization) StdoutLine: {'line': b'-- Symlinking: /home/ysc/lite_cog_ros2/nav/install/hdl_localization/include/hdl_localization/msg/detail/scan_matching_status__rosidl_typesupport_introspection_c.h\n'}
[228.612271] (-) TimerEvent: {}
[228.623881] (hdl_localization) StdoutLine: {'line': b'-- Symlinking: /home/ysc/lite_cog_ros2/nav/install/hdl_localization/include/hdl_localization/msg/rosidl_typesupport_introspection_c__visibility_control.h\n'}
[228.701464] (hdl_localization) StdoutLine: {'line': b'-- Symlinking: /home/ysc/lite_cog_ros2/nav/install/hdl_localization/include/hdl_localization/msg/detail/scan_matching_status__builder.hpp\n'}
[228.712443] (-) TimerEvent: {}
[228.771252] (hdl_localization) StdoutLine: {'line': b'-- Symlinking: /home/ysc/lite_cog_ros2/nav/install/hdl_localization/include/hdl_localization/msg/detail/scan_matching_status__struct.hpp\n'}
[228.812696] (-) TimerEvent: {}
[228.823460] (hdl_localization) StdoutLine: {'line': b'-- Symlinking: /home/ysc/lite_cog_ros2/nav/install/hdl_localization/include/hdl_localization/msg/detail/scan_matching_status__traits.hpp\n'}
[228.887172] (hdl_localization) StdoutLine: {'line': b'-- Symlinking: /home/ysc/lite_cog_ros2/nav/install/hdl_localization/include/hdl_localization/msg/detail/scan_matching_status__type_support.hpp\n'}
[228.913599] (-) TimerEvent: {}
[228.951971] (hdl_localization) StdoutLine: {'line': b'-- Symlinking: /home/ysc/lite_cog_ros2/nav/install/hdl_localization/include/hdl_localization/msg/rosidl_generator_cpp__visibility_control.hpp\n'}
[229.013766] (-) TimerEvent: {}
[229.031319] (hdl_localization) StdoutLine: {'line': b'-- Symlinking: /home/ysc/lite_cog_ros2/nav/install/hdl_localization/include/hdl_localization/msg/scan_matching_status.hpp\n'}
[229.115310] (-) TimerEvent: {}
[229.117862] (hdl_localization) StdoutLine: {'line': b'-- Symlinking: /home/ysc/lite_cog_ros2/nav/install/hdl_localization/include/hdl_localization/msg/detail/scan_matching_status__rosidl_typesupport_introspection_cpp.hpp\n'}
[229.178171] (hdl_localization) StdoutLine: {'line': b'-- Symlinking: /home/ysc/lite_cog_ros2/nav/install/hdl_localization/share/hdl_localization/environment/pythonpath.sh\n'}
[229.215241] (-) TimerEvent: {}
[229.236776] (hdl_localization) StdoutLine: {'line': b'-- Symlinking: /home/ysc/lite_cog_ros2/nav/install/hdl_localization/share/hdl_localization/environment/pythonpath.dsv\n'}
[229.309042] (hdl_localization) StdoutLine: {'line': b'-- Symlinking: /home/ysc/lite_cog_ros2/nav/install/hdl_localization/lib/python3.8/site-packages/hdl_localization/__init__.py\n'}
[229.315508] (-) TimerEvent: {}
[229.379159] (hdl_localization) StdoutLine: {'line': b'-- Symlinking: /home/ysc/lite_cog_ros2/nav/install/hdl_localization/lib/python3.8/site-packages/hdl_localization/msg/__init__.py\n'}
[229.415825] (-) TimerEvent: {}
[229.440876] (hdl_localization) StdoutLine: {'line': b'-- Symlinking: /home/ysc/lite_cog_ros2/nav/install/hdl_localization/lib/python3.8/site-packages/hdl_localization/msg/_scan_matching_status.py\n'}
[229.502184] (hdl_localization) StdoutLine: {'line': b'-- Symlinking: /home/ysc/lite_cog_ros2/nav/install/hdl_localization/lib/python3.8/site-packages/hdl_localization/hdl_localization_s__rosidl_typesupport_fastrtps_c.cpython-38-aarch64-linux-gnu.so\n'}
[229.516833] (-) TimerEvent: {}
[229.577204] (hdl_localization) StdoutLine: {'line': b'-- Symlinking: /home/ysc/lite_cog_ros2/nav/install/hdl_localization/lib/python3.8/site-packages/hdl_localization/hdl_localization_s__rosidl_typesupport_introspection_c.cpython-38-aarch64-linux-gnu.so\n'}
[229.617056] (-) TimerEvent: {}
[229.645989] (hdl_localization) StdoutLine: {'line': b'-- Symlinking: /home/ysc/lite_cog_ros2/nav/install/hdl_localization/lib/python3.8/site-packages/hdl_localization/hdl_localization_s__rosidl_typesupport_c.cpython-38-aarch64-linux-gnu.so\n'}
[229.708079] (hdl_localization) StdoutLine: {'line': b'-- Symlinking: /home/ysc/lite_cog_ros2/nav/install/hdl_localization/lib/libhdl_localization__python.so\n'}
[229.718783] (-) TimerEvent: {}
[229.782523] (hdl_localization) StdoutLine: {'line': b'-- Symlinking: /home/ysc/lite_cog_ros2/nav/install/hdl_localization/share/hdl_localization/msg/ScanMatchingStatus.idl\n'}
[229.818764] (-) TimerEvent: {}
[229.839222] (hdl_localization) StdoutLine: {'line': b'-- Symlinking: /home/ysc/lite_cog_ros2/nav/install/hdl_localization/share/hdl_localization/msg/ScanMatchingStatus.msg\n'}
[229.912886] (hdl_localization) StdoutLine: {'line': b'-- Symlinking: /home/ysc/lite_cog_ros2/nav/install/hdl_localization/lib/hdl_localization/hdl_localization_composition\n'}
[229.919593] (-) TimerEvent: {}
[229.987873] (hdl_localization) StdoutLine: {'line': b'-- Symlinking: /home/ysc/lite_cog_ros2/nav/install/hdl_localization/share/hdl_localization/launch/__pycache__/lite_localization.launch.cpython-38.pyc\n'}
[230.019571] (-) TimerEvent: {}
[230.048938] (hdl_localization) StdoutLine: {'line': b'-- Symlinking: /home/ysc/lite_cog_ros2/nav/install/hdl_localization/share/hdl_localization/launch/lite_localization.launch.py\n'}
[230.119830] (-) TimerEvent: {}
[230.122557] (hdl_localization) StdoutLine: {'line': b'-- Symlinking: /home/ysc/lite_cog_ros2/nav/install/hdl_localization/include/hdl_localization/delta_estimater.hpp\n'}
[230.187225] (hdl_localization) StdoutLine: {'line': b'-- Symlinking: /home/ysc/lite_cog_ros2/nav/install/hdl_localization/include/hdl_localization/odom_system.hpp\n'}
[230.220091] (-) TimerEvent: {}
[230.251444] (hdl_localization) StdoutLine: {'line': b'-- Symlinking: /home/ysc/lite_cog_ros2/nav/install/hdl_localization/include/hdl_localization/pose_estimator.hpp\n'}
[230.320430] (-) TimerEvent: {}
[230.331335] (hdl_localization) StdoutLine: {'line': b'-- Symlinking: /home/ysc/lite_cog_ros2/nav/install/hdl_localization/include/hdl_localization/pose_system.hpp\n'}
[230.394595] (hdl_localization) StdoutLine: {'line': b'-- Symlinking: /home/ysc/lite_cog_ros2/nav/install/hdl_localization/include/kkl/alg/unscented_kalman_filter.hpp\n'}
[230.420650] (-) TimerEvent: {}
[230.460089] (hdl_localization) StdoutLine: {'line': b'-- Up-to-date symlink: /home/ysc/lite_cog_ros2/nav/install/hdl_localization/lib/hdl_localization/hdl_localization_composition\n'}
[230.467183] (hdl_localization) StdoutLine: {'line': b'-- Symlinking: /home/ysc/lite_cog_ros2/nav/install/hdl_localization/share/ament_index/resource_index/package_run_dependencies/hdl_localization\n'}
[230.520999] (-) TimerEvent: {}
[230.540784] (hdl_localization) StdoutLine: {'line': b'-- Symlinking: /home/ysc/lite_cog_ros2/nav/install/hdl_localization/share/ament_index/resource_index/parent_prefix_path/hdl_localization\n'}
[230.602955] (hdl_localization) StdoutLine: {'line': b'-- Symlinking: /home/ysc/lite_cog_ros2/nav/install/hdl_localization/share/hdl_localization/environment/ament_prefix_path.sh\n'}
[230.621366] (-) TimerEvent: {}
[230.681337] (hdl_localization) StdoutLine: {'line': b'-- Symlinking: /home/ysc/lite_cog_ros2/nav/install/hdl_localization/share/hdl_localization/environment/ament_prefix_path.dsv\n'}
[230.721664] (-) TimerEvent: {}
[230.742849] (hdl_localization) StdoutLine: {'line': b'-- Symlinking: /home/ysc/lite_cog_ros2/nav/install/hdl_localization/share/hdl_localization/environment/path.sh\n'}
[230.812642] (hdl_localization) StdoutLine: {'line': b'-- Symlinking: /home/ysc/lite_cog_ros2/nav/install/hdl_localization/share/hdl_localization/environment/path.dsv\n'}
[230.822834] (-) TimerEvent: {}
[230.883429] (hdl_localization) StdoutLine: {'line': b'-- Symlinking: /home/ysc/lite_cog_ros2/nav/install/hdl_localization/share/hdl_localization/local_setup.bash\n'}
[230.922715] (-) TimerEvent: {}
[230.955017] (hdl_localization) StdoutLine: {'line': b'-- Symlinking: /home/ysc/lite_cog_ros2/nav/install/hdl_localization/share/hdl_localization/local_setup.sh\n'}
[231.012323] (hdl_localization) StdoutLine: {'line': b'-- Symlinking: /home/ysc/lite_cog_ros2/nav/install/hdl_localization/share/hdl_localization/local_setup.zsh\n'}
[231.023672] (-) TimerEvent: {}
[231.076581] (hdl_localization) StdoutLine: {'line': b'-- Symlinking: /home/ysc/lite_cog_ros2/nav/install/hdl_localization/share/hdl_localization/local_setup.dsv\n'}
[231.123723] (-) TimerEvent: {}
[231.133371] (hdl_localization) StdoutLine: {'line': b'-- Symlinking: /home/ysc/lite_cog_ros2/nav/install/hdl_localization/share/hdl_localization/package.dsv\n'}
[231.200376] (hdl_localization) StdoutLine: {'line': b'-- Symlinking: /home/ysc/lite_cog_ros2/nav/install/hdl_localization/share/ament_index/resource_index/packages/hdl_localization\n'}
[231.223969] (-) TimerEvent: {}
[231.253222] (hdl_localization) StdoutLine: {'line': b'-- Symlinking: /home/ysc/lite_cog_ros2/nav/install/hdl_localization/share/hdl_localization/cmake/rosidl_cmake-extras.cmake\n'}
[231.318661] (hdl_localization) StdoutLine: {'line': b'-- Symlinking: /home/ysc/lite_cog_ros2/nav/install/hdl_localization/share/hdl_localization/cmake/ament_cmake_export_dependencies-extras.cmake\n'}
[231.325429] (-) TimerEvent: {}
[231.401844] (hdl_localization) StdoutLine: {'line': b'-- Symlinking: /home/ysc/lite_cog_ros2/nav/install/hdl_localization/share/hdl_localization/cmake/ament_cmake_export_libraries-extras.cmake\n'}
[231.425496] (-) TimerEvent: {}
[231.484542] (hdl_localization) StdoutLine: {'line': b'-- Symlinking: /home/ysc/lite_cog_ros2/nav/install/hdl_localization/share/hdl_localization/cmake/ament_cmake_export_targets-extras.cmake\n'}
[231.525729] (-) TimerEvent: {}
[231.548574] (hdl_localization) StdoutLine: {'line': b'-- Symlinking: /home/ysc/lite_cog_ros2/nav/install/hdl_localization/share/hdl_localization/cmake/ament_cmake_export_include_directories-extras.cmake\n'}
[231.616406] (hdl_localization) StdoutLine: {'line': b'-- Symlinking: /home/ysc/lite_cog_ros2/nav/install/hdl_localization/share/hdl_localization/cmake/rosidl_cmake_export_typesupport_libraries-extras.cmake\n'}
[231.626865] (-) TimerEvent: {}
[231.702645] (hdl_localization) StdoutLine: {'line': b'-- Symlinking: /home/ysc/lite_cog_ros2/nav/install/hdl_localization/share/hdl_localization/cmake/rosidl_cmake_export_typesupport_targets-extras.cmake\n'}
[231.726998] (-) TimerEvent: {}
[231.775410] (hdl_localization) StdoutLine: {'line': b'-- Symlinking: /home/ysc/lite_cog_ros2/nav/install/hdl_localization/share/hdl_localization/cmake/hdl_localizationConfig.cmake\n'}
[231.827520] (-) TimerEvent: {}
[231.829025] (hdl_localization) StdoutLine: {'line': b'-- Symlinking: /home/ysc/lite_cog_ros2/nav/install/hdl_localization/share/hdl_localization/cmake/hdl_localizationConfig-version.cmake\n'}
[231.891612] (hdl_localization) StdoutLine: {'line': b'-- Symlinking: /home/ysc/lite_cog_ros2/nav/install/hdl_localization/share/hdl_localization/package.xml\n'}
[231.927915] (-) TimerEvent: {}
[231.957281] (hdl_localization) StdoutLine: {'line': b'-- Installing: /home/ysc/lite_cog_ros2/nav/install/hdl_localization/lib/libhdl_localization__rosidl_generator_c.so\n'}
[231.966633] (hdl_localization) StdoutLine: {'line': b'-- Set runtime path of "/home/ysc/lite_cog_ros2/nav/install/hdl_localization/lib/libhdl_localization__rosidl_generator_c.so" to ""\n'}
[231.975353] (hdl_localization) StdoutLine: {'line': b'-- Installing: /home/ysc/lite_cog_ros2/nav/install/hdl_localization/lib/libhdl_localization__rosidl_typesupport_introspection_c.so\n'}
[231.978283] (hdl_localization) StdoutLine: {'line': b'-- Set runtime path of "/home/ysc/lite_cog_ros2/nav/install/hdl_localization/lib/libhdl_localization__rosidl_typesupport_introspection_c.so" to ""\n'}
[231.978892] (hdl_localization) StdoutLine: {'line': b'-- Installing: /home/ysc/lite_cog_ros2/nav/install/hdl_localization/lib/libhdl_localization__rosidl_typesupport_c.so\n'}
[231.981390] (hdl_localization) StdoutLine: {'line': b'-- Set runtime path of "/home/ysc/lite_cog_ros2/nav/install/hdl_localization/lib/libhdl_localization__rosidl_typesupport_c.so" to ""\n'}
[231.983094] (hdl_localization) StdoutLine: {'line': b'-- Installing: /home/ysc/lite_cog_ros2/nav/install/hdl_localization/lib/libhdl_localization__rosidl_typesupport_introspection_cpp.so\n'}
[231.986214] (hdl_localization) StdoutLine: {'line': b'-- Set runtime path of "/home/ysc/lite_cog_ros2/nav/install/hdl_localization/lib/libhdl_localization__rosidl_typesupport_introspection_cpp.so" to ""\n'}
[231.987480] (hdl_localization) StdoutLine: {'line': b'-- Installing: /home/ysc/lite_cog_ros2/nav/install/hdl_localization/lib/libhdl_localization__rosidl_typesupport_cpp.so\n'}
[231.992692] (hdl_localization) StdoutLine: {'line': b'-- Set runtime path of "/home/ysc/lite_cog_ros2/nav/install/hdl_localization/lib/libhdl_localization__rosidl_typesupport_cpp.so" to ""\n'}
[232.028126] (-) TimerEvent: {}
[232.129163] (-) TimerEvent: {}
[232.196774] (hdl_localization) StdoutLine: {'line': b"Compiling '/home/ysc/lite_cog_ros2/nav/install/hdl_localization/lib/python3.8/site-packages/hdl_localization/__init__.py'...\n"}
[232.220930] (hdl_localization) StdoutLine: {'line': b'-- Installing: /home/ysc/lite_cog_ros2/nav/install/hdl_localization/share/hdl_localization/cmake/hdl_localization__rosidl_generator_cExport.cmake\n'}
[232.222557] (hdl_localization) StdoutLine: {'line': b'-- Installing: /home/ysc/lite_cog_ros2/nav/install/hdl_localization/share/hdl_localization/cmake/hdl_localization__rosidl_generator_cExport-release.cmake\n'}
[232.224450] (hdl_localization) StdoutLine: {'line': b'-- Installing: /home/ysc/lite_cog_ros2/nav/install/hdl_localization/share/hdl_localization/cmake/hdl_localization__rosidl_typesupport_introspection_cExport.cmake\n'}
[232.225798] (hdl_localization) StdoutLine: {'line': b'-- Installing: /home/ysc/lite_cog_ros2/nav/install/hdl_localization/share/hdl_localization/cmake/hdl_localization__rosidl_typesupport_introspection_cExport-release.cmake\n'}
[232.227224] (hdl_localization) StdoutLine: {'line': b'-- Installing: /home/ysc/lite_cog_ros2/nav/install/hdl_localization/share/hdl_localization/cmake/hdl_localization__rosidl_typesupport_cExport.cmake\n'}
[232.228370] (hdl_localization) StdoutLine: {'line': b'-- Installing: /home/ysc/lite_cog_ros2/nav/install/hdl_localization/share/hdl_localization/cmake/hdl_localization__rosidl_typesupport_cExport-release.cmake\n'}
[232.229297] (-) TimerEvent: {}
[232.230194] (hdl_localization) StdoutLine: {'line': b'-- Installing: /home/ysc/lite_cog_ros2/nav/install/hdl_localization/share/hdl_localization/cmake/hdl_localization__rosidl_generator_cppExport.cmake\n'}
[232.231136] (hdl_localization) StdoutLine: {'line': b'-- Installing: /home/ysc/lite_cog_ros2/nav/install/hdl_localization/share/hdl_localization/cmake/hdl_localization__rosidl_typesupport_introspection_cppExport.cmake\n'}
[232.232435] (hdl_localization) StdoutLine: {'line': b'-- Installing: /home/ysc/lite_cog_ros2/nav/install/hdl_localization/share/hdl_localization/cmake/hdl_localization__rosidl_typesupport_introspection_cppExport-release.cmake\n'}
[232.234275] (hdl_localization) StdoutLine: {'line': b'-- Installing: /home/ysc/lite_cog_ros2/nav/install/hdl_localization/share/hdl_localization/cmake/hdl_localization__rosidl_typesupport_cppExport.cmake\n'}
[232.235494] (hdl_localization) StdoutLine: {'line': b'-- Installing: /home/ysc/lite_cog_ros2/nav/install/hdl_localization/share/hdl_localization/cmake/hdl_localization__rosidl_typesupport_cppExport-release.cmake\n'}
[232.248390] (hdl_localization) CommandEnded: {'returncode': 0}
[232.329551] (-) TimerEvent: {}
[232.433739] (-) TimerEvent: {}
[232.649341] (-) TimerEvent: {}
[232.750692] (-) TimerEvent: {}
[232.856438] (-) TimerEvent: {}
[232.958524] (-) TimerEvent: {}
[233.061812] (hdl_localization) JobEnded: {'identifier': 'hdl_localization', 'rc': 0}
[233.069013] (-) TimerEvent: {}
[233.069426] (-) EventReactorShutdown: {}
