[0.000000] (-) TimerEvent: {}
[0.002433] (dr_nav2) JobQueued: {'identifier': 'dr_nav2', 'dependencies': OrderedDict()}
[0.003187] (hdl_global_localization) JobQueued: {'identifier': 'hdl_global_localization', 'dependencies': OrderedDict()}
[0.003817] (sensor_test) JobQueued: {'identifier': 'sensor_test', 'dependencies': OrderedDict()}
[0.004116] (hdl_localization) JobQueued: {'identifier': 'hdl_localization', 'dependencies': OrderedDict([('hdl_global_localization', '/home/ysc/lite_cog_ros2/nav/install/hdl_global_localization')])}
[0.004773] (hdl_global_localization) JobStarted: {'identifier': 'hdl_global_localization'}
[0.098495] (-) TimerEvent: {}
[0.199438] (-) TimerEvent: {}
[0.300523] (-) TimerEvent: {}
[0.340104] (dr_nav2) JobStarted: {'identifier': 'dr_nav2'}
[0.390595] (sensor_test) JobStarted: {'identifier': 'sensor_test'}
[0.402306] (-) TimerEvent: {}
[0.502028] (hdl_global_localization) JobProgress: {'identifier': 'hdl_global_localization', 'progress': 'cmake'}
[0.502807] (-) TimerEvent: {}
[0.504943] (hdl_global_localization) Command: {'cmd': ['/usr/bin/cmake', '/home/ysc/lite_cog_ros2/nav/src/hdl_global_localization', '-DAMENT_CMAKE_SYMLINK_INSTALL=1', '-DCMAKE_INSTALL_PREFIX=/home/ysc/lite_cog_ros2/nav/install/hdl_global_localization'], 'cwd': '/home/ysc/lite_cog_ros2/nav/build/hdl_global_localization', 'env': OrderedDict([('GJS_DEBUG_TOPICS', 'JS ERROR;JS LOG'), ('LESSOPEN', '| /usr/bin/lesspipe %s'), ('USER', 'ysc'), ('LC_TIME', 'zh_CN.UTF-8'), ('SSH_AGENT_PID', '1895'), ('XDG_SESSION_TYPE', 'x11'), ('SHLVL', '1'), ('LD_LIBRARY_PATH', '/home/ysc/lite_cog_ros2/fast_gicp/install/fast_gicp/lib:/home/ysc/lite_cog_ros2/ndt_omp/install/ndt_omp/lib:/usr/lib/aarch64-linux-gnu/gazebo-11/plugins:/opt/ros/foxy/opt/yaml_cpp_vendor/lib:/opt/ros/foxy/opt/rviz_ogre_vendor/lib:/opt/ros/foxy/lib/aarch64-linux-gnu:/opt/ros/foxy/lib:/usr/local/cuda-11.4/lib64:'), ('HOME', '/home/ysc'), ('OLDPWD', '/home/ysc/lite_cog_ros2/nav/src'), ('DESKTOP_SESSION', 'ubuntu'), ('ROS_PYTHON_VERSION', '3'), ('GNOME_SHELL_SESSION_MODE', 'ubuntu'), ('GTK_MODULES', 'gail:atk-bridge'), ('LC_MONETARY', 'zh_CN.UTF-8'), ('MANAGERPID', '1362'), ('DBUS_SESSION_BUS_ADDRESS', 'unix:path=/run/user/1000/bus'), ('COLORTERM', 'truecolor'), ('_colcon_cd_root', '/opt/ros/foxy/'), ('IM_CONFIG_PHASE', '1'), ('COLCON_PREFIX_PATH', '/home/ysc/lite_cog_ros2/fast_gicp/install:/home/ysc/lite_cog_ros2/ndt_omp/install'), ('ROS_DISTRO', 'foxy'), ('LOGNAME', 'ysc'), ('JOURNAL_STREAM', '8:48653'), ('_', '/usr/bin/colcon'), ('ROS_VERSION', '2'), ('XDG_SESSION_CLASS', 'user'), ('USERNAME', 'ysc'), ('TERM', 'xterm-256color'), ('GNOME_DESKTOP_SESSION_ID', 'this-is-deprecated'), ('ROS_LOCALHOST_ONLY', '0'), ('WINDOWPATH', '2'), ('PATH', '/opt/ros/foxy/bin:/usr/local/cuda-11.4/bin:/home/ysc/.local/bin:/usr/local/sbin:/usr/local/bin:/usr/sbin:/usr/bin:/sbin:/bin:/usr/games:/usr/local/games:/snap/bin'), ('SESSION_MANAGER', 'local/lite:@/tmp/.ICE-unix/2022,unix/lite:/tmp/.ICE-unix/2022'), ('INVOCATION_ID', '4b0aaf6bd2144023a916f56d35e54dd6'), ('XDG_MENU_PREFIX', 'gnome-'), ('LC_ADDRESS', 'zh_CN.UTF-8'), ('GNOME_TERMINAL_SCREEN', '/org/gnome/Terminal/screen/4642abbf_5c09_42bf_b6d8_b1c515a5047a'), ('XDG_RUNTIME_DIR', '/run/user/1000'), ('DISPLAY', ':0'), ('LANG', 'en_US.UTF-8'), ('XDG_CURRENT_DESKTOP', 'ubuntu:GNOME'), ('LC_TELEPHONE', 'zh_CN.UTF-8'), ('XMODIFIERS', '@im=ibus'), ('XDG_SESSION_DESKTOP', 'ubuntu'), ('XAUTHORITY', '/run/user/1000/gdm/Xauthority'), ('LS_COLORS', 'rs=0:di=01;34:ln=01;36:mh=00:pi=40;33:so=01;35:do=01;35:bd=40;33;01:cd=40;33;01:or=40;31;01:mi=00:su=37;41:sg=30;43:ca=30;41:tw=30;42:ow=34;42:st=37;44:ex=01;32:*.tar=01;31:*.tgz=01;31:*.arc=01;31:*.arj=01;31:*.taz=01;31:*.lha=01;31:*.lz4=01;31:*.lzh=01;31:*.lzma=01;31:*.tlz=01;31:*.txz=01;31:*.tzo=01;31:*.t7z=01;31:*.zip=01;31:*.z=01;31:*.dz=01;31:*.gz=01;31:*.lrz=01;31:*.lz=01;31:*.lzo=01;31:*.xz=01;31:*.zst=01;31:*.tzst=01;31:*.bz2=01;31:*.bz=01;31:*.tbz=01;31:*.tbz2=01;31:*.tz=01;31:*.deb=01;31:*.rpm=01;31:*.jar=01;31:*.war=01;31:*.ear=01;31:*.sar=01;31:*.rar=01;31:*.alz=01;31:*.ace=01;31:*.zoo=01;31:*.cpio=01;31:*.7z=01;31:*.rz=01;31:*.cab=01;31:*.wim=01;31:*.swm=01;31:*.dwm=01;31:*.esd=01;31:*.jpg=01;35:*.jpeg=01;35:*.mjpg=01;35:*.mjpeg=01;35:*.gif=01;35:*.bmp=01;35:*.pbm=01;35:*.pgm=01;35:*.ppm=01;35:*.tga=01;35:*.xbm=01;35:*.xpm=01;35:*.tif=01;35:*.tiff=01;35:*.png=01;35:*.svg=01;35:*.svgz=01;35:*.mng=01;35:*.pcx=01;35:*.mov=01;35:*.mpg=01;35:*.mpeg=01;35:*.m2v=01;35:*.mkv=01;35:*.webm=01;35:*.ogm=01;35:*.mp4=01;35:*.m4v=01;35:*.mp4v=01;35:*.vob=01;35:*.qt=01;35:*.nuv=01;35:*.wmv=01;35:*.asf=01;35:*.rm=01;35:*.rmvb=01;35:*.flc=01;35:*.avi=01;35:*.fli=01;35:*.flv=01;35:*.gl=01;35:*.dl=01;35:*.xcf=01;35:*.xwd=01;35:*.yuv=01;35:*.cgm=01;35:*.emf=01;35:*.ogv=01;35:*.ogx=01;35:*.aac=00;36:*.au=00;36:*.flac=00;36:*.m4a=00;36:*.mid=00;36:*.midi=00;36:*.mka=00;36:*.mp3=00;36:*.mpc=00;36:*.ogg=00;36:*.ra=00;36:*.wav=00;36:*.oga=00;36:*.opus=00;36:*.spx=00;36:*.xspf=00;36:'), ('GNOME_TERMINAL_SERVICE', ':1.102'), ('SSH_AUTH_SOCK', '/run/user/1000/keyring/ssh'), ('ROS_DOMAIN_ID', '0'), ('AMENT_PREFIX_PATH', '/home/ysc/lite_cog_ros2/fast_gicp/install/fast_gicp:/home/ysc/lite_cog_ros2/ndt_omp/install/ndt_omp:/opt/ros/foxy'), ('SHELL', '/bin/bash'), ('LC_NAME', 'zh_CN.UTF-8'), ('QT_ACCESSIBILITY', '1'), ('GDMSESSION', 'ubuntu'), ('LESSCLOSE', '/usr/bin/lesspipe %s %s'), ('LC_MEASUREMENT', 'zh_CN.UTF-8'), ('GPG_AGENT_INFO', '/run/user/1000/gnupg/S.gpg-agent:0:1'), ('GJS_DEBUG_OUTPUT', 'stderr'), ('LC_IDENTIFICATION', 'zh_CN.UTF-8'), ('QT_IM_MODULE', 'ibus'), ('PWD', '/home/ysc/lite_cog_ros2/nav/build/hdl_global_localization'), ('LC_ALL', 'en_US.UTF-8'), ('XDG_CONFIG_DIRS', '/etc/xdg/xdg-ubuntu:/etc/xdg'), ('XDG_DATA_DIRS', '/usr/share/ubuntu:/usr/local/share/:/usr/share/:/var/lib/snapd/desktop'), ('PYTHONPATH', '/opt/ros/foxy/lib/python3.8/site-packages'), ('LC_NUMERIC', 'zh_CN.UTF-8'), ('LC_PAPER', 'zh_CN.UTF-8'), ('COLCON', '1'), ('VTE_VERSION', '6003'), ('CMAKE_PREFIX_PATH', '/home/ysc/lite_cog_ros2/fast_gicp/install/fast_gicp:/home/ysc/lite_cog_ros2/ndt_omp/install/ndt_omp:/opt/ros/foxy')]), 'shell': False}
[0.603104] (-) TimerEvent: {}
[0.682212] (dr_nav2) JobProgress: {'identifier': 'dr_nav2', 'progress': 'cmake'}
[0.685991] (dr_nav2) Command: {'cmd': ['/usr/bin/cmake', '/home/ysc/lite_cog_ros2/nav/src/dr_nav2', '-DAMENT_CMAKE_SYMLINK_INSTALL=1', '-DCMAKE_INSTALL_PREFIX=/home/ysc/lite_cog_ros2/nav/install/dr_nav2'], 'cwd': '/home/ysc/lite_cog_ros2/nav/build/dr_nav2', 'env': OrderedDict([('GJS_DEBUG_TOPICS', 'JS ERROR;JS LOG'), ('LESSOPEN', '| /usr/bin/lesspipe %s'), ('USER', 'ysc'), ('LC_TIME', 'zh_CN.UTF-8'), ('SSH_AGENT_PID', '1895'), ('XDG_SESSION_TYPE', 'x11'), ('SHLVL', '1'), ('LD_LIBRARY_PATH', '/home/ysc/lite_cog_ros2/fast_gicp/install/fast_gicp/lib:/home/ysc/lite_cog_ros2/ndt_omp/install/ndt_omp/lib:/usr/lib/aarch64-linux-gnu/gazebo-11/plugins:/opt/ros/foxy/opt/yaml_cpp_vendor/lib:/opt/ros/foxy/opt/rviz_ogre_vendor/lib:/opt/ros/foxy/lib/aarch64-linux-gnu:/opt/ros/foxy/lib:/usr/local/cuda-11.4/lib64:'), ('HOME', '/home/ysc'), ('OLDPWD', '/home/ysc/lite_cog_ros2/nav/src'), ('DESKTOP_SESSION', 'ubuntu'), ('ROS_PYTHON_VERSION', '3'), ('GNOME_SHELL_SESSION_MODE', 'ubuntu'), ('GTK_MODULES', 'gail:atk-bridge'), ('LC_MONETARY', 'zh_CN.UTF-8'), ('MANAGERPID', '1362'), ('DBUS_SESSION_BUS_ADDRESS', 'unix:path=/run/user/1000/bus'), ('COLORTERM', 'truecolor'), ('_colcon_cd_root', '/opt/ros/foxy/'), ('IM_CONFIG_PHASE', '1'), ('COLCON_PREFIX_PATH', '/home/ysc/lite_cog_ros2/fast_gicp/install:/home/ysc/lite_cog_ros2/ndt_omp/install'), ('ROS_DISTRO', 'foxy'), ('LOGNAME', 'ysc'), ('JOURNAL_STREAM', '8:48653'), ('_', '/usr/bin/colcon'), ('ROS_VERSION', '2'), ('XDG_SESSION_CLASS', 'user'), ('USERNAME', 'ysc'), ('TERM', 'xterm-256color'), ('GNOME_DESKTOP_SESSION_ID', 'this-is-deprecated'), ('ROS_LOCALHOST_ONLY', '0'), ('WINDOWPATH', '2'), ('PATH', '/opt/ros/foxy/bin:/usr/local/cuda-11.4/bin:/home/ysc/.local/bin:/usr/local/sbin:/usr/local/bin:/usr/sbin:/usr/bin:/sbin:/bin:/usr/games:/usr/local/games:/snap/bin'), ('SESSION_MANAGER', 'local/lite:@/tmp/.ICE-unix/2022,unix/lite:/tmp/.ICE-unix/2022'), ('INVOCATION_ID', '4b0aaf6bd2144023a916f56d35e54dd6'), ('XDG_MENU_PREFIX', 'gnome-'), ('LC_ADDRESS', 'zh_CN.UTF-8'), ('GNOME_TERMINAL_SCREEN', '/org/gnome/Terminal/screen/4642abbf_5c09_42bf_b6d8_b1c515a5047a'), ('XDG_RUNTIME_DIR', '/run/user/1000'), ('DISPLAY', ':0'), ('LANG', 'en_US.UTF-8'), ('XDG_CURRENT_DESKTOP', 'ubuntu:GNOME'), ('LC_TELEPHONE', 'zh_CN.UTF-8'), ('XMODIFIERS', '@im=ibus'), ('XDG_SESSION_DESKTOP', 'ubuntu'), ('XAUTHORITY', '/run/user/1000/gdm/Xauthority'), ('LS_COLORS', 'rs=0:di=01;34:ln=01;36:mh=00:pi=40;33:so=01;35:do=01;35:bd=40;33;01:cd=40;33;01:or=40;31;01:mi=00:su=37;41:sg=30;43:ca=30;41:tw=30;42:ow=34;42:st=37;44:ex=01;32:*.tar=01;31:*.tgz=01;31:*.arc=01;31:*.arj=01;31:*.taz=01;31:*.lha=01;31:*.lz4=01;31:*.lzh=01;31:*.lzma=01;31:*.tlz=01;31:*.txz=01;31:*.tzo=01;31:*.t7z=01;31:*.zip=01;31:*.z=01;31:*.dz=01;31:*.gz=01;31:*.lrz=01;31:*.lz=01;31:*.lzo=01;31:*.xz=01;31:*.zst=01;31:*.tzst=01;31:*.bz2=01;31:*.bz=01;31:*.tbz=01;31:*.tbz2=01;31:*.tz=01;31:*.deb=01;31:*.rpm=01;31:*.jar=01;31:*.war=01;31:*.ear=01;31:*.sar=01;31:*.rar=01;31:*.alz=01;31:*.ace=01;31:*.zoo=01;31:*.cpio=01;31:*.7z=01;31:*.rz=01;31:*.cab=01;31:*.wim=01;31:*.swm=01;31:*.dwm=01;31:*.esd=01;31:*.jpg=01;35:*.jpeg=01;35:*.mjpg=01;35:*.mjpeg=01;35:*.gif=01;35:*.bmp=01;35:*.pbm=01;35:*.pgm=01;35:*.ppm=01;35:*.tga=01;35:*.xbm=01;35:*.xpm=01;35:*.tif=01;35:*.tiff=01;35:*.png=01;35:*.svg=01;35:*.svgz=01;35:*.mng=01;35:*.pcx=01;35:*.mov=01;35:*.mpg=01;35:*.mpeg=01;35:*.m2v=01;35:*.mkv=01;35:*.webm=01;35:*.ogm=01;35:*.mp4=01;35:*.m4v=01;35:*.mp4v=01;35:*.vob=01;35:*.qt=01;35:*.nuv=01;35:*.wmv=01;35:*.asf=01;35:*.rm=01;35:*.rmvb=01;35:*.flc=01;35:*.avi=01;35:*.fli=01;35:*.flv=01;35:*.gl=01;35:*.dl=01;35:*.xcf=01;35:*.xwd=01;35:*.yuv=01;35:*.cgm=01;35:*.emf=01;35:*.ogv=01;35:*.ogx=01;35:*.aac=00;36:*.au=00;36:*.flac=00;36:*.m4a=00;36:*.mid=00;36:*.midi=00;36:*.mka=00;36:*.mp3=00;36:*.mpc=00;36:*.ogg=00;36:*.ra=00;36:*.wav=00;36:*.oga=00;36:*.opus=00;36:*.spx=00;36:*.xspf=00;36:'), ('GNOME_TERMINAL_SERVICE', ':1.102'), ('SSH_AUTH_SOCK', '/run/user/1000/keyring/ssh'), ('ROS_DOMAIN_ID', '0'), ('AMENT_PREFIX_PATH', '/home/ysc/lite_cog_ros2/fast_gicp/install/fast_gicp:/home/ysc/lite_cog_ros2/ndt_omp/install/ndt_omp:/opt/ros/foxy'), ('SHELL', '/bin/bash'), ('LC_NAME', 'zh_CN.UTF-8'), ('QT_ACCESSIBILITY', '1'), ('GDMSESSION', 'ubuntu'), ('LESSCLOSE', '/usr/bin/lesspipe %s %s'), ('LC_MEASUREMENT', 'zh_CN.UTF-8'), ('GPG_AGENT_INFO', '/run/user/1000/gnupg/S.gpg-agent:0:1'), ('GJS_DEBUG_OUTPUT', 'stderr'), ('LC_IDENTIFICATION', 'zh_CN.UTF-8'), ('QT_IM_MODULE', 'ibus'), ('PWD', '/home/ysc/lite_cog_ros2/nav/build/dr_nav2'), ('LC_ALL', 'en_US.UTF-8'), ('XDG_CONFIG_DIRS', '/etc/xdg/xdg-ubuntu:/etc/xdg'), ('XDG_DATA_DIRS', '/usr/share/ubuntu:/usr/local/share/:/usr/share/:/var/lib/snapd/desktop'), ('PYTHONPATH', '/opt/ros/foxy/lib/python3.8/site-packages'), ('LC_NUMERIC', 'zh_CN.UTF-8'), ('LC_PAPER', 'zh_CN.UTF-8'), ('COLCON', '1'), ('VTE_VERSION', '6003'), ('CMAKE_PREFIX_PATH', '/home/ysc/lite_cog_ros2/fast_gicp/install/fast_gicp:/home/ysc/lite_cog_ros2/ndt_omp/install/ndt_omp:/opt/ros/foxy')]), 'shell': False}
[0.706402] (-) TimerEvent: {}
[0.813309] (-) TimerEvent: {}
[0.871687] (sensor_test) JobProgress: {'identifier': 'sensor_test', 'progress': 'cmake'}
[0.882456] (sensor_test) Command: {'cmd': ['/usr/bin/cmake', '/home/ysc/lite_cog_ros2/nav/src/sensor_test', '-DAMENT_CMAKE_SYMLINK_INSTALL=1', '-DCMAKE_INSTALL_PREFIX=/home/ysc/lite_cog_ros2/nav/install/sensor_test'], 'cwd': '/home/ysc/lite_cog_ros2/nav/build/sensor_test', 'env': OrderedDict([('GJS_DEBUG_TOPICS', 'JS ERROR;JS LOG'), ('LESSOPEN', '| /usr/bin/lesspipe %s'), ('USER', 'ysc'), ('LC_TIME', 'zh_CN.UTF-8'), ('SSH_AGENT_PID', '1895'), ('XDG_SESSION_TYPE', 'x11'), ('SHLVL', '1'), ('LD_LIBRARY_PATH', '/home/ysc/lite_cog_ros2/fast_gicp/install/fast_gicp/lib:/home/ysc/lite_cog_ros2/ndt_omp/install/ndt_omp/lib:/usr/lib/aarch64-linux-gnu/gazebo-11/plugins:/opt/ros/foxy/opt/yaml_cpp_vendor/lib:/opt/ros/foxy/opt/rviz_ogre_vendor/lib:/opt/ros/foxy/lib/aarch64-linux-gnu:/opt/ros/foxy/lib:/usr/local/cuda-11.4/lib64:'), ('HOME', '/home/ysc'), ('OLDPWD', '/home/ysc/lite_cog_ros2/nav/src'), ('DESKTOP_SESSION', 'ubuntu'), ('ROS_PYTHON_VERSION', '3'), ('GNOME_SHELL_SESSION_MODE', 'ubuntu'), ('GTK_MODULES', 'gail:atk-bridge'), ('LC_MONETARY', 'zh_CN.UTF-8'), ('MANAGERPID', '1362'), ('DBUS_SESSION_BUS_ADDRESS', 'unix:path=/run/user/1000/bus'), ('COLORTERM', 'truecolor'), ('_colcon_cd_root', '/opt/ros/foxy/'), ('IM_CONFIG_PHASE', '1'), ('COLCON_PREFIX_PATH', '/home/ysc/lite_cog_ros2/fast_gicp/install:/home/ysc/lite_cog_ros2/ndt_omp/install'), ('ROS_DISTRO', 'foxy'), ('LOGNAME', 'ysc'), ('JOURNAL_STREAM', '8:48653'), ('_', '/usr/bin/colcon'), ('ROS_VERSION', '2'), ('XDG_SESSION_CLASS', 'user'), ('USERNAME', 'ysc'), ('TERM', 'xterm-256color'), ('GNOME_DESKTOP_SESSION_ID', 'this-is-deprecated'), ('ROS_LOCALHOST_ONLY', '0'), ('WINDOWPATH', '2'), ('PATH', '/opt/ros/foxy/bin:/usr/local/cuda-11.4/bin:/home/ysc/.local/bin:/usr/local/sbin:/usr/local/bin:/usr/sbin:/usr/bin:/sbin:/bin:/usr/games:/usr/local/games:/snap/bin'), ('SESSION_MANAGER', 'local/lite:@/tmp/.ICE-unix/2022,unix/lite:/tmp/.ICE-unix/2022'), ('INVOCATION_ID', '4b0aaf6bd2144023a916f56d35e54dd6'), ('XDG_MENU_PREFIX', 'gnome-'), ('LC_ADDRESS', 'zh_CN.UTF-8'), ('GNOME_TERMINAL_SCREEN', '/org/gnome/Terminal/screen/4642abbf_5c09_42bf_b6d8_b1c515a5047a'), ('XDG_RUNTIME_DIR', '/run/user/1000'), ('DISPLAY', ':0'), ('LANG', 'en_US.UTF-8'), ('XDG_CURRENT_DESKTOP', 'ubuntu:GNOME'), ('LC_TELEPHONE', 'zh_CN.UTF-8'), ('XMODIFIERS', '@im=ibus'), ('XDG_SESSION_DESKTOP', 'ubuntu'), ('XAUTHORITY', '/run/user/1000/gdm/Xauthority'), ('LS_COLORS', 'rs=0:di=01;34:ln=01;36:mh=00:pi=40;33:so=01;35:do=01;35:bd=40;33;01:cd=40;33;01:or=40;31;01:mi=00:su=37;41:sg=30;43:ca=30;41:tw=30;42:ow=34;42:st=37;44:ex=01;32:*.tar=01;31:*.tgz=01;31:*.arc=01;31:*.arj=01;31:*.taz=01;31:*.lha=01;31:*.lz4=01;31:*.lzh=01;31:*.lzma=01;31:*.tlz=01;31:*.txz=01;31:*.tzo=01;31:*.t7z=01;31:*.zip=01;31:*.z=01;31:*.dz=01;31:*.gz=01;31:*.lrz=01;31:*.lz=01;31:*.lzo=01;31:*.xz=01;31:*.zst=01;31:*.tzst=01;31:*.bz2=01;31:*.bz=01;31:*.tbz=01;31:*.tbz2=01;31:*.tz=01;31:*.deb=01;31:*.rpm=01;31:*.jar=01;31:*.war=01;31:*.ear=01;31:*.sar=01;31:*.rar=01;31:*.alz=01;31:*.ace=01;31:*.zoo=01;31:*.cpio=01;31:*.7z=01;31:*.rz=01;31:*.cab=01;31:*.wim=01;31:*.swm=01;31:*.dwm=01;31:*.esd=01;31:*.jpg=01;35:*.jpeg=01;35:*.mjpg=01;35:*.mjpeg=01;35:*.gif=01;35:*.bmp=01;35:*.pbm=01;35:*.pgm=01;35:*.ppm=01;35:*.tga=01;35:*.xbm=01;35:*.xpm=01;35:*.tif=01;35:*.tiff=01;35:*.png=01;35:*.svg=01;35:*.svgz=01;35:*.mng=01;35:*.pcx=01;35:*.mov=01;35:*.mpg=01;35:*.mpeg=01;35:*.m2v=01;35:*.mkv=01;35:*.webm=01;35:*.ogm=01;35:*.mp4=01;35:*.m4v=01;35:*.mp4v=01;35:*.vob=01;35:*.qt=01;35:*.nuv=01;35:*.wmv=01;35:*.asf=01;35:*.rm=01;35:*.rmvb=01;35:*.flc=01;35:*.avi=01;35:*.fli=01;35:*.flv=01;35:*.gl=01;35:*.dl=01;35:*.xcf=01;35:*.xwd=01;35:*.yuv=01;35:*.cgm=01;35:*.emf=01;35:*.ogv=01;35:*.ogx=01;35:*.aac=00;36:*.au=00;36:*.flac=00;36:*.m4a=00;36:*.mid=00;36:*.midi=00;36:*.mka=00;36:*.mp3=00;36:*.mpc=00;36:*.ogg=00;36:*.ra=00;36:*.wav=00;36:*.oga=00;36:*.opus=00;36:*.spx=00;36:*.xspf=00;36:'), ('GNOME_TERMINAL_SERVICE', ':1.102'), ('SSH_AUTH_SOCK', '/run/user/1000/keyring/ssh'), ('ROS_DOMAIN_ID', '0'), ('AMENT_PREFIX_PATH', '/home/ysc/lite_cog_ros2/fast_gicp/install/fast_gicp:/home/ysc/lite_cog_ros2/ndt_omp/install/ndt_omp:/opt/ros/foxy'), ('SHELL', '/bin/bash'), ('LC_NAME', 'zh_CN.UTF-8'), ('QT_ACCESSIBILITY', '1'), ('GDMSESSION', 'ubuntu'), ('LESSCLOSE', '/usr/bin/lesspipe %s %s'), ('LC_MEASUREMENT', 'zh_CN.UTF-8'), ('GPG_AGENT_INFO', '/run/user/1000/gnupg/S.gpg-agent:0:1'), ('GJS_DEBUG_OUTPUT', 'stderr'), ('LC_IDENTIFICATION', 'zh_CN.UTF-8'), ('QT_IM_MODULE', 'ibus'), ('PWD', '/home/ysc/lite_cog_ros2/nav/build/sensor_test'), ('LC_ALL', 'en_US.UTF-8'), ('XDG_CONFIG_DIRS', '/etc/xdg/xdg-ubuntu:/etc/xdg'), ('XDG_DATA_DIRS', '/usr/share/ubuntu:/usr/local/share/:/usr/share/:/var/lib/snapd/desktop'), ('PYTHONPATH', '/opt/ros/foxy/lib/python3.8/site-packages'), ('LC_NUMERIC', 'zh_CN.UTF-8'), ('LC_PAPER', 'zh_CN.UTF-8'), ('COLCON', '1'), ('VTE_VERSION', '6003'), ('CMAKE_PREFIX_PATH', '/home/ysc/lite_cog_ros2/fast_gicp/install/fast_gicp:/home/ysc/lite_cog_ros2/ndt_omp/install/ndt_omp:/opt/ros/foxy')]), 'shell': False}
[0.914549] (-) TimerEvent: {}
[1.015981] (-) TimerEvent: {}
[1.117363] (-) TimerEvent: {}
[1.219047] (-) TimerEvent: {}
[1.320128] (-) TimerEvent: {}
[1.421377] (-) TimerEvent: {}
[1.457654] (sensor_test) StdoutLine: {'line': b'-- The C compiler identification is GNU 9.4.0\n'}
[1.459627] (dr_nav2) StdoutLine: {'line': b'-- The C compiler identification is GNU 9.4.0\n'}
[1.461459] (hdl_global_localization) StdoutLine: {'line': b'-- The C compiler identification is GNU 9.4.0\n'}
[1.521611] (-) TimerEvent: {}
[1.623853] (-) TimerEvent: {}
[1.725234] (-) TimerEvent: {}
[1.826587] (-) TimerEvent: {}
[1.928316] (-) TimerEvent: {}
[2.029520] (-) TimerEvent: {}
[2.130730] (-) TimerEvent: {}
[2.231946] (-) TimerEvent: {}
[2.333693] (-) TimerEvent: {}
[2.435436] (-) TimerEvent: {}
[2.468006] (dr_nav2) StdoutLine: {'line': b'-- The CXX compiler identification is GNU 9.4.0\n'}
[2.472241] (sensor_test) StdoutLine: {'line': b'-- The CXX compiler identification is GNU 9.4.0\n'}
[2.476246] (hdl_global_localization) StdoutLine: {'line': b'-- The CXX compiler identification is GNU 9.4.0\n'}
[2.535688] (-) TimerEvent: {}
[2.637354] (-) TimerEvent: {}
[2.669398] (sensor_test) StdoutLine: {'line': b'-- Check for working C compiler: /usr/bin/cc\n'}
[2.670376] (dr_nav2) StdoutLine: {'line': b'-- Check for working C compiler: /usr/bin/cc\n'}
[2.671505] (hdl_global_localization) StdoutLine: {'line': b'-- Check for working C compiler: /usr/bin/cc\n'}
[2.737142] (-) TimerEvent: {}
[2.838339] (-) TimerEvent: {}
[2.939581] (-) TimerEvent: {}
[3.040852] (-) TimerEvent: {}
[3.142010] (-) TimerEvent: {}
[3.243234] (-) TimerEvent: {}
[3.344799] (-) TimerEvent: {}
[3.399365] (hdl_global_localization) StdoutLine: {'line': b'-- Check for working C compiler: /usr/bin/cc -- works\n'}
[3.403743] (dr_nav2) StdoutLine: {'line': b'-- Check for working C compiler: /usr/bin/cc -- works\n'}
[3.413000] (sensor_test) StdoutLine: {'line': b'-- Check for working C compiler: /usr/bin/cc -- works\n'}
[3.444996] (-) TimerEvent: {}
[3.546129] (-) TimerEvent: {}
[3.551801] (hdl_global_localization) StdoutLine: {'line': b'-- Detecting C compiler ABI info\n'}
[3.552550] (sensor_test) StdoutLine: {'line': b'-- Detecting C compiler ABI info\n'}
[3.553171] (dr_nav2) StdoutLine: {'line': b'-- Detecting C compiler ABI info\n'}
[3.646380] (-) TimerEvent: {}
[3.748760] (-) TimerEvent: {}
[3.849827] (-) TimerEvent: {}
[3.950927] (-) TimerEvent: {}
[4.052270] (-) TimerEvent: {}
[4.153919] (-) TimerEvent: {}
[4.255266] (-) TimerEvent: {}
[4.281750] (sensor_test) StdoutLine: {'line': b'-- Detecting C compiler ABI info - done\n'}
[4.284838] (hdl_global_localization) StdoutLine: {'line': b'-- Detecting C compiler ABI info - done\n'}
[4.306769] (dr_nav2) StdoutLine: {'line': b'-- Detecting C compiler ABI info - done\n'}
[4.355548] (-) TimerEvent: {}
[4.456941] (-) TimerEvent: {}
[4.491297] (sensor_test) StdoutLine: {'line': b'-- Detecting C compile features\n'}
[4.492925] (dr_nav2) StdoutLine: {'line': b'-- Detecting C compile features\n'}
[4.496081] (hdl_global_localization) StdoutLine: {'line': b'-- Detecting C compile features\n'}
[4.496982] (dr_nav2) StdoutLine: {'line': b'-- Detecting C compile features - done\n'}
[4.497647] (sensor_test) StdoutLine: {'line': b'-- Detecting C compile features - done\n'}
[4.498607] (hdl_global_localization) StdoutLine: {'line': b'-- Detecting C compile features - done\n'}
[4.516134] (sensor_test) StdoutLine: {'line': b'-- Check for working CXX compiler: /usr/bin/c++\n'}
[4.517216] (hdl_global_localization) StdoutLine: {'line': b'-- Check for working CXX compiler: /usr/bin/c++\n'}
[4.518030] (dr_nav2) StdoutLine: {'line': b'-- Check for working CXX compiler: /usr/bin/c++\n'}
[4.557209] (-) TimerEvent: {}
[4.659442] (-) TimerEvent: {}
[4.761639] (-) TimerEvent: {}
[4.862901] (-) TimerEvent: {}
[4.964517] (-) TimerEvent: {}
[5.065775] (-) TimerEvent: {}
[5.140444] (hdl_global_localization) StdoutLine: {'line': b'-- Check for working CXX compiler: /usr/bin/c++ -- works\n'}
[5.144296] (dr_nav2) StdoutLine: {'line': b'-- Check for working CXX compiler: /usr/bin/c++ -- works\n'}
[5.146880] (hdl_global_localization) StdoutLine: {'line': b'-- Detecting CXX compiler ABI info\n'}
[5.149525] (sensor_test) StdoutLine: {'line': b'-- Check for working CXX compiler: /usr/bin/c++ -- works\n'}
[5.151126] (dr_nav2) StdoutLine: {'line': b'-- Detecting CXX compiler ABI info\n'}
[5.155161] (sensor_test) StdoutLine: {'line': b'-- Detecting CXX compiler ABI info\n'}
[5.166035] (-) TimerEvent: {}
[5.267137] (-) TimerEvent: {}
[5.369102] (-) TimerEvent: {}
[5.470193] (-) TimerEvent: {}
[5.571366] (-) TimerEvent: {}
[5.673062] (-) TimerEvent: {}
[5.774722] (-) TimerEvent: {}
[5.800822] (dr_nav2) StdoutLine: {'line': b'-- Detecting CXX compiler ABI info - done\n'}
[5.801882] (sensor_test) StdoutLine: {'line': b'-- Detecting CXX compiler ABI info - done\n'}
[5.813749] (hdl_global_localization) StdoutLine: {'line': b'-- Detecting CXX compiler ABI info - done\n'}
[5.865099] (dr_nav2) StdoutLine: {'line': b'-- Detecting CXX compile features\n'}
[5.866703] (sensor_test) StdoutLine: {'line': b'-- Detecting CXX compile features\n'}
[5.868854] (dr_nav2) StdoutLine: {'line': b'-- Detecting CXX compile features - done\n'}
[5.870078] (sensor_test) StdoutLine: {'line': b'-- Detecting CXX compile features - done\n'}
[5.874926] (-) TimerEvent: {}
[5.894372] (hdl_global_localization) StdoutLine: {'line': b'-- Detecting CXX compile features\n'}
[5.897433] (hdl_global_localization) StdoutLine: {'line': b'-- Detecting CXX compile features - done\n'}
[5.975199] (-) TimerEvent: {}
[6.022081] (dr_nav2) StdoutLine: {'line': b'-- Found ament_cmake_auto: 0.9.12 (/opt/ros/foxy/share/ament_cmake_auto/cmake)\n'}
[6.023048] (sensor_test) StdoutLine: {'line': b'-- Found ament_cmake_auto: 0.9.12 (/opt/ros/foxy/share/ament_cmake_auto/cmake)\n'}
[6.075401] (-) TimerEvent: {}
[6.133630] (hdl_global_localization) StdoutLine: {'line': b'-- Looking for pthread.h\n'}
[6.175653] (-) TimerEvent: {}
[6.279809] (dr_nav2) StdoutLine: {'line': b'-- Found PythonInterp: /usr/bin/python3 (found suitable version "3.8.10", minimum required is "3") \n'}
[6.280754] (-) TimerEvent: {}
[6.281364] (dr_nav2) StdoutLine: {'line': b'-- Using PYTHON_EXECUTABLE: /usr/bin/python3\n'}
[6.303916] (sensor_test) StdoutLine: {'line': b'-- Found PythonInterp: /usr/bin/python3 (found suitable version "3.8.10", minimum required is "3") \n'}
[6.305162] (sensor_test) StdoutLine: {'line': b'-- Using PYTHON_EXECUTABLE: /usr/bin/python3\n'}
[6.381000] (-) TimerEvent: {}
[6.482610] (-) TimerEvent: {}
[6.584020] (-) TimerEvent: {}
[6.685727] (-) TimerEvent: {}
[6.751849] (hdl_global_localization) StdoutLine: {'line': b'-- Looking for pthread.h - found\n'}
[6.754540] (hdl_global_localization) StdoutLine: {'line': b'-- Performing Test CMAKE_HAVE_LIBC_PTHREAD\n'}
[6.785961] (-) TimerEvent: {}
[6.888843] (-) TimerEvent: {}
[6.991414] (-) TimerEvent: {}
[7.094750] (-) TimerEvent: {}
[7.196901] (-) TimerEvent: {}
[7.299398] (-) TimerEvent: {}
[7.400874] (-) TimerEvent: {}
[7.502747] (-) TimerEvent: {}
[7.563464] (hdl_global_localization) StdoutLine: {'line': b'-- Performing Test CMAKE_HAVE_LIBC_PTHREAD - Failed\n'}
[7.566175] (hdl_global_localization) StdoutLine: {'line': b'-- Looking for pthread_create in pthreads\n'}
[7.603012] (-) TimerEvent: {}
[7.704772] (-) TimerEvent: {}
[7.757612] (dr_nav2) StdoutLine: {'line': b'-- Override CMake install command with custom implementation using symlinks instead of copying resources\n'}
[7.805050] (-) TimerEvent: {}
[7.807247] (sensor_test) StdoutLine: {'line': b'-- Override CMake install command with custom implementation using symlinks instead of copying resources\n'}
[7.905279] (-) TimerEvent: {}
[8.006450] (-) TimerEvent: {}
[8.107605] (-) TimerEvent: {}
[8.209366] (-) TimerEvent: {}
[8.266838] (hdl_global_localization) StdoutLine: {'line': b'-- Looking for pthread_create in pthreads - not found\n'}
[8.270091] (hdl_global_localization) StdoutLine: {'line': b'-- Looking for pthread_create in pthread\n'}
[8.309553] (-) TimerEvent: {}
[8.410863] (-) TimerEvent: {}
[8.513272] (-) TimerEvent: {}
[8.615418] (-) TimerEvent: {}
[8.684230] (dr_nav2) StdoutLine: {'line': b'-- Configuring done\n'}
[8.701347] (dr_nav2) StdoutLine: {'line': b'-- Generating done\n'}
[8.709570] (dr_nav2) StdoutLine: {'line': b'-- Build files have been written to: /home/ysc/lite_cog_ros2/nav/build/dr_nav2\n'}
[8.715669] (-) TimerEvent: {}
[8.731618] (dr_nav2) CommandEnded: {'returncode': 0}
[8.743127] (dr_nav2) JobProgress: {'identifier': 'dr_nav2', 'progress': 'build'}
[8.743526] (dr_nav2) Command: {'cmd': ['/usr/bin/cmake', '--build', '/home/ysc/lite_cog_ros2/nav/build/dr_nav2', '--', '-j6', '-l6'], 'cwd': '/home/ysc/lite_cog_ros2/nav/build/dr_nav2', 'env': OrderedDict([('GJS_DEBUG_TOPICS', 'JS ERROR;JS LOG'), ('LESSOPEN', '| /usr/bin/lesspipe %s'), ('USER', 'ysc'), ('LC_TIME', 'zh_CN.UTF-8'), ('SSH_AGENT_PID', '1895'), ('XDG_SESSION_TYPE', 'x11'), ('SHLVL', '1'), ('LD_LIBRARY_PATH', '/home/ysc/lite_cog_ros2/fast_gicp/install/fast_gicp/lib:/home/ysc/lite_cog_ros2/ndt_omp/install/ndt_omp/lib:/usr/lib/aarch64-linux-gnu/gazebo-11/plugins:/opt/ros/foxy/opt/yaml_cpp_vendor/lib:/opt/ros/foxy/opt/rviz_ogre_vendor/lib:/opt/ros/foxy/lib/aarch64-linux-gnu:/opt/ros/foxy/lib:/usr/local/cuda-11.4/lib64:'), ('HOME', '/home/ysc'), ('OLDPWD', '/home/ysc/lite_cog_ros2/nav/src'), ('DESKTOP_SESSION', 'ubuntu'), ('ROS_PYTHON_VERSION', '3'), ('GNOME_SHELL_SESSION_MODE', 'ubuntu'), ('GTK_MODULES', 'gail:atk-bridge'), ('LC_MONETARY', 'zh_CN.UTF-8'), ('MANAGERPID', '1362'), ('DBUS_SESSION_BUS_ADDRESS', 'unix:path=/run/user/1000/bus'), ('COLORTERM', 'truecolor'), ('_colcon_cd_root', '/opt/ros/foxy/'), ('IM_CONFIG_PHASE', '1'), ('COLCON_PREFIX_PATH', '/home/ysc/lite_cog_ros2/fast_gicp/install:/home/ysc/lite_cog_ros2/ndt_omp/install'), ('ROS_DISTRO', 'foxy'), ('LOGNAME', 'ysc'), ('JOURNAL_STREAM', '8:48653'), ('_', '/usr/bin/colcon'), ('ROS_VERSION', '2'), ('XDG_SESSION_CLASS', 'user'), ('USERNAME', 'ysc'), ('TERM', 'xterm-256color'), ('GNOME_DESKTOP_SESSION_ID', 'this-is-deprecated'), ('ROS_LOCALHOST_ONLY', '0'), ('WINDOWPATH', '2'), ('PATH', '/opt/ros/foxy/bin:/usr/local/cuda-11.4/bin:/home/ysc/.local/bin:/usr/local/sbin:/usr/local/bin:/usr/sbin:/usr/bin:/sbin:/bin:/usr/games:/usr/local/games:/snap/bin'), ('SESSION_MANAGER', 'local/lite:@/tmp/.ICE-unix/2022,unix/lite:/tmp/.ICE-unix/2022'), ('INVOCATION_ID', '4b0aaf6bd2144023a916f56d35e54dd6'), ('XDG_MENU_PREFIX', 'gnome-'), ('LC_ADDRESS', 'zh_CN.UTF-8'), ('GNOME_TERMINAL_SCREEN', '/org/gnome/Terminal/screen/4642abbf_5c09_42bf_b6d8_b1c515a5047a'), ('XDG_RUNTIME_DIR', '/run/user/1000'), ('DISPLAY', ':0'), ('LANG', 'en_US.UTF-8'), ('XDG_CURRENT_DESKTOP', 'ubuntu:GNOME'), ('LC_TELEPHONE', 'zh_CN.UTF-8'), ('XMODIFIERS', '@im=ibus'), ('XDG_SESSION_DESKTOP', 'ubuntu'), ('XAUTHORITY', '/run/user/1000/gdm/Xauthority'), ('LS_COLORS', 'rs=0:di=01;34:ln=01;36:mh=00:pi=40;33:so=01;35:do=01;35:bd=40;33;01:cd=40;33;01:or=40;31;01:mi=00:su=37;41:sg=30;43:ca=30;41:tw=30;42:ow=34;42:st=37;44:ex=01;32:*.tar=01;31:*.tgz=01;31:*.arc=01;31:*.arj=01;31:*.taz=01;31:*.lha=01;31:*.lz4=01;31:*.lzh=01;31:*.lzma=01;31:*.tlz=01;31:*.txz=01;31:*.tzo=01;31:*.t7z=01;31:*.zip=01;31:*.z=01;31:*.dz=01;31:*.gz=01;31:*.lrz=01;31:*.lz=01;31:*.lzo=01;31:*.xz=01;31:*.zst=01;31:*.tzst=01;31:*.bz2=01;31:*.bz=01;31:*.tbz=01;31:*.tbz2=01;31:*.tz=01;31:*.deb=01;31:*.rpm=01;31:*.jar=01;31:*.war=01;31:*.ear=01;31:*.sar=01;31:*.rar=01;31:*.alz=01;31:*.ace=01;31:*.zoo=01;31:*.cpio=01;31:*.7z=01;31:*.rz=01;31:*.cab=01;31:*.wim=01;31:*.swm=01;31:*.dwm=01;31:*.esd=01;31:*.jpg=01;35:*.jpeg=01;35:*.mjpg=01;35:*.mjpeg=01;35:*.gif=01;35:*.bmp=01;35:*.pbm=01;35:*.pgm=01;35:*.ppm=01;35:*.tga=01;35:*.xbm=01;35:*.xpm=01;35:*.tif=01;35:*.tiff=01;35:*.png=01;35:*.svg=01;35:*.svgz=01;35:*.mng=01;35:*.pcx=01;35:*.mov=01;35:*.mpg=01;35:*.mpeg=01;35:*.m2v=01;35:*.mkv=01;35:*.webm=01;35:*.ogm=01;35:*.mp4=01;35:*.m4v=01;35:*.mp4v=01;35:*.vob=01;35:*.qt=01;35:*.nuv=01;35:*.wmv=01;35:*.asf=01;35:*.rm=01;35:*.rmvb=01;35:*.flc=01;35:*.avi=01;35:*.fli=01;35:*.flv=01;35:*.gl=01;35:*.dl=01;35:*.xcf=01;35:*.xwd=01;35:*.yuv=01;35:*.cgm=01;35:*.emf=01;35:*.ogv=01;35:*.ogx=01;35:*.aac=00;36:*.au=00;36:*.flac=00;36:*.m4a=00;36:*.mid=00;36:*.midi=00;36:*.mka=00;36:*.mp3=00;36:*.mpc=00;36:*.ogg=00;36:*.ra=00;36:*.wav=00;36:*.oga=00;36:*.opus=00;36:*.spx=00;36:*.xspf=00;36:'), ('GNOME_TERMINAL_SERVICE', ':1.102'), ('SSH_AUTH_SOCK', '/run/user/1000/keyring/ssh'), ('ROS_DOMAIN_ID', '0'), ('AMENT_PREFIX_PATH', '/home/ysc/lite_cog_ros2/fast_gicp/install/fast_gicp:/home/ysc/lite_cog_ros2/ndt_omp/install/ndt_omp:/opt/ros/foxy'), ('SHELL', '/bin/bash'), ('LC_NAME', 'zh_CN.UTF-8'), ('QT_ACCESSIBILITY', '1'), ('GDMSESSION', 'ubuntu'), ('LESSCLOSE', '/usr/bin/lesspipe %s %s'), ('LC_MEASUREMENT', 'zh_CN.UTF-8'), ('GPG_AGENT_INFO', '/run/user/1000/gnupg/S.gpg-agent:0:1'), ('GJS_DEBUG_OUTPUT', 'stderr'), ('LC_IDENTIFICATION', 'zh_CN.UTF-8'), ('QT_IM_MODULE', 'ibus'), ('PWD', '/home/ysc/lite_cog_ros2/nav/build/dr_nav2'), ('LC_ALL', 'en_US.UTF-8'), ('XDG_CONFIG_DIRS', '/etc/xdg/xdg-ubuntu:/etc/xdg'), ('XDG_DATA_DIRS', '/usr/share/ubuntu:/usr/local/share/:/usr/share/:/var/lib/snapd/desktop'), ('PYTHONPATH', '/opt/ros/foxy/lib/python3.8/site-packages'), ('LC_NUMERIC', 'zh_CN.UTF-8'), ('LC_PAPER', 'zh_CN.UTF-8'), ('COLCON', '1'), ('VTE_VERSION', '6003'), ('CMAKE_PREFIX_PATH', '/home/ysc/lite_cog_ros2/fast_gicp/install/fast_gicp:/home/ysc/lite_cog_ros2/ndt_omp/install/ndt_omp:/opt/ros/foxy')]), 'shell': False}
[8.816461] (-) TimerEvent: {}
[8.889652] (hdl_global_localization) StdoutLine: {'line': b'-- Looking for pthread_create in pthread - found\n'}
[8.896956] (hdl_global_localization) StdoutLine: {'line': b'-- Found Threads: TRUE  \n'}
[8.916540] (-) TimerEvent: {}
[9.017188] (dr_nav2) CommandEnded: {'returncode': 0}
[9.022543] (-) TimerEvent: {}
[9.124106] (-) TimerEvent: {}
[9.171142] (hdl_global_localization) StdoutLine: {'line': b'-- Found CUDA: /usr/local/cuda-11.4 (found suitable exact version "11.4") \n'}
[9.179466] (dr_nav2) JobProgress: {'identifier': 'dr_nav2', 'progress': 'install'}
[9.224496] (-) TimerEvent: {}
[9.251155] (dr_nav2) Command: {'cmd': ['/usr/bin/cmake', '--install', '/home/ysc/lite_cog_ros2/nav/build/dr_nav2'], 'cwd': '/home/ysc/lite_cog_ros2/nav/build/dr_nav2', 'env': OrderedDict([('GJS_DEBUG_TOPICS', 'JS ERROR;JS LOG'), ('LESSOPEN', '| /usr/bin/lesspipe %s'), ('USER', 'ysc'), ('LC_TIME', 'zh_CN.UTF-8'), ('SSH_AGENT_PID', '1895'), ('XDG_SESSION_TYPE', 'x11'), ('SHLVL', '1'), ('LD_LIBRARY_PATH', '/home/ysc/lite_cog_ros2/fast_gicp/install/fast_gicp/lib:/home/ysc/lite_cog_ros2/ndt_omp/install/ndt_omp/lib:/usr/lib/aarch64-linux-gnu/gazebo-11/plugins:/opt/ros/foxy/opt/yaml_cpp_vendor/lib:/opt/ros/foxy/opt/rviz_ogre_vendor/lib:/opt/ros/foxy/lib/aarch64-linux-gnu:/opt/ros/foxy/lib:/usr/local/cuda-11.4/lib64:'), ('HOME', '/home/ysc'), ('OLDPWD', '/home/ysc/lite_cog_ros2/nav/src'), ('DESKTOP_SESSION', 'ubuntu'), ('ROS_PYTHON_VERSION', '3'), ('GNOME_SHELL_SESSION_MODE', 'ubuntu'), ('GTK_MODULES', 'gail:atk-bridge'), ('LC_MONETARY', 'zh_CN.UTF-8'), ('MANAGERPID', '1362'), ('DBUS_SESSION_BUS_ADDRESS', 'unix:path=/run/user/1000/bus'), ('COLORTERM', 'truecolor'), ('_colcon_cd_root', '/opt/ros/foxy/'), ('IM_CONFIG_PHASE', '1'), ('COLCON_PREFIX_PATH', '/home/ysc/lite_cog_ros2/fast_gicp/install:/home/ysc/lite_cog_ros2/ndt_omp/install'), ('ROS_DISTRO', 'foxy'), ('LOGNAME', 'ysc'), ('JOURNAL_STREAM', '8:48653'), ('_', '/usr/bin/colcon'), ('ROS_VERSION', '2'), ('XDG_SESSION_CLASS', 'user'), ('USERNAME', 'ysc'), ('TERM', 'xterm-256color'), ('GNOME_DESKTOP_SESSION_ID', 'this-is-deprecated'), ('ROS_LOCALHOST_ONLY', '0'), ('WINDOWPATH', '2'), ('PATH', '/opt/ros/foxy/bin:/usr/local/cuda-11.4/bin:/home/ysc/.local/bin:/usr/local/sbin:/usr/local/bin:/usr/sbin:/usr/bin:/sbin:/bin:/usr/games:/usr/local/games:/snap/bin'), ('SESSION_MANAGER', 'local/lite:@/tmp/.ICE-unix/2022,unix/lite:/tmp/.ICE-unix/2022'), ('INVOCATION_ID', '4b0aaf6bd2144023a916f56d35e54dd6'), ('XDG_MENU_PREFIX', 'gnome-'), ('LC_ADDRESS', 'zh_CN.UTF-8'), ('GNOME_TERMINAL_SCREEN', '/org/gnome/Terminal/screen/4642abbf_5c09_42bf_b6d8_b1c515a5047a'), ('XDG_RUNTIME_DIR', '/run/user/1000'), ('DISPLAY', ':0'), ('LANG', 'en_US.UTF-8'), ('XDG_CURRENT_DESKTOP', 'ubuntu:GNOME'), ('LC_TELEPHONE', 'zh_CN.UTF-8'), ('XMODIFIERS', '@im=ibus'), ('XDG_SESSION_DESKTOP', 'ubuntu'), ('XAUTHORITY', '/run/user/1000/gdm/Xauthority'), ('LS_COLORS', 'rs=0:di=01;34:ln=01;36:mh=00:pi=40;33:so=01;35:do=01;35:bd=40;33;01:cd=40;33;01:or=40;31;01:mi=00:su=37;41:sg=30;43:ca=30;41:tw=30;42:ow=34;42:st=37;44:ex=01;32:*.tar=01;31:*.tgz=01;31:*.arc=01;31:*.arj=01;31:*.taz=01;31:*.lha=01;31:*.lz4=01;31:*.lzh=01;31:*.lzma=01;31:*.tlz=01;31:*.txz=01;31:*.tzo=01;31:*.t7z=01;31:*.zip=01;31:*.z=01;31:*.dz=01;31:*.gz=01;31:*.lrz=01;31:*.lz=01;31:*.lzo=01;31:*.xz=01;31:*.zst=01;31:*.tzst=01;31:*.bz2=01;31:*.bz=01;31:*.tbz=01;31:*.tbz2=01;31:*.tz=01;31:*.deb=01;31:*.rpm=01;31:*.jar=01;31:*.war=01;31:*.ear=01;31:*.sar=01;31:*.rar=01;31:*.alz=01;31:*.ace=01;31:*.zoo=01;31:*.cpio=01;31:*.7z=01;31:*.rz=01;31:*.cab=01;31:*.wim=01;31:*.swm=01;31:*.dwm=01;31:*.esd=01;31:*.jpg=01;35:*.jpeg=01;35:*.mjpg=01;35:*.mjpeg=01;35:*.gif=01;35:*.bmp=01;35:*.pbm=01;35:*.pgm=01;35:*.ppm=01;35:*.tga=01;35:*.xbm=01;35:*.xpm=01;35:*.tif=01;35:*.tiff=01;35:*.png=01;35:*.svg=01;35:*.svgz=01;35:*.mng=01;35:*.pcx=01;35:*.mov=01;35:*.mpg=01;35:*.mpeg=01;35:*.m2v=01;35:*.mkv=01;35:*.webm=01;35:*.ogm=01;35:*.mp4=01;35:*.m4v=01;35:*.mp4v=01;35:*.vob=01;35:*.qt=01;35:*.nuv=01;35:*.wmv=01;35:*.asf=01;35:*.rm=01;35:*.rmvb=01;35:*.flc=01;35:*.avi=01;35:*.fli=01;35:*.flv=01;35:*.gl=01;35:*.dl=01;35:*.xcf=01;35:*.xwd=01;35:*.yuv=01;35:*.cgm=01;35:*.emf=01;35:*.ogv=01;35:*.ogx=01;35:*.aac=00;36:*.au=00;36:*.flac=00;36:*.m4a=00;36:*.mid=00;36:*.midi=00;36:*.mka=00;36:*.mp3=00;36:*.mpc=00;36:*.ogg=00;36:*.ra=00;36:*.wav=00;36:*.oga=00;36:*.opus=00;36:*.spx=00;36:*.xspf=00;36:'), ('GNOME_TERMINAL_SERVICE', ':1.102'), ('SSH_AUTH_SOCK', '/run/user/1000/keyring/ssh'), ('ROS_DOMAIN_ID', '0'), ('AMENT_PREFIX_PATH', '/home/ysc/lite_cog_ros2/fast_gicp/install/fast_gicp:/home/ysc/lite_cog_ros2/ndt_omp/install/ndt_omp:/opt/ros/foxy'), ('SHELL', '/bin/bash'), ('LC_NAME', 'zh_CN.UTF-8'), ('QT_ACCESSIBILITY', '1'), ('GDMSESSION', 'ubuntu'), ('LESSCLOSE', '/usr/bin/lesspipe %s %s'), ('LC_MEASUREMENT', 'zh_CN.UTF-8'), ('GPG_AGENT_INFO', '/run/user/1000/gnupg/S.gpg-agent:0:1'), ('GJS_DEBUG_OUTPUT', 'stderr'), ('LC_IDENTIFICATION', 'zh_CN.UTF-8'), ('QT_IM_MODULE', 'ibus'), ('PWD', '/home/ysc/lite_cog_ros2/nav/build/dr_nav2'), ('LC_ALL', 'en_US.UTF-8'), ('XDG_CONFIG_DIRS', '/etc/xdg/xdg-ubuntu:/etc/xdg'), ('XDG_DATA_DIRS', '/usr/share/ubuntu:/usr/local/share/:/usr/share/:/var/lib/snapd/desktop'), ('PYTHONPATH', '/opt/ros/foxy/lib/python3.8/site-packages'), ('LC_NUMERIC', 'zh_CN.UTF-8'), ('LC_PAPER', 'zh_CN.UTF-8'), ('COLCON', '1'), ('VTE_VERSION', '6003'), ('CMAKE_PREFIX_PATH', '/home/ysc/lite_cog_ros2/fast_gicp/install/fast_gicp:/home/ysc/lite_cog_ros2/ndt_omp/install/ndt_omp:/opt/ros/foxy')]), 'shell': False}
[9.323870] (dr_nav2) StdoutLine: {'line': b'-- Install configuration: ""\n'}
[9.324937] (-) TimerEvent: {}
[9.327815] (dr_nav2) StdoutLine: {'line': b'-- Execute custom install script\n'}
[9.334881] (dr_nav2) StdoutLine: {'line': b'-- Symlinking: /home/ysc/lite_cog_ros2/nav/install/dr_nav2/share/dr_nav2/config/lite_nav2.yaml\n'}
[9.395807] (dr_nav2) StdoutLine: {'line': b'-- Symlinking: /home/ysc/lite_cog_ros2/nav/install/dr_nav2/share/dr_nav2/config/lite_nav2_bk.yaml\n'}
[9.425239] (-) TimerEvent: {}
[9.459927] (dr_nav2) StdoutLine: {'line': b'-- Symlinking: /home/ysc/lite_cog_ros2/nav/install/dr_nav2/share/dr_nav2/config/turtlebot3_nav2_config.yaml\n'}
[9.522226] (sensor_test) StdoutLine: {'line': b'-- Using all available rosidl_typesupport_c: rosidl_typesupport_fastrtps_c;rosidl_typesupport_introspection_c\n'}
[9.525418] (-) TimerEvent: {}
[9.529796] (dr_nav2) StdoutLine: {'line': b'-- Symlinking: /home/ysc/lite_cog_ros2/nav/install/dr_nav2/share/dr_nav2/launch/bringup_launch.py\n'}
[9.573126] (hdl_global_localization) StdoutLine: {'line': b'-- Found OpenCV: /usr/local (found version "4.6.0") \n'}
[9.575259] (sensor_test) StdoutLine: {'line': b'-- Found rosidl_adapter: 1.3.1 (/opt/ros/foxy/share/rosidl_adapter/cmake)\n'}
[9.596236] (dr_nav2) StdoutLine: {'line': b'-- Symlinking: /home/ysc/lite_cog_ros2/nav/install/dr_nav2/share/dr_nav2/launch/dr_nav2.launch.py\n'}
[9.625681] (-) TimerEvent: {}
[9.680082] (dr_nav2) StdoutLine: {'line': b'-- Symlinking: /home/ysc/lite_cog_ros2/nav/install/dr_nav2/share/dr_nav2/launch/map_server_launch.py\n'}
[9.725969] (-) TimerEvent: {}
[9.742895] (dr_nav2) StdoutLine: {'line': b'-- Symlinking: /home/ysc/lite_cog_ros2/nav/install/dr_nav2/share/dr_nav2/launch/navigation_launch.py\n'}
[9.804972] (dr_nav2) StdoutLine: {'line': b'-- Symlinking: /home/ysc/lite_cog_ros2/nav/install/dr_nav2/share/dr_nav2/launch/turtlebot3_nav2.launch.py\n'}
[9.826213] (-) TimerEvent: {}
[9.865226] (dr_nav2) StdoutLine: {'line': b'-- Symlinking: /home/ysc/lite_cog_ros2/nav/install/dr_nav2/share/dr_nav2/rviz/dr_nav2.rviz\n'}
[9.926904] (-) TimerEvent: {}
[9.932891] (dr_nav2) StdoutLine: {'line': b'-- Symlinking: /home/ysc/lite_cog_ros2/nav/install/dr_nav2/share/ament_index/resource_index/package_run_dependencies/dr_nav2\n'}
[9.996401] (dr_nav2) StdoutLine: {'line': b'-- Symlinking: /home/ysc/lite_cog_ros2/nav/install/dr_nav2/share/ament_index/resource_index/parent_prefix_path/dr_nav2\n'}
[10.027036] (-) TimerEvent: {}
[10.060286] (dr_nav2) StdoutLine: {'line': b'-- Symlinking: /home/ysc/lite_cog_ros2/nav/install/dr_nav2/share/dr_nav2/environment/ament_prefix_path.sh\n'}
[10.124765] (dr_nav2) StdoutLine: {'line': b'-- Symlinking: /home/ysc/lite_cog_ros2/nav/install/dr_nav2/share/dr_nav2/environment/ament_prefix_path.dsv\n'}
[10.127196] (-) TimerEvent: {}
[10.190250] (dr_nav2) StdoutLine: {'line': b'-- Symlinking: /home/ysc/lite_cog_ros2/nav/install/dr_nav2/share/dr_nav2/environment/path.sh\n'}
[10.227528] (-) TimerEvent: {}
[10.266893] (dr_nav2) StdoutLine: {'line': b'-- Symlinking: /home/ysc/lite_cog_ros2/nav/install/dr_nav2/share/dr_nav2/environment/path.dsv\n'}
[10.327832] (-) TimerEvent: {}
[10.353175] (dr_nav2) StdoutLine: {'line': b'-- Symlinking: /home/ysc/lite_cog_ros2/nav/install/dr_nav2/share/dr_nav2/local_setup.bash\n'}
[10.426479] (dr_nav2) StdoutLine: {'line': b'-- Symlinking: /home/ysc/lite_cog_ros2/nav/install/dr_nav2/share/dr_nav2/local_setup.sh\n'}
[10.428017] (-) TimerEvent: {}
[10.494349] (dr_nav2) StdoutLine: {'line': b'-- Symlinking: /home/ysc/lite_cog_ros2/nav/install/dr_nav2/share/dr_nav2/local_setup.zsh\n'}
[10.528328] (-) TimerEvent: {}
[10.558073] (dr_nav2) StdoutLine: {'line': b'-- Symlinking: /home/ysc/lite_cog_ros2/nav/install/dr_nav2/share/dr_nav2/local_setup.dsv\n'}
[10.619916] (dr_nav2) StdoutLine: {'line': b'-- Symlinking: /home/ysc/lite_cog_ros2/nav/install/dr_nav2/share/dr_nav2/package.dsv\n'}
[10.628766] (-) TimerEvent: {}
[10.667461] (sensor_test) StdoutLine: {'line': b'-- Found OpenSSL: /usr/lib/aarch64-linux-gnu/libcrypto.so (found version "1.1.1f")  \n'}
[10.683172] (dr_nav2) StdoutLine: {'line': b'-- Symlinking: /home/ysc/lite_cog_ros2/nav/install/dr_nav2/share/ament_index/resource_index/packages/dr_nav2\n'}
[10.728868] (-) TimerEvent: {}
[10.745608] (dr_nav2) StdoutLine: {'line': b'-- Symlinking: /home/ysc/lite_cog_ros2/nav/install/dr_nav2/share/dr_nav2/cmake/dr_nav2Config.cmake\n'}
[10.809578] (dr_nav2) StdoutLine: {'line': b'-- Symlinking: /home/ysc/lite_cog_ros2/nav/install/dr_nav2/share/dr_nav2/cmake/dr_nav2Config-version.cmake\n'}
[10.829194] (-) TimerEvent: {}
[10.871892] (dr_nav2) StdoutLine: {'line': b'-- Symlinking: /home/ysc/lite_cog_ros2/nav/install/dr_nav2/share/dr_nav2/package.xml\n'}
[10.929833] (-) TimerEvent: {}
[10.957461] (dr_nav2) CommandEnded: {'returncode': 0}
[11.014575] (sensor_test) StdoutLine: {'line': b'-- Found FastRTPS: /opt/ros/foxy/include  \n'}
[11.030051] (-) TimerEvent: {}
[11.131832] (-) TimerEvent: {}
[11.239486] (-) TimerEvent: {}
[11.256823] (dr_nav2) JobEnded: {'identifier': 'dr_nav2', 'rc': 0}
[11.339776] (-) TimerEvent: {}
[11.441056] (-) TimerEvent: {}
[11.542240] (-) TimerEvent: {}
[11.575469] (hdl_global_localization) StdoutLine: {'line': b'-- Found OpenMP_C: -fopenmp (found version "4.5") \n'}
[11.642492] (-) TimerEvent: {}
[11.744019] (-) TimerEvent: {}
[11.845256] (-) TimerEvent: {}
[11.946403] (-) TimerEvent: {}
[12.047611] (-) TimerEvent: {}
[12.148821] (-) TimerEvent: {}
[12.154676] (hdl_global_localization) StdoutLine: {'line': b'-- Found OpenMP_CXX: -fopenmp (found version "4.5") \n'}
[12.157534] (hdl_global_localization) StdoutLine: {'line': b'-- Found OpenMP: TRUE (found version "4.5")  \n'}
[12.168460] (hdl_global_localization) StdoutLine: {'line': b'-- Found ament_cmake_auto: 0.9.12 (/opt/ros/foxy/share/ament_cmake_auto/cmake)\n'}
[12.225155] (sensor_test) StdoutLine: {'line': b'-- Using all available rosidl_typesupport_cpp: rosidl_typesupport_fastrtps_cpp;rosidl_typesupport_introspection_cpp\n'}
[12.249028] (-) TimerEvent: {}
[12.335662] (hdl_global_localization) StdoutLine: {'line': b'-- Found PythonInterp: /usr/bin/python3 (found suitable version "3.8.10", minimum required is "3") \n'}
[12.336836] (hdl_global_localization) StdoutLine: {'line': b'-- Using PYTHON_EXECUTABLE: /usr/bin/python3\n'}
[12.349442] (-) TimerEvent: {}
[12.450587] (-) TimerEvent: {}
[12.551761] (-) TimerEvent: {}
[12.652972] (-) TimerEvent: {}
[12.849681] (-) TimerEvent: {}
[12.951522] (-) TimerEvent: {}
[13.053534] (-) TimerEvent: {}
[13.154639] (-) TimerEvent: {}
[13.256546] (-) TimerEvent: {}
[13.358707] (-) TimerEvent: {}
[13.460106] (-) TimerEvent: {}
[13.533868] (hdl_global_localization) StdoutLine: {'line': b'-- Override CMake install command with custom implementation using symlinks instead of copying resources\n'}
[13.560341] (-) TimerEvent: {}
[13.661678] (-) TimerEvent: {}
[13.735237] (sensor_test) StdoutLine: {'line': b'-- Found rmw_implementation_cmake: 1.0.4 (/opt/ros/foxy/share/rmw_implementation_cmake/cmake)\n'}
[13.746352] (sensor_test) StdoutLine: {'line': b"-- Using RMW implementation 'rmw_fastrtps_cpp' as default\n"}
[13.750919] (sensor_test) StdoutLine: {'line': b'-- Looking for pthread.h\n'}
[13.761849] (-) TimerEvent: {}
[13.862836] (-) TimerEvent: {}
[13.963886] (-) TimerEvent: {}
[14.065089] (-) TimerEvent: {}
[14.166512] (-) TimerEvent: {}
[14.270044] (-) TimerEvent: {}
[14.313149] (hdl_global_localization) StdoutLine: {'line': b'-- Using all available rosidl_typesupport_c: rosidl_typesupport_fastrtps_c;rosidl_typesupport_introspection_c\n'}
[14.342246] (sensor_test) StdoutLine: {'line': b'-- Looking for pthread.h - found\n'}
[14.344412] (sensor_test) StdoutLine: {'line': b'-- Performing Test CMAKE_HAVE_LIBC_PTHREAD\n'}
[14.353773] (hdl_global_localization) StdoutLine: {'line': b'-- Found rosidl_adapter: 1.3.1 (/opt/ros/foxy/share/rosidl_adapter/cmake)\n'}
[14.370421] (-) TimerEvent: {}
[14.472197] (-) TimerEvent: {}
[14.574627] (-) TimerEvent: {}
[14.676283] (-) TimerEvent: {}
[14.777477] (-) TimerEvent: {}
[14.878607] (-) TimerEvent: {}
[14.980421] (-) TimerEvent: {}
[14.997044] (hdl_global_localization) StdoutLine: {'line': b'-- Found OpenSSL: /usr/lib/aarch64-linux-gnu/libcrypto.so (found version "1.1.1f")  \n'}
[15.071525] (sensor_test) StdoutLine: {'line': b'-- Performing Test CMAKE_HAVE_LIBC_PTHREAD - Failed\n'}
[15.073284] (sensor_test) StdoutLine: {'line': b'-- Looking for pthread_create in pthreads\n'}
[15.080573] (-) TimerEvent: {}
[15.164292] (hdl_global_localization) StdoutLine: {'line': b'-- Found FastRTPS: /opt/ros/foxy/include  \n'}
[15.180895] (-) TimerEvent: {}
[15.282544] (-) TimerEvent: {}
[15.384780] (-) TimerEvent: {}
[15.485961] (-) TimerEvent: {}
[15.587154] (-) TimerEvent: {}
[15.607437] (hdl_global_localization) StdoutLine: {'line': b'-- Using all available rosidl_typesupport_cpp: rosidl_typesupport_fastrtps_cpp;rosidl_typesupport_introspection_cpp\n'}
[15.687426] (-) TimerEvent: {}
[15.734540] (sensor_test) StdoutLine: {'line': b'-- Looking for pthread_create in pthreads - not found\n'}
[15.735775] (sensor_test) StdoutLine: {'line': b'-- Looking for pthread_create in pthread\n'}
[15.787681] (-) TimerEvent: {}
[15.889007] (-) TimerEvent: {}
[15.926195] (hdl_global_localization) StdoutLine: {'line': b'-- Found rmw_implementation_cmake: 1.0.4 (/opt/ros/foxy/share/rmw_implementation_cmake/cmake)\n'}
[15.934091] (hdl_global_localization) StdoutLine: {'line': b"-- Using RMW implementation 'rmw_fastrtps_cpp' as default\n"}
[15.989258] (-) TimerEvent: {}
[16.091418] (-) TimerEvent: {}
[16.192585] (-) TimerEvent: {}
[16.219630] (sensor_test) StdoutLine: {'line': b'-- Looking for pthread_create in pthread - found\n'}
[16.226389] (sensor_test) StdoutLine: {'line': b'-- Found Threads: TRUE  \n'}
[16.293374] (-) TimerEvent: {}
[16.394565] (-) TimerEvent: {}
[16.495744] (-) TimerEvent: {}
[16.597137] (-) TimerEvent: {}
[16.699051] (-) TimerEvent: {}
[16.800105] (-) TimerEvent: {}
[16.901508] (-) TimerEvent: {}
[17.002821] (-) TimerEvent: {}
[17.103974] (-) TimerEvent: {}
[17.205261] (-) TimerEvent: {}
[17.306595] (-) TimerEvent: {}
[17.408243] (-) TimerEvent: {}
[17.509718] (-) TimerEvent: {}
[17.611613] (-) TimerEvent: {}
[17.713629] (-) TimerEvent: {}
[17.814841] (-) TimerEvent: {}
[17.916803] (-) TimerEvent: {}
[18.019333] (-) TimerEvent: {}
[18.120426] (-) TimerEvent: {}
[18.221503] (-) TimerEvent: {}
[18.322574] (-) TimerEvent: {}
[18.423840] (-) TimerEvent: {}
[18.525117] (-) TimerEvent: {}
[18.626328] (-) TimerEvent: {}
[18.727528] (-) TimerEvent: {}
[18.830029] (-) TimerEvent: {}
[18.931588] (-) TimerEvent: {}
[19.032692] (-) TimerEvent: {}
[19.134009] (-) TimerEvent: {}
[19.235262] (-) TimerEvent: {}
[19.336515] (-) TimerEvent: {}
[19.438813] (-) TimerEvent: {}
[19.540002] (-) TimerEvent: {}
[19.598826] (sensor_test) StdoutLine: {'line': b'-- Configuring done\n'}
[19.640185] (-) TimerEvent: {}
[19.741386] (-) TimerEvent: {}
[19.811385] (sensor_test) StdoutLine: {'line': b'-- Generating done\n'}
[19.819967] (sensor_test) StdoutLine: {'line': b'-- Build files have been written to: /home/ysc/lite_cog_ros2/nav/build/sensor_test\n'}
[19.841690] (-) TimerEvent: {}
[19.867505] (sensor_test) CommandEnded: {'returncode': 0}
[19.889155] (sensor_test) JobProgress: {'identifier': 'sensor_test', 'progress': 'build'}
[19.891901] (sensor_test) Command: {'cmd': ['/usr/bin/cmake', '--build', '/home/ysc/lite_cog_ros2/nav/build/sensor_test', '--', '-j6', '-l6'], 'cwd': '/home/ysc/lite_cog_ros2/nav/build/sensor_test', 'env': OrderedDict([('GJS_DEBUG_TOPICS', 'JS ERROR;JS LOG'), ('LESSOPEN', '| /usr/bin/lesspipe %s'), ('USER', 'ysc'), ('LC_TIME', 'zh_CN.UTF-8'), ('SSH_AGENT_PID', '1895'), ('XDG_SESSION_TYPE', 'x11'), ('SHLVL', '1'), ('LD_LIBRARY_PATH', '/home/ysc/lite_cog_ros2/fast_gicp/install/fast_gicp/lib:/home/ysc/lite_cog_ros2/ndt_omp/install/ndt_omp/lib:/usr/lib/aarch64-linux-gnu/gazebo-11/plugins:/opt/ros/foxy/opt/yaml_cpp_vendor/lib:/opt/ros/foxy/opt/rviz_ogre_vendor/lib:/opt/ros/foxy/lib/aarch64-linux-gnu:/opt/ros/foxy/lib:/usr/local/cuda-11.4/lib64:'), ('HOME', '/home/ysc'), ('OLDPWD', '/home/ysc/lite_cog_ros2/nav/src'), ('DESKTOP_SESSION', 'ubuntu'), ('ROS_PYTHON_VERSION', '3'), ('GNOME_SHELL_SESSION_MODE', 'ubuntu'), ('GTK_MODULES', 'gail:atk-bridge'), ('LC_MONETARY', 'zh_CN.UTF-8'), ('MANAGERPID', '1362'), ('DBUS_SESSION_BUS_ADDRESS', 'unix:path=/run/user/1000/bus'), ('COLORTERM', 'truecolor'), ('_colcon_cd_root', '/opt/ros/foxy/'), ('IM_CONFIG_PHASE', '1'), ('COLCON_PREFIX_PATH', '/home/ysc/lite_cog_ros2/fast_gicp/install:/home/ysc/lite_cog_ros2/ndt_omp/install'), ('ROS_DISTRO', 'foxy'), ('LOGNAME', 'ysc'), ('JOURNAL_STREAM', '8:48653'), ('_', '/usr/bin/colcon'), ('ROS_VERSION', '2'), ('XDG_SESSION_CLASS', 'user'), ('USERNAME', 'ysc'), ('TERM', 'xterm-256color'), ('GNOME_DESKTOP_SESSION_ID', 'this-is-deprecated'), ('ROS_LOCALHOST_ONLY', '0'), ('WINDOWPATH', '2'), ('PATH', '/opt/ros/foxy/bin:/usr/local/cuda-11.4/bin:/home/ysc/.local/bin:/usr/local/sbin:/usr/local/bin:/usr/sbin:/usr/bin:/sbin:/bin:/usr/games:/usr/local/games:/snap/bin'), ('SESSION_MANAGER', 'local/lite:@/tmp/.ICE-unix/2022,unix/lite:/tmp/.ICE-unix/2022'), ('INVOCATION_ID', '4b0aaf6bd2144023a916f56d35e54dd6'), ('XDG_MENU_PREFIX', 'gnome-'), ('LC_ADDRESS', 'zh_CN.UTF-8'), ('GNOME_TERMINAL_SCREEN', '/org/gnome/Terminal/screen/4642abbf_5c09_42bf_b6d8_b1c515a5047a'), ('XDG_RUNTIME_DIR', '/run/user/1000'), ('DISPLAY', ':0'), ('LANG', 'en_US.UTF-8'), ('XDG_CURRENT_DESKTOP', 'ubuntu:GNOME'), ('LC_TELEPHONE', 'zh_CN.UTF-8'), ('XMODIFIERS', '@im=ibus'), ('XDG_SESSION_DESKTOP', 'ubuntu'), ('XAUTHORITY', '/run/user/1000/gdm/Xauthority'), ('LS_COLORS', 'rs=0:di=01;34:ln=01;36:mh=00:pi=40;33:so=01;35:do=01;35:bd=40;33;01:cd=40;33;01:or=40;31;01:mi=00:su=37;41:sg=30;43:ca=30;41:tw=30;42:ow=34;42:st=37;44:ex=01;32:*.tar=01;31:*.tgz=01;31:*.arc=01;31:*.arj=01;31:*.taz=01;31:*.lha=01;31:*.lz4=01;31:*.lzh=01;31:*.lzma=01;31:*.tlz=01;31:*.txz=01;31:*.tzo=01;31:*.t7z=01;31:*.zip=01;31:*.z=01;31:*.dz=01;31:*.gz=01;31:*.lrz=01;31:*.lz=01;31:*.lzo=01;31:*.xz=01;31:*.zst=01;31:*.tzst=01;31:*.bz2=01;31:*.bz=01;31:*.tbz=01;31:*.tbz2=01;31:*.tz=01;31:*.deb=01;31:*.rpm=01;31:*.jar=01;31:*.war=01;31:*.ear=01;31:*.sar=01;31:*.rar=01;31:*.alz=01;31:*.ace=01;31:*.zoo=01;31:*.cpio=01;31:*.7z=01;31:*.rz=01;31:*.cab=01;31:*.wim=01;31:*.swm=01;31:*.dwm=01;31:*.esd=01;31:*.jpg=01;35:*.jpeg=01;35:*.mjpg=01;35:*.mjpeg=01;35:*.gif=01;35:*.bmp=01;35:*.pbm=01;35:*.pgm=01;35:*.ppm=01;35:*.tga=01;35:*.xbm=01;35:*.xpm=01;35:*.tif=01;35:*.tiff=01;35:*.png=01;35:*.svg=01;35:*.svgz=01;35:*.mng=01;35:*.pcx=01;35:*.mov=01;35:*.mpg=01;35:*.mpeg=01;35:*.m2v=01;35:*.mkv=01;35:*.webm=01;35:*.ogm=01;35:*.mp4=01;35:*.m4v=01;35:*.mp4v=01;35:*.vob=01;35:*.qt=01;35:*.nuv=01;35:*.wmv=01;35:*.asf=01;35:*.rm=01;35:*.rmvb=01;35:*.flc=01;35:*.avi=01;35:*.fli=01;35:*.flv=01;35:*.gl=01;35:*.dl=01;35:*.xcf=01;35:*.xwd=01;35:*.yuv=01;35:*.cgm=01;35:*.emf=01;35:*.ogv=01;35:*.ogx=01;35:*.aac=00;36:*.au=00;36:*.flac=00;36:*.m4a=00;36:*.mid=00;36:*.midi=00;36:*.mka=00;36:*.mp3=00;36:*.mpc=00;36:*.ogg=00;36:*.ra=00;36:*.wav=00;36:*.oga=00;36:*.opus=00;36:*.spx=00;36:*.xspf=00;36:'), ('GNOME_TERMINAL_SERVICE', ':1.102'), ('SSH_AUTH_SOCK', '/run/user/1000/keyring/ssh'), ('ROS_DOMAIN_ID', '0'), ('AMENT_PREFIX_PATH', '/home/ysc/lite_cog_ros2/fast_gicp/install/fast_gicp:/home/ysc/lite_cog_ros2/ndt_omp/install/ndt_omp:/opt/ros/foxy'), ('SHELL', '/bin/bash'), ('LC_NAME', 'zh_CN.UTF-8'), ('QT_ACCESSIBILITY', '1'), ('GDMSESSION', 'ubuntu'), ('LESSCLOSE', '/usr/bin/lesspipe %s %s'), ('LC_MEASUREMENT', 'zh_CN.UTF-8'), ('GPG_AGENT_INFO', '/run/user/1000/gnupg/S.gpg-agent:0:1'), ('GJS_DEBUG_OUTPUT', 'stderr'), ('LC_IDENTIFICATION', 'zh_CN.UTF-8'), ('QT_IM_MODULE', 'ibus'), ('PWD', '/home/ysc/lite_cog_ros2/nav/build/sensor_test'), ('LC_ALL', 'en_US.UTF-8'), ('XDG_CONFIG_DIRS', '/etc/xdg/xdg-ubuntu:/etc/xdg'), ('XDG_DATA_DIRS', '/usr/share/ubuntu:/usr/local/share/:/usr/share/:/var/lib/snapd/desktop'), ('PYTHONPATH', '/opt/ros/foxy/lib/python3.8/site-packages'), ('LC_NUMERIC', 'zh_CN.UTF-8'), ('LC_PAPER', 'zh_CN.UTF-8'), ('COLCON', '1'), ('VTE_VERSION', '6003'), ('CMAKE_PREFIX_PATH', '/home/ysc/lite_cog_ros2/fast_gicp/install/fast_gicp:/home/ysc/lite_cog_ros2/ndt_omp/install/ndt_omp:/opt/ros/foxy')]), 'shell': False}
[19.941959] (-) TimerEvent: {}
[20.043529] (-) TimerEvent: {}
[20.145639] (-) TimerEvent: {}
[20.161208] (sensor_test) StdoutLine: {'line': b'\x1b[35m\x1b[1mScanning dependencies of target sensor_test\x1b[0m\n'}
[20.245878] (-) TimerEvent: {}
[20.347157] (-) TimerEvent: {}
[20.448326] (-) TimerEvent: {}
[20.549498] (-) TimerEvent: {}
[20.650630] (-) TimerEvent: {}
[20.747119] (sensor_test) StdoutLine: {'line': b'[ 50%] \x1b[32mBuilding CXX object CMakeFiles/sensor_test.dir/src/sensor_test.cpp.o\x1b[0m\n'}
[20.750804] (-) TimerEvent: {}
[20.851889] (-) TimerEvent: {}
[20.953076] (-) TimerEvent: {}
[21.054201] (-) TimerEvent: {}
[21.138794] (hdl_global_localization) StdoutLine: {'line': b'-- Found eigen3_cmake_module: 0.1.1 (/opt/ros/foxy/share/eigen3_cmake_module/cmake)\n'}
[21.154421] (-) TimerEvent: {}
[21.159556] (hdl_global_localization) StdoutLine: {'line': b'-- Found Eigen3: TRUE (found version "3.3.7") \n'}
[21.254680] (-) TimerEvent: {}
[21.355825] (-) TimerEvent: {}
[21.457064] (-) TimerEvent: {}
[21.558095] (-) TimerEvent: {}
[21.659250] (-) TimerEvent: {}
[21.760379] (-) TimerEvent: {}
[21.861672] (-) TimerEvent: {}
[21.962872] (-) TimerEvent: {}
[22.064007] (-) TimerEvent: {}
[22.165226] (-) TimerEvent: {}
[22.266436] (-) TimerEvent: {}
[22.367620] (-) TimerEvent: {}
[22.469046] (-) TimerEvent: {}
[22.570269] (-) TimerEvent: {}
[22.671561] (-) TimerEvent: {}
[22.772888] (-) TimerEvent: {}
[22.929386] (-) TimerEvent: {}
[23.030521] (-) TimerEvent: {}
[23.131635] (-) TimerEvent: {}
[23.232767] (-) TimerEvent: {}
[23.334428] (-) TimerEvent: {}
[23.435642] (-) TimerEvent: {}
[23.536854] (-) TimerEvent: {}
[23.638697] (-) TimerEvent: {}
[23.739895] (-) TimerEvent: {}
[23.772993] (hdl_global_localization) StdoutLine: {'line': b"-- Checking for module 'eigen3'\n"}
[23.840204] (-) TimerEvent: {}
[23.941581] (-) TimerEvent: {}
[24.043358] (-) TimerEvent: {}
[24.050410] (hdl_global_localization) StdoutLine: {'line': b'--   Found eigen3, version 3.3.7\n'}
[24.143668] (-) TimerEvent: {}
[24.244887] (-) TimerEvent: {}
[24.346302] (-) TimerEvent: {}
[24.447630] (-) TimerEvent: {}
[24.543719] (hdl_global_localization) StdoutLine: {'line': b'-- Found Eigen: /usr/include/eigen3 (Required is at least version "3.1") \n'}
[24.544722] (hdl_global_localization) StdoutLine: {'line': b'-- Eigen found (include: /usr/include/eigen3, version: 3.3.7)\n'}
[24.548329] (-) TimerEvent: {}
[24.649533] (-) TimerEvent: {}
[24.750583] (-) TimerEvent: {}
[24.851758] (-) TimerEvent: {}
[24.953036] (-) TimerEvent: {}
[25.054304] (-) TimerEvent: {}
[25.155407] (-) TimerEvent: {}
[25.212666] (hdl_global_localization) StdoutLine: {'line': b"-- Checking for module 'flann'\n"}
[25.255709] (-) TimerEvent: {}
[25.356909] (-) TimerEvent: {}
[25.458153] (-) TimerEvent: {}
[25.487485] (hdl_global_localization) StdoutLine: {'line': b'--   Found flann, version 1.9.1\n'}
[25.558424] (-) TimerEvent: {}
[25.659624] (-) TimerEvent: {}
[25.760786] (-) TimerEvent: {}
[25.862075] (-) TimerEvent: {}
[25.867629] (hdl_global_localization) StdoutLine: {'line': b'-- Found FLANN: /usr/lib/aarch64-linux-gnu/libflann_cpp.so  \n'}
[25.962370] (-) TimerEvent: {}
[26.063540] (-) TimerEvent: {}
[26.164818] (-) TimerEvent: {}
[26.266018] (-) TimerEvent: {}
[26.367192] (-) TimerEvent: {}
[26.468793] (-) TimerEvent: {}
[26.570073] (-) TimerEvent: {}
[26.654355] (hdl_global_localization) StdoutLine: {'line': b'-- The imported target "vtkParseOGLExt" references the file\n'}
[26.655217] (hdl_global_localization) StdoutLine: {'line': b'   "/usr/bin/vtkParseOGLExt-7.1"\n'}
[26.655689] (hdl_global_localization) StdoutLine: {'line': b'but this file does not exist.  Possible reasons include:\n'}
[26.656214] (hdl_global_localization) StdoutLine: {'line': b'* The file was deleted, renamed, or moved to another location.\n'}
[26.656732] (hdl_global_localization) StdoutLine: {'line': b'* An install or uninstall procedure did not complete successfully.\n'}
[26.657181] (hdl_global_localization) StdoutLine: {'line': b'* The installation package was faulty and contained\n'}
[26.657680] (hdl_global_localization) StdoutLine: {'line': b'   "/usr/lib/cmake/vtk-7.1/VTKTargets.cmake"\n'}
[26.658088] (hdl_global_localization) StdoutLine: {'line': b'but not all the files it references.\n'}
[26.659271] (hdl_global_localization) StdoutLine: {'line': b'\n'}
[26.661675] (hdl_global_localization) StdoutLine: {'line': b'-- The imported target "vtkRenderingPythonTkWidgets" references the file\n'}
[26.662281] (hdl_global_localization) StdoutLine: {'line': b'   "/usr/lib/aarch64-linux-gnu/libvtkRenderingPythonTkWidgets.so"\n'}
[26.662957] (hdl_global_localization) StdoutLine: {'line': b'but this file does not exist.  Possible reasons include:\n'}
[26.663835] (hdl_global_localization) StdoutLine: {'line': b'* The file was deleted, renamed, or moved to another location.\n'}
[26.664320] (hdl_global_localization) StdoutLine: {'line': b'* An install or uninstall procedure did not complete successfully.\n'}
[26.664918] (hdl_global_localization) StdoutLine: {'line': b'* The installation package was faulty and contained\n'}
[26.665424] (hdl_global_localization) StdoutLine: {'line': b'   "/usr/lib/cmake/vtk-7.1/VTKTargets.cmake"\n'}
[26.665857] (hdl_global_localization) StdoutLine: {'line': b'but not all the files it references.\n'}
[26.666273] (hdl_global_localization) StdoutLine: {'line': b'\n'}
[26.667575] (hdl_global_localization) StdoutLine: {'line': b'-- The imported target "vtk" references the file\n'}
[26.668035] (hdl_global_localization) StdoutLine: {'line': b'   "/usr/bin/vtk"\n'}
[26.669304] (hdl_global_localization) StdoutLine: {'line': b'but this file does not exist.  Possible reasons include:\n'}
[26.669811] (hdl_global_localization) StdoutLine: {'line': b'* The file was deleted, renamed, or moved to another location.\n'}
[26.670209] (-) TimerEvent: {}
[26.670773] (hdl_global_localization) StdoutLine: {'line': b'* An install or uninstall procedure did not complete successfully.\n'}
[26.671317] (hdl_global_localization) StdoutLine: {'line': b'* The installation package was faulty and contained\n'}
[26.671717] (hdl_global_localization) StdoutLine: {'line': b'   "/usr/lib/cmake/vtk-7.1/VTKTargets.cmake"\n'}
[26.672104] (hdl_global_localization) StdoutLine: {'line': b'but not all the files it references.\n'}
[26.672686] (hdl_global_localization) StdoutLine: {'line': b'\n'}
[26.673165] (hdl_global_localization) StdoutLine: {'line': b'-- The imported target "pvtk" references the file\n'}
[26.673591] (hdl_global_localization) StdoutLine: {'line': b'   "/usr/bin/pvtk"\n'}
[26.674504] (hdl_global_localization) StdoutLine: {'line': b'but this file does not exist.  Possible reasons include:\n'}
[26.674973] (hdl_global_localization) StdoutLine: {'line': b'* The file was deleted, renamed, or moved to another location.\n'}
[26.675379] (hdl_global_localization) StdoutLine: {'line': b'* An install or uninstall procedure did not complete successfully.\n'}
[26.675905] (hdl_global_localization) StdoutLine: {'line': b'* The installation package was faulty and contained\n'}
[26.676357] (hdl_global_localization) StdoutLine: {'line': b'   "/usr/lib/cmake/vtk-7.1/VTKTargets.cmake"\n'}
[26.676892] (hdl_global_localization) StdoutLine: {'line': b'but not all the files it references.\n'}
[26.677285] (hdl_global_localization) StdoutLine: {'line': b'\n'}
[26.770535] (-) TimerEvent: {}
[26.871739] (-) TimerEvent: {}
[26.966070] (hdl_global_localization) StdoutLine: {'line': b"-- Checking for module 'libusb-1.0'\n"}
[26.972019] (-) TimerEvent: {}
[27.073269] (-) TimerEvent: {}
[27.174529] (-) TimerEvent: {}
[27.245809] (hdl_global_localization) StdoutLine: {'line': b'--   Found libusb-1.0, version 1.0.23\n'}
[27.274824] (-) TimerEvent: {}
[27.375971] (-) TimerEvent: {}
[27.477239] (-) TimerEvent: {}
[27.578694] (-) TimerEvent: {}
[27.603184] (hdl_global_localization) StdoutLine: {'line': b'-- Found USB_10: /usr/lib/aarch64-linux-gnu/libusb-1.0.so  \n'}
[27.679066] (-) TimerEvent: {}
[27.780294] (-) TimerEvent: {}
[27.882079] (-) TimerEvent: {}
[27.983193] (-) TimerEvent: {}
[28.084781] (-) TimerEvent: {}
[28.185953] (-) TimerEvent: {}
[28.252075] (hdl_global_localization) StdoutLine: {'line': b'-- OpenNI found (include: /usr/include/ni, lib: /usr/lib/libOpenNI.so)\n'}
[28.286267] (-) TimerEvent: {}
[28.387658] (-) TimerEvent: {}
[28.428577] (sensor_test) StderrLine: {'line': b'\x1b[01m\x1b[K/home/ysc/lite_cog_ros2/nav/src/sensor_test/src/sensor_test.cpp:\x1b[m\x1b[K In member function \xe2\x80\x98\x1b[01m\x1b[Kvoid SensorTest::imuCallback(sensor_msgs::msg::Imu_<std::allocator<void> >::SharedPtr)\x1b[m\x1b[K\xe2\x80\x99:\n'}
[28.429801] (sensor_test) StderrLine: {'line': b'\x1b[01m\x1b[K/home/ysc/lite_cog_ros2/nav/src/sensor_test/src/sensor_test.cpp:24:61:\x1b[m\x1b[K \x1b[01;35m\x1b[Kwarning: \x1b[m\x1b[Kunused parameter \xe2\x80\x98\x1b[01m\x1b[Kmsg\x1b[m\x1b[K\xe2\x80\x99 [\x1b[01;35m\x1b[K-Wunused-parameter\x1b[m\x1b[K]\n'}
[28.430378] (sensor_test) StderrLine: {'line': b'   24 |     void imuCallback(\x1b[01;35m\x1b[Kconst sensor_msgs::msg::Imu::SharedPtr msg\x1b[m\x1b[K)\n'}
[28.430782] (sensor_test) StderrLine: {'line': b'      |                      \x1b[01;35m\x1b[K~~~~~~~~~~~~~~~~~~~~~~~~~~~~~~~~~~~~~~~^~~\x1b[m\x1b[K\n'}
[28.437100] (sensor_test) StderrLine: {'line': b'\x1b[01m\x1b[K/home/ysc/lite_cog_ros2/nav/src/sensor_test/src/sensor_test.cpp:\x1b[m\x1b[K In member function \xe2\x80\x98\x1b[01m\x1b[Kvoid SensorTest::lidarCallback(sensor_msgs::msg::PointCloud2_<std::allocator<void> >::SharedPtr)\x1b[m\x1b[K\xe2\x80\x99:\n'}
[28.438421] (sensor_test) StderrLine: {'line': b'\x1b[01m\x1b[K/home/ysc/lite_cog_ros2/nav/src/sensor_test/src/sensor_test.cpp:29:71:\x1b[m\x1b[K \x1b[01;35m\x1b[Kwarning: \x1b[m\x1b[Kunused parameter \xe2\x80\x98\x1b[01m\x1b[Kmsg\x1b[m\x1b[K\xe2\x80\x99 [\x1b[01;35m\x1b[K-Wunused-parameter\x1b[m\x1b[K]\n'}
[28.438956] (sensor_test) StderrLine: {'line': b'   29 |     void lidarCallback(\x1b[01;35m\x1b[Kconst sensor_msgs::msg::PointCloud2::SharedPtr msg\x1b[m\x1b[K)\n'}
[28.439428] (sensor_test) StderrLine: {'line': b'      |                        \x1b[01;35m\x1b[K~~~~~~~~~~~~~~~~~~~~~~~~~~~~~~~~~~~~~~~~~~~~~~~^~~\x1b[m\x1b[K\n'}
[28.439848] (sensor_test) StderrLine: {'line': b'\x1b[01m\x1b[K/home/ysc/lite_cog_ros2/nav/src/sensor_test/src/sensor_test.cpp:\x1b[m\x1b[K In member function \xe2\x80\x98\x1b[01m\x1b[Kvoid SensorTest::realsenseCallback(sensor_msgs::msg::PointCloud2_<std::allocator<void> >::SharedPtr)\x1b[m\x1b[K\xe2\x80\x99:\n'}
[28.440310] (sensor_test) StderrLine: {'line': b'\x1b[01m\x1b[K/home/ysc/lite_cog_ros2/nav/src/sensor_test/src/sensor_test.cpp:34:75:\x1b[m\x1b[K \x1b[01;35m\x1b[Kwarning: \x1b[m\x1b[Kunused parameter \xe2\x80\x98\x1b[01m\x1b[Kmsg\x1b[m\x1b[K\xe2\x80\x99 [\x1b[01;35m\x1b[K-Wunused-parameter\x1b[m\x1b[K]\n'}
[28.440779] (sensor_test) StderrLine: {'line': b'   34 |     void realsenseCallback(\x1b[01;35m\x1b[Kconst sensor_msgs::msg::PointCloud2::SharedPtr msg\x1b[m\x1b[K)\n'}
[28.441503] (sensor_test) StderrLine: {'line': b'      |                            \x1b[01;35m\x1b[K~~~~~~~~~~~~~~~~~~~~~~~~~~~~~~~~~~~~~~~~~~~~~~~^~~\x1b[m\x1b[K\n'}
[28.488007] (-) TimerEvent: {}
[28.590096] (-) TimerEvent: {}
[28.692466] (-) TimerEvent: {}
[28.793780] (-) TimerEvent: {}
[28.894916] (-) TimerEvent: {}
[28.939885] (hdl_global_localization) StdoutLine: {'line': b'-- OpenNI2 found (include: /usr/include/openni2, lib: /usr/lib/libOpenNI2.so)\n'}
[28.995176] (-) TimerEvent: {}
[29.019722] (hdl_global_localization) StdoutLine: {'line': b'-- Found libusb-1.0: /usr/include  \n'}
[29.062799] (hdl_global_localization) StdoutLine: {'line': b'-- OpenNI found (include: /usr/include/ni, lib: /usr/lib/libOpenNI.so)\n'}
[29.095412] (-) TimerEvent: {}
[29.101379] (hdl_global_localization) StdoutLine: {'line': b'-- OpenNI2 found (include: /usr/include/openni2, lib: /usr/lib/libOpenNI2.so)\n'}
[29.195650] (-) TimerEvent: {}
[29.297003] (-) TimerEvent: {}
[29.398782] (-) TimerEvent: {}
[29.422611] (hdl_global_localization) StdoutLine: {'line': b'-- Found Qhull: optimized;/usr/lib/aarch64-linux-gnu/libqhull.so;debug;/usr/lib/aarch64-linux-gnu/libqhull.so  \n'}
[29.423681] (hdl_global_localization) StdoutLine: {'line': b'-- QHULL found (include: /usr/include, lib: optimized;/usr/lib/aarch64-linux-gnu/libqhull.so;debug;/usr/lib/aarch64-linux-gnu/libqhull.so)\n'}
[29.468368] (hdl_global_localization) StdoutLine: {'line': b'-- OpenNI found (include: /usr/include/ni, lib: /usr/lib/libOpenNI.so)\n'}
[29.499038] (-) TimerEvent: {}
[29.545063] (hdl_global_localization) StdoutLine: {'line': b'-- Found PCL_COMMON: /usr/lib/aarch64-linux-gnu/libpcl_common.so  \n'}
[29.551949] (hdl_global_localization) StdoutLine: {'line': b'-- Found PCL_KDTREE: /usr/lib/aarch64-linux-gnu/libpcl_kdtree.so  \n'}
[29.559880] (hdl_global_localization) StdoutLine: {'line': b'-- Found PCL_OCTREE: /usr/lib/aarch64-linux-gnu/libpcl_octree.so  \n'}
[29.566877] (hdl_global_localization) StdoutLine: {'line': b'-- Found PCL_SEARCH: /usr/lib/aarch64-linux-gnu/libpcl_search.so  \n'}
[29.599271] (-) TimerEvent: {}
[29.700289] (-) TimerEvent: {}
[29.717185] (hdl_global_localization) StdoutLine: {'line': b'-- Found PCL_SAMPLE_CONSENSUS: /usr/lib/aarch64-linux-gnu/libpcl_sample_consensus.so  \n'}
[29.724924] (hdl_global_localization) StdoutLine: {'line': b'-- Found PCL_FILTERS: /usr/lib/aarch64-linux-gnu/libpcl_filters.so  \n'}
[29.726993] (hdl_global_localization) StdoutLine: {'line': b'-- Found PCL_2D: /usr/include/pcl-1.10  \n'}
[29.729965] (hdl_global_localization) StdoutLine: {'line': b'-- Found PCL_GEOMETRY: /usr/include/pcl-1.10  \n'}
[29.737804] (hdl_global_localization) StdoutLine: {'line': b'-- Found PCL_IO: /usr/lib/aarch64-linux-gnu/libpcl_io.so  \n'}
[29.746097] (hdl_global_localization) StdoutLine: {'line': b'-- Found PCL_FEATURES: /usr/lib/aarch64-linux-gnu/libpcl_features.so  \n'}
[29.754690] (hdl_global_localization) StdoutLine: {'line': b'-- Found PCL_ML: /usr/lib/aarch64-linux-gnu/libpcl_ml.so  \n'}
[29.761792] (hdl_global_localization) StdoutLine: {'line': b'-- Found PCL_SEGMENTATION: /usr/lib/aarch64-linux-gnu/libpcl_segmentation.so  \n'}
[29.769365] (hdl_global_localization) StdoutLine: {'line': b'-- Found PCL_VISUALIZATION: /usr/lib/aarch64-linux-gnu/libpcl_visualization.so  \n'}
[29.776417] (hdl_global_localization) StdoutLine: {'line': b'-- Found PCL_SURFACE: /usr/lib/aarch64-linux-gnu/libpcl_surface.so  \n'}
[29.784743] (hdl_global_localization) StdoutLine: {'line': b'-- Found PCL_REGISTRATION: /usr/lib/aarch64-linux-gnu/libpcl_registration.so  \n'}
[29.790402] (hdl_global_localization) StdoutLine: {'line': b'-- Found PCL_KEYPOINTS: /usr/lib/aarch64-linux-gnu/libpcl_keypoints.so  \n'}
[29.797361] (hdl_global_localization) StdoutLine: {'line': b'-- Found PCL_TRACKING: /usr/lib/aarch64-linux-gnu/libpcl_tracking.so  \n'}
[29.800504] (-) TimerEvent: {}
[29.804836] (hdl_global_localization) StdoutLine: {'line': b'-- Found PCL_RECOGNITION: /usr/lib/aarch64-linux-gnu/libpcl_recognition.so  \n'}
[29.812871] (hdl_global_localization) StdoutLine: {'line': b'-- Found PCL_STEREO: /usr/lib/aarch64-linux-gnu/libpcl_stereo.so  \n'}
[29.819472] (hdl_global_localization) StdoutLine: {'line': b'-- Found PCL_APPS: /usr/lib/aarch64-linux-gnu/libpcl_apps.so  \n'}
[29.825311] (hdl_global_localization) StdoutLine: {'line': b'-- Found PCL_IN_HAND_SCANNER: /usr/include/pcl-1.10  \n'}
[29.829825] (hdl_global_localization) StdoutLine: {'line': b'-- Found PCL_POINT_CLOUD_EDITOR: /usr/include/pcl-1.10  \n'}
[29.836530] (hdl_global_localization) StdoutLine: {'line': b'-- Found PCL_OUTOFCORE: /usr/lib/aarch64-linux-gnu/libpcl_outofcore.so  \n'}
[29.844793] (hdl_global_localization) StdoutLine: {'line': b'-- Found PCL_PEOPLE: /usr/lib/aarch64-linux-gnu/libpcl_people.so  \n'}
[29.900854] (-) TimerEvent: {}
[30.002096] (-) TimerEvent: {}
[30.103342] (-) TimerEvent: {}
[30.204470] (-) TimerEvent: {}
[30.305748] (-) TimerEvent: {}
[30.406842] (-) TimerEvent: {}
[30.508534] (-) TimerEvent: {}
[30.610277] (-) TimerEvent: {}
[30.711564] (-) TimerEvent: {}
[30.812787] (-) TimerEvent: {}
[30.914090] (-) TimerEvent: {}
[31.015969] (-) TimerEvent: {}
[31.117078] (-) TimerEvent: {}
[31.218427] (-) TimerEvent: {}
[31.319708] (-) TimerEvent: {}
[31.420892] (-) TimerEvent: {}
[31.521944] (-) TimerEvent: {}
[31.623016] (-) TimerEvent: {}
[31.724131] (-) TimerEvent: {}
[31.825418] (-) TimerEvent: {}
[31.831029] (hdl_global_localization) StdoutLine: {'line': b'-- Using the multi-header code from /home/ysc/lite_cog_ros2/nav/src/hdl_global_localization/thirdparty/json/include/\n'}
[31.925698] (-) TimerEvent: {}
[32.008942] (hdl_global_localization) StdoutLine: {'line': b'-- Found PythonInterp: /usr/bin/python3 (found version "3.8.10") \n'}
[32.025939] (-) TimerEvent: {}
[32.126940] (-) TimerEvent: {}
[32.229104] (-) TimerEvent: {}
[32.330195] (-) TimerEvent: {}
[32.431255] (-) TimerEvent: {}
[32.532488] (-) TimerEvent: {}
[32.633762] (-) TimerEvent: {}
[32.734907] (-) TimerEvent: {}
[32.836016] (-) TimerEvent: {}
[32.937314] (-) TimerEvent: {}
[33.039299] (-) TimerEvent: {}
[33.140918] (-) TimerEvent: {}
[33.242061] (-) TimerEvent: {}
[33.343155] (-) TimerEvent: {}
[33.444369] (-) TimerEvent: {}
[33.546777] (-) TimerEvent: {}
[33.649740] (-) TimerEvent: {}
[33.750947] (-) TimerEvent: {}
[33.852163] (-) TimerEvent: {}
[33.953807] (-) TimerEvent: {}
[34.010331] (hdl_global_localization) StdoutLine: {'line': b'-- Found ament_cmake_ros: 0.9.2 (/opt/ros/foxy/share/ament_cmake_ros/cmake)\n'}
[34.054045] (-) TimerEvent: {}
[34.155446] (-) TimerEvent: {}
[34.257127] (-) TimerEvent: {}
[34.359064] (-) TimerEvent: {}
[34.460309] (-) TimerEvent: {}
[34.561961] (-) TimerEvent: {}
[34.663078] (-) TimerEvent: {}
[34.764204] (-) TimerEvent: {}
[34.865376] (-) TimerEvent: {}
[34.966478] (-) TimerEvent: {}
[35.067531] (-) TimerEvent: {}
[35.169972] (-) TimerEvent: {}
[35.271318] (-) TimerEvent: {}
[35.372767] (-) TimerEvent: {}
[35.474201] (-) TimerEvent: {}
[35.575394] (-) TimerEvent: {}
[35.676830] (-) TimerEvent: {}
[35.778065] (-) TimerEvent: {}
[35.879949] (-) TimerEvent: {}
[35.981121] (-) TimerEvent: {}
[36.082192] (-) TimerEvent: {}
[36.183284] (-) TimerEvent: {}
[36.284477] (-) TimerEvent: {}
[36.385724] (-) TimerEvent: {}
[36.486907] (-) TimerEvent: {}
[36.588963] (-) TimerEvent: {}
[36.674788] (hdl_global_localization) StdoutLine: {'line': b'-- Using all available rosidl_typesupport_c: rosidl_typesupport_fastrtps_c;rosidl_typesupport_introspection_c\n'}
[36.689240] (-) TimerEvent: {}
[36.790355] (-) TimerEvent: {}
[36.891594] (-) TimerEvent: {}
[36.992813] (-) TimerEvent: {}
[37.094631] (-) TimerEvent: {}
[37.195887] (-) TimerEvent: {}
[37.297334] (-) TimerEvent: {}
[37.399503] (-) TimerEvent: {}
[37.500813] (-) TimerEvent: {}
[37.602143] (-) TimerEvent: {}
[37.703674] (-) TimerEvent: {}
[37.804743] (-) TimerEvent: {}
[37.905800] (-) TimerEvent: {}
[38.007063] (-) TimerEvent: {}
[38.117010] (hdl_global_localization) StdoutLine: {'line': b'-- Using all available rosidl_typesupport_cpp: rosidl_typesupport_fastrtps_cpp;rosidl_typesupport_introspection_cpp\n'}
[38.118844] (-) TimerEvent: {}
[38.219940] (-) TimerEvent: {}
[38.321218] (-) TimerEvent: {}
[38.419880] (hdl_global_localization) StdoutLine: {'line': b'-- Found PythonInterp: /usr/bin/python3 (found suitable version "3.8.10", minimum required is "3.5") \n'}
[38.421366] (-) TimerEvent: {}
[38.522382] (-) TimerEvent: {}
[38.571051] (hdl_global_localization) StdoutLine: {'line': b'-- Found python_cmake_module: 0.8.1 (/opt/ros/foxy/share/python_cmake_module/cmake)\n'}
[38.622702] (-) TimerEvent: {}
[38.725190] (-) TimerEvent: {}
[38.826796] (-) TimerEvent: {}
[38.928387] (-) TimerEvent: {}
[39.029795] (-) TimerEvent: {}
[39.042190] (hdl_global_localization) StdoutLine: {'line': b'-- Found PythonLibs: /usr/lib/aarch64-linux-gnu/libpython3.8.so (found suitable version "3.8.10", minimum required is "3.5") \n'}
[39.043320] (hdl_global_localization) StdoutLine: {'line': b'-- Using PYTHON_EXECUTABLE: /usr/bin/python3\n'}
[39.043943] (hdl_global_localization) StdoutLine: {'line': b'-- Using PYTHON_INCLUDE_DIRS: /usr/include/python3.8\n'}
[39.044510] (hdl_global_localization) StdoutLine: {'line': b'-- Using PYTHON_LIBRARIES: /usr/lib/aarch64-linux-gnu/libpython3.8.so\n'}
[39.130014] (-) TimerEvent: {}
[39.201037] (hdl_global_localization) StdoutLine: {'line': b'-- Found PythonExtra: .so  \n'}
[39.230254] (-) TimerEvent: {}
[39.331236] (-) TimerEvent: {}
[39.432239] (-) TimerEvent: {}
[39.533502] (-) TimerEvent: {}
[39.634892] (-) TimerEvent: {}
[39.735911] (-) TimerEvent: {}
[39.837095] (-) TimerEvent: {}
[39.939251] (-) TimerEvent: {}
[40.040503] (-) TimerEvent: {}
[40.141811] (-) TimerEvent: {}
[40.242920] (-) TimerEvent: {}
[40.344498] (-) TimerEvent: {}
[40.445758] (-) TimerEvent: {}
[40.546853] (-) TimerEvent: {}
[40.649620] (-) TimerEvent: {}
[40.749373] (hdl_global_localization) StdoutLine: {'line': b'-- Configuring done\n'}
[40.750158] (-) TimerEvent: {}
[40.851109] (-) TimerEvent: {}
[40.952362] (-) TimerEvent: {}
[41.053713] (-) TimerEvent: {}
[41.154944] (-) TimerEvent: {}
[41.256329] (-) TimerEvent: {}
[41.357842] (-) TimerEvent: {}
[41.459184] (-) TimerEvent: {}
[41.560405] (-) TimerEvent: {}
[41.661876] (-) TimerEvent: {}
[41.763171] (-) TimerEvent: {}
[41.865140] (-) TimerEvent: {}
[41.966451] (-) TimerEvent: {}
[42.067793] (-) TimerEvent: {}
[42.169347] (-) TimerEvent: {}
[42.270677] (-) TimerEvent: {}
[42.372062] (-) TimerEvent: {}
[42.473359] (-) TimerEvent: {}
[42.574614] (-) TimerEvent: {}
[42.675750] (-) TimerEvent: {}
[42.776858] (-) TimerEvent: {}
[42.878237] (-) TimerEvent: {}
[42.980123] (-) TimerEvent: {}
[43.081402] (-) TimerEvent: {}
[43.264960] (-) TimerEvent: {}
[43.366071] (-) TimerEvent: {}
[43.407179] (hdl_global_localization) StdoutLine: {'line': b'-- Generating done\n'}
[43.435974] (hdl_global_localization) StdoutLine: {'line': b'-- Build files have been written to: /home/ysc/lite_cog_ros2/nav/build/hdl_global_localization\n'}
[43.466392] (-) TimerEvent: {}
[43.533581] (hdl_global_localization) CommandEnded: {'returncode': 0}
[43.539426] (hdl_global_localization) JobProgress: {'identifier': 'hdl_global_localization', 'progress': 'build'}
[43.543207] (hdl_global_localization) Command: {'cmd': ['/usr/bin/cmake', '--build', '/home/ysc/lite_cog_ros2/nav/build/hdl_global_localization', '--', '-j6', '-l6'], 'cwd': '/home/ysc/lite_cog_ros2/nav/build/hdl_global_localization', 'env': OrderedDict([('GJS_DEBUG_TOPICS', 'JS ERROR;JS LOG'), ('LESSOPEN', '| /usr/bin/lesspipe %s'), ('USER', 'ysc'), ('LC_TIME', 'zh_CN.UTF-8'), ('SSH_AGENT_PID', '1895'), ('XDG_SESSION_TYPE', 'x11'), ('SHLVL', '1'), ('LD_LIBRARY_PATH', '/home/ysc/lite_cog_ros2/fast_gicp/install/fast_gicp/lib:/home/ysc/lite_cog_ros2/ndt_omp/install/ndt_omp/lib:/usr/lib/aarch64-linux-gnu/gazebo-11/plugins:/opt/ros/foxy/opt/yaml_cpp_vendor/lib:/opt/ros/foxy/opt/rviz_ogre_vendor/lib:/opt/ros/foxy/lib/aarch64-linux-gnu:/opt/ros/foxy/lib:/usr/local/cuda-11.4/lib64:'), ('HOME', '/home/ysc'), ('OLDPWD', '/home/ysc/lite_cog_ros2/nav/src'), ('DESKTOP_SESSION', 'ubuntu'), ('ROS_PYTHON_VERSION', '3'), ('GNOME_SHELL_SESSION_MODE', 'ubuntu'), ('GTK_MODULES', 'gail:atk-bridge'), ('LC_MONETARY', 'zh_CN.UTF-8'), ('MANAGERPID', '1362'), ('DBUS_SESSION_BUS_ADDRESS', 'unix:path=/run/user/1000/bus'), ('COLORTERM', 'truecolor'), ('_colcon_cd_root', '/opt/ros/foxy/'), ('IM_CONFIG_PHASE', '1'), ('COLCON_PREFIX_PATH', '/home/ysc/lite_cog_ros2/fast_gicp/install:/home/ysc/lite_cog_ros2/ndt_omp/install'), ('ROS_DISTRO', 'foxy'), ('LOGNAME', 'ysc'), ('JOURNAL_STREAM', '8:48653'), ('_', '/usr/bin/colcon'), ('ROS_VERSION', '2'), ('XDG_SESSION_CLASS', 'user'), ('USERNAME', 'ysc'), ('TERM', 'xterm-256color'), ('GNOME_DESKTOP_SESSION_ID', 'this-is-deprecated'), ('ROS_LOCALHOST_ONLY', '0'), ('WINDOWPATH', '2'), ('PATH', '/opt/ros/foxy/bin:/usr/local/cuda-11.4/bin:/home/ysc/.local/bin:/usr/local/sbin:/usr/local/bin:/usr/sbin:/usr/bin:/sbin:/bin:/usr/games:/usr/local/games:/snap/bin'), ('SESSION_MANAGER', 'local/lite:@/tmp/.ICE-unix/2022,unix/lite:/tmp/.ICE-unix/2022'), ('INVOCATION_ID', '4b0aaf6bd2144023a916f56d35e54dd6'), ('XDG_MENU_PREFIX', 'gnome-'), ('LC_ADDRESS', 'zh_CN.UTF-8'), ('GNOME_TERMINAL_SCREEN', '/org/gnome/Terminal/screen/4642abbf_5c09_42bf_b6d8_b1c515a5047a'), ('XDG_RUNTIME_DIR', '/run/user/1000'), ('DISPLAY', ':0'), ('LANG', 'en_US.UTF-8'), ('XDG_CURRENT_DESKTOP', 'ubuntu:GNOME'), ('LC_TELEPHONE', 'zh_CN.UTF-8'), ('XMODIFIERS', '@im=ibus'), ('XDG_SESSION_DESKTOP', 'ubuntu'), ('XAUTHORITY', '/run/user/1000/gdm/Xauthority'), ('LS_COLORS', 'rs=0:di=01;34:ln=01;36:mh=00:pi=40;33:so=01;35:do=01;35:bd=40;33;01:cd=40;33;01:or=40;31;01:mi=00:su=37;41:sg=30;43:ca=30;41:tw=30;42:ow=34;42:st=37;44:ex=01;32:*.tar=01;31:*.tgz=01;31:*.arc=01;31:*.arj=01;31:*.taz=01;31:*.lha=01;31:*.lz4=01;31:*.lzh=01;31:*.lzma=01;31:*.tlz=01;31:*.txz=01;31:*.tzo=01;31:*.t7z=01;31:*.zip=01;31:*.z=01;31:*.dz=01;31:*.gz=01;31:*.lrz=01;31:*.lz=01;31:*.lzo=01;31:*.xz=01;31:*.zst=01;31:*.tzst=01;31:*.bz2=01;31:*.bz=01;31:*.tbz=01;31:*.tbz2=01;31:*.tz=01;31:*.deb=01;31:*.rpm=01;31:*.jar=01;31:*.war=01;31:*.ear=01;31:*.sar=01;31:*.rar=01;31:*.alz=01;31:*.ace=01;31:*.zoo=01;31:*.cpio=01;31:*.7z=01;31:*.rz=01;31:*.cab=01;31:*.wim=01;31:*.swm=01;31:*.dwm=01;31:*.esd=01;31:*.jpg=01;35:*.jpeg=01;35:*.mjpg=01;35:*.mjpeg=01;35:*.gif=01;35:*.bmp=01;35:*.pbm=01;35:*.pgm=01;35:*.ppm=01;35:*.tga=01;35:*.xbm=01;35:*.xpm=01;35:*.tif=01;35:*.tiff=01;35:*.png=01;35:*.svg=01;35:*.svgz=01;35:*.mng=01;35:*.pcx=01;35:*.mov=01;35:*.mpg=01;35:*.mpeg=01;35:*.m2v=01;35:*.mkv=01;35:*.webm=01;35:*.ogm=01;35:*.mp4=01;35:*.m4v=01;35:*.mp4v=01;35:*.vob=01;35:*.qt=01;35:*.nuv=01;35:*.wmv=01;35:*.asf=01;35:*.rm=01;35:*.rmvb=01;35:*.flc=01;35:*.avi=01;35:*.fli=01;35:*.flv=01;35:*.gl=01;35:*.dl=01;35:*.xcf=01;35:*.xwd=01;35:*.yuv=01;35:*.cgm=01;35:*.emf=01;35:*.ogv=01;35:*.ogx=01;35:*.aac=00;36:*.au=00;36:*.flac=00;36:*.m4a=00;36:*.mid=00;36:*.midi=00;36:*.mka=00;36:*.mp3=00;36:*.mpc=00;36:*.ogg=00;36:*.ra=00;36:*.wav=00;36:*.oga=00;36:*.opus=00;36:*.spx=00;36:*.xspf=00;36:'), ('GNOME_TERMINAL_SERVICE', ':1.102'), ('SSH_AUTH_SOCK', '/run/user/1000/keyring/ssh'), ('ROS_DOMAIN_ID', '0'), ('AMENT_PREFIX_PATH', '/home/ysc/lite_cog_ros2/fast_gicp/install/fast_gicp:/home/ysc/lite_cog_ros2/ndt_omp/install/ndt_omp:/opt/ros/foxy'), ('SHELL', '/bin/bash'), ('LC_NAME', 'zh_CN.UTF-8'), ('QT_ACCESSIBILITY', '1'), ('GDMSESSION', 'ubuntu'), ('LESSCLOSE', '/usr/bin/lesspipe %s %s'), ('LC_MEASUREMENT', 'zh_CN.UTF-8'), ('GPG_AGENT_INFO', '/run/user/1000/gnupg/S.gpg-agent:0:1'), ('GJS_DEBUG_OUTPUT', 'stderr'), ('LC_IDENTIFICATION', 'zh_CN.UTF-8'), ('QT_IM_MODULE', 'ibus'), ('PWD', '/home/ysc/lite_cog_ros2/nav/build/hdl_global_localization'), ('LC_ALL', 'en_US.UTF-8'), ('XDG_CONFIG_DIRS', '/etc/xdg/xdg-ubuntu:/etc/xdg'), ('XDG_DATA_DIRS', '/usr/share/ubuntu:/usr/local/share/:/usr/share/:/var/lib/snapd/desktop'), ('PYTHONPATH', '/opt/ros/foxy/lib/python3.8/site-packages'), ('LC_NUMERIC', 'zh_CN.UTF-8'), ('LC_PAPER', 'zh_CN.UTF-8'), ('COLCON', '1'), ('VTE_VERSION', '6003'), ('CMAKE_PREFIX_PATH', '/home/ysc/lite_cog_ros2/fast_gicp/install/fast_gicp:/home/ysc/lite_cog_ros2/ndt_omp/install/ndt_omp:/opt/ros/foxy')]), 'shell': False}
[43.566832] (-) TimerEvent: {}
[43.668977] (-) TimerEvent: {}
[43.770101] (-) TimerEvent: {}
[43.871275] (-) TimerEvent: {}
[43.895221] (hdl_global_localization) StdoutLine: {'line': b'\x1b[35m\x1b[1mScanning dependencies of target hdl_global_localization__cpp\x1b[0m\n'}
[43.896506] (hdl_global_localization) StdoutLine: {'line': b'\x1b[35m\x1b[1mScanning dependencies of target hdl_global_localization_engines\x1b[0m\n'}
[43.904533] (hdl_global_localization) StdoutLine: {'line': b'[  1%] \x1b[34m\x1b[1mGenerating C code for ROS interfaces\x1b[0m\n'}
[43.971484] (-) TimerEvent: {}
[43.995910] (hdl_global_localization) StdoutLine: {'line': b'[  3%] \x1b[34m\x1b[1mGenerating C++ code for ROS interfaces\x1b[0m\n'}
[44.071721] (-) TimerEvent: {}
[44.172769] (-) TimerEvent: {}
[44.273699] (-) TimerEvent: {}
[44.374702] (-) TimerEvent: {}
[44.475720] (-) TimerEvent: {}
[44.577248] (-) TimerEvent: {}
[44.679717] (-) TimerEvent: {}
[44.780811] (-) TimerEvent: {}
[44.881871] (-) TimerEvent: {}
[44.983947] (-) TimerEvent: {}
[45.085536] (-) TimerEvent: {}
[45.186630] (-) TimerEvent: {}
[45.287670] (-) TimerEvent: {}
[45.389873] (-) TimerEvent: {}
[45.490974] (-) TimerEvent: {}
[45.593602] (-) TimerEvent: {}
[45.695334] (-) TimerEvent: {}
[45.796465] (-) TimerEvent: {}
[45.897646] (-) TimerEvent: {}
[46.005738] (-) TimerEvent: {}
[46.111475] (-) TimerEvent: {}
[46.212743] (-) TimerEvent: {}
[46.313961] (-) TimerEvent: {}
[46.415661] (-) TimerEvent: {}
[46.519829] (-) TimerEvent: {}
[46.621724] (-) TimerEvent: {}
[46.724367] (-) TimerEvent: {}
[46.826222] (-) TimerEvent: {}
[46.927880] (-) TimerEvent: {}
[46.933881] (hdl_global_localization) StdoutLine: {'line': b'\x1b[35m\x1b[1mScanning dependencies of target hdl_global_localization__rosidl_generator_c\x1b[0m\n'}
[46.951310] (hdl_global_localization) StdoutLine: {'line': b'[  3%] Built target hdl_global_localization__cpp\n'}
[47.028948] (-) TimerEvent: {}
[47.044275] (hdl_global_localization) StdoutLine: {'line': b'[  5%] \x1b[34m\x1b[1mGenerating C++ introspection for ROS interfaces\x1b[0m\n'}
[47.052232] (hdl_global_localization) StdoutLine: {'line': b'[  6%] \x1b[34m\x1b[1mGenerating C++ type support for eProsima Fast-RTPS\x1b[0m\n'}
[47.061659] (hdl_global_localization) StdoutLine: {'line': b'[  8%] \x1b[34m\x1b[1mGenerating C++ type support dispatch for ROS interfaces\x1b[0m\n'}
[47.129729] (-) TimerEvent: {}
[47.193525] (hdl_global_localization) StdoutLine: {'line': b'[ 10%] \x1b[32mBuilding C object CMakeFiles/hdl_global_localization__rosidl_generator_c.dir/rosidl_generator_c/hdl_global_localization/srv/detail/set_global_localization_engine__functions.c.o\x1b[0m\n'}
[47.229904] (hdl_global_localization) StdoutLine: {'line': b'[ 12%] \x1b[32mBuilding C object CMakeFiles/hdl_global_localization__rosidl_generator_c.dir/rosidl_generator_c/hdl_global_localization/srv/detail/query_global_localization__functions.c.o\x1b[0m\n'}
[47.230771] (-) TimerEvent: {}
[47.335979] (-) TimerEvent: {}
[47.438136] (-) TimerEvent: {}
[47.540475] (-) TimerEvent: {}
[47.642095] (-) TimerEvent: {}
[47.754739] (-) TimerEvent: {}
[47.783734] (hdl_global_localization) StdoutLine: {'line': b'[ 13%] \x1b[32mBuilding C object CMakeFiles/hdl_global_localization__rosidl_generator_c.dir/rosidl_generator_c/hdl_global_localization/srv/detail/set_global_map__functions.c.o\x1b[0m\n'}
[47.855016] (-) TimerEvent: {}
[47.956043] (-) TimerEvent: {}
[48.057107] (-) TimerEvent: {}
[48.193446] (hdl_global_localization) StdoutLine: {'line': b'[ 17%] \x1b[32mBuilding CXX object CMakeFiles/hdl_global_localization_engines.dir/src/hdl_global_localization/bbs/bbs_localization.cpp.o\x1b[0m\n'}
[48.194232] (-) TimerEvent: {}
[48.194918] (hdl_global_localization) StdoutLine: {'line': b'[ 17%] \x1b[32mBuilding CXX object CMakeFiles/hdl_global_localization_engines.dir/src/hdl_global_localization/util/config.cpp.o\x1b[0m\n'}
[48.294512] (-) TimerEvent: {}
[48.395689] (-) TimerEvent: {}
[48.497447] (-) TimerEvent: {}
[48.604191] (-) TimerEvent: {}
[48.658571] (hdl_global_localization) StdoutLine: {'line': b'[ 18%] \x1b[32m\x1b[1mLinking C shared library libhdl_global_localization__rosidl_generator_c.so\x1b[0m\n'}
[48.704467] (-) TimerEvent: {}
[48.805761] (-) TimerEvent: {}
[48.907332] (-) TimerEvent: {}
[49.011871] (-) TimerEvent: {}
[49.026318] (hdl_global_localization) StdoutLine: {'line': b'[ 18%] Built target hdl_global_localization__rosidl_generator_c\n'}
[49.112028] (-) TimerEvent: {}
[49.153425] (hdl_global_localization) StdoutLine: {'line': b'[ 20%] \x1b[34m\x1b[1mGenerating C introspection for ROS interfaces\x1b[0m\n'}
[49.212236] (-) TimerEvent: {}
[49.313767] (-) TimerEvent: {}
[49.425266] (-) TimerEvent: {}
[49.526737] (-) TimerEvent: {}
[49.627813] (-) TimerEvent: {}
[49.668788] (hdl_global_localization) StdoutLine: {'line': b'\x1b[35m\x1b[1mScanning dependencies of target hdl_global_localization__rosidl_typesupport_cpp\x1b[0m\n'}
[49.728063] (-) TimerEvent: {}
[49.830781] (-) TimerEvent: {}
[49.880241] (hdl_global_localization) StdoutLine: {'line': b'[ 22%] \x1b[32mBuilding CXX object CMakeFiles/hdl_global_localization__rosidl_typesupport_cpp.dir/rosidl_typesupport_cpp/hdl_global_localization/srv/query_global_localization__type_support.cpp.o\x1b[0m\n'}
[49.931324] (-) TimerEvent: {}
[50.033484] (-) TimerEvent: {}
[50.135378] (-) TimerEvent: {}
[50.236746] (-) TimerEvent: {}
[50.249540] (hdl_global_localization) StdoutLine: {'line': b'\x1b[35m\x1b[1mScanning dependencies of target hdl_global_localization__rosidl_typesupport_introspection_cpp\x1b[0m\n'}
[50.337001] (-) TimerEvent: {}
[50.439539] (-) TimerEvent: {}
[50.540813] (-) TimerEvent: {}
[50.584161] (hdl_global_localization) StdoutLine: {'line': b'[ 24%] \x1b[32mBuilding CXX object CMakeFiles/hdl_global_localization__rosidl_typesupport_introspection_cpp.dir/rosidl_typesupport_introspection_cpp/hdl_global_localization/srv/detail/query_global_localization__type_support.cpp.o\x1b[0m\n'}
[50.641079] (-) TimerEvent: {}
[50.742526] (-) TimerEvent: {}
[50.843731] (-) TimerEvent: {}
[50.889367] (hdl_global_localization) StdoutLine: {'line': b'\x1b[35m\x1b[1mScanning dependencies of target hdl_global_localization__rosidl_typesupport_fastrtps_cpp\x1b[0m\n'}
[50.943995] (-) TimerEvent: {}
[51.045179] (-) TimerEvent: {}
[51.146355] (-) TimerEvent: {}
[51.247580] (-) TimerEvent: {}
[51.350552] (-) TimerEvent: {}
[51.418125] (hdl_global_localization) StdoutLine: {'line': b'[ 25%] \x1b[32mBuilding CXX object CMakeFiles/hdl_global_localization__rosidl_typesupport_fastrtps_cpp.dir/rosidl_typesupport_fastrtps_cpp/hdl_global_localization/srv/detail/dds_fastrtps/query_global_localization__type_support.cpp.o\x1b[0m\n'}
[51.450786] (-) TimerEvent: {}
[51.552295] (-) TimerEvent: {}
[51.653907] (-) TimerEvent: {}
[51.756048] (-) TimerEvent: {}
[51.857667] (-) TimerEvent: {}
[51.959788] (-) TimerEvent: {}
[52.061561] (-) TimerEvent: {}
[52.162619] (-) TimerEvent: {}
[52.265114] (-) TimerEvent: {}
[52.366817] (-) TimerEvent: {}
[52.468213] (hdl_global_localization) StdoutLine: {'line': b'[ 27%] \x1b[32mBuilding CXX object CMakeFiles/hdl_global_localization__rosidl_typesupport_cpp.dir/rosidl_typesupport_cpp/hdl_global_localization/srv/set_global_localization_engine__type_support.cpp.o\x1b[0m\n'}
[52.469536] (-) TimerEvent: {}
[52.572020] (-) TimerEvent: {}
[52.671716] (hdl_global_localization) StdoutLine: {'line': b'\x1b[35m\x1b[1mScanning dependencies of target hdl_global_localization__rosidl_typesupport_introspection_c\x1b[0m\n'}
[52.672529] (-) TimerEvent: {}
[52.774554] (-) TimerEvent: {}
[52.876239] (-) TimerEvent: {}
[52.977949] (-) TimerEvent: {}
[53.080716] (-) TimerEvent: {}
[53.235375] (hdl_global_localization) StdoutLine: {'line': b'[ 29%] \x1b[32mBuilding C object CMakeFiles/hdl_global_localization__rosidl_typesupport_introspection_c.dir/rosidl_typesupport_introspection_c/hdl_global_localization/srv/detail/query_global_localization__type_support.c.o\x1b[0m\n'}
[53.236207] (-) TimerEvent: {}
[53.342755] (-) TimerEvent: {}
[53.444418] (-) TimerEvent: {}
[53.546235] (-) TimerEvent: {}
[53.649132] (-) TimerEvent: {}
[53.752044] (-) TimerEvent: {}
[53.854035] (-) TimerEvent: {}
[53.957014] (-) TimerEvent: {}
[54.064804] (-) TimerEvent: {}
[54.166543] (-) TimerEvent: {}
[54.243696] (hdl_global_localization) StdoutLine: {'line': b'[ 31%] \x1b[32mBuilding C object CMakeFiles/hdl_global_localization__rosidl_typesupport_introspection_c.dir/rosidl_typesupport_introspection_c/hdl_global_localization/srv/detail/set_global_localization_engine__type_support.c.o\x1b[0m\n'}
[54.266839] (-) TimerEvent: {}
[54.368789] (-) TimerEvent: {}
[54.470496] (-) TimerEvent: {}
[54.573116] (-) TimerEvent: {}
[54.674878] (-) TimerEvent: {}
[54.776777] (-) TimerEvent: {}
[54.778575] (hdl_global_localization) StdoutLine: {'line': b'[ 32%] \x1b[32mBuilding CXX object CMakeFiles/hdl_global_localization__rosidl_typesupport_introspection_cpp.dir/rosidl_typesupport_introspection_cpp/hdl_global_localization/srv/detail/set_global_localization_engine__type_support.cpp.o\x1b[0m\n'}
[54.794238] (hdl_global_localization) StdoutLine: {'line': b'[ 34%] \x1b[32mBuilding C object CMakeFiles/hdl_global_localization__rosidl_typesupport_introspection_c.dir/rosidl_typesupport_introspection_c/hdl_global_localization/srv/detail/set_global_map__type_support.c.o\x1b[0m\n'}
[54.878131] (-) TimerEvent: {}
[54.980011] (-) TimerEvent: {}
[55.081619] (-) TimerEvent: {}
[55.165233] (hdl_global_localization) StdoutLine: {'line': b'[ 36%] \x1b[32mBuilding CXX object CMakeFiles/hdl_global_localization__rosidl_typesupport_cpp.dir/rosidl_typesupport_cpp/hdl_global_localization/srv/set_global_map__type_support.cpp.o\x1b[0m\n'}
[55.181912] (-) TimerEvent: {}
[55.283607] (-) TimerEvent: {}
[55.385365] (-) TimerEvent: {}
[55.412891] (hdl_global_localization) StdoutLine: {'line': b'[ 37%] \x1b[32m\x1b[1mLinking C shared library libhdl_global_localization__rosidl_typesupport_introspection_c.so\x1b[0m\n'}
[55.485630] (-) TimerEvent: {}
[55.587239] (-) TimerEvent: {}
[55.689011] (-) TimerEvent: {}
[55.790843] (-) TimerEvent: {}
[55.843284] (hdl_global_localization) StdoutLine: {'line': b'[ 39%] \x1b[32mBuilding CXX object CMakeFiles/hdl_global_localization__rosidl_typesupport_fastrtps_cpp.dir/rosidl_typesupport_fastrtps_cpp/hdl_global_localization/srv/detail/dds_fastrtps/set_global_localization_engine__type_support.cpp.o\x1b[0m\n'}
[55.891161] (-) TimerEvent: {}
[55.935308] (hdl_global_localization) StdoutLine: {'line': b'[ 39%] Built target hdl_global_localization__rosidl_typesupport_introspection_c\n'}
[55.991454] (-) TimerEvent: {}
[56.092673] (-) TimerEvent: {}
[56.135533] (hdl_global_localization) StdoutLine: {'line': b'[ 41%] \x1b[32mBuilding CXX object CMakeFiles/hdl_global_localization__rosidl_typesupport_fastrtps_cpp.dir/rosidl_typesupport_fastrtps_cpp/hdl_global_localization/srv/detail/dds_fastrtps/set_global_map__type_support.cpp.o\x1b[0m\n'}
[56.192927] (-) TimerEvent: {}
[56.294118] (-) TimerEvent: {}
[56.395335] (-) TimerEvent: {}
[56.496696] (-) TimerEvent: {}
[56.598336] (-) TimerEvent: {}
[56.700072] (-) TimerEvent: {}
[56.801830] (-) TimerEvent: {}
[56.904577] (-) TimerEvent: {}
[57.006448] (-) TimerEvent: {}
[57.108179] (-) TimerEvent: {}
[57.209914] (-) TimerEvent: {}
[57.311681] (-) TimerEvent: {}
[57.413573] (-) TimerEvent: {}
[57.515210] (-) TimerEvent: {}
[57.616999] (-) TimerEvent: {}
[57.718695] (-) TimerEvent: {}
[57.820439] (-) TimerEvent: {}
[57.933564] (-) TimerEvent: {}
[58.069865] (-) TimerEvent: {}
[58.171481] (-) TimerEvent: {}
[58.336821] (-) TimerEvent: {}
[58.337884] (hdl_global_localization) StdoutLine: {'line': b'[ 43%] \x1b[32mBuilding CXX object CMakeFiles/hdl_global_localization__rosidl_typesupport_introspection_cpp.dir/rosidl_typesupport_introspection_cpp/hdl_global_localization/srv/detail/set_global_map__type_support.cpp.o\x1b[0m\n'}
[58.407564] (hdl_global_localization) StdoutLine: {'line': b'[ 44%] \x1b[32m\x1b[1mLinking CXX shared library libhdl_global_localization__rosidl_typesupport_cpp.so\x1b[0m\n'}
[58.437067] (-) TimerEvent: {}
[58.539393] (-) TimerEvent: {}
[58.641226] (-) TimerEvent: {}
[58.742935] (-) TimerEvent: {}
[58.844701] (-) TimerEvent: {}
[58.946381] (-) TimerEvent: {}
[59.048198] (-) TimerEvent: {}
[59.150487] (-) TimerEvent: {}
[59.209493] (hdl_global_localization) StdoutLine: {'line': b'[ 44%] Built target hdl_global_localization__rosidl_typesupport_cpp\n'}
[59.252751] (-) TimerEvent: {}
[59.353889] (-) TimerEvent: {}
[59.387058] (hdl_global_localization) StdoutLine: {'line': b'[ 46%] \x1b[34m\x1b[1mGenerating C type support dispatch for ROS interfaces\x1b[0m\n'}
[59.455234] (-) TimerEvent: {}
[59.557500] (-) TimerEvent: {}
[59.672524] (-) TimerEvent: {}
[59.782327] (-) TimerEvent: {}
[59.885086] (-) TimerEvent: {}
[59.986769] (-) TimerEvent: {}
[60.060999] (hdl_global_localization) StdoutLine: {'line': b'[ 48%] \x1b[32mBuilding CXX object CMakeFiles/hdl_global_localization_engines.dir/src/hdl_global_localization/ransac/voxelset.cpp.o\x1b[0m\n'}
[60.081640] (hdl_global_localization) StdoutLine: {'line': b'[ 50%] \x1b[32m\x1b[1mLinking CXX shared library libhdl_global_localization__rosidl_typesupport_fastrtps_cpp.so\x1b[0m\n'}
[60.087039] (-) TimerEvent: {}
[60.188679] (-) TimerEvent: {}
[60.290738] (-) TimerEvent: {}
[60.392415] (-) TimerEvent: {}
[60.495429] (-) TimerEvent: {}
[60.597236] (-) TimerEvent: {}
[60.698496] (-) TimerEvent: {}
[60.800166] (-) TimerEvent: {}
[60.901556] (-) TimerEvent: {}
[61.004424] (-) TimerEvent: {}
[61.106031] (-) TimerEvent: {}
[61.207260] (-) TimerEvent: {}
[61.310298] (-) TimerEvent: {}
[61.412145] (-) TimerEvent: {}
[61.448944] (hdl_global_localization) StdoutLine: {'line': b'[ 50%] Built target hdl_global_localization__rosidl_typesupport_fastrtps_cpp\n'}
[61.512470] (-) TimerEvent: {}
[61.530055] (hdl_global_localization) StdoutLine: {'line': b'[ 51%] \x1b[32mBuilding CXX object CMakeFiles/hdl_global_localization_engines.dir/src/hdl_global_localization/ransac/ransac_pose_estimation.cpp.o\x1b[0m\n'}
[61.612856] (-) TimerEvent: {}
[61.715472] (-) TimerEvent: {}
[61.818055] (-) TimerEvent: {}
[61.921771] (-) TimerEvent: {}
[61.992211] (hdl_global_localization) StdoutLine: {'line': b'[ 53%] \x1b[32m\x1b[1mLinking CXX shared library libhdl_global_localization__rosidl_typesupport_introspection_cpp.so\x1b[0m\n'}
[62.022074] (-) TimerEvent: {}
[62.123848] (-) TimerEvent: {}
[62.226169] (-) TimerEvent: {}
[62.328185] (-) TimerEvent: {}
[62.430822] (-) TimerEvent: {}
[62.532640] (-) TimerEvent: {}
[62.634570] (-) TimerEvent: {}
[62.737002] (-) TimerEvent: {}
[62.838868] (-) TimerEvent: {}
[62.941094] (-) TimerEvent: {}
[62.973427] (hdl_global_localization) StdoutLine: {'line': b'\x1b[35m\x1b[1mScanning dependencies of target hdl_global_localization__rosidl_typesupport_c\x1b[0m\n'}
[63.037568] (hdl_global_localization) StdoutLine: {'line': b'[ 53%] Built target hdl_global_localization__rosidl_typesupport_introspection_cpp\n'}
[63.041331] (-) TimerEvent: {}
[63.143112] (-) TimerEvent: {}
[63.235714] (hdl_global_localization) StdoutLine: {'line': b'[ 56%] \x1b[32mBuilding CXX object CMakeFiles/hdl_global_localization__rosidl_typesupport_c.dir/rosidl_typesupport_c/hdl_global_localization/srv/query_global_localization__type_support.cpp.o\x1b[0m\n'}
[63.236793] (hdl_global_localization) StdoutLine: {'line': b'[ 56%] \x1b[34m\x1b[1mGenerating C type support for eProsima Fast-RTPS\x1b[0m\n'}
[63.243386] (-) TimerEvent: {}
[63.345029] (-) TimerEvent: {}
[63.446063] (-) TimerEvent: {}
[63.547427] (-) TimerEvent: {}
[63.559374] (hdl_global_localization) StdoutLine: {'line': b'[ 58%] \x1b[32mBuilding CXX object CMakeFiles/hdl_global_localization__rosidl_typesupport_c.dir/rosidl_typesupport_c/hdl_global_localization/srv/set_global_localization_engine__type_support.cpp.o\x1b[0m\n'}
[63.647645] (-) TimerEvent: {}
[63.748836] (-) TimerEvent: {}
[63.849883] (-) TimerEvent: {}
[63.965897] (-) TimerEvent: {}
[63.997529] (hdl_global_localization) StdoutLine: {'line': b'[ 60%] \x1b[32mBuilding CXX object CMakeFiles/hdl_global_localization__rosidl_typesupport_c.dir/rosidl_typesupport_c/hdl_global_localization/srv/set_global_map__type_support.cpp.o\x1b[0m\n'}
[64.110524] (-) TimerEvent: {}
[64.214718] (-) TimerEvent: {}
[64.280964] (hdl_global_localization) StdoutLine: {'line': b'[ 62%] \x1b[32m\x1b[1mLinking CXX shared library libhdl_global_localization__rosidl_typesupport_c.so\x1b[0m\n'}
[64.315117] (-) TimerEvent: {}
[64.416822] (-) TimerEvent: {}
[64.518892] (-) TimerEvent: {}
[64.622387] (-) TimerEvent: {}
[64.655505] (hdl_global_localization) StdoutLine: {'line': b'[ 62%] Built target hdl_global_localization__rosidl_typesupport_c\n'}
[64.722604] (-) TimerEvent: {}
[64.771566] (hdl_global_localization) StdoutLine: {'line': b'[ 63%] \x1b[32mBuilding CXX object CMakeFiles/hdl_global_localization_engines.dir/src/hdl_global_localization/engines/global_localization_bbs.cpp.o\x1b[0m\n'}
[64.822904] (-) TimerEvent: {}
[64.930661] (-) TimerEvent: {}
[65.032202] (-) TimerEvent: {}
[65.135821] (-) TimerEvent: {}
[65.237684] (-) TimerEvent: {}
[65.339254] (-) TimerEvent: {}
[65.440845] (-) TimerEvent: {}
[65.542429] (-) TimerEvent: {}
[65.644053] (-) TimerEvent: {}
[65.755226] (-) TimerEvent: {}
[65.921546] (-) TimerEvent: {}
[66.024174] (-) TimerEvent: {}
[66.125702] (-) TimerEvent: {}
[66.226955] (-) TimerEvent: {}
[66.328111] (-) TimerEvent: {}
[66.431050] (-) TimerEvent: {}
[66.532801] (-) TimerEvent: {}
[66.634069] (-) TimerEvent: {}
[66.691626] (hdl_global_localization) StdoutLine: {'line': b'\x1b[35m\x1b[1mScanning dependencies of target hdl_global_localization__rosidl_typesupport_fastrtps_c\x1b[0m\n'}
[66.734981] (-) TimerEvent: {}
[66.836371] (-) TimerEvent: {}
[66.937536] (-) TimerEvent: {}
[67.039731] (-) TimerEvent: {}
[67.141050] (-) TimerEvent: {}
[67.242284] (-) TimerEvent: {}
[67.343532] (-) TimerEvent: {}
[67.362924] (hdl_global_localization) StdoutLine: {'line': b'[ 65%] \x1b[32mBuilding CXX object CMakeFiles/hdl_global_localization__rosidl_typesupport_fastrtps_c.dir/rosidl_typesupport_fastrtps_c/hdl_global_localization/srv/detail/query_global_localization__type_support_c.cpp.o\x1b[0m\n'}
[67.443837] (-) TimerEvent: {}
[67.545141] (-) TimerEvent: {}
[67.646411] (-) TimerEvent: {}
[67.747599] (-) TimerEvent: {}
[67.849980] (-) TimerEvent: {}
[67.951955] (-) TimerEvent: {}
[68.053209] (-) TimerEvent: {}
[68.154362] (-) TimerEvent: {}
[68.392479] (-) TimerEvent: {}
[68.493849] (-) TimerEvent: {}
[68.595093] (-) TimerEvent: {}
[68.696356] (-) TimerEvent: {}
[68.797685] (-) TimerEvent: {}
[68.901283] (-) TimerEvent: {}
[69.002921] (-) TimerEvent: {}
[69.104141] (-) TimerEvent: {}
[69.205336] (-) TimerEvent: {}
[69.334483] (-) TimerEvent: {}
[69.435818] (-) TimerEvent: {}
[69.536998] (-) TimerEvent: {}
[69.640758] (-) TimerEvent: {}
[69.741947] (-) TimerEvent: {}
[69.843192] (-) TimerEvent: {}
[69.946179] (-) TimerEvent: {}
[70.069391] (-) TimerEvent: {}
[70.170609] (-) TimerEvent: {}
[70.266008] (hdl_global_localization) StdoutLine: {'line': b'[ 67%] \x1b[32mBuilding CXX object CMakeFiles/hdl_global_localization__rosidl_typesupport_fastrtps_c.dir/rosidl_typesupport_fastrtps_c/hdl_global_localization/srv/detail/set_global_localization_engine__type_support_c.cpp.o\x1b[0m\n'}
[70.270890] (-) TimerEvent: {}
[70.373415] (-) TimerEvent: {}
[70.474499] (-) TimerEvent: {}
[70.575615] (-) TimerEvent: {}
[70.677412] (-) TimerEvent: {}
[70.779049] (-) TimerEvent: {}
[70.881090] (-) TimerEvent: {}
[70.982805] (-) TimerEvent: {}
[71.084527] (-) TimerEvent: {}
[71.186199] (-) TimerEvent: {}
[71.287860] (-) TimerEvent: {}
[71.389569] (-) TimerEvent: {}
[71.490665] (-) TimerEvent: {}
[71.592462] (-) TimerEvent: {}
[71.694311] (-) TimerEvent: {}
[71.796052] (-) TimerEvent: {}
[71.897886] (-) TimerEvent: {}
[72.002723] (-) TimerEvent: {}
[72.104536] (-) TimerEvent: {}
[72.207784] (-) TimerEvent: {}
[72.310011] (-) TimerEvent: {}
[72.411141] (-) TimerEvent: {}
[72.512944] (-) TimerEvent: {}
[72.614645] (-) TimerEvent: {}
[72.716397] (-) TimerEvent: {}
[72.818572] (-) TimerEvent: {}
[72.921705] (-) TimerEvent: {}
[73.023398] (-) TimerEvent: {}
[73.125223] (-) TimerEvent: {}
[73.226943] (-) TimerEvent: {}
[73.332906] (-) TimerEvent: {}
[73.434669] (-) TimerEvent: {}
[73.536297] (-) TimerEvent: {}
[73.639974] (-) TimerEvent: {}
[73.741630] (-) TimerEvent: {}
[73.847535] (-) TimerEvent: {}
[73.950628] (-) TimerEvent: {}
[74.052271] (-) TimerEvent: {}
[74.154187] (-) TimerEvent: {}
[74.256869] (-) TimerEvent: {}
[74.360045] (-) TimerEvent: {}
[74.461957] (-) TimerEvent: {}
[74.463923] (hdl_global_localization) StdoutLine: {'line': b'[ 68%] \x1b[32mBuilding CXX object CMakeFiles/hdl_global_localization__rosidl_typesupport_fastrtps_c.dir/rosidl_typesupport_fastrtps_c/hdl_global_localization/srv/detail/set_global_map__type_support_c.cpp.o\x1b[0m\n'}
[74.562223] (-) TimerEvent: {}
[74.664174] (-) TimerEvent: {}
[74.766541] (-) TimerEvent: {}
[74.868184] (-) TimerEvent: {}
[74.969493] (-) TimerEvent: {}
[75.071095] (-) TimerEvent: {}
[75.172902] (-) TimerEvent: {}
[75.275037] (-) TimerEvent: {}
[75.377999] (-) TimerEvent: {}
[75.479773] (-) TimerEvent: {}
[75.581490] (-) TimerEvent: {}
[75.683231] (-) TimerEvent: {}
[75.786215] (-) TimerEvent: {}
[75.887872] (-) TimerEvent: {}
[75.989630] (-) TimerEvent: {}
[76.091287] (-) TimerEvent: {}
[76.195165] (-) TimerEvent: {}
[76.297738] (-) TimerEvent: {}
[76.406449] (-) TimerEvent: {}
[76.508120] (-) TimerEvent: {}
[76.611604] (-) TimerEvent: {}
[76.712900] (-) TimerEvent: {}
[76.815113] (-) TimerEvent: {}
[76.916395] (-) TimerEvent: {}
[77.017652] (-) TimerEvent: {}
[77.121325] (-) TimerEvent: {}
[77.222509] (-) TimerEvent: {}
[77.253288] (sensor_test) StdoutLine: {'line': b'[100%] \x1b[32m\x1b[1mLinking CXX executable sensor_test\x1b[0m\n'}
[77.322824] (-) TimerEvent: {}
[77.424653] (-) TimerEvent: {}
[77.526444] (-) TimerEvent: {}
[77.627569] (-) TimerEvent: {}
[77.730333] (-) TimerEvent: {}
[77.831466] (-) TimerEvent: {}
[77.932807] (-) TimerEvent: {}
[78.034547] (-) TimerEvent: {}
[78.136336] (-) TimerEvent: {}
[78.237705] (-) TimerEvent: {}
[78.346735] (-) TimerEvent: {}
[78.449282] (-) TimerEvent: {}
[78.550654] (-) TimerEvent: {}
[78.651865] (-) TimerEvent: {}
[78.737414] (sensor_test) StdoutLine: {'line': b'[100%] Built target sensor_test\n'}
[78.752159] (-) TimerEvent: {}
[78.781935] (hdl_global_localization) StdoutLine: {'line': b'[ 70%] \x1b[32m\x1b[1mLinking CXX shared library libhdl_global_localization__rosidl_typesupport_fastrtps_c.so\x1b[0m\n'}
[78.852903] (-) TimerEvent: {}
[78.951671] (sensor_test) CommandEnded: {'returncode': 0}
[78.954150] (-) TimerEvent: {}
[79.055525] (-) TimerEvent: {}
[79.158516] (-) TimerEvent: {}
[79.260357] (-) TimerEvent: {}
[79.362194] (-) TimerEvent: {}
[79.463979] (-) TimerEvent: {}
[79.488749] (sensor_test) JobProgress: {'identifier': 'sensor_test', 'progress': 'install'}
[79.491115] (sensor_test) Command: {'cmd': ['/usr/bin/cmake', '--install', '/home/ysc/lite_cog_ros2/nav/build/sensor_test'], 'cwd': '/home/ysc/lite_cog_ros2/nav/build/sensor_test', 'env': OrderedDict([('GJS_DEBUG_TOPICS', 'JS ERROR;JS LOG'), ('LESSOPEN', '| /usr/bin/lesspipe %s'), ('USER', 'ysc'), ('LC_TIME', 'zh_CN.UTF-8'), ('SSH_AGENT_PID', '1895'), ('XDG_SESSION_TYPE', 'x11'), ('SHLVL', '1'), ('LD_LIBRARY_PATH', '/home/ysc/lite_cog_ros2/fast_gicp/install/fast_gicp/lib:/home/ysc/lite_cog_ros2/ndt_omp/install/ndt_omp/lib:/usr/lib/aarch64-linux-gnu/gazebo-11/plugins:/opt/ros/foxy/opt/yaml_cpp_vendor/lib:/opt/ros/foxy/opt/rviz_ogre_vendor/lib:/opt/ros/foxy/lib/aarch64-linux-gnu:/opt/ros/foxy/lib:/usr/local/cuda-11.4/lib64:'), ('HOME', '/home/ysc'), ('OLDPWD', '/home/ysc/lite_cog_ros2/nav/src'), ('DESKTOP_SESSION', 'ubuntu'), ('ROS_PYTHON_VERSION', '3'), ('GNOME_SHELL_SESSION_MODE', 'ubuntu'), ('GTK_MODULES', 'gail:atk-bridge'), ('LC_MONETARY', 'zh_CN.UTF-8'), ('MANAGERPID', '1362'), ('DBUS_SESSION_BUS_ADDRESS', 'unix:path=/run/user/1000/bus'), ('COLORTERM', 'truecolor'), ('_colcon_cd_root', '/opt/ros/foxy/'), ('IM_CONFIG_PHASE', '1'), ('COLCON_PREFIX_PATH', '/home/ysc/lite_cog_ros2/fast_gicp/install:/home/ysc/lite_cog_ros2/ndt_omp/install'), ('ROS_DISTRO', 'foxy'), ('LOGNAME', 'ysc'), ('JOURNAL_STREAM', '8:48653'), ('_', '/usr/bin/colcon'), ('ROS_VERSION', '2'), ('XDG_SESSION_CLASS', 'user'), ('USERNAME', 'ysc'), ('TERM', 'xterm-256color'), ('GNOME_DESKTOP_SESSION_ID', 'this-is-deprecated'), ('ROS_LOCALHOST_ONLY', '0'), ('WINDOWPATH', '2'), ('PATH', '/opt/ros/foxy/bin:/usr/local/cuda-11.4/bin:/home/ysc/.local/bin:/usr/local/sbin:/usr/local/bin:/usr/sbin:/usr/bin:/sbin:/bin:/usr/games:/usr/local/games:/snap/bin'), ('SESSION_MANAGER', 'local/lite:@/tmp/.ICE-unix/2022,unix/lite:/tmp/.ICE-unix/2022'), ('INVOCATION_ID', '4b0aaf6bd2144023a916f56d35e54dd6'), ('XDG_MENU_PREFIX', 'gnome-'), ('LC_ADDRESS', 'zh_CN.UTF-8'), ('GNOME_TERMINAL_SCREEN', '/org/gnome/Terminal/screen/4642abbf_5c09_42bf_b6d8_b1c515a5047a'), ('XDG_RUNTIME_DIR', '/run/user/1000'), ('DISPLAY', ':0'), ('LANG', 'en_US.UTF-8'), ('XDG_CURRENT_DESKTOP', 'ubuntu:GNOME'), ('LC_TELEPHONE', 'zh_CN.UTF-8'), ('XMODIFIERS', '@im=ibus'), ('XDG_SESSION_DESKTOP', 'ubuntu'), ('XAUTHORITY', '/run/user/1000/gdm/Xauthority'), ('LS_COLORS', 'rs=0:di=01;34:ln=01;36:mh=00:pi=40;33:so=01;35:do=01;35:bd=40;33;01:cd=40;33;01:or=40;31;01:mi=00:su=37;41:sg=30;43:ca=30;41:tw=30;42:ow=34;42:st=37;44:ex=01;32:*.tar=01;31:*.tgz=01;31:*.arc=01;31:*.arj=01;31:*.taz=01;31:*.lha=01;31:*.lz4=01;31:*.lzh=01;31:*.lzma=01;31:*.tlz=01;31:*.txz=01;31:*.tzo=01;31:*.t7z=01;31:*.zip=01;31:*.z=01;31:*.dz=01;31:*.gz=01;31:*.lrz=01;31:*.lz=01;31:*.lzo=01;31:*.xz=01;31:*.zst=01;31:*.tzst=01;31:*.bz2=01;31:*.bz=01;31:*.tbz=01;31:*.tbz2=01;31:*.tz=01;31:*.deb=01;31:*.rpm=01;31:*.jar=01;31:*.war=01;31:*.ear=01;31:*.sar=01;31:*.rar=01;31:*.alz=01;31:*.ace=01;31:*.zoo=01;31:*.cpio=01;31:*.7z=01;31:*.rz=01;31:*.cab=01;31:*.wim=01;31:*.swm=01;31:*.dwm=01;31:*.esd=01;31:*.jpg=01;35:*.jpeg=01;35:*.mjpg=01;35:*.mjpeg=01;35:*.gif=01;35:*.bmp=01;35:*.pbm=01;35:*.pgm=01;35:*.ppm=01;35:*.tga=01;35:*.xbm=01;35:*.xpm=01;35:*.tif=01;35:*.tiff=01;35:*.png=01;35:*.svg=01;35:*.svgz=01;35:*.mng=01;35:*.pcx=01;35:*.mov=01;35:*.mpg=01;35:*.mpeg=01;35:*.m2v=01;35:*.mkv=01;35:*.webm=01;35:*.ogm=01;35:*.mp4=01;35:*.m4v=01;35:*.mp4v=01;35:*.vob=01;35:*.qt=01;35:*.nuv=01;35:*.wmv=01;35:*.asf=01;35:*.rm=01;35:*.rmvb=01;35:*.flc=01;35:*.avi=01;35:*.fli=01;35:*.flv=01;35:*.gl=01;35:*.dl=01;35:*.xcf=01;35:*.xwd=01;35:*.yuv=01;35:*.cgm=01;35:*.emf=01;35:*.ogv=01;35:*.ogx=01;35:*.aac=00;36:*.au=00;36:*.flac=00;36:*.m4a=00;36:*.mid=00;36:*.midi=00;36:*.mka=00;36:*.mp3=00;36:*.mpc=00;36:*.ogg=00;36:*.ra=00;36:*.wav=00;36:*.oga=00;36:*.opus=00;36:*.spx=00;36:*.xspf=00;36:'), ('GNOME_TERMINAL_SERVICE', ':1.102'), ('SSH_AUTH_SOCK', '/run/user/1000/keyring/ssh'), ('ROS_DOMAIN_ID', '0'), ('AMENT_PREFIX_PATH', '/home/ysc/lite_cog_ros2/fast_gicp/install/fast_gicp:/home/ysc/lite_cog_ros2/ndt_omp/install/ndt_omp:/opt/ros/foxy'), ('SHELL', '/bin/bash'), ('LC_NAME', 'zh_CN.UTF-8'), ('QT_ACCESSIBILITY', '1'), ('GDMSESSION', 'ubuntu'), ('LESSCLOSE', '/usr/bin/lesspipe %s %s'), ('LC_MEASUREMENT', 'zh_CN.UTF-8'), ('GPG_AGENT_INFO', '/run/user/1000/gnupg/S.gpg-agent:0:1'), ('GJS_DEBUG_OUTPUT', 'stderr'), ('LC_IDENTIFICATION', 'zh_CN.UTF-8'), ('QT_IM_MODULE', 'ibus'), ('PWD', '/home/ysc/lite_cog_ros2/nav/build/sensor_test'), ('LC_ALL', 'en_US.UTF-8'), ('XDG_CONFIG_DIRS', '/etc/xdg/xdg-ubuntu:/etc/xdg'), ('XDG_DATA_DIRS', '/usr/share/ubuntu:/usr/local/share/:/usr/share/:/var/lib/snapd/desktop'), ('PYTHONPATH', '/opt/ros/foxy/lib/python3.8/site-packages'), ('LC_NUMERIC', 'zh_CN.UTF-8'), ('LC_PAPER', 'zh_CN.UTF-8'), ('COLCON', '1'), ('VTE_VERSION', '6003'), ('CMAKE_PREFIX_PATH', '/home/ysc/lite_cog_ros2/fast_gicp/install/fast_gicp:/home/ysc/lite_cog_ros2/ndt_omp/install/ndt_omp:/opt/ros/foxy')]), 'shell': False}
[79.564782] (-) TimerEvent: {}
[79.615501] (sensor_test) StdoutLine: {'line': b'-- Install configuration: "RELEASE"\n'}
[79.618584] (sensor_test) StdoutLine: {'line': b'-- Execute custom install script\n'}
[79.622383] (sensor_test) StdoutLine: {'line': b'-- Symlinking: /home/ysc/lite_cog_ros2/nav/install/sensor_test/lib/sensor_test/sensor_test\n'}
[79.637257] (hdl_global_localization) StdoutLine: {'line': b'[ 70%] Built target hdl_global_localization__rosidl_typesupport_fastrtps_c\n'}
[79.664836] (-) TimerEvent: {}
[79.708358] (sensor_test) StdoutLine: {'line': b'-- Up-to-date symlink: /home/ysc/lite_cog_ros2/nav/install/sensor_test/lib/sensor_test/sensor_test\n'}
[79.712133] (sensor_test) StdoutLine: {'line': b'-- Symlinking: /home/ysc/lite_cog_ros2/nav/install/sensor_test/share/ament_index/resource_index/package_run_dependencies/sensor_test\n'}
[79.765116] (-) TimerEvent: {}
[79.792416] (hdl_global_localization) StdoutLine: {'line': b'\x1b[35m\x1b[1mScanning dependencies of target hdl_global_localization\x1b[0m\n'}
[79.815895] (sensor_test) StdoutLine: {'line': b'-- Symlinking: /home/ysc/lite_cog_ros2/nav/install/sensor_test/share/ament_index/resource_index/parent_prefix_path/sensor_test\n'}
[79.865382] (-) TimerEvent: {}
[79.930697] (sensor_test) StdoutLine: {'line': b'-- Symlinking: /home/ysc/lite_cog_ros2/nav/install/sensor_test/share/sensor_test/environment/ament_prefix_path.sh\n'}
[79.965684] (-) TimerEvent: {}
[80.006855] (hdl_global_localization) StdoutLine: {'line': b'[ 70%] Built target hdl_global_localization\n'}
[80.031294] (sensor_test) StdoutLine: {'line': b'-- Symlinking: /home/ysc/lite_cog_ros2/nav/install/sensor_test/share/sensor_test/environment/ament_prefix_path.dsv\n'}
[80.065981] (-) TimerEvent: {}
[80.122641] (sensor_test) StdoutLine: {'line': b'-- Symlinking: /home/ysc/lite_cog_ros2/nav/install/sensor_test/share/sensor_test/environment/path.sh\n'}
[80.166271] (-) TimerEvent: {}
[80.188715] (hdl_global_localization) StdoutLine: {'line': b'\x1b[35m\x1b[1mScanning dependencies of target hdl_global_localization__py\x1b[0m\n'}
[80.213271] (sensor_test) StdoutLine: {'line': b'-- Symlinking: /home/ysc/lite_cog_ros2/nav/install/sensor_test/share/sensor_test/environment/path.dsv\n'}
[80.266591] (-) TimerEvent: {}
[80.286624] (sensor_test) StdoutLine: {'line': b'-- Symlinking: /home/ysc/lite_cog_ros2/nav/install/sensor_test/share/sensor_test/local_setup.bash\n'}
[80.366897] (-) TimerEvent: {}
[80.369719] (hdl_global_localization) StdoutLine: {'line': b'[ 72%] \x1b[34m\x1b[1mGenerating Python code for ROS interfaces\x1b[0m\n'}
[80.411625] (sensor_test) StdoutLine: {'line': b'-- Symlinking: /home/ysc/lite_cog_ros2/nav/install/sensor_test/share/sensor_test/local_setup.sh\n'}
[80.467204] (-) TimerEvent: {}
[80.532348] (sensor_test) StdoutLine: {'line': b'-- Symlinking: /home/ysc/lite_cog_ros2/nav/install/sensor_test/share/sensor_test/local_setup.zsh\n'}
[80.567476] (-) TimerEvent: {}
[80.655804] (sensor_test) StdoutLine: {'line': b'-- Symlinking: /home/ysc/lite_cog_ros2/nav/install/sensor_test/share/sensor_test/local_setup.dsv\n'}
[80.667754] (-) TimerEvent: {}
[80.770984] (-) TimerEvent: {}
[80.784822] (sensor_test) StdoutLine: {'line': b'-- Symlinking: /home/ysc/lite_cog_ros2/nav/install/sensor_test/share/sensor_test/package.dsv\n'}
[80.871228] (-) TimerEvent: {}
[80.892910] (sensor_test) StdoutLine: {'line': b'-- Symlinking: /home/ysc/lite_cog_ros2/nav/install/sensor_test/share/ament_index/resource_index/packages/sensor_test\n'}
[80.971517] (-) TimerEvent: {}
[80.984900] (sensor_test) StdoutLine: {'line': b'-- Symlinking: /home/ysc/lite_cog_ros2/nav/install/sensor_test/share/sensor_test/cmake/ament_cmake_export_dependencies-extras.cmake\n'}
[81.071766] (-) TimerEvent: {}
[81.107121] (sensor_test) StdoutLine: {'line': b'-- Symlinking: /home/ysc/lite_cog_ros2/nav/install/sensor_test/share/sensor_test/cmake/sensor_testConfig.cmake\n'}
[81.172028] (-) TimerEvent: {}
[81.273668] (-) TimerEvent: {}
[81.282646] (sensor_test) StdoutLine: {'line': b'-- Symlinking: /home/ysc/lite_cog_ros2/nav/install/sensor_test/share/sensor_test/cmake/sensor_testConfig-version.cmake\n'}
[81.373940] (-) TimerEvent: {}
[81.463244] (sensor_test) StdoutLine: {'line': b'-- Symlinking: /home/ysc/lite_cog_ros2/nav/install/sensor_test/share/sensor_test/package.xml\n'}
[81.474224] (-) TimerEvent: {}
[81.560970] (sensor_test) CommandEnded: {'returncode': 0}
[81.574565] (-) TimerEvent: {}
[81.676682] (-) TimerEvent: {}
[81.779593] (-) TimerEvent: {}
[81.881673] (-) TimerEvent: {}
[81.984007] (-) TimerEvent: {}
[82.087409] (-) TimerEvent: {}
[82.190275] (-) TimerEvent: {}
[82.242308] (sensor_test) JobEnded: {'identifier': 'sensor_test', 'rc': 0}
[82.290585] (-) TimerEvent: {}
[82.393149] (-) TimerEvent: {}
[82.495168] (-) TimerEvent: {}
[82.597384] (-) TimerEvent: {}
[82.701109] (-) TimerEvent: {}
[82.802771] (-) TimerEvent: {}
[82.905896] (-) TimerEvent: {}
[83.007428] (-) TimerEvent: {}
[83.110278] (-) TimerEvent: {}
[83.213430] (-) TimerEvent: {}
[83.315238] (-) TimerEvent: {}
[83.416710] (-) TimerEvent: {}
[83.517912] (-) TimerEvent: {}
[83.619492] (-) TimerEvent: {}
[83.721801] (-) TimerEvent: {}
[83.822967] (-) TimerEvent: {}
[83.924494] (-) TimerEvent: {}
[84.025619] (-) TimerEvent: {}
[84.126721] (-) TimerEvent: {}
[84.227839] (-) TimerEvent: {}
[84.331565] (-) TimerEvent: {}
[84.432869] (-) TimerEvent: {}
[84.533925] (-) TimerEvent: {}
[84.635489] (-) TimerEvent: {}
[84.736721] (-) TimerEvent: {}
[84.839601] (-) TimerEvent: {}
[84.940815] (-) TimerEvent: {}
[85.041896] (-) TimerEvent: {}
[85.149448] (-) TimerEvent: {}
[85.250468] (-) TimerEvent: {}
[85.351497] (-) TimerEvent: {}
[85.452818] (-) TimerEvent: {}
[85.553919] (-) TimerEvent: {}
[85.655069] (-) TimerEvent: {}
[85.756473] (-) TimerEvent: {}
[85.857619] (-) TimerEvent: {}
[85.958710] (-) TimerEvent: {}
[86.062529] (-) TimerEvent: {}
[86.165230] (-) TimerEvent: {}
[86.267058] (-) TimerEvent: {}
[86.368131] (-) TimerEvent: {}
[86.471813] (-) TimerEvent: {}
[86.573600] (-) TimerEvent: {}
[86.674852] (-) TimerEvent: {}
[86.777171] (-) TimerEvent: {}
[86.881112] (-) TimerEvent: {}
[86.986277] (-) TimerEvent: {}
[87.087488] (-) TimerEvent: {}
[87.188891] (-) TimerEvent: {}
[87.290327] (-) TimerEvent: {}
[87.396103] (-) TimerEvent: {}
[87.498153] (-) TimerEvent: {}
[87.600125] (-) TimerEvent: {}
[87.708883] (-) TimerEvent: {}
[87.820788] (-) TimerEvent: {}
[87.921810] (-) TimerEvent: {}
[88.024093] (-) TimerEvent: {}
[88.127768] (-) TimerEvent: {}
[88.230005] (-) TimerEvent: {}
[88.331049] (-) TimerEvent: {}
[88.500902] (-) TimerEvent: {}
[88.602639] (-) TimerEvent: {}
[88.704499] (-) TimerEvent: {}
[88.806259] (-) TimerEvent: {}
[88.907984] (-) TimerEvent: {}
[89.009683] (-) TimerEvent: {}
[89.110824] (-) TimerEvent: {}
[89.211945] (-) TimerEvent: {}
[89.313127] (-) TimerEvent: {}
[89.414268] (-) TimerEvent: {}
[89.516319] (-) TimerEvent: {}
[89.543412] (hdl_global_localization) StdoutLine: {'line': b'[ 72%] Built target hdl_global_localization__py\n'}
[89.619867] (-) TimerEvent: {}
[89.721430] (-) TimerEvent: {}
[89.822872] (-) TimerEvent: {}
[89.924514] (-) TimerEvent: {}
[90.027211] (-) TimerEvent: {}
[90.128743] (-) TimerEvent: {}
[90.231549] (-) TimerEvent: {}
[90.332803] (-) TimerEvent: {}
[90.433973] (-) TimerEvent: {}
[90.535174] (-) TimerEvent: {}
[90.636307] (-) TimerEvent: {}
[90.737518] (-) TimerEvent: {}
[90.838802] (-) TimerEvent: {}
[90.942775] (-) TimerEvent: {}
[91.043938] (-) TimerEvent: {}
[91.145128] (-) TimerEvent: {}
[91.246140] (-) TimerEvent: {}
[91.347403] (-) TimerEvent: {}
[91.449523] (-) TimerEvent: {}
[91.550707] (-) TimerEvent: {}
[91.652219] (-) TimerEvent: {}
[91.753461] (-) TimerEvent: {}
[91.854609] (-) TimerEvent: {}
[91.955773] (-) TimerEvent: {}
[92.056904] (-) TimerEvent: {}
[92.158329] (-) TimerEvent: {}
[92.259935] (-) TimerEvent: {}
[92.361867] (-) TimerEvent: {}
[92.463041] (-) TimerEvent: {}
[92.564186] (-) TimerEvent: {}
[92.665376] (-) TimerEvent: {}
[92.766394] (-) TimerEvent: {}
[92.867514] (-) TimerEvent: {}
[92.969032] (-) TimerEvent: {}
[93.071351] (-) TimerEvent: {}
[93.172464] (-) TimerEvent: {}
[93.273748] (-) TimerEvent: {}
[93.514543] (-) TimerEvent: {}
[93.615691] (-) TimerEvent: {}
[93.716978] (-) TimerEvent: {}
[93.818168] (-) TimerEvent: {}
[93.921586] (-) TimerEvent: {}
[94.025250] (-) TimerEvent: {}
[94.127351] (-) TimerEvent: {}
[94.230648] (-) TimerEvent: {}
[94.332471] (-) TimerEvent: {}
[94.434363] (-) TimerEvent: {}
[94.540882] (-) TimerEvent: {}
[94.644887] (-) TimerEvent: {}
[94.746987] (-) TimerEvent: {}
[94.851001] (-) TimerEvent: {}
[94.963401] (-) TimerEvent: {}
[95.064331] (-) TimerEvent: {}
[95.176984] (-) TimerEvent: {}
[95.278243] (-) TimerEvent: {}
[95.380836] (-) TimerEvent: {}
[95.494642] (-) TimerEvent: {}
[95.596031] (-) TimerEvent: {}
[95.697516] (-) TimerEvent: {}
[95.803190] (-) TimerEvent: {}
[95.905005] (-) TimerEvent: {}
[96.007516] (-) TimerEvent: {}
[96.112253] (-) TimerEvent: {}
[96.213828] (-) TimerEvent: {}
[96.315955] (-) TimerEvent: {}
[96.417809] (-) TimerEvent: {}
[96.520190] (-) TimerEvent: {}
[96.628039] (-) TimerEvent: {}
[96.729126] (-) TimerEvent: {}
[96.830227] (-) TimerEvent: {}
[96.931337] (-) TimerEvent: {}
[97.033424] (-) TimerEvent: {}
[97.138303] (-) TimerEvent: {}
[97.247487] (-) TimerEvent: {}
[97.348733] (-) TimerEvent: {}
[97.451702] (-) TimerEvent: {}
[97.552731] (-) TimerEvent: {}
[97.653728] (-) TimerEvent: {}
[97.755248] (-) TimerEvent: {}
[97.856454] (-) TimerEvent: {}
[97.957668] (-) TimerEvent: {}
[98.060790] (-) TimerEvent: {}
[98.161781] (-) TimerEvent: {}
[98.264179] (-) TimerEvent: {}
[98.365311] (-) TimerEvent: {}
[98.466401] (-) TimerEvent: {}
[98.568048] (-) TimerEvent: {}
[98.670860] (-) TimerEvent: {}
[98.772818] (-) TimerEvent: {}
[98.874064] (-) TimerEvent: {}
[98.975233] (-) TimerEvent: {}
[99.077051] (-) TimerEvent: {}
[99.179431] (-) TimerEvent: {}
[99.280822] (-) TimerEvent: {}
[99.382900] (-) TimerEvent: {}
[99.486292] (-) TimerEvent: {}
[99.587751] (-) TimerEvent: {}
[99.690252] (-) TimerEvent: {}
[99.791979] (-) TimerEvent: {}
[99.893545] (-) TimerEvent: {}
[99.995245] (-) TimerEvent: {}
[100.097769] (-) TimerEvent: {}
[100.199560] (-) TimerEvent: {}
[100.307833] (-) TimerEvent: {}
[100.408865] (-) TimerEvent: {}
[100.512056] (-) TimerEvent: {}
[100.613540] (-) TimerEvent: {}
[100.715735] (-) TimerEvent: {}
[100.816991] (-) TimerEvent: {}
[100.918241] (-) TimerEvent: {}
[101.020118] (-) TimerEvent: {}
[101.121297] (-) TimerEvent: {}
[101.222535] (-) TimerEvent: {}
[101.323691] (-) TimerEvent: {}
[101.425167] (-) TimerEvent: {}
[101.526583] (-) TimerEvent: {}
[101.627755] (-) TimerEvent: {}
[101.729880] (-) TimerEvent: {}
[101.831021] (-) TimerEvent: {}
[101.932201] (-) TimerEvent: {}
[102.033439] (-) TimerEvent: {}
[102.135084] (-) TimerEvent: {}
[102.236319] (-) TimerEvent: {}
[102.337665] (-) TimerEvent: {}
[102.439038] (-) TimerEvent: {}
[102.540218] (-) TimerEvent: {}
[102.641735] (-) TimerEvent: {}
[102.742914] (-) TimerEvent: {}
[102.844042] (-) TimerEvent: {}
[102.946322] (-) TimerEvent: {}
[103.047405] (-) TimerEvent: {}
[103.149809] (-) TimerEvent: {}
[103.251096] (-) TimerEvent: {}
[103.352766] (-) TimerEvent: {}
[103.590699] (-) TimerEvent: {}
[103.692084] (-) TimerEvent: {}
[103.793908] (-) TimerEvent: {}
[103.895272] (-) TimerEvent: {}
[103.996419] (-) TimerEvent: {}
[104.097664] (-) TimerEvent: {}
[104.198990] (-) TimerEvent: {}
[104.300776] (-) TimerEvent: {}
[104.402572] (-) TimerEvent: {}
[104.504075] (-) TimerEvent: {}
[104.605807] (-) TimerEvent: {}
[104.707287] (-) TimerEvent: {}
[104.809985] (-) TimerEvent: {}
[104.911247] (-) TimerEvent: {}
[105.012421] (-) TimerEvent: {}
[105.113638] (-) TimerEvent: {}
[105.215075] (-) TimerEvent: {}
[105.316348] (-) TimerEvent: {}
[105.419330] (-) TimerEvent: {}
[105.520480] (-) TimerEvent: {}
[105.621622] (-) TimerEvent: {}
[105.722757] (-) TimerEvent: {}
[105.823885] (-) TimerEvent: {}
[105.925197] (-) TimerEvent: {}
[106.026315] (-) TimerEvent: {}
[106.127418] (-) TimerEvent: {}
[106.228484] (-) TimerEvent: {}
[106.329707] (-) TimerEvent: {}
[106.430842] (-) TimerEvent: {}
[106.532024] (-) TimerEvent: {}
[106.633955] (-) TimerEvent: {}
[106.736121] (-) TimerEvent: {}
[106.837341] (-) TimerEvent: {}
[106.938605] (-) TimerEvent: {}
[107.039894] (-) TimerEvent: {}
[107.141262] (-) TimerEvent: {}
[107.242952] (-) TimerEvent: {}
[107.344801] (-) TimerEvent: {}
[107.446033] (-) TimerEvent: {}
[107.547226] (-) TimerEvent: {}
[107.648386] (-) TimerEvent: {}
[107.749761] (-) TimerEvent: {}
[107.851088] (-) TimerEvent: {}
[107.952365] (-) TimerEvent: {}
[108.053776] (-) TimerEvent: {}
[108.154981] (-) TimerEvent: {}
[108.256182] (-) TimerEvent: {}
[108.357500] (-) TimerEvent: {}
[108.458801] (-) TimerEvent: {}
[108.604778] (-) TimerEvent: {}
[108.706680] (-) TimerEvent: {}
[108.808450] (-) TimerEvent: {}
[108.909905] (-) TimerEvent: {}
[109.011535] (-) TimerEvent: {}
[109.112770] (-) TimerEvent: {}
[109.214014] (-) TimerEvent: {}
[109.315238] (-) TimerEvent: {}
[109.416587] (-) TimerEvent: {}
[109.518241] (-) TimerEvent: {}
[109.620123] (-) TimerEvent: {}
[109.722266] (-) TimerEvent: {}
[109.823849] (-) TimerEvent: {}
[109.925804] (-) TimerEvent: {}
[110.027632] (-) TimerEvent: {}
[110.128838] (-) TimerEvent: {}
[110.230637] (-) TimerEvent: {}
[110.332415] (-) TimerEvent: {}
[110.434312] (-) TimerEvent: {}
[110.535584] (-) TimerEvent: {}
[110.637533] (-) TimerEvent: {}
[110.739542] (-) TimerEvent: {}
[110.841474] (-) TimerEvent: {}
[110.942854] (-) TimerEvent: {}
[111.044118] (-) TimerEvent: {}
[111.145650] (-) TimerEvent: {}
[111.246926] (-) TimerEvent: {}
[111.348069] (-) TimerEvent: {}
[111.449388] (-) TimerEvent: {}
[111.550565] (-) TimerEvent: {}
[111.652983] (-) TimerEvent: {}
[111.754125] (-) TimerEvent: {}
[111.855322] (-) TimerEvent: {}
[111.956478] (-) TimerEvent: {}
[112.057785] (-) TimerEvent: {}
[112.159430] (-) TimerEvent: {}
[112.261878] (-) TimerEvent: {}
[112.363650] (-) TimerEvent: {}
[112.464782] (-) TimerEvent: {}
[112.566073] (-) TimerEvent: {}
[112.667821] (-) TimerEvent: {}
[112.770109] (-) TimerEvent: {}
[112.872750] (-) TimerEvent: {}
[112.974058] (-) TimerEvent: {}
[113.075459] (-) TimerEvent: {}
[113.177838] (-) TimerEvent: {}
[113.280221] (-) TimerEvent: {}
[113.382017] (-) TimerEvent: {}
[113.483404] (-) TimerEvent: {}
[113.584554] (-) TimerEvent: {}
[113.735637] (-) TimerEvent: {}
[113.837323] (-) TimerEvent: {}
[113.938482] (-) TimerEvent: {}
[114.040520] (-) TimerEvent: {}
[114.141759] (-) TimerEvent: {}
[114.242997] (-) TimerEvent: {}
[114.344144] (-) TimerEvent: {}
[114.445460] (-) TimerEvent: {}
[114.547006] (-) TimerEvent: {}
[114.648827] (-) TimerEvent: {}
[114.750608] (-) TimerEvent: {}
[114.851737] (-) TimerEvent: {}
[114.952986] (-) TimerEvent: {}
[115.054164] (-) TimerEvent: {}
[115.156936] (-) TimerEvent: {}
[115.258052] (-) TimerEvent: {}
[115.360688] (-) TimerEvent: {}
[115.461884] (-) TimerEvent: {}
[115.563758] (-) TimerEvent: {}
[115.665372] (-) TimerEvent: {}
[115.767757] (-) TimerEvent: {}
[115.870148] (-) TimerEvent: {}
[115.971982] (-) TimerEvent: {}
[116.073261] (-) TimerEvent: {}
[116.175965] (-) TimerEvent: {}
[116.277481] (-) TimerEvent: {}
[116.378799] (-) TimerEvent: {}
[116.480902] (-) TimerEvent: {}
[116.582079] (-) TimerEvent: {}
[116.683367] (-) TimerEvent: {}
[116.785800] (-) TimerEvent: {}
[116.887586] (-) TimerEvent: {}
[116.988925] (-) TimerEvent: {}
[117.090067] (-) TimerEvent: {}
[117.191272] (-) TimerEvent: {}
[117.292949] (-) TimerEvent: {}
[117.394085] (-) TimerEvent: {}
[117.495241] (-) TimerEvent: {}
[117.596249] (-) TimerEvent: {}
[117.697450] (-) TimerEvent: {}
[117.798666] (-) TimerEvent: {}
[117.900848] (-) TimerEvent: {}
[118.002671] (-) TimerEvent: {}
[118.115681] (-) TimerEvent: {}
[118.217325] (-) TimerEvent: {}
[118.319024] (-) TimerEvent: {}
[118.432790] (-) TimerEvent: {}
[118.533975] (-) TimerEvent: {}
[118.635767] (-) TimerEvent: {}
[118.737684] (-) TimerEvent: {}
[118.838897] (-) TimerEvent: {}
[118.940051] (-) TimerEvent: {}
[119.041558] (-) TimerEvent: {}
[119.142811] (-) TimerEvent: {}
[119.244077] (-) TimerEvent: {}
[119.345538] (-) TimerEvent: {}
[119.446702] (-) TimerEvent: {}
[119.548042] (-) TimerEvent: {}
[119.649448] (-) TimerEvent: {}
[119.750775] (-) TimerEvent: {}
[119.852058] (-) TimerEvent: {}
[119.953262] (-) TimerEvent: {}
[120.054402] (-) TimerEvent: {}
[120.155743] (-) TimerEvent: {}
[120.257185] (-) TimerEvent: {}
[120.358474] (-) TimerEvent: {}
[120.459828] (-) TimerEvent: {}
[120.561298] (-) TimerEvent: {}
[120.662415] (-) TimerEvent: {}
[120.763752] (-) TimerEvent: {}
[120.865190] (-) TimerEvent: {}
[120.966580] (-) TimerEvent: {}
[121.067744] (-) TimerEvent: {}
[121.169341] (-) TimerEvent: {}
[121.270547] (-) TimerEvent: {}
[121.371621] (-) TimerEvent: {}
[121.472802] (-) TimerEvent: {}
[121.573951] (-) TimerEvent: {}
[121.675235] (-) TimerEvent: {}
[121.776396] (-) TimerEvent: {}
[121.877581] (-) TimerEvent: {}
[121.978743] (-) TimerEvent: {}
[122.080516] (-) TimerEvent: {}
[122.317714] (-) TimerEvent: {}
[122.418940] (-) TimerEvent: {}
[122.520144] (-) TimerEvent: {}
[122.621375] (-) TimerEvent: {}
[122.722834] (-) TimerEvent: {}
[122.823959] (-) TimerEvent: {}
[122.925389] (-) TimerEvent: {}
[123.026475] (-) TimerEvent: {}
[123.127604] (-) TimerEvent: {}
[123.228576] (-) TimerEvent: {}
[123.329757] (-) TimerEvent: {}
[123.430785] (-) TimerEvent: {}
[123.531818] (-) TimerEvent: {}
[123.632968] (-) TimerEvent: {}
[123.734043] (-) TimerEvent: {}
[123.835169] (-) TimerEvent: {}
[123.936241] (-) TimerEvent: {}
[124.037420] (-) TimerEvent: {}
[124.138447] (-) TimerEvent: {}
[124.239610] (-) TimerEvent: {}
[124.340774] (-) TimerEvent: {}
[124.441788] (-) TimerEvent: {}
[124.542805] (-) TimerEvent: {}
[124.643845] (-) TimerEvent: {}
[124.744971] (-) TimerEvent: {}
[124.846013] (-) TimerEvent: {}
[124.947126] (-) TimerEvent: {}
[125.048197] (-) TimerEvent: {}
[125.149462] (-) TimerEvent: {}
[125.250468] (-) TimerEvent: {}
[125.351698] (-) TimerEvent: {}
[125.452827] (-) TimerEvent: {}
[125.553995] (-) TimerEvent: {}
[125.655223] (-) TimerEvent: {}
[125.756316] (-) TimerEvent: {}
[125.857475] (-) TimerEvent: {}
[125.958520] (-) TimerEvent: {}
[126.059649] (-) TimerEvent: {}
[126.160838] (-) TimerEvent: {}
[126.261995] (-) TimerEvent: {}
[126.363336] (-) TimerEvent: {}
[126.464523] (-) TimerEvent: {}
[126.565837] (-) TimerEvent: {}
[126.667021] (-) TimerEvent: {}
[126.768326] (-) TimerEvent: {}
[126.870243] (-) TimerEvent: {}
[126.971457] (-) TimerEvent: {}
[127.072797] (-) TimerEvent: {}
[127.174036] (-) TimerEvent: {}
[127.321512] (-) TimerEvent: {}
[127.422819] (-) TimerEvent: {}
[127.523924] (-) TimerEvent: {}
[127.625414] (-) TimerEvent: {}
[127.726756] (-) TimerEvent: {}
[127.827965] (-) TimerEvent: {}
[127.929574] (-) TimerEvent: {}
[128.030782] (-) TimerEvent: {}
[128.131919] (-) TimerEvent: {}
[128.233108] (-) TimerEvent: {}
[128.334244] (-) TimerEvent: {}
[128.435468] (-) TimerEvent: {}
[128.536462] (-) TimerEvent: {}
[128.637658] (-) TimerEvent: {}
[128.739344] (-) TimerEvent: {}
[128.840493] (-) TimerEvent: {}
[128.941824] (-) TimerEvent: {}
[129.042959] (-) TimerEvent: {}
[129.144098] (-) TimerEvent: {}
[129.245383] (-) TimerEvent: {}
[129.346558] (-) TimerEvent: {}
[129.447648] (-) TimerEvent: {}
[129.548837] (-) TimerEvent: {}
[129.650055] (-) TimerEvent: {}
[129.751162] (-) TimerEvent: {}
[129.852127] (-) TimerEvent: {}
[129.953275] (-) TimerEvent: {}
[130.054435] (-) TimerEvent: {}
[130.155498] (-) TimerEvent: {}
[130.256780] (-) TimerEvent: {}
[130.357952] (-) TimerEvent: {}
[130.459074] (-) TimerEvent: {}
[130.560219] (-) TimerEvent: {}
[130.661546] (-) TimerEvent: {}
[130.762724] (-) TimerEvent: {}
[130.863924] (-) TimerEvent: {}
[130.965514] (-) TimerEvent: {}
[131.066773] (-) TimerEvent: {}
[131.167951] (-) TimerEvent: {}
[131.269264] (-) TimerEvent: {}
[131.370379] (-) TimerEvent: {}
[131.471846] (-) TimerEvent: {}
[131.573082] (-) TimerEvent: {}
[131.674184] (-) TimerEvent: {}
[131.775241] (-) TimerEvent: {}
[131.876382] (-) TimerEvent: {}
[131.977554] (-) TimerEvent: {}
[132.078685] (-) TimerEvent: {}
[132.179890] (-) TimerEvent: {}
[132.325319] (-) TimerEvent: {}
[132.426608] (-) TimerEvent: {}
[132.527763] (-) TimerEvent: {}
[132.628968] (-) TimerEvent: {}
[132.730102] (-) TimerEvent: {}
[132.831234] (-) TimerEvent: {}
[132.932448] (-) TimerEvent: {}
[133.033922] (-) TimerEvent: {}
[133.137725] (-) TimerEvent: {}
[133.238720] (-) TimerEvent: {}
[133.339773] (-) TimerEvent: {}
[133.440835] (-) TimerEvent: {}
[133.541845] (-) TimerEvent: {}
[133.642883] (-) TimerEvent: {}
[133.743884] (-) TimerEvent: {}
[133.844978] (-) TimerEvent: {}
[133.946038] (-) TimerEvent: {}
[133.970637] (hdl_global_localization) StdoutLine: {'line': b'[ 74%] \x1b[32mBuilding CXX object CMakeFiles/hdl_global_localization_engines.dir/src/hdl_global_localization/engines/global_localization_fpfh_ransac.cpp.o\x1b[0m\n'}
[134.046316] (-) TimerEvent: {}
[134.147326] (-) TimerEvent: {}
[134.248323] (-) TimerEvent: {}
[134.349307] (-) TimerEvent: {}
[134.450331] (-) TimerEvent: {}
[134.551408] (-) TimerEvent: {}
[134.652524] (-) TimerEvent: {}
[134.753679] (-) TimerEvent: {}
[134.854891] (-) TimerEvent: {}
[134.956141] (-) TimerEvent: {}
[135.057316] (-) TimerEvent: {}
[135.158402] (-) TimerEvent: {}
[135.259552] (-) TimerEvent: {}
[135.360787] (-) TimerEvent: {}
[135.461925] (-) TimerEvent: {}
[135.563029] (-) TimerEvent: {}
[135.664130] (-) TimerEvent: {}
[135.765303] (-) TimerEvent: {}
[135.866417] (-) TimerEvent: {}
[135.967523] (-) TimerEvent: {}
[136.068544] (-) TimerEvent: {}
[136.169632] (-) TimerEvent: {}
[136.270508] (-) TimerEvent: {}
[136.371444] (-) TimerEvent: {}
[136.472356] (-) TimerEvent: {}
[136.573390] (-) TimerEvent: {}
[136.674382] (-) TimerEvent: {}
[136.775403] (-) TimerEvent: {}
[136.876442] (-) TimerEvent: {}
[136.977578] (-) TimerEvent: {}
[137.078634] (-) TimerEvent: {}
[137.179672] (-) TimerEvent: {}
[137.280819] (-) TimerEvent: {}
[137.424986] (-) TimerEvent: {}
[137.526110] (-) TimerEvent: {}
[137.627194] (-) TimerEvent: {}
[137.728210] (-) TimerEvent: {}
[137.829372] (-) TimerEvent: {}
[137.930475] (-) TimerEvent: {}
[138.031491] (-) TimerEvent: {}
[138.132561] (-) TimerEvent: {}
[138.233662] (-) TimerEvent: {}
[138.334866] (-) TimerEvent: {}
[138.435967] (-) TimerEvent: {}
[138.537167] (-) TimerEvent: {}
[138.638272] (-) TimerEvent: {}
[138.739376] (-) TimerEvent: {}
[138.840462] (-) TimerEvent: {}
[138.941631] (-) TimerEvent: {}
[139.042712] (-) TimerEvent: {}
[139.143836] (-) TimerEvent: {}
[139.245026] (-) TimerEvent: {}
[139.346144] (-) TimerEvent: {}
[139.447221] (-) TimerEvent: {}
[139.548350] (-) TimerEvent: {}
[139.649694] (-) TimerEvent: {}
[139.750793] (-) TimerEvent: {}
[139.851900] (-) TimerEvent: {}
[139.953060] (-) TimerEvent: {}
[140.054168] (-) TimerEvent: {}
[140.155245] (-) TimerEvent: {}
[140.256176] (-) TimerEvent: {}
[140.357298] (-) TimerEvent: {}
[140.458363] (-) TimerEvent: {}
[140.559506] (-) TimerEvent: {}
[140.660690] (-) TimerEvent: {}
[140.761788] (-) TimerEvent: {}
[140.862867] (-) TimerEvent: {}
[140.963919] (-) TimerEvent: {}
[141.065086] (-) TimerEvent: {}
[141.166229] (-) TimerEvent: {}
[141.267324] (-) TimerEvent: {}
[141.368417] (-) TimerEvent: {}
[141.469602] (-) TimerEvent: {}
[141.570738] (-) TimerEvent: {}
[141.671774] (-) TimerEvent: {}
[141.772963] (-) TimerEvent: {}
[141.874040] (-) TimerEvent: {}
[141.975161] (-) TimerEvent: {}
[142.076310] (-) TimerEvent: {}
[142.177459] (-) TimerEvent: {}
[142.278475] (-) TimerEvent: {}
[142.379538] (-) TimerEvent: {}
[142.480582] (-) TimerEvent: {}
[142.621307] (-) TimerEvent: {}
[142.722333] (-) TimerEvent: {}
[142.823365] (-) TimerEvent: {}
[142.924330] (-) TimerEvent: {}
[143.025462] (-) TimerEvent: {}
[143.126531] (-) TimerEvent: {}
[143.227550] (-) TimerEvent: {}
[143.328639] (-) TimerEvent: {}
[143.429752] (-) TimerEvent: {}
[143.530994] (-) TimerEvent: {}
[143.632114] (-) TimerEvent: {}
[143.733256] (-) TimerEvent: {}
[143.834389] (-) TimerEvent: {}
[143.935419] (-) TimerEvent: {}
[144.036511] (-) TimerEvent: {}
[144.137709] (-) TimerEvent: {}
[144.238824] (-) TimerEvent: {}
[144.340026] (-) TimerEvent: {}
[144.441216] (-) TimerEvent: {}
[144.542271] (-) TimerEvent: {}
[144.643409] (-) TimerEvent: {}
[144.744457] (-) TimerEvent: {}
[144.845601] (-) TimerEvent: {}
[144.946755] (-) TimerEvent: {}
[145.047923] (-) TimerEvent: {}
[145.149123] (-) TimerEvent: {}
[145.250256] (-) TimerEvent: {}
[145.351396] (-) TimerEvent: {}
[145.452407] (-) TimerEvent: {}
[145.553535] (-) TimerEvent: {}
[145.654590] (-) TimerEvent: {}
[145.755730] (-) TimerEvent: {}
[145.856878] (-) TimerEvent: {}
[145.957994] (-) TimerEvent: {}
[146.059139] (-) TimerEvent: {}
[146.160222] (-) TimerEvent: {}
[146.261326] (-) TimerEvent: {}
[146.362375] (-) TimerEvent: {}
[146.463440] (-) TimerEvent: {}
[146.564697] (-) TimerEvent: {}
[146.665835] (-) TimerEvent: {}
[146.766943] (-) TimerEvent: {}
[146.868120] (-) TimerEvent: {}
[146.969294] (-) TimerEvent: {}
[147.070487] (-) TimerEvent: {}
[147.171578] (-) TimerEvent: {}
[147.272795] (-) TimerEvent: {}
[147.373861] (-) TimerEvent: {}
[147.474967] (-) TimerEvent: {}
[147.575992] (-) TimerEvent: {}
[147.677116] (-) TimerEvent: {}
[147.817498] (-) TimerEvent: {}
[147.918536] (-) TimerEvent: {}
[148.019680] (-) TimerEvent: {}
[148.120765] (-) TimerEvent: {}
[148.221797] (-) TimerEvent: {}
[148.322869] (-) TimerEvent: {}
[148.423948] (-) TimerEvent: {}
[148.525127] (-) TimerEvent: {}
[148.626204] (-) TimerEvent: {}
[148.727292] (-) TimerEvent: {}
[148.828384] (-) TimerEvent: {}
[148.929505] (-) TimerEvent: {}
[149.030599] (-) TimerEvent: {}
[149.131652] (-) TimerEvent: {}
[149.232732] (-) TimerEvent: {}
[149.333782] (-) TimerEvent: {}
[149.434771] (-) TimerEvent: {}
[149.535875] (-) TimerEvent: {}
[149.636996] (-) TimerEvent: {}
[149.737976] (-) TimerEvent: {}
[149.839067] (-) TimerEvent: {}
[149.940174] (-) TimerEvent: {}
[150.041376] (-) TimerEvent: {}
[150.142436] (-) TimerEvent: {}
[150.243478] (-) TimerEvent: {}
[150.344570] (-) TimerEvent: {}
[150.445725] (-) TimerEvent: {}
[150.546745] (-) TimerEvent: {}
[150.647766] (-) TimerEvent: {}
[150.748817] (-) TimerEvent: {}
[150.849863] (-) TimerEvent: {}
[150.950920] (-) TimerEvent: {}
[151.051976] (-) TimerEvent: {}
[151.153066] (-) TimerEvent: {}
[151.254080] (-) TimerEvent: {}
[151.355132] (-) TimerEvent: {}
[151.456118] (-) TimerEvent: {}
[151.557215] (-) TimerEvent: {}
[151.658293] (-) TimerEvent: {}
[151.759393] (-) TimerEvent: {}
[151.860427] (-) TimerEvent: {}
[151.961564] (-) TimerEvent: {}
[152.062676] (-) TimerEvent: {}
[152.163652] (-) TimerEvent: {}
[152.264674] (-) TimerEvent: {}
[152.365760] (-) TimerEvent: {}
[152.466780] (-) TimerEvent: {}
[152.567871] (-) TimerEvent: {}
[152.668975] (-) TimerEvent: {}
[152.770084] (-) TimerEvent: {}
[152.871155] (-) TimerEvent: {}
[153.014830] (-) TimerEvent: {}
[153.116362] (-) TimerEvent: {}
[153.217588] (-) TimerEvent: {}
[153.318692] (-) TimerEvent: {}
[153.419854] (-) TimerEvent: {}
[153.521043] (-) TimerEvent: {}
[153.622160] (-) TimerEvent: {}
[153.723328] (-) TimerEvent: {}
[153.824453] (-) TimerEvent: {}
[153.925697] (-) TimerEvent: {}
[154.026873] (-) TimerEvent: {}
[154.127986] (-) TimerEvent: {}
[154.229179] (-) TimerEvent: {}
[154.330306] (-) TimerEvent: {}
[154.431639] (-) TimerEvent: {}
[154.532901] (-) TimerEvent: {}
[154.634132] (-) TimerEvent: {}
[154.735364] (-) TimerEvent: {}
[154.836925] (-) TimerEvent: {}
[154.938148] (-) TimerEvent: {}
[155.039404] (-) TimerEvent: {}
[155.140532] (-) TimerEvent: {}
[155.241926] (-) TimerEvent: {}
[155.343220] (-) TimerEvent: {}
[155.444575] (-) TimerEvent: {}
[155.545886] (-) TimerEvent: {}
[155.647085] (-) TimerEvent: {}
[155.748217] (-) TimerEvent: {}
[155.849437] (-) TimerEvent: {}
[155.950593] (-) TimerEvent: {}
[156.052253] (-) TimerEvent: {}
[156.153569] (-) TimerEvent: {}
[156.254808] (-) TimerEvent: {}
[156.356016] (-) TimerEvent: {}
[156.457365] (-) TimerEvent: {}
[156.558698] (-) TimerEvent: {}
[156.660017] (-) TimerEvent: {}
[156.761454] (-) TimerEvent: {}
[156.864765] (-) TimerEvent: {}
[156.965824] (-) TimerEvent: {}
[157.066825] (-) TimerEvent: {}
[157.167796] (-) TimerEvent: {}
[157.268823] (-) TimerEvent: {}
[157.369841] (-) TimerEvent: {}
[157.470907] (-) TimerEvent: {}
[157.571899] (-) TimerEvent: {}
[157.672977] (-) TimerEvent: {}
[157.773962] (-) TimerEvent: {}
[157.874973] (-) TimerEvent: {}
[157.976007] (-) TimerEvent: {}
[158.118804] (-) TimerEvent: {}
[158.220675] (-) TimerEvent: {}
[158.321731] (-) TimerEvent: {}
[158.422768] (-) TimerEvent: {}
[158.523790] (-) TimerEvent: {}
[158.624940] (-) TimerEvent: {}
[158.726006] (-) TimerEvent: {}
[158.827072] (-) TimerEvent: {}
[158.928124] (-) TimerEvent: {}
[159.029238] (-) TimerEvent: {}
[159.130345] (-) TimerEvent: {}
[159.231420] (-) TimerEvent: {}
[159.332464] (-) TimerEvent: {}
[159.433556] (-) TimerEvent: {}
[159.534628] (-) TimerEvent: {}
[159.635637] (-) TimerEvent: {}
[159.736763] (-) TimerEvent: {}
[159.837792] (-) TimerEvent: {}
[159.938823] (-) TimerEvent: {}
[160.039998] (-) TimerEvent: {}
[160.141101] (-) TimerEvent: {}
[160.242111] (-) TimerEvent: {}
[160.343159] (-) TimerEvent: {}
[160.444236] (-) TimerEvent: {}
[160.545380] (-) TimerEvent: {}
[160.646426] (-) TimerEvent: {}
[160.747434] (-) TimerEvent: {}
[160.848507] (-) TimerEvent: {}
[160.949676] (-) TimerEvent: {}
[161.050737] (-) TimerEvent: {}
[161.151778] (-) TimerEvent: {}
[161.252833] (-) TimerEvent: {}
[161.353850] (-) TimerEvent: {}
[161.454911] (-) TimerEvent: {}
[161.555962] (-) TimerEvent: {}
[161.657059] (-) TimerEvent: {}
[161.758089] (-) TimerEvent: {}
[161.859145] (-) TimerEvent: {}
[161.960161] (-) TimerEvent: {}
[162.061262] (-) TimerEvent: {}
[162.162394] (-) TimerEvent: {}
[162.263452] (-) TimerEvent: {}
[162.364501] (-) TimerEvent: {}
[162.465662] (-) TimerEvent: {}
[162.566765] (-) TimerEvent: {}
[162.667826] (-) TimerEvent: {}
[162.769091] (-) TimerEvent: {}
[162.870573] (-) TimerEvent: {}
[162.971612] (-) TimerEvent: {}
[163.072783] (-) TimerEvent: {}
[163.274630] (-) TimerEvent: {}
[163.375749] (-) TimerEvent: {}
[163.476927] (-) TimerEvent: {}
[163.577994] (-) TimerEvent: {}
[163.678961] (-) TimerEvent: {}
[163.779957] (-) TimerEvent: {}
[163.881116] (-) TimerEvent: {}
[163.982158] (-) TimerEvent: {}
[164.083254] (-) TimerEvent: {}
[164.184315] (-) TimerEvent: {}
[164.285471] (-) TimerEvent: {}
[164.386482] (-) TimerEvent: {}
[164.487494] (-) TimerEvent: {}
[164.588512] (-) TimerEvent: {}
[164.689696] (-) TimerEvent: {}
[164.790745] (-) TimerEvent: {}
[164.891696] (-) TimerEvent: {}
[164.992787] (-) TimerEvent: {}
[165.093775] (-) TimerEvent: {}
[165.194803] (-) TimerEvent: {}
[165.295818] (-) TimerEvent: {}
[165.396797] (-) TimerEvent: {}
[165.497767] (-) TimerEvent: {}
[165.598752] (-) TimerEvent: {}
[165.699757] (-) TimerEvent: {}
[165.800840] (-) TimerEvent: {}
[165.901886] (-) TimerEvent: {}
[166.002877] (-) TimerEvent: {}
[166.103930] (-) TimerEvent: {}
[166.204990] (-) TimerEvent: {}
[166.306098] (-) TimerEvent: {}
[166.407073] (-) TimerEvent: {}
[166.507989] (-) TimerEvent: {}
[166.609103] (-) TimerEvent: {}
[166.710152] (-) TimerEvent: {}
[166.811212] (-) TimerEvent: {}
[166.912224] (-) TimerEvent: {}
[167.013386] (-) TimerEvent: {}
[167.114371] (-) TimerEvent: {}
[167.215387] (-) TimerEvent: {}
[167.316462] (-) TimerEvent: {}
[167.417534] (-) TimerEvent: {}
[167.518507] (-) TimerEvent: {}
[167.619555] (-) TimerEvent: {}
[167.720666] (-) TimerEvent: {}
[167.821730] (-) TimerEvent: {}
[167.922733] (-) TimerEvent: {}
[168.023782] (-) TimerEvent: {}
[168.124847] (-) TimerEvent: {}
[168.315064] (-) TimerEvent: {}
[168.416141] (-) TimerEvent: {}
[168.517198] (-) TimerEvent: {}
[168.618249] (-) TimerEvent: {}
[168.719269] (-) TimerEvent: {}
[168.820402] (-) TimerEvent: {}
[168.921534] (-) TimerEvent: {}
[169.022650] (-) TimerEvent: {}
[169.123692] (-) TimerEvent: {}
[169.224695] (-) TimerEvent: {}
[169.325780] (-) TimerEvent: {}
[169.427207] (-) TimerEvent: {}
[169.528258] (-) TimerEvent: {}
[169.629414] (-) TimerEvent: {}
[169.730576] (-) TimerEvent: {}
[169.831564] (-) TimerEvent: {}
[169.932670] (-) TimerEvent: {}
[170.033712] (-) TimerEvent: {}
[170.134858] (-) TimerEvent: {}
[170.236010] (-) TimerEvent: {}
[170.337305] (-) TimerEvent: {}
[170.341859] (hdl_global_localization) StdoutLine: {'line': b'[ 75%] \x1b[32m\x1b[1mLinking CXX shared library libhdl_global_localization_engines.so\x1b[0m\n'}
[170.437568] (-) TimerEvent: {}
[170.538709] (-) TimerEvent: {}
[170.639807] (-) TimerEvent: {}
[170.741668] (-) TimerEvent: {}
[170.842811] (-) TimerEvent: {}
[170.943864] (-) TimerEvent: {}
[171.044975] (-) TimerEvent: {}
[171.145980] (-) TimerEvent: {}
[171.247025] (-) TimerEvent: {}
[171.348083] (-) TimerEvent: {}
[171.449375] (-) TimerEvent: {}
[171.550509] (-) TimerEvent: {}
[171.651680] (-) TimerEvent: {}
[171.752913] (-) TimerEvent: {}
[171.854029] (-) TimerEvent: {}
[171.955090] (-) TimerEvent: {}
[172.056216] (-) TimerEvent: {}
[172.157432] (-) TimerEvent: {}
[172.258385] (-) TimerEvent: {}
[172.359526] (-) TimerEvent: {}
[172.460688] (-) TimerEvent: {}
[172.561760] (-) TimerEvent: {}
[172.662912] (-) TimerEvent: {}
[172.764040] (-) TimerEvent: {}
[172.865239] (-) TimerEvent: {}
[172.966328] (-) TimerEvent: {}
[173.067393] (-) TimerEvent: {}
[173.168480] (-) TimerEvent: {}
[173.269730] (-) TimerEvent: {}
[173.370827] (-) TimerEvent: {}
[173.471877] (-) TimerEvent: {}
[173.573136] (-) TimerEvent: {}
[173.674227] (-) TimerEvent: {}
[173.775614] (-) TimerEvent: {}
[173.876708] (-) TimerEvent: {}
[173.977678] (-) TimerEvent: {}
[174.078746] (-) TimerEvent: {}
[174.179821] (-) TimerEvent: {}
[174.280992] (-) TimerEvent: {}
[174.382054] (-) TimerEvent: {}
[174.483170] (-) TimerEvent: {}
[174.584298] (-) TimerEvent: {}
[174.685483] (-) TimerEvent: {}
[174.786669] (-) TimerEvent: {}
[174.887715] (-) TimerEvent: {}
[174.988822] (-) TimerEvent: {}
[175.089877] (-) TimerEvent: {}
[175.190952] (-) TimerEvent: {}
[175.292048] (-) TimerEvent: {}
[175.393192] (-) TimerEvent: {}
[175.494309] (-) TimerEvent: {}
[175.595395] (-) TimerEvent: {}
[175.696461] (-) TimerEvent: {}
[175.797590] (-) TimerEvent: {}
[175.933474] (-) TimerEvent: {}
[176.034518] (-) TimerEvent: {}
[176.135628] (-) TimerEvent: {}
[176.236709] (-) TimerEvent: {}
[176.337695] (-) TimerEvent: {}
[176.438691] (-) TimerEvent: {}
[176.539785] (-) TimerEvent: {}
[176.640791] (-) TimerEvent: {}
[176.741856] (-) TimerEvent: {}
[176.842881] (-) TimerEvent: {}
[176.943894] (-) TimerEvent: {}
[177.044989] (-) TimerEvent: {}
[177.146119] (-) TimerEvent: {}
[177.247112] (-) TimerEvent: {}
[177.348162] (-) TimerEvent: {}
[177.449269] (-) TimerEvent: {}
[177.550396] (-) TimerEvent: {}
[177.651508] (-) TimerEvent: {}
[177.752583] (-) TimerEvent: {}
[177.853704] (-) TimerEvent: {}
[177.954789] (-) TimerEvent: {}
[178.055883] (-) TimerEvent: {}
[178.157039] (-) TimerEvent: {}
[178.258278] (-) TimerEvent: {}
[178.359347] (-) TimerEvent: {}
[178.460423] (-) TimerEvent: {}
[178.561562] (-) TimerEvent: {}
[178.662653] (-) TimerEvent: {}
[178.763692] (-) TimerEvent: {}
[178.864763] (-) TimerEvent: {}
[178.965821] (-) TimerEvent: {}
[179.066831] (-) TimerEvent: {}
[179.167854] (-) TimerEvent: {}
[179.268905] (-) TimerEvent: {}
[179.369899] (-) TimerEvent: {}
[179.470940] (-) TimerEvent: {}
[179.571918] (-) TimerEvent: {}
[179.672995] (-) TimerEvent: {}
[179.773968] (-) TimerEvent: {}
[179.874997] (-) TimerEvent: {}
[179.975992] (-) TimerEvent: {}
[180.077085] (-) TimerEvent: {}
[180.178109] (-) TimerEvent: {}
[180.279166] (-) TimerEvent: {}
[180.380230] (-) TimerEvent: {}
[180.481336] (-) TimerEvent: {}
[180.582362] (-) TimerEvent: {}
[180.683426] (-) TimerEvent: {}
[180.784479] (-) TimerEvent: {}
[180.885808] (-) TimerEvent: {}
[180.987148] (-) TimerEvent: {}
[181.088214] (-) TimerEvent: {}
[181.189334] (-) TimerEvent: {}
[181.290391] (-) TimerEvent: {}
[181.391336] (-) TimerEvent: {}
[181.492305] (-) TimerEvent: {}
[181.593370] (-) TimerEvent: {}
[181.694472] (-) TimerEvent: {}
[181.795524] (-) TimerEvent: {}
[181.896525] (-) TimerEvent: {}
[181.997738] (-) TimerEvent: {}
[182.098865] (-) TimerEvent: {}
[182.199990] (-) TimerEvent: {}
[182.301089] (-) TimerEvent: {}
[182.402104] (-) TimerEvent: {}
[182.503089] (-) TimerEvent: {}
[182.604175] (-) TimerEvent: {}
[182.705307] (-) TimerEvent: {}
[182.806383] (-) TimerEvent: {}
[182.907546] (-) TimerEvent: {}
[183.008767] (-) TimerEvent: {}
[183.110008] (-) TimerEvent: {}
[183.211206] (-) TimerEvent: {}
[183.312270] (-) TimerEvent: {}
[183.413464] (-) TimerEvent: {}
[183.514529] (-) TimerEvent: {}
[183.615641] (-) TimerEvent: {}
[183.716806] (-) TimerEvent: {}
[183.817892] (-) TimerEvent: {}
[183.919030] (-) TimerEvent: {}
[184.020193] (-) TimerEvent: {}
[184.121467] (-) TimerEvent: {}
[184.222697] (-) TimerEvent: {}
[184.323823] (-) TimerEvent: {}
[184.425095] (-) TimerEvent: {}
[184.526092] (-) TimerEvent: {}
[184.627223] (-) TimerEvent: {}
[184.728261] (-) TimerEvent: {}
[184.829404] (-) TimerEvent: {}
[184.930473] (-) TimerEvent: {}
[185.015954] (hdl_global_localization) StdoutLine: {'line': b'[ 75%] Built target hdl_global_localization_engines\n'}
[185.030708] (-) TimerEvent: {}
[185.090109] (hdl_global_localization) StdoutLine: {'line': b'\x1b[35m\x1b[1mScanning dependencies of target hdl_global_localization_node\x1b[0m\n'}
[185.091268] (hdl_global_localization) StdoutLine: {'line': b'\x1b[35m\x1b[1mScanning dependencies of target hdl_global_localization__python\x1b[0m\n'}
[185.099280] (hdl_global_localization) StdoutLine: {'line': b'\x1b[35m\x1b[1mScanning dependencies of target hdl_global_localization_test\x1b[0m\n'}
[185.130904] (-) TimerEvent: {}
[185.232416] (-) TimerEvent: {}
[185.261275] (hdl_global_localization) StdoutLine: {'line': b'[ 77%] \x1b[32mBuilding C object CMakeFiles/hdl_global_localization__python.dir/rosidl_generator_py/hdl_global_localization/srv/_query_global_localization_s.c.o\x1b[0m\n'}
[185.262678] (hdl_global_localization) StdoutLine: {'line': b'[ 79%] \x1b[32mBuilding C object CMakeFiles/hdl_global_localization__python.dir/rosidl_generator_py/hdl_global_localization/srv/_set_global_map_s.c.o\x1b[0m\n'}
[185.278935] (hdl_global_localization) StdoutLine: {'line': b'[ 81%] \x1b[32mBuilding C object CMakeFiles/hdl_global_localization__python.dir/rosidl_generator_py/hdl_global_localization/srv/_set_global_localization_engine_s.c.o\x1b[0m\n'}
[185.332789] (-) TimerEvent: {}
[185.433921] (-) TimerEvent: {}
[185.535037] (-) TimerEvent: {}
[185.637124] (-) TimerEvent: {}
[185.738158] (-) TimerEvent: {}
[185.839236] (-) TimerEvent: {}
[185.940782] (-) TimerEvent: {}
[186.041746] (-) TimerEvent: {}
[186.068743] (hdl_global_localization) StdoutLine: {'line': b'[ 82%] \x1b[32mBuilding CXX object CMakeFiles/hdl_global_localization_node.dir/src/hdl_global_localization_node_ros2.cpp.o\x1b[0m\n'}
[186.142014] (-) TimerEvent: {}
[186.229489] (hdl_global_localization) StdoutLine: {'line': b'[ 84%] \x1b[32m\x1b[1mLinking C shared library rosidl_generator_py/hdl_global_localization/libhdl_global_localization__python.so\x1b[0m\n'}
[186.242272] (-) TimerEvent: {}
[186.343795] (-) TimerEvent: {}
[186.421740] (hdl_global_localization) StdoutLine: {'line': b'[ 86%] \x1b[32mBuilding CXX object CMakeFiles/hdl_global_localization_test.dir/src/hdl_global_localization_test_ros2.cpp.o\x1b[0m\n'}
[186.444044] (-) TimerEvent: {}
[186.546103] (-) TimerEvent: {}
[186.552888] (hdl_global_localization) StdoutLine: {'line': b'[ 86%] Built target hdl_global_localization__python\n'}
[186.645729] (hdl_global_localization) StdoutLine: {'line': b'\x1b[35m\x1b[1mScanning dependencies of target hdl_global_localization__rosidl_typesupport_introspection_c__pyext\x1b[0m\n'}
[186.646483] (-) TimerEvent: {}
[186.647878] (hdl_global_localization) StdoutLine: {'line': b'\x1b[35m\x1b[1mScanning dependencies of target hdl_global_localization__rosidl_typesupport_c__pyext\x1b[0m\n'}
[186.693500] (hdl_global_localization) StdoutLine: {'line': b'\x1b[35m\x1b[1mScanning dependencies of target hdl_global_localization__rosidl_typesupport_fastrtps_c__pyext\x1b[0m\n'}
[186.746754] (-) TimerEvent: {}
[186.847709] (-) TimerEvent: {}
[186.856294] (hdl_global_localization) StdoutLine: {'line': b'[ 87%] \x1b[32mBuilding C object CMakeFiles/hdl_global_localization__rosidl_typesupport_introspection_c__pyext.dir/rosidl_generator_py/hdl_global_localization/_hdl_global_localization_s.ep.rosidl_typesupport_introspection_c.c.o\x1b[0m\n'}
[186.879380] (hdl_global_localization) StdoutLine: {'line': b'[ 89%] \x1b[32mBuilding C object CMakeFiles/hdl_global_localization__rosidl_typesupport_c__pyext.dir/rosidl_generator_py/hdl_global_localization/_hdl_global_localization_s.ep.rosidl_typesupport_c.c.o\x1b[0m\n'}
[186.899183] (hdl_global_localization) StdoutLine: {'line': b'[ 91%] \x1b[32mBuilding C object CMakeFiles/hdl_global_localization__rosidl_typesupport_fastrtps_c__pyext.dir/rosidl_generator_py/hdl_global_localization/_hdl_global_localization_s.ep.rosidl_typesupport_fastrtps_c.c.o\x1b[0m\n'}
[186.947977] (-) TimerEvent: {}
[187.049681] (-) TimerEvent: {}
[187.151407] (-) TimerEvent: {}
[187.253309] (-) TimerEvent: {}
[187.355045] (-) TimerEvent: {}
[187.456808] (-) TimerEvent: {}
[187.557898] (-) TimerEvent: {}
[187.642579] (hdl_global_localization) StdoutLine: {'line': b'[ 93%] \x1b[32m\x1b[1mLinking C shared library rosidl_generator_py/hdl_global_localization/hdl_global_localization_s__rosidl_typesupport_introspection_c.cpython-38-aarch64-linux-gnu.so\x1b[0m\n'}
[187.655320] (hdl_global_localization) StdoutLine: {'line': b'[ 94%] \x1b[32m\x1b[1mLinking C shared library rosidl_generator_py/hdl_global_localization/hdl_global_localization_s__rosidl_typesupport_c.cpython-38-aarch64-linux-gnu.so\x1b[0m\n'}
[187.658082] (-) TimerEvent: {}
[187.661144] (hdl_global_localization) StdoutLine: {'line': b'[ 96%] \x1b[32m\x1b[1mLinking CXX shared library rosidl_generator_py/hdl_global_localization/hdl_global_localization_s__rosidl_typesupport_fastrtps_c.cpython-38-aarch64-linux-gnu.so\x1b[0m\n'}
[187.758360] (-) TimerEvent: {}
[187.860258] (-) TimerEvent: {}
[187.961585] (-) TimerEvent: {}
[187.987641] (hdl_global_localization) StdoutLine: {'line': b'[ 96%] Built target hdl_global_localization__rosidl_typesupport_introspection_c__pyext\n'}
[188.004664] (hdl_global_localization) StdoutLine: {'line': b'[ 96%] Built target hdl_global_localization__rosidl_typesupport_c__pyext\n'}
[188.061828] (-) TimerEvent: {}
[188.155849] (hdl_global_localization) StdoutLine: {'line': b'[ 96%] Built target hdl_global_localization__rosidl_typesupport_fastrtps_c__pyext\n'}
[188.162046] (-) TimerEvent: {}
[188.263534] (-) TimerEvent: {}
[188.364572] (-) TimerEvent: {}
[188.465613] (-) TimerEvent: {}
[188.566641] (-) TimerEvent: {}
[188.667626] (-) TimerEvent: {}
[188.768717] (-) TimerEvent: {}
[188.869877] (-) TimerEvent: {}
[188.970829] (-) TimerEvent: {}
[189.071885] (-) TimerEvent: {}
[189.172951] (-) TimerEvent: {}
[189.274010] (-) TimerEvent: {}
[189.375036] (-) TimerEvent: {}
[189.476110] (-) TimerEvent: {}
[189.577175] (-) TimerEvent: {}
[189.678157] (-) TimerEvent: {}
[189.779178] (-) TimerEvent: {}
[189.880325] (-) TimerEvent: {}
[189.981465] (-) TimerEvent: {}
[190.082546] (-) TimerEvent: {}
[190.183536] (-) TimerEvent: {}
[190.284505] (-) TimerEvent: {}
[190.385591] (-) TimerEvent: {}
[190.486602] (-) TimerEvent: {}
[190.587685] (-) TimerEvent: {}
[190.688717] (-) TimerEvent: {}
[190.789734] (-) TimerEvent: {}
[190.891149] (-) TimerEvent: {}
[190.992163] (-) TimerEvent: {}
[191.093306] (-) TimerEvent: {}
[191.194350] (-) TimerEvent: {}
[191.295231] (-) TimerEvent: {}
[191.396275] (-) TimerEvent: {}
[191.497404] (-) TimerEvent: {}
[191.598437] (-) TimerEvent: {}
[191.699479] (-) TimerEvent: {}
[191.800583] (-) TimerEvent: {}
[191.901689] (-) TimerEvent: {}
[192.002718] (-) TimerEvent: {}
[192.103804] (-) TimerEvent: {}
[192.205095] (-) TimerEvent: {}
[192.306243] (-) TimerEvent: {}
[192.407273] (-) TimerEvent: {}
[192.508292] (-) TimerEvent: {}
[192.609490] (-) TimerEvent: {}
[192.710522] (-) TimerEvent: {}
[192.811567] (-) TimerEvent: {}
[192.912713] (-) TimerEvent: {}
[193.013756] (-) TimerEvent: {}
[193.114871] (-) TimerEvent: {}
[193.216355] (-) TimerEvent: {}
[193.317524] (-) TimerEvent: {}
[193.418729] (-) TimerEvent: {}
[193.520402] (-) TimerEvent: {}
[193.621668] (-) TimerEvent: {}
[193.722749] (-) TimerEvent: {}
[193.823825] (-) TimerEvent: {}
[193.924971] (-) TimerEvent: {}
[194.026016] (-) TimerEvent: {}
[194.127074] (-) TimerEvent: {}
[194.228128] (-) TimerEvent: {}
[194.329252] (-) TimerEvent: {}
[194.430446] (-) TimerEvent: {}
[194.531497] (-) TimerEvent: {}
[194.632474] (-) TimerEvent: {}
[194.733706] (-) TimerEvent: {}
[194.834699] (-) TimerEvent: {}
[194.935739] (-) TimerEvent: {}
[195.036920] (-) TimerEvent: {}
[195.138089] (-) TimerEvent: {}
[195.239351] (-) TimerEvent: {}
[195.340508] (-) TimerEvent: {}
[195.441683] (-) TimerEvent: {}
[195.542797] (-) TimerEvent: {}
[195.643920] (-) TimerEvent: {}
[195.745082] (-) TimerEvent: {}
[195.846169] (-) TimerEvent: {}
[195.947260] (-) TimerEvent: {}
[196.048415] (-) TimerEvent: {}
[196.149631] (-) TimerEvent: {}
[196.250754] (-) TimerEvent: {}
[196.392055] (-) TimerEvent: {}
[196.493301] (-) TimerEvent: {}
[196.594416] (-) TimerEvent: {}
[196.695477] (-) TimerEvent: {}
[196.796474] (-) TimerEvent: {}
[196.897508] (-) TimerEvent: {}
[196.998495] (-) TimerEvent: {}
[197.099518] (-) TimerEvent: {}
[197.200640] (-) TimerEvent: {}
[197.301656] (-) TimerEvent: {}
[197.402775] (-) TimerEvent: {}
[197.503949] (-) TimerEvent: {}
[197.605205] (-) TimerEvent: {}
[197.706292] (-) TimerEvent: {}
[197.807332] (-) TimerEvent: {}
[197.908307] (-) TimerEvent: {}
[198.009427] (-) TimerEvent: {}
[198.110532] (-) TimerEvent: {}
[198.211615] (-) TimerEvent: {}
[198.312685] (-) TimerEvent: {}
[198.413767] (-) TimerEvent: {}
[198.514859] (-) TimerEvent: {}
[198.616108] (-) TimerEvent: {}
[198.717470] (-) TimerEvent: {}
[198.818886] (-) TimerEvent: {}
[198.920384] (-) TimerEvent: {}
[199.021740] (-) TimerEvent: {}
[199.123102] (-) TimerEvent: {}
[199.224327] (-) TimerEvent: {}
[199.325792] (-) TimerEvent: {}
[199.427158] (-) TimerEvent: {}
[199.528707] (-) TimerEvent: {}
[199.630161] (-) TimerEvent: {}
[199.731438] (-) TimerEvent: {}
[199.832824] (-) TimerEvent: {}
[199.934265] (-) TimerEvent: {}
[200.035662] (-) TimerEvent: {}
[200.137005] (-) TimerEvent: {}
[200.238321] (-) TimerEvent: {}
[200.339658] (-) TimerEvent: {}
[200.441014] (-) TimerEvent: {}
[200.542229] (-) TimerEvent: {}
[200.643479] (-) TimerEvent: {}
[200.744783] (-) TimerEvent: {}
[200.846161] (-) TimerEvent: {}
[200.947340] (-) TimerEvent: {}
[201.048733] (-) TimerEvent: {}
[201.149868] (-) TimerEvent: {}
[201.251088] (-) TimerEvent: {}
[201.352469] (-) TimerEvent: {}
[201.493472] (-) TimerEvent: {}
[201.594561] (-) TimerEvent: {}
[201.695707] (-) TimerEvent: {}
[201.796940] (-) TimerEvent: {}
[201.898154] (-) TimerEvent: {}
[201.999347] (-) TimerEvent: {}
[202.101013] (-) TimerEvent: {}
[202.202185] (-) TimerEvent: {}
[202.303366] (-) TimerEvent: {}
[202.404495] (-) TimerEvent: {}
[202.505745] (-) TimerEvent: {}
[202.606915] (-) TimerEvent: {}
[202.708037] (-) TimerEvent: {}
[202.809334] (-) TimerEvent: {}
[202.910787] (-) TimerEvent: {}
[203.012060] (-) TimerEvent: {}
[203.113234] (-) TimerEvent: {}
[203.214470] (-) TimerEvent: {}
[203.315753] (-) TimerEvent: {}
[203.417005] (-) TimerEvent: {}
[203.518214] (-) TimerEvent: {}
[203.619429] (-) TimerEvent: {}
[203.720740] (-) TimerEvent: {}
[203.821827] (-) TimerEvent: {}
[203.922981] (-) TimerEvent: {}
[204.024125] (-) TimerEvent: {}
[204.125428] (-) TimerEvent: {}
[204.226620] (-) TimerEvent: {}
[204.327730] (-) TimerEvent: {}
[204.428926] (-) TimerEvent: {}
[204.530169] (-) TimerEvent: {}
[204.631349] (-) TimerEvent: {}
[204.732546] (-) TimerEvent: {}
[204.833805] (-) TimerEvent: {}
[204.934848] (-) TimerEvent: {}
[205.036026] (-) TimerEvent: {}
[205.137319] (-) TimerEvent: {}
[205.238466] (-) TimerEvent: {}
[205.339760] (-) TimerEvent: {}
[205.441175] (-) TimerEvent: {}
[205.542248] (-) TimerEvent: {}
[205.643339] (-) TimerEvent: {}
[205.744454] (-) TimerEvent: {}
[205.845723] (-) TimerEvent: {}
[205.946911] (-) TimerEvent: {}
[206.048216] (-) TimerEvent: {}
[206.149436] (-) TimerEvent: {}
[206.250762] (-) TimerEvent: {}
[206.352102] (-) TimerEvent: {}
[206.453700] (-) TimerEvent: {}
[206.593999] (-) TimerEvent: {}
[206.695231] (-) TimerEvent: {}
[206.796274] (-) TimerEvent: {}
[206.897537] (-) TimerEvent: {}
[206.998698] (-) TimerEvent: {}
[207.099864] (-) TimerEvent: {}
[207.201122] (-) TimerEvent: {}
[207.302221] (-) TimerEvent: {}
[207.403299] (-) TimerEvent: {}
[207.504398] (-) TimerEvent: {}
[207.605590] (-) TimerEvent: {}
[207.706715] (-) TimerEvent: {}
[207.807863] (-) TimerEvent: {}
[207.909085] (-) TimerEvent: {}
[208.010388] (-) TimerEvent: {}
[208.111416] (-) TimerEvent: {}
[208.212490] (-) TimerEvent: {}
[208.313628] (-) TimerEvent: {}
[208.414765] (-) TimerEvent: {}
[208.515918] (-) TimerEvent: {}
[208.617235] (-) TimerEvent: {}
[208.718399] (-) TimerEvent: {}
[208.819483] (-) TimerEvent: {}
[208.920542] (-) TimerEvent: {}
[209.021782] (-) TimerEvent: {}
[209.122893] (-) TimerEvent: {}
[209.224034] (-) TimerEvent: {}
[209.325282] (-) TimerEvent: {}
[209.426462] (-) TimerEvent: {}
[209.527656] (-) TimerEvent: {}
[209.628809] (-) TimerEvent: {}
[209.729927] (-) TimerEvent: {}
[209.831149] (-) TimerEvent: {}
[209.932314] (-) TimerEvent: {}
[210.033631] (-) TimerEvent: {}
[210.134857] (-) TimerEvent: {}
[210.236009] (-) TimerEvent: {}
[210.337191] (-) TimerEvent: {}
[210.438331] (-) TimerEvent: {}
[210.539532] (-) TimerEvent: {}
[210.640818] (-) TimerEvent: {}
[210.741882] (-) TimerEvent: {}
[210.843011] (-) TimerEvent: {}
[210.944249] (-) TimerEvent: {}
[211.045435] (-) TimerEvent: {}
[211.146606] (-) TimerEvent: {}
[211.247774] (-) TimerEvent: {}
[211.348935] (-) TimerEvent: {}
[211.450338] (-) TimerEvent: {}
[211.551428] (-) TimerEvent: {}
[211.652460] (-) TimerEvent: {}
[211.798863] (-) TimerEvent: {}
[211.899969] (-) TimerEvent: {}
[212.001225] (-) TimerEvent: {}
[212.102427] (-) TimerEvent: {}
[212.203594] (-) TimerEvent: {}
[212.304833] (-) TimerEvent: {}
[212.405898] (-) TimerEvent: {}
[212.507043] (-) TimerEvent: {}
[212.608193] (-) TimerEvent: {}
[212.709561] (-) TimerEvent: {}
[212.810830] (-) TimerEvent: {}
[212.912062] (-) TimerEvent: {}
[213.013287] (-) TimerEvent: {}
[213.114460] (-) TimerEvent: {}
[213.215700] (-) TimerEvent: {}
[213.316850] (-) TimerEvent: {}
[213.417907] (-) TimerEvent: {}
[213.519081] (-) TimerEvent: {}
[213.620282] (-) TimerEvent: {}
[213.721427] (-) TimerEvent: {}
[213.822648] (-) TimerEvent: {}
[213.923769] (-) TimerEvent: {}
[214.024838] (-) TimerEvent: {}
[214.125941] (-) TimerEvent: {}
[214.227105] (-) TimerEvent: {}
[214.328296] (-) TimerEvent: {}
[214.429510] (-) TimerEvent: {}
[214.530873] (-) TimerEvent: {}
[214.631928] (-) TimerEvent: {}
[214.733273] (-) TimerEvent: {}
[214.834484] (-) TimerEvent: {}
[214.935784] (-) TimerEvent: {}
[215.037200] (-) TimerEvent: {}
[215.138764] (-) TimerEvent: {}
[215.240246] (-) TimerEvent: {}
[215.341974] (-) TimerEvent: {}
[215.443118] (-) TimerEvent: {}
[215.544287] (-) TimerEvent: {}
[215.646345] (-) TimerEvent: {}
[215.747461] (-) TimerEvent: {}
[215.848781] (-) TimerEvent: {}
[215.949927] (-) TimerEvent: {}
[216.051166] (-) TimerEvent: {}
[216.152385] (-) TimerEvent: {}
[216.253650] (-) TimerEvent: {}
[216.354908] (-) TimerEvent: {}
[216.456009] (-) TimerEvent: {}
[216.557244] (-) TimerEvent: {}
[216.658365] (-) TimerEvent: {}
[216.896150] (-) TimerEvent: {}
[216.997277] (-) TimerEvent: {}
[217.098386] (-) TimerEvent: {}
[217.199536] (-) TimerEvent: {}
[217.300776] (-) TimerEvent: {}
[217.401856] (-) TimerEvent: {}
[217.502949] (-) TimerEvent: {}
[217.604004] (-) TimerEvent: {}
[217.705197] (-) TimerEvent: {}
[217.806209] (-) TimerEvent: {}
[217.907284] (-) TimerEvent: {}
[218.008413] (-) TimerEvent: {}
[218.109637] (-) TimerEvent: {}
[218.136310] (hdl_global_localization) StdoutLine: {'line': b'[ 98%] \x1b[32m\x1b[1mLinking CXX executable hdl_global_localization_test\x1b[0m\n'}
[218.209977] (-) TimerEvent: {}
[218.311288] (-) TimerEvent: {}
[218.412412] (-) TimerEvent: {}
[218.513644] (-) TimerEvent: {}
[218.614812] (-) TimerEvent: {}
[218.716010] (-) TimerEvent: {}
[218.817172] (-) TimerEvent: {}
[218.918337] (-) TimerEvent: {}
[219.019469] (-) TimerEvent: {}
[219.120514] (-) TimerEvent: {}
[219.221661] (-) TimerEvent: {}
[219.322811] (-) TimerEvent: {}
[219.424154] (-) TimerEvent: {}
[219.525645] (-) TimerEvent: {}
[219.626855] (-) TimerEvent: {}
[219.728128] (-) TimerEvent: {}
[219.829462] (-) TimerEvent: {}
[219.930716] (-) TimerEvent: {}
[220.032057] (-) TimerEvent: {}
[220.133985] (-) TimerEvent: {}
[220.235845] (-) TimerEvent: {}
[220.337271] (-) TimerEvent: {}
[220.438771] (-) TimerEvent: {}
[220.540453] (-) TimerEvent: {}
[220.641944] (-) TimerEvent: {}
[220.743155] (-) TimerEvent: {}
[220.844281] (-) TimerEvent: {}
[220.945460] (-) TimerEvent: {}
[221.046664] (-) TimerEvent: {}
[221.147736] (-) TimerEvent: {}
[221.248978] (-) TimerEvent: {}
[221.340239] (hdl_global_localization) StdoutLine: {'line': b'[ 98%] Built target hdl_global_localization_test\n'}
[221.349195] (-) TimerEvent: {}
[221.450645] (-) TimerEvent: {}
[221.552044] (-) TimerEvent: {}
[221.653447] (-) TimerEvent: {}
[221.754845] (-) TimerEvent: {}
[221.898622] (-) TimerEvent: {}
[221.999651] (-) TimerEvent: {}
[222.101050] (-) TimerEvent: {}
[222.202082] (-) TimerEvent: {}
[222.303045] (-) TimerEvent: {}
[222.404043] (-) TimerEvent: {}
[222.505118] (-) TimerEvent: {}
[222.606196] (-) TimerEvent: {}
[222.707238] (-) TimerEvent: {}
[222.808289] (-) TimerEvent: {}
[222.909389] (-) TimerEvent: {}
[223.010427] (-) TimerEvent: {}
[223.111367] (-) TimerEvent: {}
[223.212391] (-) TimerEvent: {}
[223.313492] (-) TimerEvent: {}
[223.414605] (-) TimerEvent: {}
[223.515696] (-) TimerEvent: {}
[223.616780] (-) TimerEvent: {}
[223.717804] (-) TimerEvent: {}
[223.818844] (-) TimerEvent: {}
[223.919872] (-) TimerEvent: {}
[224.021062] (-) TimerEvent: {}
[224.122089] (-) TimerEvent: {}
[224.223150] (-) TimerEvent: {}
[224.324179] (-) TimerEvent: {}
[224.425263] (-) TimerEvent: {}
[224.526321] (-) TimerEvent: {}
[224.627341] (-) TimerEvent: {}
[224.728334] (-) TimerEvent: {}
[224.829463] (-) TimerEvent: {}
[224.930623] (-) TimerEvent: {}
[225.031664] (-) TimerEvent: {}
[225.132733] (-) TimerEvent: {}
[225.233749] (-) TimerEvent: {}
[225.334767] (-) TimerEvent: {}
[225.435793] (-) TimerEvent: {}
[225.536880] (-) TimerEvent: {}
[225.637879] (-) TimerEvent: {}
[225.738891] (-) TimerEvent: {}
[225.839918] (-) TimerEvent: {}
[225.941664] (-) TimerEvent: {}
[226.042694] (-) TimerEvent: {}
[226.143784] (-) TimerEvent: {}
[226.244864] (-) TimerEvent: {}
[226.345941] (-) TimerEvent: {}
[226.447097] (-) TimerEvent: {}
[226.548147] (-) TimerEvent: {}
[226.649188] (-) TimerEvent: {}
[226.750269] (-) TimerEvent: {}
[226.851399] (-) TimerEvent: {}
[226.995440] (-) TimerEvent: {}
[227.096667] (-) TimerEvent: {}
[227.198136] (-) TimerEvent: {}
[227.205610] (hdl_global_localization) StdoutLine: {'line': b'[100%] \x1b[32m\x1b[1mLinking CXX executable hdl_global_localization_node\x1b[0m\n'}
[227.298387] (-) TimerEvent: {}
[227.399378] (-) TimerEvent: {}
[227.500377] (-) TimerEvent: {}
[227.601547] (-) TimerEvent: {}
[227.702545] (-) TimerEvent: {}
[227.803587] (-) TimerEvent: {}
[227.904690] (-) TimerEvent: {}
[228.005735] (-) TimerEvent: {}
[228.106854] (-) TimerEvent: {}
[228.207982] (-) TimerEvent: {}
[228.309110] (-) TimerEvent: {}
[228.410618] (-) TimerEvent: {}
[228.512000] (-) TimerEvent: {}
[228.613246] (-) TimerEvent: {}
[228.714483] (-) TimerEvent: {}
[228.815934] (-) TimerEvent: {}
[228.917282] (-) TimerEvent: {}
[229.018520] (-) TimerEvent: {}
[229.119801] (-) TimerEvent: {}
[229.221668] (-) TimerEvent: {}
[229.322950] (-) TimerEvent: {}
[229.424299] (-) TimerEvent: {}
[229.526005] (-) TimerEvent: {}
[229.627297] (-) TimerEvent: {}
[229.728678] (-) TimerEvent: {}
[229.830074] (-) TimerEvent: {}
[229.931350] (-) TimerEvent: {}
[230.032780] (-) TimerEvent: {}
[230.134008] (-) TimerEvent: {}
[230.235131] (-) TimerEvent: {}
[230.336457] (-) TimerEvent: {}
[230.437859] (-) TimerEvent: {}
[230.539136] (-) TimerEvent: {}
[230.640512] (-) TimerEvent: {}
[230.741991] (-) TimerEvent: {}
[230.843346] (-) TimerEvent: {}
[230.944571] (-) TimerEvent: {}
[231.045873] (-) TimerEvent: {}
[231.147049] (-) TimerEvent: {}
[231.248211] (-) TimerEvent: {}
[231.349449] (-) TimerEvent: {}
[231.450703] (-) TimerEvent: {}
[231.551995] (-) TimerEvent: {}
[231.653261] (-) TimerEvent: {}
[231.754442] (-) TimerEvent: {}
[231.855701] (-) TimerEvent: {}
[231.957142] (-) TimerEvent: {}
[232.100274] (-) TimerEvent: {}
[232.201699] (-) TimerEvent: {}
[232.303062] (-) TimerEvent: {}
[232.404358] (-) TimerEvent: {}
[232.505605] (-) TimerEvent: {}
[232.606849] (-) TimerEvent: {}
[232.708015] (-) TimerEvent: {}
[232.809175] (-) TimerEvent: {}
[232.910504] (-) TimerEvent: {}
[233.011577] (-) TimerEvent: {}
[233.112661] (-) TimerEvent: {}
[233.213750] (-) TimerEvent: {}
[233.314788] (-) TimerEvent: {}
[233.415945] (-) TimerEvent: {}
[233.517178] (-) TimerEvent: {}
[233.618417] (-) TimerEvent: {}
[233.719673] (-) TimerEvent: {}
[233.758348] (hdl_global_localization) StdoutLine: {'line': b'[100%] Built target hdl_global_localization_node\n'}
[233.819897] (-) TimerEvent: {}
[233.921521] (hdl_global_localization) CommandEnded: {'returncode': 0}
[233.926981] (-) TimerEvent: {}
[234.034497] (-) TimerEvent: {}
[234.137364] (-) TimerEvent: {}
[234.246087] (-) TimerEvent: {}
[234.347473] (-) TimerEvent: {}
[234.448447] (-) TimerEvent: {}
[234.549892] (-) TimerEvent: {}
[234.651783] (-) TimerEvent: {}
[234.723027] (hdl_global_localization) JobProgress: {'identifier': 'hdl_global_localization', 'progress': 'install'}
[234.729000] (hdl_global_localization) Command: {'cmd': ['/usr/bin/cmake', '--install', '/home/ysc/lite_cog_ros2/nav/build/hdl_global_localization'], 'cwd': '/home/ysc/lite_cog_ros2/nav/build/hdl_global_localization', 'env': OrderedDict([('GJS_DEBUG_TOPICS', 'JS ERROR;JS LOG'), ('LESSOPEN', '| /usr/bin/lesspipe %s'), ('USER', 'ysc'), ('LC_TIME', 'zh_CN.UTF-8'), ('SSH_AGENT_PID', '1895'), ('XDG_SESSION_TYPE', 'x11'), ('SHLVL', '1'), ('LD_LIBRARY_PATH', '/home/ysc/lite_cog_ros2/fast_gicp/install/fast_gicp/lib:/home/ysc/lite_cog_ros2/ndt_omp/install/ndt_omp/lib:/usr/lib/aarch64-linux-gnu/gazebo-11/plugins:/opt/ros/foxy/opt/yaml_cpp_vendor/lib:/opt/ros/foxy/opt/rviz_ogre_vendor/lib:/opt/ros/foxy/lib/aarch64-linux-gnu:/opt/ros/foxy/lib:/usr/local/cuda-11.4/lib64:'), ('HOME', '/home/ysc'), ('OLDPWD', '/home/ysc/lite_cog_ros2/nav/src'), ('DESKTOP_SESSION', 'ubuntu'), ('ROS_PYTHON_VERSION', '3'), ('GNOME_SHELL_SESSION_MODE', 'ubuntu'), ('GTK_MODULES', 'gail:atk-bridge'), ('LC_MONETARY', 'zh_CN.UTF-8'), ('MANAGERPID', '1362'), ('DBUS_SESSION_BUS_ADDRESS', 'unix:path=/run/user/1000/bus'), ('COLORTERM', 'truecolor'), ('_colcon_cd_root', '/opt/ros/foxy/'), ('IM_CONFIG_PHASE', '1'), ('COLCON_PREFIX_PATH', '/home/ysc/lite_cog_ros2/fast_gicp/install:/home/ysc/lite_cog_ros2/ndt_omp/install'), ('ROS_DISTRO', 'foxy'), ('LOGNAME', 'ysc'), ('JOURNAL_STREAM', '8:48653'), ('_', '/usr/bin/colcon'), ('ROS_VERSION', '2'), ('XDG_SESSION_CLASS', 'user'), ('USERNAME', 'ysc'), ('TERM', 'xterm-256color'), ('GNOME_DESKTOP_SESSION_ID', 'this-is-deprecated'), ('ROS_LOCALHOST_ONLY', '0'), ('WINDOWPATH', '2'), ('PATH', '/opt/ros/foxy/bin:/usr/local/cuda-11.4/bin:/home/ysc/.local/bin:/usr/local/sbin:/usr/local/bin:/usr/sbin:/usr/bin:/sbin:/bin:/usr/games:/usr/local/games:/snap/bin'), ('SESSION_MANAGER', 'local/lite:@/tmp/.ICE-unix/2022,unix/lite:/tmp/.ICE-unix/2022'), ('INVOCATION_ID', '4b0aaf6bd2144023a916f56d35e54dd6'), ('XDG_MENU_PREFIX', 'gnome-'), ('LC_ADDRESS', 'zh_CN.UTF-8'), ('GNOME_TERMINAL_SCREEN', '/org/gnome/Terminal/screen/4642abbf_5c09_42bf_b6d8_b1c515a5047a'), ('XDG_RUNTIME_DIR', '/run/user/1000'), ('DISPLAY', ':0'), ('LANG', 'en_US.UTF-8'), ('XDG_CURRENT_DESKTOP', 'ubuntu:GNOME'), ('LC_TELEPHONE', 'zh_CN.UTF-8'), ('XMODIFIERS', '@im=ibus'), ('XDG_SESSION_DESKTOP', 'ubuntu'), ('XAUTHORITY', '/run/user/1000/gdm/Xauthority'), ('LS_COLORS', 'rs=0:di=01;34:ln=01;36:mh=00:pi=40;33:so=01;35:do=01;35:bd=40;33;01:cd=40;33;01:or=40;31;01:mi=00:su=37;41:sg=30;43:ca=30;41:tw=30;42:ow=34;42:st=37;44:ex=01;32:*.tar=01;31:*.tgz=01;31:*.arc=01;31:*.arj=01;31:*.taz=01;31:*.lha=01;31:*.lz4=01;31:*.lzh=01;31:*.lzma=01;31:*.tlz=01;31:*.txz=01;31:*.tzo=01;31:*.t7z=01;31:*.zip=01;31:*.z=01;31:*.dz=01;31:*.gz=01;31:*.lrz=01;31:*.lz=01;31:*.lzo=01;31:*.xz=01;31:*.zst=01;31:*.tzst=01;31:*.bz2=01;31:*.bz=01;31:*.tbz=01;31:*.tbz2=01;31:*.tz=01;31:*.deb=01;31:*.rpm=01;31:*.jar=01;31:*.war=01;31:*.ear=01;31:*.sar=01;31:*.rar=01;31:*.alz=01;31:*.ace=01;31:*.zoo=01;31:*.cpio=01;31:*.7z=01;31:*.rz=01;31:*.cab=01;31:*.wim=01;31:*.swm=01;31:*.dwm=01;31:*.esd=01;31:*.jpg=01;35:*.jpeg=01;35:*.mjpg=01;35:*.mjpeg=01;35:*.gif=01;35:*.bmp=01;35:*.pbm=01;35:*.pgm=01;35:*.ppm=01;35:*.tga=01;35:*.xbm=01;35:*.xpm=01;35:*.tif=01;35:*.tiff=01;35:*.png=01;35:*.svg=01;35:*.svgz=01;35:*.mng=01;35:*.pcx=01;35:*.mov=01;35:*.mpg=01;35:*.mpeg=01;35:*.m2v=01;35:*.mkv=01;35:*.webm=01;35:*.ogm=01;35:*.mp4=01;35:*.m4v=01;35:*.mp4v=01;35:*.vob=01;35:*.qt=01;35:*.nuv=01;35:*.wmv=01;35:*.asf=01;35:*.rm=01;35:*.rmvb=01;35:*.flc=01;35:*.avi=01;35:*.fli=01;35:*.flv=01;35:*.gl=01;35:*.dl=01;35:*.xcf=01;35:*.xwd=01;35:*.yuv=01;35:*.cgm=01;35:*.emf=01;35:*.ogv=01;35:*.ogx=01;35:*.aac=00;36:*.au=00;36:*.flac=00;36:*.m4a=00;36:*.mid=00;36:*.midi=00;36:*.mka=00;36:*.mp3=00;36:*.mpc=00;36:*.ogg=00;36:*.ra=00;36:*.wav=00;36:*.oga=00;36:*.opus=00;36:*.spx=00;36:*.xspf=00;36:'), ('GNOME_TERMINAL_SERVICE', ':1.102'), ('SSH_AUTH_SOCK', '/run/user/1000/keyring/ssh'), ('ROS_DOMAIN_ID', '0'), ('AMENT_PREFIX_PATH', '/home/ysc/lite_cog_ros2/fast_gicp/install/fast_gicp:/home/ysc/lite_cog_ros2/ndt_omp/install/ndt_omp:/opt/ros/foxy'), ('SHELL', '/bin/bash'), ('LC_NAME', 'zh_CN.UTF-8'), ('QT_ACCESSIBILITY', '1'), ('GDMSESSION', 'ubuntu'), ('LESSCLOSE', '/usr/bin/lesspipe %s %s'), ('LC_MEASUREMENT', 'zh_CN.UTF-8'), ('GPG_AGENT_INFO', '/run/user/1000/gnupg/S.gpg-agent:0:1'), ('GJS_DEBUG_OUTPUT', 'stderr'), ('LC_IDENTIFICATION', 'zh_CN.UTF-8'), ('QT_IM_MODULE', 'ibus'), ('PWD', '/home/ysc/lite_cog_ros2/nav/build/hdl_global_localization'), ('LC_ALL', 'en_US.UTF-8'), ('XDG_CONFIG_DIRS', '/etc/xdg/xdg-ubuntu:/etc/xdg'), ('XDG_DATA_DIRS', '/usr/share/ubuntu:/usr/local/share/:/usr/share/:/var/lib/snapd/desktop'), ('PYTHONPATH', '/opt/ros/foxy/lib/python3.8/site-packages'), ('LC_NUMERIC', 'zh_CN.UTF-8'), ('LC_PAPER', 'zh_CN.UTF-8'), ('COLCON', '1'), ('VTE_VERSION', '6003'), ('CMAKE_PREFIX_PATH', '/home/ysc/lite_cog_ros2/fast_gicp/install/fast_gicp:/home/ysc/lite_cog_ros2/ndt_omp/install/ndt_omp:/opt/ros/foxy')]), 'shell': False}
[234.764779] (-) TimerEvent: {}
[234.813133] (hdl_global_localization) StdoutLine: {'line': b'-- Install configuration: ""\n'}
[234.816225] (hdl_global_localization) StdoutLine: {'line': b'-- Execute custom install script\n'}
[234.819192] (hdl_global_localization) StdoutLine: {'line': b'-- Symlinking: /home/ysc/lite_cog_ros2/nav/install/hdl_global_localization/share/ament_index/resource_index/rosidl_interfaces/hdl_global_localization\n'}
[234.864887] (-) TimerEvent: {}
[234.879876] (hdl_global_localization) StdoutLine: {'line': b'-- Symlinking: /home/ysc/lite_cog_ros2/nav/install/hdl_global_localization/include/hdl_global_localization/msg/rosidl_generator_c__visibility_control.h\n'}
[234.937897] (hdl_global_localization) StdoutLine: {'line': b'-- Symlinking: /home/ysc/lite_cog_ros2/nav/install/hdl_global_localization/include/hdl_global_localization/srv/detail/query_global_localization__functions.h\n'}
[234.965148] (-) TimerEvent: {}
[234.993576] (hdl_global_localization) StdoutLine: {'line': b'-- Symlinking: /home/ysc/lite_cog_ros2/nav/install/hdl_global_localization/include/hdl_global_localization/srv/detail/query_global_localization__struct.h\n'}
[235.048752] (hdl_global_localization) StdoutLine: {'line': b'-- Symlinking: /home/ysc/lite_cog_ros2/nav/install/hdl_global_localization/include/hdl_global_localization/srv/detail/query_global_localization__type_support.h\n'}
[235.065397] (-) TimerEvent: {}
[235.109239] (hdl_global_localization) StdoutLine: {'line': b'-- Symlinking: /home/ysc/lite_cog_ros2/nav/install/hdl_global_localization/include/hdl_global_localization/srv/detail/set_global_localization_engine__functions.h\n'}
[235.165618] (-) TimerEvent: {}
[235.172931] (hdl_global_localization) StdoutLine: {'line': b'-- Symlinking: /home/ysc/lite_cog_ros2/nav/install/hdl_global_localization/include/hdl_global_localization/srv/detail/set_global_localization_engine__struct.h\n'}
[235.236464] (hdl_global_localization) StdoutLine: {'line': b'-- Symlinking: /home/ysc/lite_cog_ros2/nav/install/hdl_global_localization/include/hdl_global_localization/srv/detail/set_global_localization_engine__type_support.h\n'}
[235.265915] (-) TimerEvent: {}
[235.299090] (hdl_global_localization) StdoutLine: {'line': b'-- Symlinking: /home/ysc/lite_cog_ros2/nav/install/hdl_global_localization/include/hdl_global_localization/srv/detail/set_global_map__functions.h\n'}
[235.361219] (hdl_global_localization) StdoutLine: {'line': b'-- Symlinking: /home/ysc/lite_cog_ros2/nav/install/hdl_global_localization/include/hdl_global_localization/srv/detail/set_global_map__struct.h\n'}
[235.366610] (-) TimerEvent: {}
[235.427169] (hdl_global_localization) StdoutLine: {'line': b'-- Symlinking: /home/ysc/lite_cog_ros2/nav/install/hdl_global_localization/include/hdl_global_localization/srv/detail/set_global_map__type_support.h\n'}
[235.466859] (-) TimerEvent: {}
[235.495708] (hdl_global_localization) StdoutLine: {'line': b'-- Symlinking: /home/ysc/lite_cog_ros2/nav/install/hdl_global_localization/include/hdl_global_localization/srv/query_global_localization.h\n'}
[235.562758] (hdl_global_localization) StdoutLine: {'line': b'-- Symlinking: /home/ysc/lite_cog_ros2/nav/install/hdl_global_localization/include/hdl_global_localization/srv/set_global_localization_engine.h\n'}
[235.567840] (-) TimerEvent: {}
[235.625642] (hdl_global_localization) StdoutLine: {'line': b'-- Symlinking: /home/ysc/lite_cog_ros2/nav/install/hdl_global_localization/include/hdl_global_localization/srv/set_global_map.h\n'}
[235.667847] (-) TimerEvent: {}
[235.695367] (hdl_global_localization) StdoutLine: {'line': b'-- Symlinking: /home/ysc/lite_cog_ros2/nav/install/hdl_global_localization/share/hdl_global_localization/environment/library_path.sh\n'}
[235.759073] (hdl_global_localization) StdoutLine: {'line': b'-- Symlinking: /home/ysc/lite_cog_ros2/nav/install/hdl_global_localization/share/hdl_global_localization/environment/library_path.dsv\n'}
[235.768875] (-) TimerEvent: {}
[235.827069] (hdl_global_localization) StdoutLine: {'line': b'-- Symlinking: /home/ysc/lite_cog_ros2/nav/install/hdl_global_localization/include/hdl_global_localization/msg/rosidl_typesupport_fastrtps_c__visibility_control.h\n'}
[235.868808] (-) TimerEvent: {}
[235.889342] (hdl_global_localization) StdoutLine: {'line': b'-- Symlinking: /home/ysc/lite_cog_ros2/nav/install/hdl_global_localization/include/hdl_global_localization/srv/detail/query_global_localization__rosidl_typesupport_fastrtps_c.h\n'}
[235.950699] (hdl_global_localization) StdoutLine: {'line': b'-- Symlinking: /home/ysc/lite_cog_ros2/nav/install/hdl_global_localization/include/hdl_global_localization/srv/detail/set_global_localization_engine__rosidl_typesupport_fastrtps_c.h\n'}
[235.969035] (-) TimerEvent: {}
[236.015264] (hdl_global_localization) StdoutLine: {'line': b'-- Symlinking: /home/ysc/lite_cog_ros2/nav/install/hdl_global_localization/include/hdl_global_localization/srv/detail/set_global_map__rosidl_typesupport_fastrtps_c.h\n'}
[236.069393] (-) TimerEvent: {}
[236.085484] (hdl_global_localization) StdoutLine: {'line': b'-- Symlinking: /home/ysc/lite_cog_ros2/nav/install/hdl_global_localization/lib/libhdl_global_localization__rosidl_typesupport_fastrtps_c.so\n'}
[236.154760] (hdl_global_localization) StdoutLine: {'line': b'-- Symlinking: /home/ysc/lite_cog_ros2/nav/install/hdl_global_localization/include/hdl_global_localization/msg/rosidl_typesupport_fastrtps_cpp__visibility_control.h\n'}
[236.169672] (-) TimerEvent: {}
[236.215980] (hdl_global_localization) StdoutLine: {'line': b'-- Symlinking: /home/ysc/lite_cog_ros2/nav/install/hdl_global_localization/include/hdl_global_localization/srv/detail/query_global_localization__rosidl_typesupport_fastrtps_cpp.hpp\n'}
[236.269957] (-) TimerEvent: {}
[236.276197] (hdl_global_localization) StdoutLine: {'line': b'-- Symlinking: /home/ysc/lite_cog_ros2/nav/install/hdl_global_localization/include/hdl_global_localization/srv/detail/set_global_localization_engine__rosidl_typesupport_fastrtps_cpp.hpp\n'}
[236.337039] (hdl_global_localization) StdoutLine: {'line': b'-- Symlinking: /home/ysc/lite_cog_ros2/nav/install/hdl_global_localization/include/hdl_global_localization/srv/detail/set_global_map__rosidl_typesupport_fastrtps_cpp.hpp\n'}
[236.370200] (-) TimerEvent: {}
[236.413363] (hdl_global_localization) StdoutLine: {'line': b'-- Symlinking: /home/ysc/lite_cog_ros2/nav/install/hdl_global_localization/lib/libhdl_global_localization__rosidl_typesupport_fastrtps_cpp.so\n'}
[236.470544] (-) TimerEvent: {}
[236.481813] (hdl_global_localization) StdoutLine: {'line': b'-- Symlinking: /home/ysc/lite_cog_ros2/nav/install/hdl_global_localization/include/hdl_global_localization/msg/rosidl_typesupport_introspection_c__visibility_control.h\n'}
[236.550437] (hdl_global_localization) StdoutLine: {'line': b'-- Symlinking: /home/ysc/lite_cog_ros2/nav/install/hdl_global_localization/include/hdl_global_localization/srv/detail/query_global_localization__rosidl_typesupport_introspection_c.h\n'}
[236.570771] (-) TimerEvent: {}
[236.615172] (hdl_global_localization) StdoutLine: {'line': b'-- Symlinking: /home/ysc/lite_cog_ros2/nav/install/hdl_global_localization/include/hdl_global_localization/srv/detail/set_global_localization_engine__rosidl_typesupport_introspection_c.h\n'}
[236.671095] (-) TimerEvent: {}
[236.678194] (hdl_global_localization) StdoutLine: {'line': b'-- Symlinking: /home/ysc/lite_cog_ros2/nav/install/hdl_global_localization/include/hdl_global_localization/srv/detail/set_global_map__rosidl_typesupport_introspection_c.h\n'}
[236.747910] (hdl_global_localization) StdoutLine: {'line': b'-- Symlinking: /home/ysc/lite_cog_ros2/nav/install/hdl_global_localization/include/hdl_global_localization/msg/rosidl_generator_cpp__visibility_control.hpp\n'}
[236.771377] (-) TimerEvent: {}
[236.813406] (hdl_global_localization) StdoutLine: {'line': b'-- Symlinking: /home/ysc/lite_cog_ros2/nav/install/hdl_global_localization/include/hdl_global_localization/srv/detail/query_global_localization__builder.hpp\n'}
[236.871621] (-) TimerEvent: {}
[236.875955] (hdl_global_localization) StdoutLine: {'line': b'-- Symlinking: /home/ysc/lite_cog_ros2/nav/install/hdl_global_localization/include/hdl_global_localization/srv/detail/query_global_localization__struct.hpp\n'}
[236.939957] (hdl_global_localization) StdoutLine: {'line': b'-- Symlinking: /home/ysc/lite_cog_ros2/nav/install/hdl_global_localization/include/hdl_global_localization/srv/detail/query_global_localization__traits.hpp\n'}
[236.971864] (-) TimerEvent: {}
[237.072907] (-) TimerEvent: {}
[237.129603] (hdl_global_localization) StdoutLine: {'line': b'-- Symlinking: /home/ysc/lite_cog_ros2/nav/install/hdl_global_localization/include/hdl_global_localization/srv/detail/query_global_localization__type_support.hpp\n'}
[237.173120] (-) TimerEvent: {}
[237.186152] (hdl_global_localization) StdoutLine: {'line': b'-- Symlinking: /home/ysc/lite_cog_ros2/nav/install/hdl_global_localization/include/hdl_global_localization/srv/detail/set_global_localization_engine__builder.hpp\n'}
[237.254690] (hdl_global_localization) StdoutLine: {'line': b'-- Symlinking: /home/ysc/lite_cog_ros2/nav/install/hdl_global_localization/include/hdl_global_localization/srv/detail/set_global_localization_engine__struct.hpp\n'}
[237.273509] (-) TimerEvent: {}
[237.318330] (hdl_global_localization) StdoutLine: {'line': b'-- Symlinking: /home/ysc/lite_cog_ros2/nav/install/hdl_global_localization/include/hdl_global_localization/srv/detail/set_global_localization_engine__traits.hpp\n'}
[237.373785] (-) TimerEvent: {}
[237.379887] (hdl_global_localization) StdoutLine: {'line': b'-- Symlinking: /home/ysc/lite_cog_ros2/nav/install/hdl_global_localization/include/hdl_global_localization/srv/detail/set_global_localization_engine__type_support.hpp\n'}
[237.443716] (hdl_global_localization) StdoutLine: {'line': b'-- Symlinking: /home/ysc/lite_cog_ros2/nav/install/hdl_global_localization/include/hdl_global_localization/srv/detail/set_global_map__builder.hpp\n'}
[237.473999] (-) TimerEvent: {}
[237.504449] (hdl_global_localization) StdoutLine: {'line': b'-- Symlinking: /home/ysc/lite_cog_ros2/nav/install/hdl_global_localization/include/hdl_global_localization/srv/detail/set_global_map__struct.hpp\n'}
[237.567382] (hdl_global_localization) StdoutLine: {'line': b'-- Symlinking: /home/ysc/lite_cog_ros2/nav/install/hdl_global_localization/include/hdl_global_localization/srv/detail/set_global_map__traits.hpp\n'}
[237.574719] (-) TimerEvent: {}
[237.629548] (hdl_global_localization) StdoutLine: {'line': b'-- Symlinking: /home/ysc/lite_cog_ros2/nav/install/hdl_global_localization/include/hdl_global_localization/srv/detail/set_global_map__type_support.hpp\n'}
[237.674798] (-) TimerEvent: {}
[237.692440] (hdl_global_localization) StdoutLine: {'line': b'-- Symlinking: /home/ysc/lite_cog_ros2/nav/install/hdl_global_localization/include/hdl_global_localization/srv/query_global_localization.hpp\n'}
[237.756238] (hdl_global_localization) StdoutLine: {'line': b'-- Symlinking: /home/ysc/lite_cog_ros2/nav/install/hdl_global_localization/include/hdl_global_localization/srv/set_global_localization_engine.hpp\n'}
[237.774996] (-) TimerEvent: {}
[237.816551] (hdl_global_localization) StdoutLine: {'line': b'-- Symlinking: /home/ysc/lite_cog_ros2/nav/install/hdl_global_localization/include/hdl_global_localization/srv/set_global_map.hpp\n'}
[237.875557] (-) TimerEvent: {}
[237.886817] (hdl_global_localization) StdoutLine: {'line': b'-- Symlinking: /home/ysc/lite_cog_ros2/nav/install/hdl_global_localization/include/hdl_global_localization/srv/detail/query_global_localization__rosidl_typesupport_introspection_cpp.hpp\n'}
[237.948435] (hdl_global_localization) StdoutLine: {'line': b'-- Symlinking: /home/ysc/lite_cog_ros2/nav/install/hdl_global_localization/include/hdl_global_localization/srv/detail/set_global_localization_engine__rosidl_typesupport_introspection_cpp.hpp\n'}
[237.975732] (-) TimerEvent: {}
[238.011186] (hdl_global_localization) StdoutLine: {'line': b'-- Symlinking: /home/ysc/lite_cog_ros2/nav/install/hdl_global_localization/include/hdl_global_localization/srv/detail/set_global_map__rosidl_typesupport_introspection_cpp.hpp\n'}
[238.074893] (hdl_global_localization) StdoutLine: {'line': b'-- Symlinking: /home/ysc/lite_cog_ros2/nav/install/hdl_global_localization/share/hdl_global_localization/environment/pythonpath.sh\n'}
[238.078444] (-) TimerEvent: {}
[238.142374] (hdl_global_localization) StdoutLine: {'line': b'-- Symlinking: /home/ysc/lite_cog_ros2/nav/install/hdl_global_localization/share/hdl_global_localization/environment/pythonpath.dsv\n'}
[238.178625] (-) TimerEvent: {}
[238.211625] (hdl_global_localization) StdoutLine: {'line': b'-- Symlinking: /home/ysc/lite_cog_ros2/nav/install/hdl_global_localization/lib/python3.8/site-packages/hdl_global_localization/__init__.py\n'}
[238.279045] (-) TimerEvent: {}
[238.286463] (hdl_global_localization) StdoutLine: {'line': b'-- Symlinking: /home/ysc/lite_cog_ros2/nav/install/hdl_global_localization/lib/python3.8/site-packages/hdl_global_localization/srv/__init__.py\n'}
[238.350041] (hdl_global_localization) StdoutLine: {'line': b'-- Symlinking: /home/ysc/lite_cog_ros2/nav/install/hdl_global_localization/lib/python3.8/site-packages/hdl_global_localization/srv/_query_global_localization.py\n'}
[238.379246] (-) TimerEvent: {}
[238.411756] (hdl_global_localization) StdoutLine: {'line': b'-- Symlinking: /home/ysc/lite_cog_ros2/nav/install/hdl_global_localization/lib/python3.8/site-packages/hdl_global_localization/srv/_set_global_localization_engine.py\n'}
[238.474987] (hdl_global_localization) StdoutLine: {'line': b'-- Symlinking: /home/ysc/lite_cog_ros2/nav/install/hdl_global_localization/lib/python3.8/site-packages/hdl_global_localization/srv/_set_global_map.py\n'}
[238.479945] (-) TimerEvent: {}
[238.539640] (hdl_global_localization) StdoutLine: {'line': b'-- Symlinking: /home/ysc/lite_cog_ros2/nav/install/hdl_global_localization/lib/python3.8/site-packages/hdl_global_localization/hdl_global_localization_s__rosidl_typesupport_fastrtps_c.cpython-38-aarch64-linux-gnu.so\n'}
[238.580135] (-) TimerEvent: {}
[238.608312] (hdl_global_localization) StdoutLine: {'line': b'-- Symlinking: /home/ysc/lite_cog_ros2/nav/install/hdl_global_localization/lib/python3.8/site-packages/hdl_global_localization/hdl_global_localization_s__rosidl_typesupport_introspection_c.cpython-38-aarch64-linux-gnu.so\n'}
[238.671772] (hdl_global_localization) StdoutLine: {'line': b'-- Symlinking: /home/ysc/lite_cog_ros2/nav/install/hdl_global_localization/lib/python3.8/site-packages/hdl_global_localization/hdl_global_localization_s__rosidl_typesupport_c.cpython-38-aarch64-linux-gnu.so\n'}
[238.681102] (-) TimerEvent: {}
[238.747343] (hdl_global_localization) StdoutLine: {'line': b'-- Symlinking: /home/ysc/lite_cog_ros2/nav/install/hdl_global_localization/lib/libhdl_global_localization__python.so\n'}
[238.781348] (-) TimerEvent: {}
[238.817246] (hdl_global_localization) StdoutLine: {'line': b'-- Symlinking: /home/ysc/lite_cog_ros2/nav/install/hdl_global_localization/share/hdl_global_localization/srv/QueryGlobalLocalization.idl\n'}
[238.882181] (hdl_global_localization) StdoutLine: {'line': b'-- Symlinking: /home/ysc/lite_cog_ros2/nav/install/hdl_global_localization/share/hdl_global_localization/srv/SetGlobalLocalizationEngine.idl\n'}
[238.886443] (-) TimerEvent: {}
[238.944791] (hdl_global_localization) StdoutLine: {'line': b'-- Symlinking: /home/ysc/lite_cog_ros2/nav/install/hdl_global_localization/share/hdl_global_localization/srv/SetGlobalMap.idl\n'}
[238.986638] (-) TimerEvent: {}
[239.007797] (hdl_global_localization) StdoutLine: {'line': b'-- Symlinking: /home/ysc/lite_cog_ros2/nav/install/hdl_global_localization/share/hdl_global_localization/srv/QueryGlobalLocalization.srv\n'}
[239.077880] (hdl_global_localization) StdoutLine: {'line': b'-- Symlinking: /home/ysc/lite_cog_ros2/nav/install/hdl_global_localization/share/hdl_global_localization/srv/QueryGlobalLocalization_Request.msg\n'}
[239.087335] (-) TimerEvent: {}
[239.145365] (hdl_global_localization) StdoutLine: {'line': b'-- Symlinking: /home/ysc/lite_cog_ros2/nav/install/hdl_global_localization/share/hdl_global_localization/srv/QueryGlobalLocalization_Response.msg\n'}
[239.187457] (-) TimerEvent: {}
[239.207827] (hdl_global_localization) StdoutLine: {'line': b'-- Symlinking: /home/ysc/lite_cog_ros2/nav/install/hdl_global_localization/share/hdl_global_localization/srv/SetGlobalLocalizationEngine.srv\n'}
[239.279316] (hdl_global_localization) StdoutLine: {'line': b'-- Symlinking: /home/ysc/lite_cog_ros2/nav/install/hdl_global_localization/share/hdl_global_localization/srv/SetGlobalLocalizationEngine_Request.msg\n'}
[239.287644] (-) TimerEvent: {}
[239.343285] (hdl_global_localization) StdoutLine: {'line': b'-- Symlinking: /home/ysc/lite_cog_ros2/nav/install/hdl_global_localization/share/hdl_global_localization/srv/SetGlobalLocalizationEngine_Response.msg\n'}
[239.387943] (-) TimerEvent: {}
[239.398853] (hdl_global_localization) StdoutLine: {'line': b'-- Symlinking: /home/ysc/lite_cog_ros2/nav/install/hdl_global_localization/share/hdl_global_localization/srv/SetGlobalMap.srv\n'}
[239.457865] (hdl_global_localization) StdoutLine: {'line': b'-- Symlinking: /home/ysc/lite_cog_ros2/nav/install/hdl_global_localization/share/hdl_global_localization/srv/SetGlobalMap_Request.msg\n'}
[239.488147] (-) TimerEvent: {}
[239.514907] (hdl_global_localization) StdoutLine: {'line': b'-- Symlinking: /home/ysc/lite_cog_ros2/nav/install/hdl_global_localization/share/hdl_global_localization/srv/SetGlobalMap_Response.msg\n'}
[239.589306] (-) TimerEvent: {}
[239.693223] (-) TimerEvent: {}
[239.734942] (hdl_global_localization) StdoutLine: {'line': b'-- Symlinking: /home/ysc/lite_cog_ros2/nav/install/hdl_global_localization/share/hdl_global_localization/config/config.json\n'}
[239.791582] (hdl_global_localization) StdoutLine: {'line': b'-- Symlinking: /home/ysc/lite_cog_ros2/nav/install/hdl_global_localization/share/hdl_global_localization/config/config_base.json\n'}
[239.793429] (-) TimerEvent: {}
[239.851774] (hdl_global_localization) StdoutLine: {'line': b'-- Symlinking: /home/ysc/lite_cog_ros2/nav/install/hdl_global_localization/share/hdl_global_localization/config/config_bbs.json\n'}
[239.893769] (-) TimerEvent: {}
[239.915095] (hdl_global_localization) StdoutLine: {'line': b'-- Symlinking: /home/ysc/lite_cog_ros2/nav/install/hdl_global_localization/share/hdl_global_localization/config/ros1/bbs_config.yaml\n'}
[239.975556] (hdl_global_localization) StdoutLine: {'line': b'-- Symlinking: /home/ysc/lite_cog_ros2/nav/install/hdl_global_localization/share/hdl_global_localization/config/ros1/fpfh_config.yaml\n'}
[239.994114] (-) TimerEvent: {}
[240.037573] (hdl_global_localization) StdoutLine: {'line': b'-- Symlinking: /home/ysc/lite_cog_ros2/nav/install/hdl_global_localization/share/hdl_global_localization/config/ros1/general_config.yaml\n'}
[240.094349] (-) TimerEvent: {}
[240.105141] (hdl_global_localization) StdoutLine: {'line': b'-- Symlinking: /home/ysc/lite_cog_ros2/nav/install/hdl_global_localization/share/hdl_global_localization/config/ros1/ransac_config.yaml\n'}
[240.171624] (hdl_global_localization) StdoutLine: {'line': b'-- Symlinking: /home/ysc/lite_cog_ros2/nav/install/hdl_global_localization/share/hdl_global_localization/config/ros1/teaser_config.yaml\n'}
[240.194530] (-) TimerEvent: {}
[240.231783] (hdl_global_localization) StdoutLine: {'line': b'-- Symlinking: /home/ysc/lite_cog_ros2/nav/install/hdl_global_localization/share/hdl_global_localization/config/test.rviz\n'}
[240.294850] (-) TimerEvent: {}
[240.310387] (hdl_global_localization) StdoutLine: {'line': b'-- Symlinking: /home/ysc/lite_cog_ros2/nav/install/hdl_global_localization/include/hdl_global_localization/bbs/bbs_localization.hpp\n'}
[240.381634] (hdl_global_localization) StdoutLine: {'line': b'-- Symlinking: /home/ysc/lite_cog_ros2/nav/install/hdl_global_localization/include/hdl_global_localization/bbs/occupancy_gridmap.hpp\n'}
[240.395009] (-) TimerEvent: {}
[240.443758] (hdl_global_localization) StdoutLine: {'line': b'-- Symlinking: /home/ysc/lite_cog_ros2/nav/install/hdl_global_localization/include/hdl_global_localization/engines/global_localization_bbs.hpp\n'}
[240.495521] (-) TimerEvent: {}
[240.508227] (hdl_global_localization) StdoutLine: {'line': b'-- Symlinking: /home/ysc/lite_cog_ros2/nav/install/hdl_global_localization/include/hdl_global_localization/engines/global_localization_engine.hpp\n'}
[240.574390] (hdl_global_localization) StdoutLine: {'line': b'-- Symlinking: /home/ysc/lite_cog_ros2/nav/install/hdl_global_localization/include/hdl_global_localization/engines/global_localization_fpfh_ransac.hpp\n'}
[240.595927] (-) TimerEvent: {}
[240.636808] (hdl_global_localization) StdoutLine: {'line': b'-- Symlinking: /home/ysc/lite_cog_ros2/nav/install/hdl_global_localization/include/hdl_global_localization/engines/global_localization_fpfh_teaser.hpp\n'}
[240.696480] (-) TimerEvent: {}
[240.697475] (hdl_global_localization) StdoutLine: {'line': b'-- Symlinking: /home/ysc/lite_cog_ros2/nav/install/hdl_global_localization/include/hdl_global_localization/global_localization_results.hpp\n'}
[240.759244] (hdl_global_localization) StdoutLine: {'line': b'-- Symlinking: /home/ysc/lite_cog_ros2/nav/install/hdl_global_localization/include/hdl_global_localization/ransac/matching_cost_evaluater.hpp\n'}
[240.796818] (-) TimerEvent: {}
[240.820953] (hdl_global_localization) StdoutLine: {'line': b'-- Symlinking: /home/ysc/lite_cog_ros2/nav/install/hdl_global_localization/include/hdl_global_localization/ransac/matching_cost_evaluater_flann.hpp\n'}
[240.880337] (hdl_global_localization) StdoutLine: {'line': b'-- Symlinking: /home/ysc/lite_cog_ros2/nav/install/hdl_global_localization/include/hdl_global_localization/ransac/matching_cost_evaluater_voxels.hpp\n'}
[240.897050] (-) TimerEvent: {}
[240.940530] (hdl_global_localization) StdoutLine: {'line': b'-- Symlinking: /home/ysc/lite_cog_ros2/nav/install/hdl_global_localization/include/hdl_global_localization/ransac/ransac_pose_estimation.hpp\n'}
[240.997329] (-) TimerEvent: {}
[241.000666] (hdl_global_localization) StdoutLine: {'line': b'-- Symlinking: /home/ysc/lite_cog_ros2/nav/install/hdl_global_localization/include/hdl_global_localization/ransac/voxelset.hpp\n'}
[241.069316] (hdl_global_localization) StdoutLine: {'line': b'-- Symlinking: /home/ysc/lite_cog_ros2/nav/install/hdl_global_localization/include/hdl_global_localization/util/config.hpp\n'}
[241.097553] (-) TimerEvent: {}
[241.135819] (hdl_global_localization) StdoutLine: {'line': b'-- Symlinking: /home/ysc/lite_cog_ros2/nav/install/hdl_global_localization/include/hdl_global_localization/util/convert_to_string.hpp\n'}
[241.197795] (-) TimerEvent: {}
[241.202799] (hdl_global_localization) StdoutLine: {'line': b'-- Symlinking: /home/ysc/lite_cog_ros2/nav/install/hdl_global_localization/lib/libhdl_global_localization_engines.so\n'}
[241.266418] (hdl_global_localization) StdoutLine: {'line': b'-- Symlinking: /home/ysc/lite_cog_ros2/nav/install/hdl_global_localization/lib/hdl_global_localization/hdl_global_localization_node\n'}
[241.297994] (-) TimerEvent: {}
[241.329285] (hdl_global_localization) StdoutLine: {'line': b'-- Symlinking: /home/ysc/lite_cog_ros2/nav/install/hdl_global_localization/lib/hdl_global_localization/hdl_global_localization_test\n'}
[241.397252] (hdl_global_localization) StdoutLine: {'line': b'-- Symlinking: /home/ysc/lite_cog_ros2/nav/install/hdl_global_localization/share/ament_index/resource_index/package_run_dependencies/hdl_global_localization\n'}
[241.398224] (-) TimerEvent: {}
[241.465165] (hdl_global_localization) StdoutLine: {'line': b'-- Symlinking: /home/ysc/lite_cog_ros2/nav/install/hdl_global_localization/share/ament_index/resource_index/parent_prefix_path/hdl_global_localization\n'}
[241.498571] (-) TimerEvent: {}
[241.527343] (hdl_global_localization) StdoutLine: {'line': b'-- Symlinking: /home/ysc/lite_cog_ros2/nav/install/hdl_global_localization/share/hdl_global_localization/environment/ament_prefix_path.sh\n'}
[241.598236] (hdl_global_localization) StdoutLine: {'line': b'-- Symlinking: /home/ysc/lite_cog_ros2/nav/install/hdl_global_localization/share/hdl_global_localization/environment/ament_prefix_path.dsv\n'}
[241.599204] (-) TimerEvent: {}
[241.659490] (hdl_global_localization) StdoutLine: {'line': b'-- Symlinking: /home/ysc/lite_cog_ros2/nav/install/hdl_global_localization/share/hdl_global_localization/environment/path.sh\n'}
[241.699435] (-) TimerEvent: {}
[241.723671] (hdl_global_localization) StdoutLine: {'line': b'-- Symlinking: /home/ysc/lite_cog_ros2/nav/install/hdl_global_localization/share/hdl_global_localization/environment/path.dsv\n'}
[241.792922] (hdl_global_localization) StdoutLine: {'line': b'-- Symlinking: /home/ysc/lite_cog_ros2/nav/install/hdl_global_localization/share/hdl_global_localization/local_setup.bash\n'}
[241.799885] (-) TimerEvent: {}
[241.858899] (hdl_global_localization) StdoutLine: {'line': b'-- Symlinking: /home/ysc/lite_cog_ros2/nav/install/hdl_global_localization/share/hdl_global_localization/local_setup.sh\n'}
[241.900120] (-) TimerEvent: {}
[241.923799] (hdl_global_localization) StdoutLine: {'line': b'-- Symlinking: /home/ysc/lite_cog_ros2/nav/install/hdl_global_localization/share/hdl_global_localization/local_setup.zsh\n'}
[241.987342] (hdl_global_localization) StdoutLine: {'line': b'-- Symlinking: /home/ysc/lite_cog_ros2/nav/install/hdl_global_localization/share/hdl_global_localization/local_setup.dsv\n'}
[242.000406] (-) TimerEvent: {}
[242.101503] (-) TimerEvent: {}
[242.156107] (hdl_global_localization) StdoutLine: {'line': b'-- Symlinking: /home/ysc/lite_cog_ros2/nav/install/hdl_global_localization/share/hdl_global_localization/package.dsv\n'}
[242.201739] (-) TimerEvent: {}
[242.213812] (hdl_global_localization) StdoutLine: {'line': b'-- Symlinking: /home/ysc/lite_cog_ros2/nav/install/hdl_global_localization/share/ament_index/resource_index/packages/hdl_global_localization\n'}
[242.289502] (hdl_global_localization) StdoutLine: {'line': b'-- Symlinking: /home/ysc/lite_cog_ros2/nav/install/hdl_global_localization/share/hdl_global_localization/cmake/rosidl_cmake-extras.cmake\n'}
[242.301927] (-) TimerEvent: {}
[242.352890] (hdl_global_localization) StdoutLine: {'line': b'-- Symlinking: /home/ysc/lite_cog_ros2/nav/install/hdl_global_localization/share/hdl_global_localization/cmake/ament_cmake_export_dependencies-extras.cmake\n'}
[242.402378] (-) TimerEvent: {}
[242.417419] (hdl_global_localization) StdoutLine: {'line': b'-- Symlinking: /home/ysc/lite_cog_ros2/nav/install/hdl_global_localization/share/hdl_global_localization/cmake/ament_cmake_export_libraries-extras.cmake\n'}
[242.478456] (hdl_global_localization) StdoutLine: {'line': b'-- Symlinking: /home/ysc/lite_cog_ros2/nav/install/hdl_global_localization/share/hdl_global_localization/cmake/ament_cmake_export_targets-extras.cmake\n'}
[242.502590] (-) TimerEvent: {}
[242.542675] (hdl_global_localization) StdoutLine: {'line': b'-- Symlinking: /home/ysc/lite_cog_ros2/nav/install/hdl_global_localization/share/hdl_global_localization/cmake/ament_cmake_export_include_directories-extras.cmake\n'}
[242.602831] (-) TimerEvent: {}
[242.611140] (hdl_global_localization) StdoutLine: {'line': b'-- Symlinking: /home/ysc/lite_cog_ros2/nav/install/hdl_global_localization/share/hdl_global_localization/cmake/rosidl_cmake_export_typesupport_libraries-extras.cmake\n'}
[242.681724] (hdl_global_localization) StdoutLine: {'line': b'-- Symlinking: /home/ysc/lite_cog_ros2/nav/install/hdl_global_localization/share/hdl_global_localization/cmake/rosidl_cmake_export_typesupport_targets-extras.cmake\n'}
[242.703304] (-) TimerEvent: {}
[242.746998] (hdl_global_localization) StdoutLine: {'line': b'-- Symlinking: /home/ysc/lite_cog_ros2/nav/install/hdl_global_localization/share/hdl_global_localization/cmake/hdl_global_localizationConfig.cmake\n'}
[242.803592] (-) TimerEvent: {}
[242.810119] (hdl_global_localization) StdoutLine: {'line': b'-- Symlinking: /home/ysc/lite_cog_ros2/nav/install/hdl_global_localization/share/hdl_global_localization/cmake/hdl_global_localizationConfig-version.cmake\n'}
[242.878748] (hdl_global_localization) StdoutLine: {'line': b'-- Symlinking: /home/ysc/lite_cog_ros2/nav/install/hdl_global_localization/share/hdl_global_localization/package.xml\n'}
[242.903963] (-) TimerEvent: {}
[242.947821] (hdl_global_localization) StdoutLine: {'line': b'-- Installing: /home/ysc/lite_cog_ros2/nav/install/hdl_global_localization/lib/libhdl_global_localization__rosidl_generator_c.so\n'}
[242.954819] (hdl_global_localization) StdoutLine: {'line': b'-- Set runtime path of "/home/ysc/lite_cog_ros2/nav/install/hdl_global_localization/lib/libhdl_global_localization__rosidl_generator_c.so" to ""\n'}
[242.958096] (hdl_global_localization) StdoutLine: {'line': b'-- Installing: /home/ysc/lite_cog_ros2/nav/install/hdl_global_localization/lib/libhdl_global_localization__rosidl_typesupport_introspection_c.so\n'}
[242.964349] (hdl_global_localization) StdoutLine: {'line': b'-- Set runtime path of "/home/ysc/lite_cog_ros2/nav/install/hdl_global_localization/lib/libhdl_global_localization__rosidl_typesupport_introspection_c.so" to ""\n'}
[242.966292] (hdl_global_localization) StdoutLine: {'line': b'-- Installing: /home/ysc/lite_cog_ros2/nav/install/hdl_global_localization/lib/libhdl_global_localization__rosidl_typesupport_c.so\n'}
[242.969449] (hdl_global_localization) StdoutLine: {'line': b'-- Set runtime path of "/home/ysc/lite_cog_ros2/nav/install/hdl_global_localization/lib/libhdl_global_localization__rosidl_typesupport_c.so" to ""\n'}
[242.973694] (hdl_global_localization) StdoutLine: {'line': b'-- Installing: /home/ysc/lite_cog_ros2/nav/install/hdl_global_localization/lib/libhdl_global_localization__rosidl_typesupport_introspection_cpp.so\n'}
[242.977935] (hdl_global_localization) StdoutLine: {'line': b'-- Set runtime path of "/home/ysc/lite_cog_ros2/nav/install/hdl_global_localization/lib/libhdl_global_localization__rosidl_typesupport_introspection_cpp.so" to ""\n'}
[242.978983] (hdl_global_localization) StdoutLine: {'line': b'-- Installing: /home/ysc/lite_cog_ros2/nav/install/hdl_global_localization/lib/libhdl_global_localization__rosidl_typesupport_cpp.so\n'}
[242.981624] (hdl_global_localization) StdoutLine: {'line': b'-- Set runtime path of "/home/ysc/lite_cog_ros2/nav/install/hdl_global_localization/lib/libhdl_global_localization__rosidl_typesupport_cpp.so" to ""\n'}
[243.004191] (-) TimerEvent: {}
[243.105173] (-) TimerEvent: {}
[243.165660] (hdl_global_localization) StdoutLine: {'line': b"Compiling '/home/ysc/lite_cog_ros2/nav/install/hdl_global_localization/lib/python3.8/site-packages/hdl_global_localization/__init__.py'...\n"}
[243.187466] (hdl_global_localization) StdoutLine: {'line': b'-- Installing: /home/ysc/lite_cog_ros2/nav/install/hdl_global_localization/share/hdl_global_localization/cmake/hdl_global_localization__rosidl_generator_cExport.cmake\n'}
[243.188779] (hdl_global_localization) StdoutLine: {'line': b'-- Installing: /home/ysc/lite_cog_ros2/nav/install/hdl_global_localization/share/hdl_global_localization/cmake/hdl_global_localization__rosidl_generator_cExport-noconfig.cmake\n'}
[243.190254] (hdl_global_localization) StdoutLine: {'line': b'-- Installing: /home/ysc/lite_cog_ros2/nav/install/hdl_global_localization/share/hdl_global_localization/cmake/hdl_global_localization__rosidl_typesupport_introspection_cExport.cmake\n'}
[243.191383] (hdl_global_localization) StdoutLine: {'line': b'-- Installing: /home/ysc/lite_cog_ros2/nav/install/hdl_global_localization/share/hdl_global_localization/cmake/hdl_global_localization__rosidl_typesupport_introspection_cExport-noconfig.cmake\n'}
[243.192813] (hdl_global_localization) StdoutLine: {'line': b'-- Installing: /home/ysc/lite_cog_ros2/nav/install/hdl_global_localization/share/hdl_global_localization/cmake/hdl_global_localization__rosidl_typesupport_cExport.cmake\n'}
[243.193842] (hdl_global_localization) StdoutLine: {'line': b'-- Installing: /home/ysc/lite_cog_ros2/nav/install/hdl_global_localization/share/hdl_global_localization/cmake/hdl_global_localization__rosidl_typesupport_cExport-noconfig.cmake\n'}
[243.195032] (hdl_global_localization) StdoutLine: {'line': b'-- Installing: /home/ysc/lite_cog_ros2/nav/install/hdl_global_localization/share/hdl_global_localization/cmake/hdl_global_localization__rosidl_generator_cppExport.cmake\n'}
[243.196313] (hdl_global_localization) StdoutLine: {'line': b'-- Installing: /home/ysc/lite_cog_ros2/nav/install/hdl_global_localization/share/hdl_global_localization/cmake/hdl_global_localization__rosidl_typesupport_introspection_cppExport.cmake\n'}
[243.197498] (hdl_global_localization) StdoutLine: {'line': b'-- Installing: /home/ysc/lite_cog_ros2/nav/install/hdl_global_localization/share/hdl_global_localization/cmake/hdl_global_localization__rosidl_typesupport_introspection_cppExport-noconfig.cmake\n'}
[243.198734] (hdl_global_localization) StdoutLine: {'line': b'-- Installing: /home/ysc/lite_cog_ros2/nav/install/hdl_global_localization/share/hdl_global_localization/cmake/hdl_global_localization__rosidl_typesupport_cppExport.cmake\n'}
[243.199810] (hdl_global_localization) StdoutLine: {'line': b'-- Installing: /home/ysc/lite_cog_ros2/nav/install/hdl_global_localization/share/hdl_global_localization/cmake/hdl_global_localization__rosidl_typesupport_cppExport-noconfig.cmake\n'}
[243.205339] (-) TimerEvent: {}
[243.213255] (hdl_global_localization) CommandEnded: {'returncode': 0}
[243.307548] (-) TimerEvent: {}
[243.414059] (-) TimerEvent: {}
[243.515301] (-) TimerEvent: {}
[243.616825] (-) TimerEvent: {}
[243.718061] (-) TimerEvent: {}
[243.819446] (-) TimerEvent: {}
[243.922962] (-) TimerEvent: {}
[244.024343] (-) TimerEvent: {}
[244.133310] (-) TimerEvent: {}
[244.196506] (hdl_global_localization) JobEnded: {'identifier': 'hdl_global_localization', 'rc': 0}
[244.204062] (hdl_localization) JobStarted: {'identifier': 'hdl_localization'}
[244.234228] (-) TimerEvent: {}
[244.267653] (hdl_localization) JobProgress: {'identifier': 'hdl_localization', 'progress': 'cmake'}
[244.269348] (hdl_localization) Command: {'cmd': ['/usr/bin/cmake', '/home/ysc/lite_cog_ros2/nav/src/hdl_localization', '-DAMENT_CMAKE_SYMLINK_INSTALL=1', '-DCMAKE_INSTALL_PREFIX=/home/ysc/lite_cog_ros2/nav/install/hdl_localization'], 'cwd': '/home/ysc/lite_cog_ros2/nav/build/hdl_localization', 'env': OrderedDict([('GJS_DEBUG_TOPICS', 'JS ERROR;JS LOG'), ('LESSOPEN', '| /usr/bin/lesspipe %s'), ('USER', 'ysc'), ('LC_TIME', 'zh_CN.UTF-8'), ('SSH_AGENT_PID', '1895'), ('XDG_SESSION_TYPE', 'x11'), ('SHLVL', '1'), ('LD_LIBRARY_PATH', '/home/ysc/lite_cog_ros2/nav/install/hdl_global_localization/lib:/home/ysc/lite_cog_ros2/fast_gicp/install/fast_gicp/lib:/home/ysc/lite_cog_ros2/ndt_omp/install/ndt_omp/lib:/usr/lib/aarch64-linux-gnu/gazebo-11/plugins:/opt/ros/foxy/opt/yaml_cpp_vendor/lib:/opt/ros/foxy/opt/rviz_ogre_vendor/lib:/opt/ros/foxy/lib/aarch64-linux-gnu:/opt/ros/foxy/lib:/usr/local/cuda-11.4/lib64'), ('HOME', '/home/ysc'), ('OLDPWD', '/home/ysc/lite_cog_ros2/nav/src'), ('DESKTOP_SESSION', 'ubuntu'), ('ROS_PYTHON_VERSION', '3'), ('GNOME_SHELL_SESSION_MODE', 'ubuntu'), ('GTK_MODULES', 'gail:atk-bridge'), ('LC_MONETARY', 'zh_CN.UTF-8'), ('MANAGERPID', '1362'), ('DBUS_SESSION_BUS_ADDRESS', 'unix:path=/run/user/1000/bus'), ('COLORTERM', 'truecolor'), ('_colcon_cd_root', '/opt/ros/foxy/'), ('IM_CONFIG_PHASE', '1'), ('COLCON_PREFIX_PATH', '/home/ysc/lite_cog_ros2/fast_gicp/install:/home/ysc/lite_cog_ros2/ndt_omp/install'), ('ROS_DISTRO', 'foxy'), ('LOGNAME', 'ysc'), ('JOURNAL_STREAM', '8:48653'), ('_', '/usr/bin/colcon'), ('ROS_VERSION', '2'), ('XDG_SESSION_CLASS', 'user'), ('USERNAME', 'ysc'), ('TERM', 'xterm-256color'), ('GNOME_DESKTOP_SESSION_ID', 'this-is-deprecated'), ('ROS_LOCALHOST_ONLY', '0'), ('WINDOWPATH', '2'), ('PATH', '/opt/ros/foxy/bin:/usr/local/cuda-11.4/bin:/home/ysc/.local/bin:/usr/local/sbin:/usr/local/bin:/usr/sbin:/usr/bin:/sbin:/bin:/usr/games:/usr/local/games:/snap/bin'), ('SESSION_MANAGER', 'local/lite:@/tmp/.ICE-unix/2022,unix/lite:/tmp/.ICE-unix/2022'), ('INVOCATION_ID', '4b0aaf6bd2144023a916f56d35e54dd6'), ('XDG_MENU_PREFIX', 'gnome-'), ('LC_ADDRESS', 'zh_CN.UTF-8'), ('GNOME_TERMINAL_SCREEN', '/org/gnome/Terminal/screen/4642abbf_5c09_42bf_b6d8_b1c515a5047a'), ('XDG_RUNTIME_DIR', '/run/user/1000'), ('DISPLAY', ':0'), ('LANG', 'en_US.UTF-8'), ('XDG_CURRENT_DESKTOP', 'ubuntu:GNOME'), ('LC_TELEPHONE', 'zh_CN.UTF-8'), ('XMODIFIERS', '@im=ibus'), ('XDG_SESSION_DESKTOP', 'ubuntu'), ('XAUTHORITY', '/run/user/1000/gdm/Xauthority'), ('LS_COLORS', 'rs=0:di=01;34:ln=01;36:mh=00:pi=40;33:so=01;35:do=01;35:bd=40;33;01:cd=40;33;01:or=40;31;01:mi=00:su=37;41:sg=30;43:ca=30;41:tw=30;42:ow=34;42:st=37;44:ex=01;32:*.tar=01;31:*.tgz=01;31:*.arc=01;31:*.arj=01;31:*.taz=01;31:*.lha=01;31:*.lz4=01;31:*.lzh=01;31:*.lzma=01;31:*.tlz=01;31:*.txz=01;31:*.tzo=01;31:*.t7z=01;31:*.zip=01;31:*.z=01;31:*.dz=01;31:*.gz=01;31:*.lrz=01;31:*.lz=01;31:*.lzo=01;31:*.xz=01;31:*.zst=01;31:*.tzst=01;31:*.bz2=01;31:*.bz=01;31:*.tbz=01;31:*.tbz2=01;31:*.tz=01;31:*.deb=01;31:*.rpm=01;31:*.jar=01;31:*.war=01;31:*.ear=01;31:*.sar=01;31:*.rar=01;31:*.alz=01;31:*.ace=01;31:*.zoo=01;31:*.cpio=01;31:*.7z=01;31:*.rz=01;31:*.cab=01;31:*.wim=01;31:*.swm=01;31:*.dwm=01;31:*.esd=01;31:*.jpg=01;35:*.jpeg=01;35:*.mjpg=01;35:*.mjpeg=01;35:*.gif=01;35:*.bmp=01;35:*.pbm=01;35:*.pgm=01;35:*.ppm=01;35:*.tga=01;35:*.xbm=01;35:*.xpm=01;35:*.tif=01;35:*.tiff=01;35:*.png=01;35:*.svg=01;35:*.svgz=01;35:*.mng=01;35:*.pcx=01;35:*.mov=01;35:*.mpg=01;35:*.mpeg=01;35:*.m2v=01;35:*.mkv=01;35:*.webm=01;35:*.ogm=01;35:*.mp4=01;35:*.m4v=01;35:*.mp4v=01;35:*.vob=01;35:*.qt=01;35:*.nuv=01;35:*.wmv=01;35:*.asf=01;35:*.rm=01;35:*.rmvb=01;35:*.flc=01;35:*.avi=01;35:*.fli=01;35:*.flv=01;35:*.gl=01;35:*.dl=01;35:*.xcf=01;35:*.xwd=01;35:*.yuv=01;35:*.cgm=01;35:*.emf=01;35:*.ogv=01;35:*.ogx=01;35:*.aac=00;36:*.au=00;36:*.flac=00;36:*.m4a=00;36:*.mid=00;36:*.midi=00;36:*.mka=00;36:*.mp3=00;36:*.mpc=00;36:*.ogg=00;36:*.ra=00;36:*.wav=00;36:*.oga=00;36:*.opus=00;36:*.spx=00;36:*.xspf=00;36:'), ('GNOME_TERMINAL_SERVICE', ':1.102'), ('SSH_AUTH_SOCK', '/run/user/1000/keyring/ssh'), ('ROS_DOMAIN_ID', '0'), ('AMENT_PREFIX_PATH', '/home/ysc/lite_cog_ros2/nav/install/hdl_global_localization:/home/ysc/lite_cog_ros2/fast_gicp/install/fast_gicp:/home/ysc/lite_cog_ros2/ndt_omp/install/ndt_omp:/opt/ros/foxy'), ('SHELL', '/bin/bash'), ('LC_NAME', 'zh_CN.UTF-8'), ('QT_ACCESSIBILITY', '1'), ('GDMSESSION', 'ubuntu'), ('LESSCLOSE', '/usr/bin/lesspipe %s %s'), ('LC_MEASUREMENT', 'zh_CN.UTF-8'), ('GPG_AGENT_INFO', '/run/user/1000/gnupg/S.gpg-agent:0:1'), ('GJS_DEBUG_OUTPUT', 'stderr'), ('LC_IDENTIFICATION', 'zh_CN.UTF-8'), ('QT_IM_MODULE', 'ibus'), ('PWD', '/home/ysc/lite_cog_ros2/nav/build/hdl_localization'), ('LC_ALL', 'en_US.UTF-8'), ('XDG_CONFIG_DIRS', '/etc/xdg/xdg-ubuntu:/etc/xdg'), ('XDG_DATA_DIRS', '/usr/share/ubuntu:/usr/local/share/:/usr/share/:/var/lib/snapd/desktop'), ('PYTHONPATH', '/home/ysc/lite_cog_ros2/nav/install/hdl_global_localization/lib/python3.8/site-packages:/opt/ros/foxy/lib/python3.8/site-packages'), ('LC_NUMERIC', 'zh_CN.UTF-8'), ('LC_PAPER', 'zh_CN.UTF-8'), ('COLCON', '1'), ('VTE_VERSION', '6003'), ('CMAKE_PREFIX_PATH', '/home/ysc/lite_cog_ros2/nav/install/hdl_global_localization:/home/ysc/lite_cog_ros2/fast_gicp/install/fast_gicp:/home/ysc/lite_cog_ros2/ndt_omp/install/ndt_omp:/opt/ros/foxy')]), 'shell': False}
[244.334406] (-) TimerEvent: {}
[244.435932] (-) TimerEvent: {}
[244.537057] (-) TimerEvent: {}
[244.638777] (-) TimerEvent: {}
[244.739996] (-) TimerEvent: {}
[244.819074] (hdl_localization) StdoutLine: {'line': b'-- The C compiler identification is GNU 9.4.0\n'}
[244.840311] (-) TimerEvent: {}
[244.941616] (-) TimerEvent: {}
[245.042763] (-) TimerEvent: {}
[245.143538] (hdl_localization) StdoutLine: {'line': b'-- The CXX compiler identification is GNU 9.4.0\n'}
[245.144445] (-) TimerEvent: {}
[245.166833] (hdl_localization) StdoutLine: {'line': b'-- Check for working C compiler: /usr/bin/cc\n'}
[245.244806] (-) TimerEvent: {}
[245.345993] (-) TimerEvent: {}
[245.447032] (-) TimerEvent: {}
[245.548288] (-) TimerEvent: {}
[245.589422] (hdl_localization) StdoutLine: {'line': b'-- Check for working C compiler: /usr/bin/cc -- works\n'}
[245.594027] (hdl_localization) StdoutLine: {'line': b'-- Detecting C compiler ABI info\n'}
[245.648586] (-) TimerEvent: {}
[245.749778] (-) TimerEvent: {}
[245.850836] (-) TimerEvent: {}
[245.951887] (-) TimerEvent: {}
[246.032060] (hdl_localization) StdoutLine: {'line': b'-- Detecting C compiler ABI info - done\n'}
[246.052798] (-) TimerEvent: {}
[246.095726] (hdl_localization) StdoutLine: {'line': b'-- Detecting C compile features\n'}
[246.097399] (hdl_localization) StdoutLine: {'line': b'-- Detecting C compile features - done\n'}
[246.109523] (hdl_localization) StdoutLine: {'line': b'-- Check for working CXX compiler: /usr/bin/c++\n'}
[246.152897] (-) TimerEvent: {}
[246.254023] (-) TimerEvent: {}
[246.355128] (-) TimerEvent: {}
[246.456187] (-) TimerEvent: {}
[246.557381] (-) TimerEvent: {}
[246.582166] (hdl_localization) StdoutLine: {'line': b'-- Check for working CXX compiler: /usr/bin/c++ -- works\n'}
[246.588045] (hdl_localization) StdoutLine: {'line': b'-- Detecting CXX compiler ABI info\n'}
[246.657635] (-) TimerEvent: {}
[246.758602] (-) TimerEvent: {}
[246.860400] (-) TimerEvent: {}
[246.961550] (-) TimerEvent: {}
[247.062635] (-) TimerEvent: {}
[247.205104] (hdl_localization) StdoutLine: {'line': b'-- Detecting CXX compiler ABI info - done\n'}
[247.205928] (-) TimerEvent: {}
[247.259094] (hdl_localization) StdoutLine: {'line': b'-- Detecting CXX compile features\n'}
[247.261486] (hdl_localization) StdoutLine: {'line': b'-- Detecting CXX compile features - done\n'}
[247.273375] (hdl_localization) StdoutLine: {'line': b'-- Found ament_cmake_auto: 0.9.12 (/opt/ros/foxy/share/ament_cmake_auto/cmake)\n'}
[247.306109] (-) TimerEvent: {}
[247.407004] (-) TimerEvent: {}
[247.421871] (hdl_localization) StdoutLine: {'line': b'-- Found PythonInterp: /usr/bin/python3 (found suitable version "3.8.10", minimum required is "3") \n'}
[247.423015] (hdl_localization) StdoutLine: {'line': b'-- Using PYTHON_EXECUTABLE: /usr/bin/python3\n'}
[247.507198] (-) TimerEvent: {}
[247.608096] (-) TimerEvent: {}
[247.709070] (-) TimerEvent: {}
[247.810011] (-) TimerEvent: {}
[247.910921] (-) TimerEvent: {}
[248.011945] (-) TimerEvent: {}
[248.113030] (-) TimerEvent: {}
[248.214012] (-) TimerEvent: {}
[248.314981] (-) TimerEvent: {}
[248.415958] (-) TimerEvent: {}
[248.491507] (hdl_localization) StdoutLine: {'line': b'-- Override CMake install command with custom implementation using symlinks instead of copying resources\n'}
[248.516201] (-) TimerEvent: {}
[248.617895] (-) TimerEvent: {}
[248.719033] (-) TimerEvent: {}
[248.821331] (-) TimerEvent: {}
[248.922403] (-) TimerEvent: {}
[248.962415] (hdl_localization) StdoutLine: {'line': b'-- Using all available rosidl_typesupport_c: rosidl_typesupport_fastrtps_c;rosidl_typesupport_introspection_c\n'}
[249.002213] (hdl_localization) StdoutLine: {'line': b'-- Found rosidl_adapter: 1.3.1 (/opt/ros/foxy/share/rosidl_adapter/cmake)\n'}
[249.022620] (-) TimerEvent: {}
[249.123614] (-) TimerEvent: {}
[249.224744] (-) TimerEvent: {}
[249.325829] (-) TimerEvent: {}
[249.426904] (-) TimerEvent: {}
[249.527958] (-) TimerEvent: {}
[249.629013] (-) TimerEvent: {}
[249.730573] (-) TimerEvent: {}
[249.765080] (hdl_localization) StdoutLine: {'line': b'-- Found OpenSSL: /usr/lib/aarch64-linux-gnu/libcrypto.so (found version "1.1.1f")  \n'}
[249.830981] (-) TimerEvent: {}
[249.926461] (hdl_localization) StdoutLine: {'line': b'-- Found FastRTPS: /opt/ros/foxy/include  \n'}
[249.931143] (-) TimerEvent: {}
[250.032038] (-) TimerEvent: {}
[250.133137] (-) TimerEvent: {}
[250.234204] (-) TimerEvent: {}
[250.335207] (-) TimerEvent: {}
[250.383752] (hdl_localization) StdoutLine: {'line': b'-- Using all available rosidl_typesupport_cpp: rosidl_typesupport_fastrtps_cpp;rosidl_typesupport_introspection_cpp\n'}
[250.435430] (-) TimerEvent: {}
[250.536658] (-) TimerEvent: {}
[250.637695] (-) TimerEvent: {}
[250.738663] (-) TimerEvent: {}
[250.839667] (-) TimerEvent: {}
[250.899409] (hdl_localization) StdoutLine: {'line': b'-- Found rmw_implementation_cmake: 1.0.4 (/opt/ros/foxy/share/rmw_implementation_cmake/cmake)\n'}
[250.907311] (hdl_localization) StdoutLine: {'line': b"-- Using RMW implementation 'rmw_fastrtps_cpp' as default\n"}
[250.912011] (hdl_localization) StdoutLine: {'line': b'-- Looking for pthread.h\n'}
[250.939887] (-) TimerEvent: {}
[251.041189] (-) TimerEvent: {}
[251.142253] (-) TimerEvent: {}
[251.243305] (-) TimerEvent: {}
[251.344311] (-) TimerEvent: {}
[251.445425] (-) TimerEvent: {}
[251.461365] (hdl_localization) StdoutLine: {'line': b'-- Looking for pthread.h - found\n'}
[251.462986] (hdl_localization) StdoutLine: {'line': b'-- Performing Test CMAKE_HAVE_LIBC_PTHREAD\n'}
[251.545645] (-) TimerEvent: {}
[251.646840] (-) TimerEvent: {}
[251.747822] (-) TimerEvent: {}
[251.848908] (-) TimerEvent: {}
[251.950612] (-) TimerEvent: {}
[252.051669] (-) TimerEvent: {}
[252.152724] (-) TimerEvent: {}
[252.154404] (hdl_localization) StdoutLine: {'line': b'-- Performing Test CMAKE_HAVE_LIBC_PTHREAD - Failed\n'}
[252.155689] (hdl_localization) StdoutLine: {'line': b'-- Looking for pthread_create in pthreads\n'}
[252.252952] (-) TimerEvent: {}
[252.353944] (-) TimerEvent: {}
[252.454953] (-) TimerEvent: {}
[252.555880] (-) TimerEvent: {}
[252.656880] (-) TimerEvent: {}
[252.671330] (hdl_localization) StdoutLine: {'line': b'-- Looking for pthread_create in pthreads - not found\n'}
[252.672351] (hdl_localization) StdoutLine: {'line': b'-- Looking for pthread_create in pthread\n'}
[252.757134] (-) TimerEvent: {}
[252.858285] (-) TimerEvent: {}
[252.959199] (-) TimerEvent: {}
[253.060225] (-) TimerEvent: {}
[253.115787] (hdl_localization) StdoutLine: {'line': b'-- Looking for pthread_create in pthread - found\n'}
[253.122686] (hdl_localization) StdoutLine: {'line': b'-- Found Threads: TRUE  \n'}
[253.160478] (-) TimerEvent: {}
[253.261554] (-) TimerEvent: {}
[253.362571] (-) TimerEvent: {}
[253.463647] (-) TimerEvent: {}
[253.564792] (-) TimerEvent: {}
[253.665895] (-) TimerEvent: {}
[253.766917] (-) TimerEvent: {}
[253.868283] (-) TimerEvent: {}
[253.969381] (-) TimerEvent: {}
[254.070484] (-) TimerEvent: {}
[254.171560] (-) TimerEvent: {}
[254.272673] (-) TimerEvent: {}
[254.373703] (-) TimerEvent: {}
[254.474747] (-) TimerEvent: {}
[254.575790] (-) TimerEvent: {}
[254.676791] (-) TimerEvent: {}
[254.777801] (-) TimerEvent: {}
[254.878834] (-) TimerEvent: {}
[254.979860] (-) TimerEvent: {}
[255.080965] (-) TimerEvent: {}
[255.182079] (-) TimerEvent: {}
[255.283067] (-) TimerEvent: {}
[255.384070] (-) TimerEvent: {}
[255.485161] (-) TimerEvent: {}
[255.586208] (-) TimerEvent: {}
[255.687271] (-) TimerEvent: {}
[255.707606] (hdl_localization) StdoutLine: {'line': b'-- Found eigen3_cmake_module: 0.1.1 (/opt/ros/foxy/share/eigen3_cmake_module/cmake)\n'}
[255.725018] (hdl_localization) StdoutLine: {'line': b'-- Found Eigen3: TRUE (found version "3.3.7") \n'}
[255.787470] (-) TimerEvent: {}
[255.888532] (-) TimerEvent: {}
[255.989646] (-) TimerEvent: {}
[256.090773] (-) TimerEvent: {}
[256.191868] (-) TimerEvent: {}
[256.292979] (-) TimerEvent: {}
[256.394063] (-) TimerEvent: {}
[256.495140] (-) TimerEvent: {}
[256.596203] (-) TimerEvent: {}
[256.697319] (-) TimerEvent: {}
[256.798446] (-) TimerEvent: {}
[256.899535] (-) TimerEvent: {}
[257.000651] (-) TimerEvent: {}
[257.101714] (-) TimerEvent: {}
[257.194202] (hdl_localization) StdoutLine: {'line': b"-- Checking for module 'eigen3'\n"}
[257.201896] (-) TimerEvent: {}
[257.340404] (hdl_localization) StdoutLine: {'line': b'--   Found eigen3, version 3.3.7\n'}
[257.341193] (-) TimerEvent: {}
[257.442470] (-) TimerEvent: {}
[257.546224] (-) TimerEvent: {}
[257.647428] (-) TimerEvent: {}
[257.706435] (hdl_localization) StdoutLine: {'line': b'-- Found Eigen: /usr/include/eigen3 (Required is at least version "3.1") \n'}
[257.709084] (hdl_localization) StdoutLine: {'line': b'-- Eigen found (include: /usr/include/eigen3, version: 3.3.7)\n'}
[257.747667] (-) TimerEvent: {}
[257.848710] (-) TimerEvent: {}
[257.949711] (-) TimerEvent: {}
[258.050788] (-) TimerEvent: {}
[258.051946] (hdl_localization) StdoutLine: {'line': b"-- Checking for module 'flann'\n"}
[258.151271] (-) TimerEvent: {}
[258.179159] (hdl_localization) StdoutLine: {'line': b'--   Found flann, version 1.9.1\n'}
[258.252486] (-) TimerEvent: {}
[258.355913] (-) TimerEvent: {}
[258.457004] (-) TimerEvent: {}
[258.558031] (-) TimerEvent: {}
[258.594099] (hdl_localization) StdoutLine: {'line': b'-- Found FLANN: /usr/lib/aarch64-linux-gnu/libflann_cpp.so  \n'}
[258.658255] (-) TimerEvent: {}
[258.759345] (-) TimerEvent: {}
[258.860427] (-) TimerEvent: {}
[258.933619] (hdl_localization) StdoutLine: {'line': b'-- The imported target "vtkParseOGLExt" references the file\n'}
[258.934614] (hdl_localization) StdoutLine: {'line': b'   "/usr/bin/vtkParseOGLExt-7.1"\n'}
[258.935150] (hdl_localization) StdoutLine: {'line': b'but this file does not exist.  Possible reasons include:\n'}
[258.935634] (hdl_localization) StdoutLine: {'line': b'* The file was deleted, renamed, or moved to another location.\n'}
[258.936166] (hdl_localization) StdoutLine: {'line': b'* An install or uninstall procedure did not complete successfully.\n'}
[258.936737] (hdl_localization) StdoutLine: {'line': b'* The installation package was faulty and contained\n'}
[258.937264] (hdl_localization) StdoutLine: {'line': b'   "/usr/lib/cmake/vtk-7.1/VTKTargets.cmake"\n'}
[258.937706] (hdl_localization) StdoutLine: {'line': b'but not all the files it references.\n'}
[258.938115] (hdl_localization) StdoutLine: {'line': b'\n'}
[258.939837] (hdl_localization) StdoutLine: {'line': b'-- The imported target "vtkRenderingPythonTkWidgets" references the file\n'}
[258.940579] (hdl_localization) StdoutLine: {'line': b'   "/usr/lib/aarch64-linux-gnu/libvtkRenderingPythonTkWidgets.so"\n'}
[258.941157] (hdl_localization) StdoutLine: {'line': b'but this file does not exist.  Possible reasons include:\n'}
[258.941634] (hdl_localization) StdoutLine: {'line': b'* The file was deleted, renamed, or moved to another location.\n'}
[258.942052] (hdl_localization) StdoutLine: {'line': b'* An install or uninstall procedure did not complete successfully.\n'}
[258.942442] (hdl_localization) StdoutLine: {'line': b'* The installation package was faulty and contained\n'}
[258.942838] (hdl_localization) StdoutLine: {'line': b'   "/usr/lib/cmake/vtk-7.1/VTKTargets.cmake"\n'}
[258.943284] (hdl_localization) StdoutLine: {'line': b'but not all the files it references.\n'}
[258.943785] (hdl_localization) StdoutLine: {'line': b'\n'}
[258.945047] (hdl_localization) StdoutLine: {'line': b'-- The imported target "vtk" references the file\n'}
[258.945491] (hdl_localization) StdoutLine: {'line': b'   "/usr/bin/vtk"\n'}
[258.945857] (hdl_localization) StdoutLine: {'line': b'but this file does not exist.  Possible reasons include:\n'}
[258.946244] (hdl_localization) StdoutLine: {'line': b'* The file was deleted, renamed, or moved to another location.\n'}
[258.946707] (hdl_localization) StdoutLine: {'line': b'* An install or uninstall procedure did not complete successfully.\n'}
[258.947067] (hdl_localization) StdoutLine: {'line': b'* The installation package was faulty and contained\n'}
[258.947418] (hdl_localization) StdoutLine: {'line': b'   "/usr/lib/cmake/vtk-7.1/VTKTargets.cmake"\n'}
[258.947870] (hdl_localization) StdoutLine: {'line': b'but not all the files it references.\n'}
[258.948224] (hdl_localization) StdoutLine: {'line': b'\n'}
[258.948581] (hdl_localization) StdoutLine: {'line': b'-- The imported target "pvtk" references the file\n'}
[258.949056] (hdl_localization) StdoutLine: {'line': b'   "/usr/bin/pvtk"\n'}
[258.949477] (hdl_localization) StdoutLine: {'line': b'but this file does not exist.  Possible reasons include:\n'}
[258.949847] (hdl_localization) StdoutLine: {'line': b'* The file was deleted, renamed, or moved to another location.\n'}
[258.950194] (hdl_localization) StdoutLine: {'line': b'* An install or uninstall procedure did not complete successfully.\n'}
[258.950568] (hdl_localization) StdoutLine: {'line': b'* The installation package was faulty and contained\n'}
[258.950973] (hdl_localization) StdoutLine: {'line': b'   "/usr/lib/cmake/vtk-7.1/VTKTargets.cmake"\n'}
[258.951330] (hdl_localization) StdoutLine: {'line': b'but not all the files it references.\n'}
[258.951689] (hdl_localization) StdoutLine: {'line': b'\n'}
[258.960587] (-) TimerEvent: {}
[259.060886] (hdl_localization) StdoutLine: {'line': b"-- Checking for module 'libusb-1.0'\n"}
[259.061844] (-) TimerEvent: {}
[259.162681] (-) TimerEvent: {}
[259.184543] (hdl_localization) StdoutLine: {'line': b'--   Found libusb-1.0, version 1.0.23\n'}
[259.262931] (-) TimerEvent: {}
[259.364026] (-) TimerEvent: {}
[259.465200] (-) TimerEvent: {}
[259.567143] (-) TimerEvent: {}
[259.580733] (hdl_localization) StdoutLine: {'line': b'-- Found USB_10: /usr/lib/aarch64-linux-gnu/libusb-1.0.so  \n'}
[259.667125] (-) TimerEvent: {}
[259.769570] (-) TimerEvent: {}
[259.873556] (-) TimerEvent: {}
[259.975394] (-) TimerEvent: {}
[260.081478] (-) TimerEvent: {}
[260.124188] (hdl_localization) StdoutLine: {'line': b'-- OpenNI found (include: /usr/include/ni, lib: /usr/lib/libOpenNI.so)\n'}
[260.181762] (-) TimerEvent: {}
[260.282761] (-) TimerEvent: {}
[260.383828] (-) TimerEvent: {}
[260.488468] (-) TimerEvent: {}
[260.590224] (-) TimerEvent: {}
[260.693711] (-) TimerEvent: {}
[260.704854] (hdl_localization) StdoutLine: {'line': b'-- OpenNI2 found (include: /usr/include/openni2, lib: /usr/lib/libOpenNI2.so)\n'}
[260.782273] (hdl_localization) StdoutLine: {'line': b'-- Found libusb-1.0: /usr/include  \n'}
[260.793913] (-) TimerEvent: {}
[260.816957] (hdl_localization) StdoutLine: {'line': b'-- OpenNI found (include: /usr/include/ni, lib: /usr/lib/libOpenNI.so)\n'}
[260.852750] (hdl_localization) StdoutLine: {'line': b'-- OpenNI2 found (include: /usr/include/openni2, lib: /usr/lib/libOpenNI2.so)\n'}
[260.894137] (-) TimerEvent: {}
[260.995117] (-) TimerEvent: {}
[261.009852] (hdl_localization) StdoutLine: {'line': b'-- Found Qhull: optimized;/usr/lib/aarch64-linux-gnu/libqhull.so;debug;/usr/lib/aarch64-linux-gnu/libqhull.so  \n'}
[261.010843] (hdl_localization) StdoutLine: {'line': b'-- QHULL found (include: /usr/include, lib: optimized;/usr/lib/aarch64-linux-gnu/libqhull.so;debug;/usr/lib/aarch64-linux-gnu/libqhull.so)\n'}
[261.047702] (hdl_localization) StdoutLine: {'line': b'-- OpenNI found (include: /usr/include/ni, lib: /usr/lib/libOpenNI.so)\n'}
[261.095332] (-) TimerEvent: {}
[261.125114] (hdl_localization) StdoutLine: {'line': b'-- Found PCL_COMMON: /usr/lib/aarch64-linux-gnu/libpcl_common.so  \n'}
[261.130656] (hdl_localization) StdoutLine: {'line': b'-- Found PCL_KDTREE: /usr/lib/aarch64-linux-gnu/libpcl_kdtree.so  \n'}
[261.136308] (hdl_localization) StdoutLine: {'line': b'-- Found PCL_OCTREE: /usr/lib/aarch64-linux-gnu/libpcl_octree.so  \n'}
[261.141841] (hdl_localization) StdoutLine: {'line': b'-- Found PCL_SEARCH: /usr/lib/aarch64-linux-gnu/libpcl_search.so  \n'}
[261.147399] (hdl_localization) StdoutLine: {'line': b'-- Found PCL_SAMPLE_CONSENSUS: /usr/lib/aarch64-linux-gnu/libpcl_sample_consensus.so  \n'}
[261.153041] (hdl_localization) StdoutLine: {'line': b'-- Found PCL_FILTERS: /usr/lib/aarch64-linux-gnu/libpcl_filters.so  \n'}
[261.155499] (hdl_localization) StdoutLine: {'line': b'-- Found PCL_2D: /usr/include/pcl-1.10  \n'}
[261.157746] (hdl_localization) StdoutLine: {'line': b'-- Found PCL_GEOMETRY: /usr/include/pcl-1.10  \n'}
[261.163057] (hdl_localization) StdoutLine: {'line': b'-- Found PCL_IO: /usr/lib/aarch64-linux-gnu/libpcl_io.so  \n'}
[261.169094] (hdl_localization) StdoutLine: {'line': b'-- Found PCL_FEATURES: /usr/lib/aarch64-linux-gnu/libpcl_features.so  \n'}
[261.175039] (hdl_localization) StdoutLine: {'line': b'-- Found PCL_ML: /usr/lib/aarch64-linux-gnu/libpcl_ml.so  \n'}
[261.180715] (hdl_localization) StdoutLine: {'line': b'-- Found PCL_SEGMENTATION: /usr/lib/aarch64-linux-gnu/libpcl_segmentation.so  \n'}
[261.186855] (hdl_localization) StdoutLine: {'line': b'-- Found PCL_VISUALIZATION: /usr/lib/aarch64-linux-gnu/libpcl_visualization.so  \n'}
[261.193255] (hdl_localization) StdoutLine: {'line': b'-- Found PCL_SURFACE: /usr/lib/aarch64-linux-gnu/libpcl_surface.so  \n'}
[261.195458] (-) TimerEvent: {}
[261.199250] (hdl_localization) StdoutLine: {'line': b'-- Found PCL_REGISTRATION: /usr/lib/aarch64-linux-gnu/libpcl_registration.so  \n'}
[261.205390] (hdl_localization) StdoutLine: {'line': b'-- Found PCL_KEYPOINTS: /usr/lib/aarch64-linux-gnu/libpcl_keypoints.so  \n'}
[261.211431] (hdl_localization) StdoutLine: {'line': b'-- Found PCL_TRACKING: /usr/lib/aarch64-linux-gnu/libpcl_tracking.so  \n'}
[261.217360] (hdl_localization) StdoutLine: {'line': b'-- Found PCL_RECOGNITION: /usr/lib/aarch64-linux-gnu/libpcl_recognition.so  \n'}
[261.223817] (hdl_localization) StdoutLine: {'line': b'-- Found PCL_STEREO: /usr/lib/aarch64-linux-gnu/libpcl_stereo.so  \n'}
[261.229822] (hdl_localization) StdoutLine: {'line': b'-- Found PCL_APPS: /usr/lib/aarch64-linux-gnu/libpcl_apps.so  \n'}
[261.234899] (hdl_localization) StdoutLine: {'line': b'-- Found PCL_IN_HAND_SCANNER: /usr/include/pcl-1.10  \n'}
[261.295610] (-) TimerEvent: {}
[261.378359] (hdl_localization) StdoutLine: {'line': b'-- Found PCL_POINT_CLOUD_EDITOR: /usr/include/pcl-1.10  \n'}
[261.384784] (hdl_localization) StdoutLine: {'line': b'-- Found PCL_OUTOFCORE: /usr/lib/aarch64-linux-gnu/libpcl_outofcore.so  \n'}
[261.391084] (hdl_localization) StdoutLine: {'line': b'-- Found PCL_PEOPLE: /usr/lib/aarch64-linux-gnu/libpcl_people.so  \n'}
[261.395736] (-) TimerEvent: {}
[261.496687] (-) TimerEvent: {}
[261.597682] (-) TimerEvent: {}
[261.698574] (-) TimerEvent: {}
[261.799497] (-) TimerEvent: {}
[261.900459] (-) TimerEvent: {}
[262.001561] (-) TimerEvent: {}
[262.102626] (-) TimerEvent: {}
[262.203666] (-) TimerEvent: {}
[262.304717] (-) TimerEvent: {}
[262.408426] (-) TimerEvent: {}
[262.509462] (-) TimerEvent: {}
[262.610557] (-) TimerEvent: {}
[262.711572] (-) TimerEvent: {}
[262.812561] (-) TimerEvent: {}
[262.913601] (-) TimerEvent: {}
[263.014685] (-) TimerEvent: {}
[263.115753] (-) TimerEvent: {}
[263.216821] (-) TimerEvent: {}
[263.317898] (-) TimerEvent: {}
[263.418940] (-) TimerEvent: {}
[263.519951] (-) TimerEvent: {}
[263.621035] (-) TimerEvent: {}
[263.722026] (-) TimerEvent: {}
[263.823066] (-) TimerEvent: {}
[263.924125] (-) TimerEvent: {}
[264.025225] (-) TimerEvent: {}
[264.126631] (-) TimerEvent: {}
[264.228264] (-) TimerEvent: {}
[264.329491] (-) TimerEvent: {}
[264.430670] (-) TimerEvent: {}
[264.531748] (-) TimerEvent: {}
[264.632887] (-) TimerEvent: {}
[264.733980] (-) TimerEvent: {}
[264.835136] (-) TimerEvent: {}
[264.936151] (-) TimerEvent: {}
[265.037559] (-) TimerEvent: {}
[265.138595] (-) TimerEvent: {}
[265.239642] (-) TimerEvent: {}
[265.340669] (-) TimerEvent: {}
[265.441761] (-) TimerEvent: {}
[265.542742] (-) TimerEvent: {}
[265.643798] (-) TimerEvent: {}
[265.711226] (hdl_localization) StdoutLine: {'line': b'-- Found OpenMP_C: -fopenmp (found version "4.5") \n'}
[265.744087] (-) TimerEvent: {}
[265.845318] (-) TimerEvent: {}
[265.946488] (-) TimerEvent: {}
[266.047615] (-) TimerEvent: {}
[266.148754] (-) TimerEvent: {}
[266.249827] (-) TimerEvent: {}
[266.307731] (hdl_localization) StdoutLine: {'line': b'-- Found OpenMP_CXX: -fopenmp (found version "4.5") \n'}
[266.310295] (hdl_localization) StdoutLine: {'line': b'-- Found OpenMP: TRUE (found version "4.5")  \n'}
[266.350060] (-) TimerEvent: {}
[266.451059] (-) TimerEvent: {}
[266.551994] (-) TimerEvent: {}
[266.601269] (hdl_localization) StdoutLine: {'line': b'-- Found PythonInterp: /usr/bin/python3 (found version "3.8.10") \n'}
[266.652344] (-) TimerEvent: {}
[266.754051] (-) TimerEvent: {}
[266.855602] (-) TimerEvent: {}
[266.956587] (-) TimerEvent: {}
[267.057754] (-) TimerEvent: {}
[267.158885] (-) TimerEvent: {}
[267.259892] (-) TimerEvent: {}
[267.361175] (-) TimerEvent: {}
[267.462194] (-) TimerEvent: {}
[267.570390] (hdl_localization) StdoutLine: {'line': b'-- Found ament_cmake_ros: 0.9.2 (/opt/ros/foxy/share/ament_cmake_ros/cmake)\n'}
[267.571259] (-) TimerEvent: {}
[267.672030] (-) TimerEvent: {}
[267.773205] (-) TimerEvent: {}
[267.874207] (-) TimerEvent: {}
[267.975270] (-) TimerEvent: {}
[268.076261] (-) TimerEvent: {}
[268.177367] (-) TimerEvent: {}
[268.278415] (-) TimerEvent: {}
[268.380064] (-) TimerEvent: {}
[268.481733] (-) TimerEvent: {}
[268.582779] (-) TimerEvent: {}
[268.684393] (-) TimerEvent: {}
[268.785434] (-) TimerEvent: {}
[268.886551] (-) TimerEvent: {}
[268.892167] (hdl_localization) StdoutLine: {'line': b'-- Using all available rosidl_typesupport_c: rosidl_typesupport_fastrtps_c;rosidl_typesupport_introspection_c\n'}
[268.986826] (-) TimerEvent: {}
[269.088453] (-) TimerEvent: {}
[269.190057] (-) TimerEvent: {}
[269.291506] (-) TimerEvent: {}
[269.393099] (-) TimerEvent: {}
[269.491933] (hdl_localization) StdoutLine: {'line': b'-- Using all available rosidl_typesupport_cpp: rosidl_typesupport_fastrtps_cpp;rosidl_typesupport_introspection_cpp\n'}
[269.493226] (-) TimerEvent: {}
[269.593947] (-) TimerEvent: {}
[269.633973] (hdl_localization) StdoutLine: {'line': b'-- Found PythonInterp: /usr/bin/python3 (found suitable version "3.8.10", minimum required is "3.5") \n'}
[269.644962] (hdl_localization) StdoutLine: {'line': b'-- Found python_cmake_module: 0.8.1 (/opt/ros/foxy/share/python_cmake_module/cmake)\n'}
[269.694194] (-) TimerEvent: {}
[269.795079] (-) TimerEvent: {}
[269.797783] (hdl_localization) StdoutLine: {'line': b'-- Found PythonLibs: /usr/lib/aarch64-linux-gnu/libpython3.8.so (found suitable version "3.8.10", minimum required is "3.5") \n'}
[269.798985] (hdl_localization) StdoutLine: {'line': b'-- Using PYTHON_EXECUTABLE: /usr/bin/python3\n'}
[269.799474] (hdl_localization) StdoutLine: {'line': b'-- Using PYTHON_INCLUDE_DIRS: /usr/include/python3.8\n'}
[269.799891] (hdl_localization) StdoutLine: {'line': b'-- Using PYTHON_LIBRARIES: /usr/lib/aarch64-linux-gnu/libpython3.8.so\n'}
[269.895317] (-) TimerEvent: {}
[269.918429] (hdl_localization) StdoutLine: {'line': b'-- Found PythonExtra: .so  \n'}
[269.995618] (-) TimerEvent: {}
[270.097933] (-) TimerEvent: {}
[270.198969] (-) TimerEvent: {}
[270.299990] (-) TimerEvent: {}
[270.401077] (-) TimerEvent: {}
[270.502111] (-) TimerEvent: {}
[270.603124] (-) TimerEvent: {}
[270.704167] (-) TimerEvent: {}
[270.717950] (hdl_localization) StdoutLine: {'line': b'-- Configuring done\n'}
[270.804418] (-) TimerEvent: {}
[270.905537] (-) TimerEvent: {}
[271.006574] (-) TimerEvent: {}
[271.107577] (-) TimerEvent: {}
[271.208578] (-) TimerEvent: {}
[271.309640] (-) TimerEvent: {}
[271.410783] (-) TimerEvent: {}
[271.511917] (-) TimerEvent: {}
[271.613035] (-) TimerEvent: {}
[271.714185] (-) TimerEvent: {}
[271.815269] (-) TimerEvent: {}
[271.847886] (hdl_localization) StdoutLine: {'line': b'-- Generating done\n'}
[271.869681] (hdl_localization) StdoutLine: {'line': b'-- Build files have been written to: /home/ysc/lite_cog_ros2/nav/build/hdl_localization\n'}
[271.915514] (-) TimerEvent: {}
[271.944711] (hdl_localization) CommandEnded: {'returncode': 0}
[271.948715] (hdl_localization) JobProgress: {'identifier': 'hdl_localization', 'progress': 'build'}
[271.951142] (hdl_localization) Command: {'cmd': ['/usr/bin/cmake', '--build', '/home/ysc/lite_cog_ros2/nav/build/hdl_localization', '--', '-j6', '-l6'], 'cwd': '/home/ysc/lite_cog_ros2/nav/build/hdl_localization', 'env': OrderedDict([('GJS_DEBUG_TOPICS', 'JS ERROR;JS LOG'), ('LESSOPEN', '| /usr/bin/lesspipe %s'), ('USER', 'ysc'), ('LC_TIME', 'zh_CN.UTF-8'), ('SSH_AGENT_PID', '1895'), ('XDG_SESSION_TYPE', 'x11'), ('SHLVL', '1'), ('LD_LIBRARY_PATH', '/home/ysc/lite_cog_ros2/nav/install/hdl_global_localization/lib:/home/ysc/lite_cog_ros2/fast_gicp/install/fast_gicp/lib:/home/ysc/lite_cog_ros2/ndt_omp/install/ndt_omp/lib:/usr/lib/aarch64-linux-gnu/gazebo-11/plugins:/opt/ros/foxy/opt/yaml_cpp_vendor/lib:/opt/ros/foxy/opt/rviz_ogre_vendor/lib:/opt/ros/foxy/lib/aarch64-linux-gnu:/opt/ros/foxy/lib:/usr/local/cuda-11.4/lib64'), ('HOME', '/home/ysc'), ('OLDPWD', '/home/ysc/lite_cog_ros2/nav/src'), ('DESKTOP_SESSION', 'ubuntu'), ('ROS_PYTHON_VERSION', '3'), ('GNOME_SHELL_SESSION_MODE', 'ubuntu'), ('GTK_MODULES', 'gail:atk-bridge'), ('LC_MONETARY', 'zh_CN.UTF-8'), ('MANAGERPID', '1362'), ('DBUS_SESSION_BUS_ADDRESS', 'unix:path=/run/user/1000/bus'), ('COLORTERM', 'truecolor'), ('_colcon_cd_root', '/opt/ros/foxy/'), ('IM_CONFIG_PHASE', '1'), ('COLCON_PREFIX_PATH', '/home/ysc/lite_cog_ros2/fast_gicp/install:/home/ysc/lite_cog_ros2/ndt_omp/install'), ('ROS_DISTRO', 'foxy'), ('LOGNAME', 'ysc'), ('JOURNAL_STREAM', '8:48653'), ('_', '/usr/bin/colcon'), ('ROS_VERSION', '2'), ('XDG_SESSION_CLASS', 'user'), ('USERNAME', 'ysc'), ('TERM', 'xterm-256color'), ('GNOME_DESKTOP_SESSION_ID', 'this-is-deprecated'), ('ROS_LOCALHOST_ONLY', '0'), ('WINDOWPATH', '2'), ('PATH', '/opt/ros/foxy/bin:/usr/local/cuda-11.4/bin:/home/ysc/.local/bin:/usr/local/sbin:/usr/local/bin:/usr/sbin:/usr/bin:/sbin:/bin:/usr/games:/usr/local/games:/snap/bin'), ('SESSION_MANAGER', 'local/lite:@/tmp/.ICE-unix/2022,unix/lite:/tmp/.ICE-unix/2022'), ('INVOCATION_ID', '4b0aaf6bd2144023a916f56d35e54dd6'), ('XDG_MENU_PREFIX', 'gnome-'), ('LC_ADDRESS', 'zh_CN.UTF-8'), ('GNOME_TERMINAL_SCREEN', '/org/gnome/Terminal/screen/4642abbf_5c09_42bf_b6d8_b1c515a5047a'), ('XDG_RUNTIME_DIR', '/run/user/1000'), ('DISPLAY', ':0'), ('LANG', 'en_US.UTF-8'), ('XDG_CURRENT_DESKTOP', 'ubuntu:GNOME'), ('LC_TELEPHONE', 'zh_CN.UTF-8'), ('XMODIFIERS', '@im=ibus'), ('XDG_SESSION_DESKTOP', 'ubuntu'), ('XAUTHORITY', '/run/user/1000/gdm/Xauthority'), ('LS_COLORS', 'rs=0:di=01;34:ln=01;36:mh=00:pi=40;33:so=01;35:do=01;35:bd=40;33;01:cd=40;33;01:or=40;31;01:mi=00:su=37;41:sg=30;43:ca=30;41:tw=30;42:ow=34;42:st=37;44:ex=01;32:*.tar=01;31:*.tgz=01;31:*.arc=01;31:*.arj=01;31:*.taz=01;31:*.lha=01;31:*.lz4=01;31:*.lzh=01;31:*.lzma=01;31:*.tlz=01;31:*.txz=01;31:*.tzo=01;31:*.t7z=01;31:*.zip=01;31:*.z=01;31:*.dz=01;31:*.gz=01;31:*.lrz=01;31:*.lz=01;31:*.lzo=01;31:*.xz=01;31:*.zst=01;31:*.tzst=01;31:*.bz2=01;31:*.bz=01;31:*.tbz=01;31:*.tbz2=01;31:*.tz=01;31:*.deb=01;31:*.rpm=01;31:*.jar=01;31:*.war=01;31:*.ear=01;31:*.sar=01;31:*.rar=01;31:*.alz=01;31:*.ace=01;31:*.zoo=01;31:*.cpio=01;31:*.7z=01;31:*.rz=01;31:*.cab=01;31:*.wim=01;31:*.swm=01;31:*.dwm=01;31:*.esd=01;31:*.jpg=01;35:*.jpeg=01;35:*.mjpg=01;35:*.mjpeg=01;35:*.gif=01;35:*.bmp=01;35:*.pbm=01;35:*.pgm=01;35:*.ppm=01;35:*.tga=01;35:*.xbm=01;35:*.xpm=01;35:*.tif=01;35:*.tiff=01;35:*.png=01;35:*.svg=01;35:*.svgz=01;35:*.mng=01;35:*.pcx=01;35:*.mov=01;35:*.mpg=01;35:*.mpeg=01;35:*.m2v=01;35:*.mkv=01;35:*.webm=01;35:*.ogm=01;35:*.mp4=01;35:*.m4v=01;35:*.mp4v=01;35:*.vob=01;35:*.qt=01;35:*.nuv=01;35:*.wmv=01;35:*.asf=01;35:*.rm=01;35:*.rmvb=01;35:*.flc=01;35:*.avi=01;35:*.fli=01;35:*.flv=01;35:*.gl=01;35:*.dl=01;35:*.xcf=01;35:*.xwd=01;35:*.yuv=01;35:*.cgm=01;35:*.emf=01;35:*.ogv=01;35:*.ogx=01;35:*.aac=00;36:*.au=00;36:*.flac=00;36:*.m4a=00;36:*.mid=00;36:*.midi=00;36:*.mka=00;36:*.mp3=00;36:*.mpc=00;36:*.ogg=00;36:*.ra=00;36:*.wav=00;36:*.oga=00;36:*.opus=00;36:*.spx=00;36:*.xspf=00;36:'), ('GNOME_TERMINAL_SERVICE', ':1.102'), ('SSH_AUTH_SOCK', '/run/user/1000/keyring/ssh'), ('ROS_DOMAIN_ID', '0'), ('AMENT_PREFIX_PATH', '/home/ysc/lite_cog_ros2/nav/install/hdl_global_localization:/home/ysc/lite_cog_ros2/fast_gicp/install/fast_gicp:/home/ysc/lite_cog_ros2/ndt_omp/install/ndt_omp:/opt/ros/foxy'), ('SHELL', '/bin/bash'), ('LC_NAME', 'zh_CN.UTF-8'), ('QT_ACCESSIBILITY', '1'), ('GDMSESSION', 'ubuntu'), ('LESSCLOSE', '/usr/bin/lesspipe %s %s'), ('LC_MEASUREMENT', 'zh_CN.UTF-8'), ('GPG_AGENT_INFO', '/run/user/1000/gnupg/S.gpg-agent:0:1'), ('GJS_DEBUG_OUTPUT', 'stderr'), ('LC_IDENTIFICATION', 'zh_CN.UTF-8'), ('QT_IM_MODULE', 'ibus'), ('PWD', '/home/ysc/lite_cog_ros2/nav/build/hdl_localization'), ('LC_ALL', 'en_US.UTF-8'), ('XDG_CONFIG_DIRS', '/etc/xdg/xdg-ubuntu:/etc/xdg'), ('XDG_DATA_DIRS', '/usr/share/ubuntu:/usr/local/share/:/usr/share/:/var/lib/snapd/desktop'), ('PYTHONPATH', '/home/ysc/lite_cog_ros2/nav/install/hdl_global_localization/lib/python3.8/site-packages:/opt/ros/foxy/lib/python3.8/site-packages'), ('LC_NUMERIC', 'zh_CN.UTF-8'), ('LC_PAPER', 'zh_CN.UTF-8'), ('COLCON', '1'), ('VTE_VERSION', '6003'), ('CMAKE_PREFIX_PATH', '/home/ysc/lite_cog_ros2/nav/install/hdl_global_localization:/home/ysc/lite_cog_ros2/fast_gicp/install/fast_gicp:/home/ysc/lite_cog_ros2/ndt_omp/install/ndt_omp:/opt/ros/foxy')]), 'shell': False}
[272.016030] (-) TimerEvent: {}
[272.118205] (-) TimerEvent: {}
[272.219266] (-) TimerEvent: {}
[272.225170] (hdl_localization) StdoutLine: {'line': b'\x1b[35m\x1b[1mScanning dependencies of target hdl_localization__cpp\x1b[0m\n'}
[272.227936] (hdl_localization) StdoutLine: {'line': b'[  2%] \x1b[34m\x1b[1mGenerating C code for ROS interfaces\x1b[0m\n'}
[272.291992] (hdl_localization) StdoutLine: {'line': b'[  5%] \x1b[34m\x1b[1mGenerating C++ code for ROS interfaces\x1b[0m\n'}
[272.319531] (-) TimerEvent: {}
[272.420498] (-) TimerEvent: {}
[272.521550] (-) TimerEvent: {}
[272.679060] (-) TimerEvent: {}
[272.780052] (-) TimerEvent: {}
[272.881208] (-) TimerEvent: {}
[272.982191] (-) TimerEvent: {}
[273.083184] (-) TimerEvent: {}
[273.184086] (-) TimerEvent: {}
[273.285172] (-) TimerEvent: {}
[273.386335] (-) TimerEvent: {}
[273.407684] (hdl_localization) StdoutLine: {'line': b'\x1b[35m\x1b[1mScanning dependencies of target hdl_localization__rosidl_generator_c\x1b[0m\n'}
[273.449820] (hdl_localization) StdoutLine: {'line': b'[  5%] Built target hdl_localization__cpp\n'}
[273.486584] (-) TimerEvent: {}
[273.519693] (hdl_localization) StdoutLine: {'line': b'[  8%] \x1b[34m\x1b[1mGenerating C++ type support for eProsima Fast-RTPS\x1b[0m\n'}
[273.528384] (hdl_localization) StdoutLine: {'line': b'[ 11%] \x1b[34m\x1b[1mGenerating C++ introspection for ROS interfaces\x1b[0m\n'}
[273.531760] (hdl_localization) StdoutLine: {'line': b'[ 14%] \x1b[34m\x1b[1mGenerating C++ type support dispatch for ROS interfaces\x1b[0m\n'}
[273.587135] (-) TimerEvent: {}
[273.639395] (hdl_localization) StdoutLine: {'line': b'[ 17%] \x1b[32mBuilding C object CMakeFiles/hdl_localization__rosidl_generator_c.dir/rosidl_generator_c/hdl_localization/msg/detail/scan_matching_status__functions.c.o\x1b[0m\n'}
[273.671830] (hdl_localization) StderrLine: {'line': b'\x1b[01m\x1b[Kcc1:\x1b[m\x1b[K \x1b[01;35m\x1b[Kwarning: \x1b[m\x1b[Kcommand line option \xe2\x80\x98\x1b[01m\x1b[K-std=c++14\x1b[m\x1b[K\xe2\x80\x99 is valid for C++/ObjC++ but not for C\n'}
[273.687385] (-) TimerEvent: {}
[273.788421] (-) TimerEvent: {}
[273.889536] (-) TimerEvent: {}
[273.990489] (-) TimerEvent: {}
[274.091455] (-) TimerEvent: {}
[274.192450] (-) TimerEvent: {}
[274.302907] (-) TimerEvent: {}
[274.399047] (hdl_localization) StdoutLine: {'line': b'[ 20%] \x1b[32m\x1b[1mLinking C shared library libhdl_localization__rosidl_generator_c.so\x1b[0m\n'}
[274.403532] (-) TimerEvent: {}
[274.505226] (-) TimerEvent: {}
[274.606211] (-) TimerEvent: {}
[274.634552] (hdl_localization) StdoutLine: {'line': b'\x1b[35m\x1b[1mScanning dependencies of target hdl_localization__rosidl_typesupport_cpp\x1b[0m\n'}
[274.687026] (hdl_localization) StdoutLine: {'line': b'\x1b[35m\x1b[1mScanning dependencies of target hdl_localization__rosidl_typesupport_fastrtps_cpp\x1b[0m\n'}
[274.700335] (hdl_localization) StdoutLine: {'line': b'[ 20%] Built target hdl_localization__rosidl_generator_c\n'}
[274.706388] (-) TimerEvent: {}
[274.770805] (hdl_localization) StdoutLine: {'line': b'[ 23%] \x1b[34m\x1b[1mGenerating C type support dispatch for ROS interfaces\x1b[0m\n'}
[274.772689] (hdl_localization) StdoutLine: {'line': b'[ 26%] \x1b[34m\x1b[1mGenerating C introspection for ROS interfaces\x1b[0m\n'}
[274.806636] (-) TimerEvent: {}
[274.884096] (hdl_localization) StdoutLine: {'line': b'[ 29%] \x1b[32mBuilding CXX object CMakeFiles/hdl_localization__rosidl_typesupport_fastrtps_cpp.dir/rosidl_typesupport_fastrtps_cpp/hdl_localization/msg/detail/dds_fastrtps/scan_matching_status__type_support.cpp.o\x1b[0m\n'}
[274.890308] (hdl_localization) StdoutLine: {'line': b'\x1b[35m\x1b[1mScanning dependencies of target hdl_localization__rosidl_typesupport_introspection_cpp\x1b[0m\n'}
[274.906882] (-) TimerEvent: {}
[274.909656] (hdl_localization) StdoutLine: {'line': b'[ 32%] \x1b[32mBuilding CXX object CMakeFiles/hdl_localization__rosidl_typesupport_cpp.dir/rosidl_typesupport_cpp/hdl_localization/msg/scan_matching_status__type_support.cpp.o\x1b[0m\n'}
[275.017130] (-) TimerEvent: {}
[275.046001] (hdl_localization) StdoutLine: {'line': b'[ 35%] \x1b[32mBuilding CXX object CMakeFiles/hdl_localization__rosidl_typesupport_introspection_cpp.dir/rosidl_typesupport_introspection_cpp/hdl_localization/msg/detail/scan_matching_status__type_support.cpp.o\x1b[0m\n'}
[275.113110] (-) TimerEvent: {}
[275.214132] (-) TimerEvent: {}
[275.315124] (-) TimerEvent: {}
[275.416110] (-) TimerEvent: {}
[275.517583] (-) TimerEvent: {}
[275.618465] (-) TimerEvent: {}
[275.719450] (-) TimerEvent: {}
[275.820713] (-) TimerEvent: {}
[275.839887] (hdl_localization) StdoutLine: {'line': b'\x1b[35m\x1b[1mScanning dependencies of target hdl_localization__rosidl_typesupport_c\x1b[0m\n'}
[275.920937] (-) TimerEvent: {}
[275.969815] (hdl_localization) StdoutLine: {'line': b'\x1b[35m\x1b[1mScanning dependencies of target hdl_localization__rosidl_typesupport_introspection_c\x1b[0m\n'}
[275.976523] (hdl_localization) StdoutLine: {'line': b'[ 38%] \x1b[32mBuilding CXX object CMakeFiles/hdl_localization__rosidl_typesupport_c.dir/rosidl_typesupport_c/hdl_localization/msg/scan_matching_status__type_support.cpp.o\x1b[0m\n'}
[276.021748] (-) TimerEvent: {}
[276.144990] (-) TimerEvent: {}
[276.152833] (hdl_localization) StdoutLine: {'line': b'[ 41%] \x1b[32mBuilding C object CMakeFiles/hdl_localization__rosidl_typesupport_introspection_c.dir/rosidl_typesupport_introspection_c/hdl_localization/msg/detail/scan_matching_status__type_support.c.o\x1b[0m\n'}
[276.194714] (hdl_localization) StderrLine: {'line': b'\x1b[01m\x1b[Kcc1:\x1b[m\x1b[K \x1b[01;35m\x1b[Kwarning: \x1b[m\x1b[Kcommand line option \xe2\x80\x98\x1b[01m\x1b[K-std=c++14\x1b[m\x1b[K\xe2\x80\x99 is valid for C++/ObjC++ but not for C\n'}
[276.243830] (-) TimerEvent: {}
[276.273167] (hdl_localization) StdoutLine: {'line': b'[ 44%] \x1b[32m\x1b[1mLinking CXX shared library libhdl_localization__rosidl_typesupport_c.so\x1b[0m\n'}
[276.344135] (-) TimerEvent: {}
[276.446000] (-) TimerEvent: {}
[276.548214] (-) TimerEvent: {}
[276.574145] (hdl_localization) StdoutLine: {'line': b'[ 44%] Built target hdl_localization__rosidl_typesupport_c\n'}
[276.622571] (hdl_localization) StdoutLine: {'line': b'[ 47%] \x1b[32m\x1b[1mLinking C shared library libhdl_localization__rosidl_typesupport_introspection_c.so\x1b[0m\n'}
[276.648724] (-) TimerEvent: {}
[276.751121] (-) TimerEvent: {}
[276.854120] (-) TimerEvent: {}
[276.857275] (hdl_localization) StdoutLine: {'line': b'[ 47%] Built target hdl_localization__rosidl_typesupport_introspection_c\n'}
[276.954403] (-) TimerEvent: {}
[277.055957] (-) TimerEvent: {}
[277.157496] (-) TimerEvent: {}
[277.258652] (-) TimerEvent: {}
[277.350468] (hdl_localization) StdoutLine: {'line': b'[ 50%] \x1b[32m\x1b[1mLinking CXX shared library libhdl_localization__rosidl_typesupport_cpp.so\x1b[0m\n'}
[277.358885] (-) TimerEvent: {}
[277.462273] (-) TimerEvent: {}
[277.563543] (-) TimerEvent: {}
[277.745594] (hdl_localization) StdoutLine: {'line': b'[ 50%] Built target hdl_localization__rosidl_typesupport_cpp\n'}
[277.746512] (-) TimerEvent: {}
[277.831986] (hdl_localization) StdoutLine: {'line': b'[ 52%] \x1b[32m\x1b[1mLinking CXX shared library libhdl_localization__rosidl_typesupport_introspection_cpp.so\x1b[0m\n'}
[277.846855] (-) TimerEvent: {}
[277.948045] (-) TimerEvent: {}
[278.049262] (-) TimerEvent: {}
[278.150320] (-) TimerEvent: {}
[278.182270] (hdl_localization) StdoutLine: {'line': b'[ 52%] Built target hdl_localization__rosidl_typesupport_introspection_cpp\n'}
[278.250517] (-) TimerEvent: {}
[278.351595] (-) TimerEvent: {}
[278.398788] (hdl_localization) StdoutLine: {'line': b'[ 55%] \x1b[32m\x1b[1mLinking CXX shared library libhdl_localization__rosidl_typesupport_fastrtps_cpp.so\x1b[0m\n'}
[278.451845] (-) TimerEvent: {}
[278.552866] (-) TimerEvent: {}
[278.653975] (-) TimerEvent: {}
[278.755065] (-) TimerEvent: {}
[278.825842] (hdl_localization) StdoutLine: {'line': b'[ 55%] Built target hdl_localization__rosidl_typesupport_fastrtps_cpp\n'}
[278.855311] (-) TimerEvent: {}
[278.893927] (hdl_localization) StdoutLine: {'line': b'[ 58%] \x1b[34m\x1b[1mGenerating C type support for eProsima Fast-RTPS\x1b[0m\n'}
[278.955523] (-) TimerEvent: {}
[279.056693] (-) TimerEvent: {}
[279.157689] (-) TimerEvent: {}
[279.258712] (-) TimerEvent: {}
[279.359740] (-) TimerEvent: {}
[279.460826] (-) TimerEvent: {}
[279.561936] (-) TimerEvent: {}
[279.663001] (-) TimerEvent: {}
[279.764108] (-) TimerEvent: {}
[279.865248] (-) TimerEvent: {}
[279.943679] (hdl_localization) StdoutLine: {'line': b'\x1b[35m\x1b[1mScanning dependencies of target hdl_localization__rosidl_typesupport_fastrtps_c\x1b[0m\n'}
[279.965417] (-) TimerEvent: {}
[280.055572] (hdl_localization) StdoutLine: {'line': b'[ 61%] \x1b[32mBuilding CXX object CMakeFiles/hdl_localization__rosidl_typesupport_fastrtps_c.dir/rosidl_typesupport_fastrtps_c/hdl_localization/msg/detail/scan_matching_status__type_support_c.cpp.o\x1b[0m\n'}
[280.065600] (-) TimerEvent: {}
[280.167128] (-) TimerEvent: {}
[280.268167] (-) TimerEvent: {}
[280.369226] (-) TimerEvent: {}
[280.470264] (-) TimerEvent: {}
[280.571368] (-) TimerEvent: {}
[280.672428] (-) TimerEvent: {}
[280.773552] (-) TimerEvent: {}
[280.874653] (-) TimerEvent: {}
[280.975901] (-) TimerEvent: {}
[281.077466] (-) TimerEvent: {}
[281.178570] (-) TimerEvent: {}
[281.279786] (-) TimerEvent: {}
[281.381012] (-) TimerEvent: {}
[281.482086] (-) TimerEvent: {}
[281.583216] (-) TimerEvent: {}
[281.684360] (-) TimerEvent: {}
[281.785575] (-) TimerEvent: {}
[281.886695] (-) TimerEvent: {}
[281.987736] (-) TimerEvent: {}
[282.088828] (-) TimerEvent: {}
[282.116532] (hdl_localization) StdoutLine: {'line': b'[ 64%] \x1b[32m\x1b[1mLinking CXX shared library libhdl_localization__rosidl_typesupport_fastrtps_c.so\x1b[0m\n'}
[282.189059] (-) TimerEvent: {}
[282.290054] (-) TimerEvent: {}
[282.391030] (-) TimerEvent: {}
[282.492033] (-) TimerEvent: {}
[282.593130] (-) TimerEvent: {}
[282.721497] (hdl_localization) StdoutLine: {'line': b'[ 64%] Built target hdl_localization__rosidl_typesupport_fastrtps_c\n'}
[282.722389] (-) TimerEvent: {}
[282.782790] (hdl_localization) StdoutLine: {'line': b'\x1b[35m\x1b[1mScanning dependencies of target hdl_localization\x1b[0m\n'}
[282.822701] (-) TimerEvent: {}
[282.846836] (hdl_localization) StdoutLine: {'line': b'[ 64%] Built target hdl_localization\n'}
[282.918414] (hdl_localization) StdoutLine: {'line': b'\x1b[35m\x1b[1mScanning dependencies of target hdl_localization_composition\x1b[0m\n'}
[282.920931] (hdl_localization) StdoutLine: {'line': b'\x1b[35m\x1b[1mScanning dependencies of target hdl_localization__py\x1b[0m\n'}
[282.922827] (-) TimerEvent: {}
[282.988896] (hdl_localization) StdoutLine: {'line': b'[ 67%] \x1b[34m\x1b[1mGenerating Python code for ROS interfaces\x1b[0m\n'}
[283.023077] (-) TimerEvent: {}
[283.124014] (-) TimerEvent: {}
[283.225093] (-) TimerEvent: {}
[283.326063] (-) TimerEvent: {}
[283.426940] (-) TimerEvent: {}
[283.527912] (-) TimerEvent: {}
[283.628790] (-) TimerEvent: {}
[283.729728] (-) TimerEvent: {}
[283.830698] (-) TimerEvent: {}
[283.932265] (-) TimerEvent: {}
[284.033338] (-) TimerEvent: {}
[284.134238] (-) TimerEvent: {}
[284.235307] (-) TimerEvent: {}
[284.336376] (-) TimerEvent: {}
[284.437391] (-) TimerEvent: {}
[284.538475] (-) TimerEvent: {}
[284.639578] (-) TimerEvent: {}
[284.740809] (-) TimerEvent: {}
[284.748908] (hdl_localization) StdoutLine: {'line': b'[ 70%] \x1b[32mBuilding CXX object CMakeFiles/hdl_localization_composition.dir/src/hdl_localization/pose_estimator.cpp.o\x1b[0m\n'}
[284.764942] (hdl_localization) StdoutLine: {'line': b'[ 70%] Built target hdl_localization__py\n'}
[284.777024] (hdl_localization) StdoutLine: {'line': b'[ 73%] \x1b[32mBuilding CXX object CMakeFiles/hdl_localization_composition.dir/apps/hdl_localization_composition.cpp.o\x1b[0m\n'}
[284.837872] (hdl_localization) StdoutLine: {'line': b'\x1b[35m\x1b[1mScanning dependencies of target hdl_localization__python\x1b[0m\n'}
[284.841507] (-) TimerEvent: {}
[284.942892] (-) TimerEvent: {}
[284.966767] (hdl_localization) StdoutLine: {'line': b'[ 76%] \x1b[32mBuilding C object CMakeFiles/hdl_localization__python.dir/rosidl_generator_py/hdl_localization/msg/_scan_matching_status_s.c.o\x1b[0m\n'}
[284.998957] (hdl_localization) StderrLine: {'line': b'\x1b[01m\x1b[Kcc1:\x1b[m\x1b[K \x1b[01;35m\x1b[Kwarning: \x1b[m\x1b[Kcommand line option \xe2\x80\x98\x1b[01m\x1b[K-std=c++14\x1b[m\x1b[K\xe2\x80\x99 is valid for C++/ObjC++ but not for C\n'}
[285.043143] (-) TimerEvent: {}
[285.145103] (-) TimerEvent: {}
[285.246826] (-) TimerEvent: {}
[285.348765] (-) TimerEvent: {}
[285.450465] (-) TimerEvent: {}
[285.552258] (-) TimerEvent: {}
[285.653373] (-) TimerEvent: {}
[285.754504] (-) TimerEvent: {}
[285.855667] (-) TimerEvent: {}
[285.956901] (-) TimerEvent: {}
[286.058078] (-) TimerEvent: {}
[286.076346] (hdl_localization) StdoutLine: {'line': b'[ 79%] \x1b[32m\x1b[1mLinking C shared library rosidl_generator_py/hdl_localization/libhdl_localization__python.so\x1b[0m\n'}
[286.158336] (-) TimerEvent: {}
[286.260224] (-) TimerEvent: {}
[286.361826] (hdl_localization) StdoutLine: {'line': b'[ 79%] Built target hdl_localization__python\n'}
[286.362718] (-) TimerEvent: {}
[286.452692] (hdl_localization) StdoutLine: {'line': b'\x1b[35m\x1b[1mScanning dependencies of target hdl_localization__rosidl_typesupport_c__pyext\x1b[0m\n'}
[286.458510] (hdl_localization) StdoutLine: {'line': b'\x1b[35m\x1b[1mScanning dependencies of target hdl_localization__rosidl_typesupport_introspection_c__pyext\x1b[0m\n'}
[286.462959] (-) TimerEvent: {}
[286.469473] (hdl_localization) StdoutLine: {'line': b'\x1b[35m\x1b[1mScanning dependencies of target hdl_localization__rosidl_typesupport_fastrtps_c__pyext\x1b[0m\n'}
[286.563214] (-) TimerEvent: {}
[286.610482] (hdl_localization) StdoutLine: {'line': b'[ 82%] \x1b[32mBuilding C object CMakeFiles/hdl_localization__rosidl_typesupport_c__pyext.dir/rosidl_generator_py/hdl_localization/_hdl_localization_s.ep.rosidl_typesupport_c.c.o\x1b[0m\n'}
[286.649236] (hdl_localization) StderrLine: {'line': b'\x1b[01m\x1b[Kcc1:\x1b[m\x1b[K \x1b[01;35m\x1b[Kwarning: \x1b[m\x1b[Kcommand line option \xe2\x80\x98\x1b[01m\x1b[K-std=c++14\x1b[m\x1b[K\xe2\x80\x99 is valid for C++/ObjC++ but not for C\n'}
[286.663460] (-) TimerEvent: {}
[286.680474] (hdl_localization) StdoutLine: {'line': b'[ 85%] \x1b[32mBuilding C object CMakeFiles/hdl_localization__rosidl_typesupport_introspection_c__pyext.dir/rosidl_generator_py/hdl_localization/_hdl_localization_s.ep.rosidl_typesupport_introspection_c.c.o\x1b[0m\n'}
[286.693840] (hdl_localization) StdoutLine: {'line': b'[ 88%] \x1b[32mBuilding C object CMakeFiles/hdl_localization__rosidl_typesupport_fastrtps_c__pyext.dir/rosidl_generator_py/hdl_localization/_hdl_localization_s.ep.rosidl_typesupport_fastrtps_c.c.o\x1b[0m\n'}
[286.726285] (hdl_localization) StderrLine: {'line': b'\x1b[01m\x1b[Kcc1:\x1b[m\x1b[K \x1b[01;35m\x1b[Kwarning: \x1b[m\x1b[Kcommand line option \xe2\x80\x98\x1b[01m\x1b[K-std=c++14\x1b[m\x1b[K\xe2\x80\x99 is valid for C++/ObjC++ but not for C\n'}
[286.735808] (hdl_localization) StderrLine: {'line': b'\x1b[01m\x1b[Kcc1:\x1b[m\x1b[K \x1b[01;35m\x1b[Kwarning: \x1b[m\x1b[Kcommand line option \xe2\x80\x98\x1b[01m\x1b[K-std=c++14\x1b[m\x1b[K\xe2\x80\x99 is valid for C++/ObjC++ but not for C\n'}
[286.763906] (-) TimerEvent: {}
[286.865815] (-) TimerEvent: {}
[286.967535] (-) TimerEvent: {}
[287.069377] (-) TimerEvent: {}
[287.171763] (-) TimerEvent: {}
[287.273476] (-) TimerEvent: {}
[287.375223] (-) TimerEvent: {}
[287.399437] (hdl_localization) StdoutLine: {'line': b'[ 91%] \x1b[32m\x1b[1mLinking C shared library rosidl_generator_py/hdl_localization/hdl_localization_s__rosidl_typesupport_c.cpython-38-aarch64-linux-gnu.so\x1b[0m\n'}
[287.455166] (hdl_localization) StdoutLine: {'line': b'[ 94%] \x1b[32m\x1b[1mLinking CXX shared library rosidl_generator_py/hdl_localization/hdl_localization_s__rosidl_typesupport_fastrtps_c.cpython-38-aarch64-linux-gnu.so\x1b[0m\n'}
[287.475476] (-) TimerEvent: {}
[287.577239] (-) TimerEvent: {}
[287.679013] (-) TimerEvent: {}
[287.727041] (hdl_localization) StdoutLine: {'line': b'[ 97%] \x1b[32m\x1b[1mLinking C shared library rosidl_generator_py/hdl_localization/hdl_localization_s__rosidl_typesupport_introspection_c.cpython-38-aarch64-linux-gnu.so\x1b[0m\n'}
[287.779299] (-) TimerEvent: {}
[287.811157] (hdl_localization) StdoutLine: {'line': b'[ 97%] Built target hdl_localization__rosidl_typesupport_c__pyext\n'}
[287.879508] (-) TimerEvent: {}
[287.974882] (hdl_localization) StdoutLine: {'line': b'[ 97%] Built target hdl_localization__rosidl_typesupport_fastrtps_c__pyext\n'}
[287.981061] (-) TimerEvent: {}
[287.998670] (hdl_localization) StdoutLine: {'line': b'[ 97%] Built target hdl_localization__rosidl_typesupport_introspection_c__pyext\n'}
[288.081523] (-) TimerEvent: {}
[288.182598] (-) TimerEvent: {}
[288.284077] (-) TimerEvent: {}
[288.385797] (-) TimerEvent: {}
[288.487241] (-) TimerEvent: {}
[288.588905] (-) TimerEvent: {}
[288.690554] (-) TimerEvent: {}
[288.792226] (-) TimerEvent: {}
[288.893886] (-) TimerEvent: {}
[288.995559] (-) TimerEvent: {}
[289.097513] (-) TimerEvent: {}
[289.198551] (-) TimerEvent: {}
[289.299659] (-) TimerEvent: {}
[289.400822] (-) TimerEvent: {}
[289.501937] (-) TimerEvent: {}
[289.602985] (-) TimerEvent: {}
[289.704072] (-) TimerEvent: {}
[289.805223] (-) TimerEvent: {}
[289.906307] (-) TimerEvent: {}
[290.007448] (-) TimerEvent: {}
[290.108569] (-) TimerEvent: {}
[290.209719] (-) TimerEvent: {}
[290.310805] (-) TimerEvent: {}
[290.412021] (-) TimerEvent: {}
[290.513171] (-) TimerEvent: {}
[290.614386] (-) TimerEvent: {}
[290.715536] (-) TimerEvent: {}
[290.816815] (-) TimerEvent: {}
[290.918170] (-) TimerEvent: {}
[291.019371] (-) TimerEvent: {}
[291.120507] (-) TimerEvent: {}
[291.221756] (-) TimerEvent: {}
[291.322892] (-) TimerEvent: {}
[291.423904] (-) TimerEvent: {}
[291.525086] (-) TimerEvent: {}
[291.626233] (-) TimerEvent: {}
[291.727380] (-) TimerEvent: {}
[291.828511] (-) TimerEvent: {}
[291.929813] (-) TimerEvent: {}
[292.030907] (-) TimerEvent: {}
[292.132523] (-) TimerEvent: {}
[292.233717] (-) TimerEvent: {}
[292.334786] (-) TimerEvent: {}
[292.435898] (-) TimerEvent: {}
[292.537255] (-) TimerEvent: {}
[292.638445] (-) TimerEvent: {}
[292.739556] (-) TimerEvent: {}
[292.840873] (-) TimerEvent: {}
[292.942150] (-) TimerEvent: {}
[293.043277] (-) TimerEvent: {}
[293.144435] (-) TimerEvent: {}
[293.245584] (-) TimerEvent: {}
[293.346851] (-) TimerEvent: {}
[293.448069] (-) TimerEvent: {}
[293.549374] (-) TimerEvent: {}
[293.650519] (-) TimerEvent: {}
[293.751746] (-) TimerEvent: {}
[293.853023] (-) TimerEvent: {}
[293.954177] (-) TimerEvent: {}
[294.055344] (-) TimerEvent: {}
[294.156755] (-) TimerEvent: {}
[294.257916] (-) TimerEvent: {}
[294.359027] (-) TimerEvent: {}
[294.460188] (-) TimerEvent: {}
[294.561457] (-) TimerEvent: {}
[294.662740] (-) TimerEvent: {}
[294.763917] (-) TimerEvent: {}
[294.865231] (-) TimerEvent: {}
[294.966386] (-) TimerEvent: {}
[295.067623] (-) TimerEvent: {}
[295.168870] (-) TimerEvent: {}
[295.270017] (-) TimerEvent: {}
[295.371217] (-) TimerEvent: {}
[295.472482] (-) TimerEvent: {}
[295.573644] (-) TimerEvent: {}
[295.674763] (-) TimerEvent: {}
[295.775910] (-) TimerEvent: {}
[295.877106] (-) TimerEvent: {}
[295.978238] (-) TimerEvent: {}
[296.079381] (-) TimerEvent: {}
[296.180575] (-) TimerEvent: {}
[296.281935] (-) TimerEvent: {}
[296.383116] (-) TimerEvent: {}
[296.484230] (-) TimerEvent: {}
[296.585520] (-) TimerEvent: {}
[296.686642] (-) TimerEvent: {}
[296.787735] (-) TimerEvent: {}
[296.888801] (-) TimerEvent: {}
[296.989861] (-) TimerEvent: {}
[297.090966] (-) TimerEvent: {}
[297.192074] (-) TimerEvent: {}
[297.293097] (-) TimerEvent: {}
[297.394209] (-) TimerEvent: {}
[297.495288] (-) TimerEvent: {}
[297.596382] (-) TimerEvent: {}
[297.697609] (-) TimerEvent: {}
[297.798686] (-) TimerEvent: {}
[297.940327] (-) TimerEvent: {}
[298.041520] (-) TimerEvent: {}
[298.142628] (-) TimerEvent: {}
[298.243716] (-) TimerEvent: {}
[298.344847] (-) TimerEvent: {}
[298.445910] (-) TimerEvent: {}
[298.547061] (-) TimerEvent: {}
[298.648132] (-) TimerEvent: {}
[298.749356] (-) TimerEvent: {}
[298.850560] (-) TimerEvent: {}
[298.951916] (-) TimerEvent: {}
[299.053244] (-) TimerEvent: {}
[299.154368] (-) TimerEvent: {}
[299.255616] (-) TimerEvent: {}
[299.356873] (-) TimerEvent: {}
[299.458046] (-) TimerEvent: {}
[299.559264] (-) TimerEvent: {}
[299.660461] (-) TimerEvent: {}
[299.761806] (-) TimerEvent: {}
[299.862895] (-) TimerEvent: {}
[299.963933] (-) TimerEvent: {}
[300.065062] (-) TimerEvent: {}
[300.166147] (-) TimerEvent: {}
[300.267223] (-) TimerEvent: {}
[300.368282] (-) TimerEvent: {}
[300.469407] (-) TimerEvent: {}
[300.570465] (-) TimerEvent: {}
[300.671539] (-) TimerEvent: {}
[300.772714] (-) TimerEvent: {}
[300.873780] (-) TimerEvent: {}
[300.974877] (-) TimerEvent: {}
[301.075953] (-) TimerEvent: {}
[301.177143] (-) TimerEvent: {}
[301.278150] (-) TimerEvent: {}
[301.379273] (-) TimerEvent: {}
[301.480339] (-) TimerEvent: {}
[301.581463] (-) TimerEvent: {}
[301.682502] (-) TimerEvent: {}
[301.783570] (-) TimerEvent: {}
[301.884582] (-) TimerEvent: {}
[301.985741] (-) TimerEvent: {}
[302.086871] (-) TimerEvent: {}
[302.188013] (-) TimerEvent: {}
[302.289180] (-) TimerEvent: {}
[302.390303] (-) TimerEvent: {}
[302.491493] (-) TimerEvent: {}
[302.592726] (-) TimerEvent: {}
[302.693806] (-) TimerEvent: {}
[302.794931] (-) TimerEvent: {}
[302.896032] (-) TimerEvent: {}
[302.997355] (-) TimerEvent: {}
[303.138092] (-) TimerEvent: {}
[303.239273] (-) TimerEvent: {}
[303.340412] (-) TimerEvent: {}
[303.441750] (-) TimerEvent: {}
[303.542966] (-) TimerEvent: {}
[303.644163] (-) TimerEvent: {}
[303.745480] (-) TimerEvent: {}
[303.846756] (-) TimerEvent: {}
[303.948043] (-) TimerEvent: {}
[304.049268] (-) TimerEvent: {}
[304.150445] (-) TimerEvent: {}
[304.251601] (-) TimerEvent: {}
[304.352785] (-) TimerEvent: {}
[304.453925] (-) TimerEvent: {}
[304.555183] (-) TimerEvent: {}
[304.656357] (-) TimerEvent: {}
[304.757618] (-) TimerEvent: {}
[304.858840] (-) TimerEvent: {}
[304.959974] (-) TimerEvent: {}
[305.061225] (-) TimerEvent: {}
[305.162540] (-) TimerEvent: {}
[305.263697] (-) TimerEvent: {}
[305.365026] (-) TimerEvent: {}
[305.466134] (-) TimerEvent: {}
[305.567327] (-) TimerEvent: {}
[305.668448] (-) TimerEvent: {}
[305.769665] (-) TimerEvent: {}
[305.870801] (-) TimerEvent: {}
[305.972159] (-) TimerEvent: {}
[306.073369] (-) TimerEvent: {}
[306.174483] (-) TimerEvent: {}
[306.275653] (-) TimerEvent: {}
[306.376900] (-) TimerEvent: {}
[306.478056] (-) TimerEvent: {}
[306.579274] (-) TimerEvent: {}
[306.680513] (-) TimerEvent: {}
[306.781805] (-) TimerEvent: {}
[306.882926] (-) TimerEvent: {}
[306.984112] (-) TimerEvent: {}
[307.085236] (-) TimerEvent: {}
[307.186771] (-) TimerEvent: {}
[307.287868] (-) TimerEvent: {}
[307.389088] (-) TimerEvent: {}
[307.490199] (-) TimerEvent: {}
[307.591395] (-) TimerEvent: {}
[307.692551] (-) TimerEvent: {}
[307.793734] (-) TimerEvent: {}
[307.894915] (-) TimerEvent: {}
[307.996035] (-) TimerEvent: {}
[308.097261] (-) TimerEvent: {}
[308.198561] (-) TimerEvent: {}
[308.339744] (-) TimerEvent: {}
[308.441030] (-) TimerEvent: {}
[308.542216] (-) TimerEvent: {}
[308.643347] (-) TimerEvent: {}
[308.744534] (-) TimerEvent: {}
[308.845725] (-) TimerEvent: {}
[308.946974] (-) TimerEvent: {}
[309.048101] (-) TimerEvent: {}
[309.149319] (-) TimerEvent: {}
[309.250521] (-) TimerEvent: {}
[309.351727] (-) TimerEvent: {}
[309.453031] (-) TimerEvent: {}
[309.554265] (-) TimerEvent: {}
[309.655377] (-) TimerEvent: {}
[309.756490] (-) TimerEvent: {}
[309.857720] (-) TimerEvent: {}
[309.958915] (-) TimerEvent: {}
[310.060037] (-) TimerEvent: {}
[310.161226] (-) TimerEvent: {}
[310.262341] (-) TimerEvent: {}
[310.363454] (-) TimerEvent: {}
[310.464584] (-) TimerEvent: {}
[310.565751] (-) TimerEvent: {}
[310.666918] (-) TimerEvent: {}
[310.768087] (-) TimerEvent: {}
[310.869252] (-) TimerEvent: {}
[310.970373] (-) TimerEvent: {}
[311.071557] (-) TimerEvent: {}
[311.172724] (-) TimerEvent: {}
[311.273874] (-) TimerEvent: {}
[311.374966] (-) TimerEvent: {}
[311.476041] (-) TimerEvent: {}
[311.577223] (-) TimerEvent: {}
[311.678360] (-) TimerEvent: {}
[311.779418] (-) TimerEvent: {}
[311.880475] (-) TimerEvent: {}
[311.981581] (-) TimerEvent: {}
[312.082640] (-) TimerEvent: {}
[312.183763] (-) TimerEvent: {}
[312.284836] (-) TimerEvent: {}
[312.385881] (-) TimerEvent: {}
[312.486985] (-) TimerEvent: {}
[312.588081] (-) TimerEvent: {}
[312.689230] (-) TimerEvent: {}
[312.790326] (-) TimerEvent: {}
[312.891452] (-) TimerEvent: {}
[312.992658] (-) TimerEvent: {}
[313.093769] (-) TimerEvent: {}
[313.194811] (-) TimerEvent: {}
[313.295891] (-) TimerEvent: {}
[313.397126] (-) TimerEvent: {}
[313.537213] (-) TimerEvent: {}
[313.638330] (-) TimerEvent: {}
[313.739399] (-) TimerEvent: {}
[313.840446] (-) TimerEvent: {}
[313.941587] (-) TimerEvent: {}
[314.042705] (-) TimerEvent: {}
[314.143790] (-) TimerEvent: {}
[314.244929] (-) TimerEvent: {}
[314.345973] (-) TimerEvent: {}
[314.447091] (-) TimerEvent: {}
[314.548113] (-) TimerEvent: {}
[314.649271] (-) TimerEvent: {}
[314.750309] (-) TimerEvent: {}
[314.851757] (-) TimerEvent: {}
[314.953083] (-) TimerEvent: {}
[315.054152] (-) TimerEvent: {}
[315.155316] (-) TimerEvent: {}
[315.256470] (-) TimerEvent: {}
[315.357756] (-) TimerEvent: {}
[315.458809] (-) TimerEvent: {}
[315.560066] (-) TimerEvent: {}
[315.661302] (-) TimerEvent: {}
[315.762484] (-) TimerEvent: {}
[315.863656] (-) TimerEvent: {}
[315.964873] (-) TimerEvent: {}
[316.066024] (-) TimerEvent: {}
[316.167189] (-) TimerEvent: {}
[316.268394] (-) TimerEvent: {}
[316.270828] (hdl_localization) StderrLine: {'line': b'In file included from \x1b[01m\x1b[K/home/ysc/lite_cog_ros2/nav/src/hdl_localization/apps/hdl_localization_composition.cpp:2\x1b[m\x1b[K:\n'}
[316.271797] (hdl_localization) StderrLine: {'line': b'\x1b[01m\x1b[K/home/ysc/lite_cog_ros2/nav/src/hdl_localization/apps/./hdl_localization_app.hpp:\x1b[m\x1b[K In member function \xe2\x80\x98\x1b[01m\x1b[Kbool hdl_localization::HdlLocalizationApp::GetClosestImuData(const rclcpp::Time&, sensor_msgs::msg::Imu_<std::allocator<void> >::SharedPtr&)\x1b[m\x1b[K\xe2\x80\x99:\n'}
[316.272414] (hdl_localization) StderrLine: {'line': b'\x1b[01m\x1b[K/home/ysc/lite_cog_ros2/nav/src/hdl_localization/apps/./hdl_localization_app.hpp:365:26:\x1b[m\x1b[K \x1b[01;35m\x1b[Kwarning: \x1b[m\x1b[Kcomparison of integer expressions of different signedness: \xe2\x80\x98\x1b[01m\x1b[Kint\x1b[m\x1b[K\xe2\x80\x99 and \xe2\x80\x98\x1b[01m\x1b[Kstd::deque<std::shared_ptr<sensor_msgs::msg::Imu_<std::allocator<void> > > >::size_type\x1b[m\x1b[K\xe2\x80\x99 {aka \xe2\x80\x98\x1b[01m\x1b[Klong unsigned int\x1b[m\x1b[K\xe2\x80\x99} [\x1b[01;35m\x1b[K-Wsign-compare\x1b[m\x1b[K]\n'}
[316.273110] (hdl_localization) StderrLine: {'line': b'  365 |         for(int i = 0; \x1b[01;35m\x1b[Ki < imu_data_buffer_.size()\x1b[m\x1b[K; i++){\n'}
[316.273693] (hdl_localization) StderrLine: {'line': b'      |                        \x1b[01;35m\x1b[K~~^~~~~~~~~~~~~~~~~~~~~~~~~\x1b[m\x1b[K\n'}
[316.368701] (-) TimerEvent: {}
[316.469819] (-) TimerEvent: {}
[316.560829] (hdl_localization) StderrLine: {'line': b'\x1b[01m\x1b[K/home/ysc/lite_cog_ros2/nav/src/hdl_localization/apps/./hdl_localization_app.hpp:\x1b[m\x1b[K In member function \xe2\x80\x98\x1b[01m\x1b[Kbool hdl_localization::HdlLocalizationApp::Relocalize(std::shared_ptr<rmw_request_id_t>, std::shared_ptr<std_srvs::srv::Empty_Request_<std::allocator<void> > >, std::shared_ptr<std_srvs::srv::Empty_Response_<std::allocator<void> > >)\x1b[m\x1b[K\xe2\x80\x99:\n'}
[316.561891] (hdl_localization) StderrLine: {'line': b'\x1b[01m\x1b[K/home/ysc/lite_cog_ros2/nav/src/hdl_localization/apps/./hdl_localization_app.hpp:556:56:\x1b[m\x1b[K \x1b[01;35m\x1b[Kwarning: \x1b[m\x1b[Kunused parameter \xe2\x80\x98\x1b[01m\x1b[Kreq\x1b[m\x1b[K\xe2\x80\x99 [\x1b[01;35m\x1b[K-Wunused-parameter\x1b[m\x1b[K]\n'}
[316.562535] (hdl_localization) StderrLine: {'line': b'  556 |         \x1b[01;35m\x1b[Kstd::shared_ptr<std_srvs::srv::Empty::Request> req\x1b[m\x1b[K,\n'}
[316.563061] (hdl_localization) StderrLine: {'line': b'      |         \x1b[01;35m\x1b[K~~~~~~~~~~~~~~~~~~~~~~~~~~~~~~~~~~~~~~~~~~~~~~~^~~\x1b[m\x1b[K\n'}
[316.563646] (hdl_localization) StderrLine: {'line': b'\x1b[01m\x1b[K/home/ysc/lite_cog_ros2/nav/src/hdl_localization/apps/./hdl_localization_app.hpp:557:57:\x1b[m\x1b[K \x1b[01;35m\x1b[Kwarning: \x1b[m\x1b[Kunused parameter \xe2\x80\x98\x1b[01m\x1b[Kres\x1b[m\x1b[K\xe2\x80\x99 [\x1b[01;35m\x1b[K-Wunused-parameter\x1b[m\x1b[K]\n'}
[316.564165] (hdl_localization) StderrLine: {'line': b'  557 |         \x1b[01;35m\x1b[Kstd::shared_ptr<std_srvs::srv::Empty::Response> res\x1b[m\x1b[K)\n'}
[316.564540] (hdl_localization) StderrLine: {'line': b'      |         \x1b[01;35m\x1b[K~~~~~~~~~~~~~~~~~~~~~~~~~~~~~~~~~~~~~~~~~~~~~~~~^~~\x1b[m\x1b[K\n'}
[316.570031] (-) TimerEvent: {}
[316.670907] (-) TimerEvent: {}
[316.682824] (hdl_localization) StderrLine: {'line': b'\x1b[01m\x1b[K/home/ysc/lite_cog_ros2/nav/src/hdl_localization/apps/./hdl_localization_app.hpp:\x1b[m\x1b[K In member function \xe2\x80\x98\x1b[01m\x1b[Kvoid hdl_localization::HdlLocalizationApp::TimerCallback()\x1b[m\x1b[K\xe2\x80\x99:\n'}
[316.683904] (hdl_localization) StderrLine: {'line': b'\x1b[01m\x1b[K/home/ysc/lite_cog_ros2/nav/src/hdl_localization/apps/./hdl_localization_app.hpp:786:27:\x1b[m\x1b[K \x1b[01;35m\x1b[Kwarning: \x1b[m\x1b[Kcomparison of integer expressions of different signedness: \xe2\x80\x98\x1b[01m\x1b[Kint\x1b[m\x1b[K\xe2\x80\x99 and \xe2\x80\x98\x1b[01m\x1b[Kstd::deque<double>::size_type\x1b[m\x1b[K\xe2\x80\x99 {aka \xe2\x80\x98\x1b[01m\x1b[Klong unsigned int\x1b[m\x1b[K\xe2\x80\x99} [\x1b[01;35m\x1b[K-Wsign-compare\x1b[m\x1b[K]\n'}
[316.684494] (hdl_localization) StderrLine: {'line': b'  786 |             for(int i=0; \x1b[01;35m\x1b[Ki<ms_deque_.size()\x1b[m\x1b[K; i++){\n'}
[316.685110] (hdl_localization) StderrLine: {'line': b'      |                          \x1b[01;35m\x1b[K~^~~~~~~~~~~~~~~~~\x1b[m\x1b[K\n'}
[316.771211] (-) TimerEvent: {}
[316.872492] (-) TimerEvent: {}
[316.973698] (-) TimerEvent: {}
[317.074735] (-) TimerEvent: {}
[317.175817] (-) TimerEvent: {}
[317.277039] (-) TimerEvent: {}
[317.378230] (-) TimerEvent: {}
[317.479237] (-) TimerEvent: {}
[317.580380] (-) TimerEvent: {}
[317.681678] (-) TimerEvent: {}
[317.782925] (-) TimerEvent: {}
[317.884095] (-) TimerEvent: {}
[317.985372] (-) TimerEvent: {}
[318.086550] (-) TimerEvent: {}
[318.187724] (-) TimerEvent: {}
[318.288924] (-) TimerEvent: {}
[318.390017] (-) TimerEvent: {}
[318.491141] (-) TimerEvent: {}
[318.592957] (-) TimerEvent: {}
[318.732888] (-) TimerEvent: {}
[318.833990] (-) TimerEvent: {}
[318.935759] (-) TimerEvent: {}
[319.037653] (-) TimerEvent: {}
[319.139396] (-) TimerEvent: {}
[319.241030] (-) TimerEvent: {}
[319.343041] (-) TimerEvent: {}
[319.444979] (-) TimerEvent: {}
[319.546057] (-) TimerEvent: {}
[319.647178] (-) TimerEvent: {}
[319.748365] (-) TimerEvent: {}
[319.849479] (-) TimerEvent: {}
[319.950587] (-) TimerEvent: {}
[320.051762] (-) TimerEvent: {}
[320.153034] (-) TimerEvent: {}
[320.254564] (-) TimerEvent: {}
[320.355827] (-) TimerEvent: {}
[320.457188] (-) TimerEvent: {}
[320.558687] (-) TimerEvent: {}
[320.659826] (-) TimerEvent: {}
[320.761190] (-) TimerEvent: {}
[320.862698] (-) TimerEvent: {}
[320.963937] (-) TimerEvent: {}
[321.065163] (-) TimerEvent: {}
[321.166431] (-) TimerEvent: {}
[321.267731] (-) TimerEvent: {}
[321.369210] (-) TimerEvent: {}
[321.470412] (-) TimerEvent: {}
[321.571949] (-) TimerEvent: {}
[321.673297] (-) TimerEvent: {}
[321.774865] (-) TimerEvent: {}
[321.876210] (-) TimerEvent: {}
[321.977891] (-) TimerEvent: {}
[322.079376] (-) TimerEvent: {}
[322.180523] (-) TimerEvent: {}
[322.281845] (-) TimerEvent: {}
[322.383010] (-) TimerEvent: {}
[322.484163] (-) TimerEvent: {}
[322.585485] (-) TimerEvent: {}
[322.686625] (-) TimerEvent: {}
[322.787889] (-) TimerEvent: {}
[322.889243] (-) TimerEvent: {}
[322.990387] (-) TimerEvent: {}
[323.091855] (-) TimerEvent: {}
[323.193141] (-) TimerEvent: {}
[323.294277] (-) TimerEvent: {}
[323.395384] (-) TimerEvent: {}
[323.496542] (-) TimerEvent: {}
[323.597941] (-) TimerEvent: {}
[323.699242] (-) TimerEvent: {}
[323.838980] (-) TimerEvent: {}
[323.940111] (-) TimerEvent: {}
[324.041348] (-) TimerEvent: {}
[324.142471] (-) TimerEvent: {}
[324.243703] (-) TimerEvent: {}
[324.344828] (-) TimerEvent: {}
[324.446116] (-) TimerEvent: {}
[324.547292] (-) TimerEvent: {}
[324.648371] (-) TimerEvent: {}
[324.749486] (-) TimerEvent: {}
[324.850603] (-) TimerEvent: {}
[324.951709] (-) TimerEvent: {}
[325.052960] (-) TimerEvent: {}
[325.154041] (-) TimerEvent: {}
[325.255118] (-) TimerEvent: {}
[325.356181] (-) TimerEvent: {}
[325.457405] (-) TimerEvent: {}
[325.558630] (-) TimerEvent: {}
[325.659965] (-) TimerEvent: {}
[325.761599] (-) TimerEvent: {}
[325.863027] (-) TimerEvent: {}
[325.964368] (-) TimerEvent: {}
[326.065833] (-) TimerEvent: {}
[326.167193] (-) TimerEvent: {}
[326.268307] (-) TimerEvent: {}
[326.369470] (-) TimerEvent: {}
[326.470530] (-) TimerEvent: {}
[326.571616] (-) TimerEvent: {}
[326.672782] (-) TimerEvent: {}
[326.773842] (-) TimerEvent: {}
[326.874912] (-) TimerEvent: {}
[326.975992] (-) TimerEvent: {}
[327.077154] (-) TimerEvent: {}
[327.178189] (-) TimerEvent: {}
[327.279285] (-) TimerEvent: {}
[327.380427] (-) TimerEvent: {}
[327.481634] (-) TimerEvent: {}
[327.582815] (-) TimerEvent: {}
[327.683964] (-) TimerEvent: {}
[327.785172] (-) TimerEvent: {}
[327.886342] (-) TimerEvent: {}
[327.987575] (-) TimerEvent: {}
[328.089153] (-) TimerEvent: {}
[328.190347] (-) TimerEvent: {}
[328.291504] (-) TimerEvent: {}
[328.392837] (-) TimerEvent: {}
[328.494120] (-) TimerEvent: {}
[328.595944] (-) TimerEvent: {}
[328.697061] (-) TimerEvent: {}
[328.798365] (-) TimerEvent: {}
[328.938864] (-) TimerEvent: {}
[329.040120] (-) TimerEvent: {}
[329.141475] (-) TimerEvent: {}
[329.242657] (-) TimerEvent: {}
[329.343769] (-) TimerEvent: {}
[329.444862] (-) TimerEvent: {}
[329.546028] (-) TimerEvent: {}
[329.647248] (-) TimerEvent: {}
[329.748452] (-) TimerEvent: {}
[329.849689] (-) TimerEvent: {}
[329.950926] (-) TimerEvent: {}
[330.052098] (-) TimerEvent: {}
[330.153309] (-) TimerEvent: {}
[330.254401] (-) TimerEvent: {}
[330.355512] (-) TimerEvent: {}
[330.456666] (-) TimerEvent: {}
[330.557800] (-) TimerEvent: {}
[330.658898] (-) TimerEvent: {}
[330.760004] (-) TimerEvent: {}
[330.861163] (-) TimerEvent: {}
[330.962267] (-) TimerEvent: {}
[331.063396] (-) TimerEvent: {}
[331.164575] (-) TimerEvent: {}
[331.265797] (-) TimerEvent: {}
[331.366976] (-) TimerEvent: {}
[331.468114] (-) TimerEvent: {}
[331.569444] (-) TimerEvent: {}
[331.670642] (-) TimerEvent: {}
[331.771873] (-) TimerEvent: {}
[331.873293] (-) TimerEvent: {}
[331.974387] (-) TimerEvent: {}
[332.075526] (-) TimerEvent: {}
[332.176916] (-) TimerEvent: {}
[332.278060] (-) TimerEvent: {}
[332.379263] (-) TimerEvent: {}
[332.480499] (-) TimerEvent: {}
[332.581697] (-) TimerEvent: {}
[332.682985] (-) TimerEvent: {}
[332.784196] (-) TimerEvent: {}
[332.885340] (-) TimerEvent: {}
[332.986492] (-) TimerEvent: {}
[333.087740] (-) TimerEvent: {}
[333.188922] (-) TimerEvent: {}
[333.290100] (-) TimerEvent: {}
[333.391354] (-) TimerEvent: {}
[333.492686] (-) TimerEvent: {}
[333.593812] (-) TimerEvent: {}
[333.694957] (-) TimerEvent: {}
[333.796055] (-) TimerEvent: {}
[333.897305] (-) TimerEvent: {}
[333.998545] (-) TimerEvent: {}
[334.138971] (-) TimerEvent: {}
[334.240039] (-) TimerEvent: {}
[334.341200] (-) TimerEvent: {}
[334.442319] (-) TimerEvent: {}
[334.543424] (-) TimerEvent: {}
[334.644582] (-) TimerEvent: {}
[334.745731] (-) TimerEvent: {}
[334.846825] (-) TimerEvent: {}
[334.947992] (-) TimerEvent: {}
[335.049132] (-) TimerEvent: {}
[335.150247] (-) TimerEvent: {}
[335.251353] (-) TimerEvent: {}
[335.352539] (-) TimerEvent: {}
[335.453746] (-) TimerEvent: {}
[335.554893] (-) TimerEvent: {}
[335.656007] (-) TimerEvent: {}
[335.757294] (-) TimerEvent: {}
[335.858421] (-) TimerEvent: {}
[335.959542] (-) TimerEvent: {}
[336.060687] (-) TimerEvent: {}
[336.161779] (-) TimerEvent: {}
[336.263477] (-) TimerEvent: {}
[336.364566] (-) TimerEvent: {}
[336.465812] (-) TimerEvent: {}
[336.566867] (-) TimerEvent: {}
[336.667945] (-) TimerEvent: {}
[336.769097] (-) TimerEvent: {}
[336.870204] (-) TimerEvent: {}
[336.971294] (-) TimerEvent: {}
[337.073115] (-) TimerEvent: {}
[337.174270] (-) TimerEvent: {}
[337.275295] (-) TimerEvent: {}
[337.376427] (-) TimerEvent: {}
[337.477593] (-) TimerEvent: {}
[337.578675] (-) TimerEvent: {}
[337.679731] (-) TimerEvent: {}
[337.780804] (-) TimerEvent: {}
[337.881883] (-) TimerEvent: {}
[337.983040] (-) TimerEvent: {}
[338.084281] (-) TimerEvent: {}
[338.185393] (-) TimerEvent: {}
[338.286449] (-) TimerEvent: {}
[338.387609] (-) TimerEvent: {}
[338.488885] (-) TimerEvent: {}
[338.590030] (-) TimerEvent: {}
[338.691185] (-) TimerEvent: {}
[338.792646] (-) TimerEvent: {}
[338.893839] (-) TimerEvent: {}
[338.995013] (-) TimerEvent: {}
[339.096192] (-) TimerEvent: {}
[339.258220] (-) TimerEvent: {}
[339.359274] (-) TimerEvent: {}
[339.460312] (-) TimerEvent: {}
[339.561418] (-) TimerEvent: {}
[339.662541] (-) TimerEvent: {}
[339.763617] (-) TimerEvent: {}
[339.864782] (-) TimerEvent: {}
[339.965852] (-) TimerEvent: {}
[340.066997] (-) TimerEvent: {}
[340.168087] (-) TimerEvent: {}
[340.269215] (-) TimerEvent: {}
[340.370303] (-) TimerEvent: {}
[340.471418] (-) TimerEvent: {}
[340.572443] (-) TimerEvent: {}
[340.673621] (-) TimerEvent: {}
[340.774713] (-) TimerEvent: {}
[340.875734] (-) TimerEvent: {}
[340.976844] (-) TimerEvent: {}
[341.077978] (-) TimerEvent: {}
[341.179052] (-) TimerEvent: {}
[341.280147] (-) TimerEvent: {}
[341.381290] (-) TimerEvent: {}
[341.482441] (-) TimerEvent: {}
[341.583620] (-) TimerEvent: {}
[341.684790] (-) TimerEvent: {}
[341.785917] (-) TimerEvent: {}
[341.887162] (-) TimerEvent: {}
[341.988322] (-) TimerEvent: {}
[342.089546] (-) TimerEvent: {}
[342.190906] (-) TimerEvent: {}
[342.292336] (-) TimerEvent: {}
[342.393604] (-) TimerEvent: {}
[342.494708] (-) TimerEvent: {}
[342.595835] (-) TimerEvent: {}
[342.697086] (-) TimerEvent: {}
[342.798217] (-) TimerEvent: {}
[342.899515] (-) TimerEvent: {}
[343.000763] (-) TimerEvent: {}
[343.102007] (-) TimerEvent: {}
[343.203162] (-) TimerEvent: {}
[343.304361] (-) TimerEvent: {}
[343.405513] (-) TimerEvent: {}
[343.506644] (-) TimerEvent: {}
[343.607899] (-) TimerEvent: {}
[343.709059] (-) TimerEvent: {}
[343.810194] (-) TimerEvent: {}
[343.911432] (-) TimerEvent: {}
[344.012683] (-) TimerEvent: {}
[344.113842] (-) TimerEvent: {}
[344.215141] (-) TimerEvent: {}
[344.357122] (-) TimerEvent: {}
[344.458233] (-) TimerEvent: {}
[344.559309] (-) TimerEvent: {}
[344.660388] (-) TimerEvent: {}
[344.761589] (-) TimerEvent: {}
[344.862773] (-) TimerEvent: {}
[344.963833] (-) TimerEvent: {}
[345.064961] (-) TimerEvent: {}
[345.166053] (-) TimerEvent: {}
[345.267136] (-) TimerEvent: {}
[345.368242] (-) TimerEvent: {}
[345.469356] (-) TimerEvent: {}
[345.570495] (-) TimerEvent: {}
[345.671568] (-) TimerEvent: {}
[345.772842] (-) TimerEvent: {}
[345.873980] (-) TimerEvent: {}
[345.975266] (-) TimerEvent: {}
[346.076467] (-) TimerEvent: {}
[346.177659] (-) TimerEvent: {}
[346.278751] (-) TimerEvent: {}
[346.379845] (-) TimerEvent: {}
[346.480994] (-) TimerEvent: {}
[346.582160] (-) TimerEvent: {}
[346.683210] (-) TimerEvent: {}
[346.784305] (-) TimerEvent: {}
[346.885478] (-) TimerEvent: {}
[346.986555] (-) TimerEvent: {}
[347.087682] (-) TimerEvent: {}
[347.188818] (-) TimerEvent: {}
[347.289893] (-) TimerEvent: {}
[347.390959] (-) TimerEvent: {}
[347.492083] (-) TimerEvent: {}
[347.593260] (-) TimerEvent: {}
[347.694346] (-) TimerEvent: {}
[347.795478] (-) TimerEvent: {}
[347.896535] (-) TimerEvent: {}
[347.997734] (-) TimerEvent: {}
[348.098765] (-) TimerEvent: {}
[348.199900] (-) TimerEvent: {}
[348.301102] (-) TimerEvent: {}
[348.402233] (-) TimerEvent: {}
[348.503421] (-) TimerEvent: {}
[348.604564] (-) TimerEvent: {}
[348.705831] (-) TimerEvent: {}
[348.807070] (-) TimerEvent: {}
[348.908276] (-) TimerEvent: {}
[349.009550] (-) TimerEvent: {}
[349.110836] (-) TimerEvent: {}
[349.212165] (-) TimerEvent: {}
[349.313783] (-) TimerEvent: {}
[349.415156] (-) TimerEvent: {}
[349.555173] (-) TimerEvent: {}
[349.656293] (-) TimerEvent: {}
[349.757516] (-) TimerEvent: {}
[349.858725] (-) TimerEvent: {}
[349.959875] (-) TimerEvent: {}
[350.061013] (-) TimerEvent: {}
[350.162286] (-) TimerEvent: {}
[350.263437] (-) TimerEvent: {}
[350.364537] (-) TimerEvent: {}
[350.465727] (-) TimerEvent: {}
[350.566856] (-) TimerEvent: {}
[350.668001] (-) TimerEvent: {}
[350.769250] (-) TimerEvent: {}
[350.870344] (-) TimerEvent: {}
[350.971453] (-) TimerEvent: {}
[351.072682] (-) TimerEvent: {}
[351.173833] (-) TimerEvent: {}
[351.274932] (-) TimerEvent: {}
[351.376046] (-) TimerEvent: {}
[351.477273] (-) TimerEvent: {}
[351.578390] (-) TimerEvent: {}
[351.679516] (-) TimerEvent: {}
[351.780757] (-) TimerEvent: {}
[351.882776] (-) TimerEvent: {}
[351.983984] (-) TimerEvent: {}
[352.085285] (-) TimerEvent: {}
[352.186577] (-) TimerEvent: {}
[352.287790] (-) TimerEvent: {}
[352.388994] (-) TimerEvent: {}
[352.490132] (-) TimerEvent: {}
[352.591248] (-) TimerEvent: {}
[352.692336] (-) TimerEvent: {}
[352.793533] (-) TimerEvent: {}
[352.894699] (-) TimerEvent: {}
[352.995785] (-) TimerEvent: {}
[353.096954] (-) TimerEvent: {}
[353.197992] (-) TimerEvent: {}
[353.299108] (-) TimerEvent: {}
[353.400214] (-) TimerEvent: {}
[353.501458] (-) TimerEvent: {}
[353.602578] (-) TimerEvent: {}
[353.703705] (-) TimerEvent: {}
[353.804810] (-) TimerEvent: {}
[353.905837] (-) TimerEvent: {}
[354.006915] (-) TimerEvent: {}
[354.108036] (-) TimerEvent: {}
[354.209199] (-) TimerEvent: {}
[354.310232] (-) TimerEvent: {}
[354.411288] (-) TimerEvent: {}
[354.512386] (-) TimerEvent: {}
[354.613556] (-) TimerEvent: {}
[354.755323] (-) TimerEvent: {}
[354.856375] (-) TimerEvent: {}
[354.957433] (-) TimerEvent: {}
[355.058600] (-) TimerEvent: {}
[355.159682] (-) TimerEvent: {}
[355.260869] (-) TimerEvent: {}
[355.362158] (-) TimerEvent: {}
[355.463363] (-) TimerEvent: {}
[355.564708] (-) TimerEvent: {}
[355.665820] (-) TimerEvent: {}
[355.767015] (-) TimerEvent: {}
[355.868241] (-) TimerEvent: {}
[355.969415] (-) TimerEvent: {}
[356.070661] (-) TimerEvent: {}
[356.171857] (-) TimerEvent: {}
[356.273077] (-) TimerEvent: {}
[356.374291] (-) TimerEvent: {}
[356.475563] (-) TimerEvent: {}
[356.576777] (-) TimerEvent: {}
[356.677867] (-) TimerEvent: {}
[356.778936] (-) TimerEvent: {}
[356.880000] (-) TimerEvent: {}
[356.981176] (-) TimerEvent: {}
[357.082216] (-) TimerEvent: {}
[357.183303] (-) TimerEvent: {}
[357.284333] (-) TimerEvent: {}
[357.385464] (-) TimerEvent: {}
[357.486512] (-) TimerEvent: {}
[357.587582] (-) TimerEvent: {}
[357.688693] (-) TimerEvent: {}
[357.789716] (-) TimerEvent: {}
[357.890747] (-) TimerEvent: {}
[357.991889] (-) TimerEvent: {}
[358.093130] (-) TimerEvent: {}
[358.194418] (-) TimerEvent: {}
[358.295709] (-) TimerEvent: {}
[358.396970] (-) TimerEvent: {}
[358.498134] (-) TimerEvent: {}
[358.599456] (-) TimerEvent: {}
[358.700663] (-) TimerEvent: {}
[358.801799] (-) TimerEvent: {}
[358.903087] (-) TimerEvent: {}
[359.004206] (-) TimerEvent: {}
[359.105434] (-) TimerEvent: {}
[359.206604] (-) TimerEvent: {}
[359.307672] (-) TimerEvent: {}
[359.408825] (-) TimerEvent: {}
[359.509994] (-) TimerEvent: {}
[359.611296] (-) TimerEvent: {}
[359.712728] (-) TimerEvent: {}
[359.814026] (-) TimerEvent: {}
[359.957342] (-) TimerEvent: {}
[360.058322] (-) TimerEvent: {}
[360.159384] (-) TimerEvent: {}
[360.260411] (-) TimerEvent: {}
[360.361583] (-) TimerEvent: {}
[360.462740] (-) TimerEvent: {}
[360.563897] (-) TimerEvent: {}
[360.665058] (-) TimerEvent: {}
[360.766162] (-) TimerEvent: {}
[360.867412] (-) TimerEvent: {}
[360.968574] (-) TimerEvent: {}
[361.069812] (-) TimerEvent: {}
[361.171001] (-) TimerEvent: {}
[361.272167] (-) TimerEvent: {}
[361.373415] (-) TimerEvent: {}
[361.474649] (-) TimerEvent: {}
[361.575733] (-) TimerEvent: {}
[361.677026] (-) TimerEvent: {}
[361.778294] (-) TimerEvent: {}
[361.879446] (-) TimerEvent: {}
[361.980739] (-) TimerEvent: {}
[362.082038] (-) TimerEvent: {}
[362.183145] (-) TimerEvent: {}
[362.284157] (-) TimerEvent: {}
[362.385297] (-) TimerEvent: {}
[362.486393] (-) TimerEvent: {}
[362.587585] (-) TimerEvent: {}
[362.688821] (-) TimerEvent: {}
[362.790098] (-) TimerEvent: {}
[362.891355] (-) TimerEvent: {}
[362.992731] (-) TimerEvent: {}
[363.093909] (-) TimerEvent: {}
[363.195129] (-) TimerEvent: {}
[363.296335] (-) TimerEvent: {}
[363.397786] (-) TimerEvent: {}
[363.498926] (-) TimerEvent: {}
[363.600067] (-) TimerEvent: {}
[363.701275] (-) TimerEvent: {}
[363.802450] (-) TimerEvent: {}
[363.903563] (-) TimerEvent: {}
[364.004762] (-) TimerEvent: {}
[364.105890] (-) TimerEvent: {}
[364.207169] (-) TimerEvent: {}
[364.308362] (-) TimerEvent: {}
[364.409459] (-) TimerEvent: {}
[364.510559] (-) TimerEvent: {}
[364.611656] (-) TimerEvent: {}
[364.712938] (-) TimerEvent: {}
[364.814007] (-) TimerEvent: {}
[364.915126] (-) TimerEvent: {}
[365.056818] (-) TimerEvent: {}
[365.157881] (-) TimerEvent: {}
[365.258937] (-) TimerEvent: {}
[365.359919] (-) TimerEvent: {}
[365.461037] (-) TimerEvent: {}
[365.562149] (-) TimerEvent: {}
[365.663249] (-) TimerEvent: {}
[365.764317] (-) TimerEvent: {}
[365.865473] (-) TimerEvent: {}
[365.966471] (-) TimerEvent: {}
[366.067630] (-) TimerEvent: {}
[366.168818] (-) TimerEvent: {}
[366.269930] (-) TimerEvent: {}
[366.371047] (-) TimerEvent: {}
[366.472448] (-) TimerEvent: {}
[366.573793] (-) TimerEvent: {}
[366.674964] (-) TimerEvent: {}
[366.776282] (-) TimerEvent: {}
[366.877546] (-) TimerEvent: {}
[366.978815] (-) TimerEvent: {}
[367.080013] (-) TimerEvent: {}
[367.181384] (-) TimerEvent: {}
[367.282594] (-) TimerEvent: {}
[367.383678] (-) TimerEvent: {}
[367.484944] (-) TimerEvent: {}
[367.586005] (-) TimerEvent: {}
[367.687047] (-) TimerEvent: {}
[367.788150] (-) TimerEvent: {}
[367.889305] (-) TimerEvent: {}
[367.990383] (-) TimerEvent: {}
[368.091434] (-) TimerEvent: {}
[368.192545] (-) TimerEvent: {}
[368.293825] (-) TimerEvent: {}
[368.395110] (-) TimerEvent: {}
[368.496310] (-) TimerEvent: {}
[368.597905] (-) TimerEvent: {}
[368.699013] (-) TimerEvent: {}
[368.800191] (-) TimerEvent: {}
[368.901487] (-) TimerEvent: {}
[369.002786] (-) TimerEvent: {}
[369.104017] (-) TimerEvent: {}
[369.205192] (-) TimerEvent: {}
[369.306336] (-) TimerEvent: {}
[369.407567] (-) TimerEvent: {}
[369.508834] (-) TimerEvent: {}
[369.610061] (-) TimerEvent: {}
[369.711355] (-) TimerEvent: {}
[369.812706] (-) TimerEvent: {}
[369.913841] (-) TimerEvent: {}
[370.015195] (-) TimerEvent: {}
[370.155124] (-) TimerEvent: {}
[370.256232] (-) TimerEvent: {}
[370.357367] (-) TimerEvent: {}
[370.458458] (-) TimerEvent: {}
[370.559527] (-) TimerEvent: {}
[370.660754] (-) TimerEvent: {}
[370.761865] (-) TimerEvent: {}
[370.863093] (-) TimerEvent: {}
[370.964225] (-) TimerEvent: {}
[371.065363] (-) TimerEvent: {}
[371.166382] (-) TimerEvent: {}
[371.267404] (-) TimerEvent: {}
[371.368648] (-) TimerEvent: {}
[371.469754] (-) TimerEvent: {}
[371.570894] (-) TimerEvent: {}
[371.672203] (-) TimerEvent: {}
[371.773360] (-) TimerEvent: {}
[371.874402] (-) TimerEvent: {}
[371.975444] (-) TimerEvent: {}
[372.076889] (-) TimerEvent: {}
[372.178797] (-) TimerEvent: {}
[372.280104] (-) TimerEvent: {}
[372.381738] (-) TimerEvent: {}
[372.483446] (-) TimerEvent: {}
[372.584493] (-) TimerEvent: {}
[372.685911] (-) TimerEvent: {}
[372.787129] (-) TimerEvent: {}
[372.888267] (-) TimerEvent: {}
[372.989529] (-) TimerEvent: {}
[373.090690] (-) TimerEvent: {}
[373.191814] (-) TimerEvent: {}
[373.293100] (-) TimerEvent: {}
[373.394299] (-) TimerEvent: {}
[373.495415] (-) TimerEvent: {}
[373.596765] (-) TimerEvent: {}
[373.697930] (-) TimerEvent: {}
[373.799173] (-) TimerEvent: {}
[373.900381] (-) TimerEvent: {}
[374.001656] (-) TimerEvent: {}
[374.102907] (-) TimerEvent: {}
[374.204076] (-) TimerEvent: {}
[374.305309] (-) TimerEvent: {}
[374.406522] (-) TimerEvent: {}
[374.507796] (-) TimerEvent: {}
[374.609024] (-) TimerEvent: {}
[374.710158] (-) TimerEvent: {}
[374.811315] (-) TimerEvent: {}
[374.912504] (-) TimerEvent: {}
[375.013848] (-) TimerEvent: {}
[375.115171] (-) TimerEvent: {}
[375.257298] (-) TimerEvent: {}
[375.358457] (-) TimerEvent: {}
[375.459569] (-) TimerEvent: {}
[375.560660] (-) TimerEvent: {}
[375.661787] (-) TimerEvent: {}
[375.762974] (-) TimerEvent: {}
[375.864081] (-) TimerEvent: {}
[375.965319] (-) TimerEvent: {}
[376.066425] (-) TimerEvent: {}
[376.167622] (-) TimerEvent: {}
[376.268831] (-) TimerEvent: {}
[376.369991] (-) TimerEvent: {}
[376.471121] (-) TimerEvent: {}
[376.572273] (-) TimerEvent: {}
[376.673502] (-) TimerEvent: {}
[376.774665] (-) TimerEvent: {}
[376.875786] (-) TimerEvent: {}
[376.976977] (-) TimerEvent: {}
[377.078122] (-) TimerEvent: {}
[377.179262] (-) TimerEvent: {}
[377.280384] (-) TimerEvent: {}
[377.381526] (-) TimerEvent: {}
[377.482774] (-) TimerEvent: {}
[377.583952] (-) TimerEvent: {}
[377.685308] (-) TimerEvent: {}
[377.786599] (-) TimerEvent: {}
[377.887854] (-) TimerEvent: {}
[377.989150] (-) TimerEvent: {}
[378.090369] (-) TimerEvent: {}
[378.192877] (-) TimerEvent: {}
[378.294126] (-) TimerEvent: {}
[378.395327] (-) TimerEvent: {}
[378.496686] (-) TimerEvent: {}
[378.597899] (-) TimerEvent: {}
[378.699042] (-) TimerEvent: {}
[378.800096] (-) TimerEvent: {}
[378.901257] (-) TimerEvent: {}
[379.002449] (-) TimerEvent: {}
[379.103590] (-) TimerEvent: {}
[379.204769] (-) TimerEvent: {}
[379.305889] (-) TimerEvent: {}
[379.407029] (-) TimerEvent: {}
[379.508140] (-) TimerEvent: {}
[379.609313] (-) TimerEvent: {}
[379.710443] (-) TimerEvent: {}
[379.811532] (-) TimerEvent: {}
[379.912791] (-) TimerEvent: {}
[380.013992] (-) TimerEvent: {}
[380.115291] (-) TimerEvent: {}
[380.282566] (-) TimerEvent: {}
[380.383737] (-) TimerEvent: {}
[380.485029] (-) TimerEvent: {}
[380.586159] (-) TimerEvent: {}
[380.687276] (-) TimerEvent: {}
[380.788447] (-) TimerEvent: {}
[380.889633] (-) TimerEvent: {}
[380.990755] (-) TimerEvent: {}
[381.091897] (-) TimerEvent: {}
[381.193093] (-) TimerEvent: {}
[381.294349] (-) TimerEvent: {}
[381.395488] (-) TimerEvent: {}
[381.496568] (-) TimerEvent: {}
[381.597784] (-) TimerEvent: {}
[381.698898] (-) TimerEvent: {}
[381.800026] (-) TimerEvent: {}
[381.901187] (-) TimerEvent: {}
[382.002309] (-) TimerEvent: {}
[382.103415] (-) TimerEvent: {}
[382.204504] (-) TimerEvent: {}
[382.305722] (-) TimerEvent: {}
[382.406850] (-) TimerEvent: {}
[382.507976] (-) TimerEvent: {}
[382.609163] (-) TimerEvent: {}
[382.710274] (-) TimerEvent: {}
[382.811410] (-) TimerEvent: {}
[382.912534] (-) TimerEvent: {}
[383.013780] (-) TimerEvent: {}
[383.114777] (-) TimerEvent: {}
[383.215880] (-) TimerEvent: {}
[383.317115] (-) TimerEvent: {}
[383.418208] (-) TimerEvent: {}
[383.519312] (-) TimerEvent: {}
[383.620435] (-) TimerEvent: {}
[383.721658] (-) TimerEvent: {}
[383.822764] (-) TimerEvent: {}
[383.923843] (-) TimerEvent: {}
[384.024950] (-) TimerEvent: {}
[384.126032] (-) TimerEvent: {}
[384.227257] (-) TimerEvent: {}
[384.328488] (-) TimerEvent: {}
[384.429670] (-) TimerEvent: {}
[384.530911] (-) TimerEvent: {}
[384.632141] (-) TimerEvent: {}
[384.733502] (-) TimerEvent: {}
[384.834714] (-) TimerEvent: {}
[384.935830] (-) TimerEvent: {}
[385.037133] (-) TimerEvent: {}
[385.138366] (-) TimerEvent: {}
[385.239589] (-) TimerEvent: {}
[385.380082] (-) TimerEvent: {}
[385.481213] (-) TimerEvent: {}
[385.582319] (-) TimerEvent: {}
[385.683413] (-) TimerEvent: {}
[385.784471] (-) TimerEvent: {}
[385.885569] (-) TimerEvent: {}
[385.986658] (-) TimerEvent: {}
[386.087728] (-) TimerEvent: {}
[386.188835] (-) TimerEvent: {}
[386.289950] (-) TimerEvent: {}
[386.391066] (-) TimerEvent: {}
[386.492346] (-) TimerEvent: {}
[386.593668] (-) TimerEvent: {}
[386.694979] (-) TimerEvent: {}
[386.796207] (-) TimerEvent: {}
[386.897600] (-) TimerEvent: {}
[386.998948] (-) TimerEvent: {}
[387.100228] (-) TimerEvent: {}
[387.201396] (-) TimerEvent: {}
[387.302682] (-) TimerEvent: {}
[387.403887] (-) TimerEvent: {}
[387.505063] (-) TimerEvent: {}
[387.606359] (-) TimerEvent: {}
[387.707701] (-) TimerEvent: {}
[387.809153] (-) TimerEvent: {}
[387.910475] (-) TimerEvent: {}
[388.011968] (-) TimerEvent: {}
[388.113396] (-) TimerEvent: {}
[388.214772] (-) TimerEvent: {}
[388.316002] (-) TimerEvent: {}
[388.417260] (-) TimerEvent: {}
[388.518643] (-) TimerEvent: {}
[388.620015] (-) TimerEvent: {}
[388.721552] (-) TimerEvent: {}
[388.822879] (-) TimerEvent: {}
[388.924231] (-) TimerEvent: {}
[389.025642] (-) TimerEvent: {}
[389.127101] (-) TimerEvent: {}
[389.228366] (-) TimerEvent: {}
[389.329611] (-) TimerEvent: {}
[389.430801] (-) TimerEvent: {}
[389.532091] (-) TimerEvent: {}
[389.633463] (-) TimerEvent: {}
[389.734676] (-) TimerEvent: {}
[389.835898] (-) TimerEvent: {}
[389.937152] (-) TimerEvent: {}
[390.038323] (-) TimerEvent: {}
[390.139487] (-) TimerEvent: {}
[390.240780] (-) TimerEvent: {}
[390.342034] (-) TimerEvent: {}
[390.482711] (-) TimerEvent: {}
[390.583836] (-) TimerEvent: {}
[390.685044] (-) TimerEvent: {}
[390.786156] (-) TimerEvent: {}
[390.887225] (-) TimerEvent: {}
[390.988367] (-) TimerEvent: {}
[391.089576] (-) TimerEvent: {}
[391.190695] (-) TimerEvent: {}
[391.291744] (-) TimerEvent: {}
[391.392938] (-) TimerEvent: {}
[391.494101] (-) TimerEvent: {}
[391.595395] (-) TimerEvent: {}
[391.696574] (-) TimerEvent: {}
[391.797781] (-) TimerEvent: {}
[391.899030] (-) TimerEvent: {}
[392.000139] (-) TimerEvent: {}
[392.101349] (-) TimerEvent: {}
[392.202629] (-) TimerEvent: {}
[392.303773] (-) TimerEvent: {}
[392.405027] (-) TimerEvent: {}
[392.506196] (-) TimerEvent: {}
[392.607366] (-) TimerEvent: {}
[392.708518] (-) TimerEvent: {}
[392.809800] (-) TimerEvent: {}
[392.910876] (-) TimerEvent: {}
[393.012177] (-) TimerEvent: {}
[393.113268] (-) TimerEvent: {}
[393.214246] (-) TimerEvent: {}
[393.315368] (-) TimerEvent: {}
[393.416396] (-) TimerEvent: {}
[393.517525] (-) TimerEvent: {}
[393.618688] (-) TimerEvent: {}
[393.719767] (-) TimerEvent: {}
[393.820807] (-) TimerEvent: {}
[393.921886] (-) TimerEvent: {}
[394.022987] (-) TimerEvent: {}
[394.124052] (-) TimerEvent: {}
[394.225191] (-) TimerEvent: {}
[394.326267] (-) TimerEvent: {}
[394.427270] (-) TimerEvent: {}
[394.528370] (-) TimerEvent: {}
[394.629560] (-) TimerEvent: {}
[394.644377] (hdl_localization) StderrLine: {'line': b'\x1b[01m\x1b[K/home/ysc/lite_cog_ros2/nav/src/hdl_localization/apps/./hdl_localization_app.hpp:789:24:\x1b[m\x1b[K \x1b[01;35m\x1b[Kwarning: \x1b[m\x1b[K\xe2\x80\x98\x1b[01m\x1b[Ktotal_ms\x1b[m\x1b[K\xe2\x80\x99 may be used uninitialized in this function [\x1b[01;35m\x1b[K-Wmaybe-uninitialized\x1b[m\x1b[K]\n'}
[394.645399] (hdl_localization) StderrLine: {'line': b'  789 |             \x1b[01;35m\x1b[Kaverage_ms = total_ms / ms_deque_.size()\x1b[m\x1b[K;\n'}
[394.645964] (hdl_localization) StderrLine: {'line': b'      |             \x1b[01;35m\x1b[K~~~~~~~~~~~^~~~~~~~~~~~~~~~~~~~~~~~~~~~~\x1b[m\x1b[K\n'}
[394.729776] (-) TimerEvent: {}
[394.830756] (-) TimerEvent: {}
[394.931792] (-) TimerEvent: {}
[395.032853] (-) TimerEvent: {}
[395.133894] (-) TimerEvent: {}
[395.235005] (-) TimerEvent: {}
[395.336088] (-) TimerEvent: {}
[395.518500] (-) TimerEvent: {}
[395.619456] (-) TimerEvent: {}
[395.720445] (-) TimerEvent: {}
[395.821577] (-) TimerEvent: {}
[395.923591] (-) TimerEvent: {}
[396.024529] (-) TimerEvent: {}
[396.125592] (-) TimerEvent: {}
[396.226612] (-) TimerEvent: {}
[396.327602] (-) TimerEvent: {}
[396.428569] (-) TimerEvent: {}
[396.529639] (-) TimerEvent: {}
[396.630679] (-) TimerEvent: {}
[396.731641] (-) TimerEvent: {}
[396.832721] (-) TimerEvent: {}
[396.934083] (-) TimerEvent: {}
[397.035132] (-) TimerEvent: {}
[397.136185] (-) TimerEvent: {}
[397.237270] (-) TimerEvent: {}
[397.338622] (-) TimerEvent: {}
[397.439644] (-) TimerEvent: {}
[397.540712] (-) TimerEvent: {}
[397.641741] (-) TimerEvent: {}
[397.742800] (-) TimerEvent: {}
[397.843808] (-) TimerEvent: {}
[397.944825] (-) TimerEvent: {}
[398.045852] (-) TimerEvent: {}
[398.146909] (-) TimerEvent: {}
[398.247982] (-) TimerEvent: {}
[398.349107] (-) TimerEvent: {}
[398.450191] (-) TimerEvent: {}
[398.551261] (-) TimerEvent: {}
[398.653352] (-) TimerEvent: {}
[398.754504] (-) TimerEvent: {}
[398.855684] (-) TimerEvent: {}
[398.956807] (-) TimerEvent: {}
[399.058122] (-) TimerEvent: {}
[399.159267] (-) TimerEvent: {}
[399.260492] (-) TimerEvent: {}
[399.361938] (-) TimerEvent: {}
[399.463527] (-) TimerEvent: {}
[399.564777] (-) TimerEvent: {}
[399.665831] (-) TimerEvent: {}
[399.767024] (-) TimerEvent: {}
[399.868147] (-) TimerEvent: {}
[399.969385] (-) TimerEvent: {}
[400.070529] (-) TimerEvent: {}
[400.171777] (-) TimerEvent: {}
[400.273131] (-) TimerEvent: {}
[400.374377] (-) TimerEvent: {}
[400.515030] (-) TimerEvent: {}
[400.616099] (-) TimerEvent: {}
[400.717174] (-) TimerEvent: {}
[400.818256] (-) TimerEvent: {}
[400.919292] (-) TimerEvent: {}
[401.020321] (-) TimerEvent: {}
[401.121437] (-) TimerEvent: {}
[401.222543] (-) TimerEvent: {}
[401.323644] (-) TimerEvent: {}
[401.424817] (-) TimerEvent: {}
[401.525880] (-) TimerEvent: {}
[401.626941] (-) TimerEvent: {}
[401.728000] (-) TimerEvent: {}
[401.829153] (-) TimerEvent: {}
[401.930206] (-) TimerEvent: {}
[402.031275] (-) TimerEvent: {}
[402.132381] (-) TimerEvent: {}
[402.233630] (-) TimerEvent: {}
[402.334845] (-) TimerEvent: {}
[402.436115] (-) TimerEvent: {}
[402.537351] (-) TimerEvent: {}
[402.638488] (-) TimerEvent: {}
[402.739649] (-) TimerEvent: {}
[402.840832] (-) TimerEvent: {}
[402.941917] (-) TimerEvent: {}
[403.043045] (-) TimerEvent: {}
[403.144117] (-) TimerEvent: {}
[403.245170] (-) TimerEvent: {}
[403.346248] (-) TimerEvent: {}
[403.447295] (-) TimerEvent: {}
[403.548814] (-) TimerEvent: {}
[403.649879] (-) TimerEvent: {}
[403.750992] (-) TimerEvent: {}
[403.852012] (-) TimerEvent: {}
[403.953718] (-) TimerEvent: {}
[404.054827] (-) TimerEvent: {}
[404.155907] (-) TimerEvent: {}
[404.257189] (-) TimerEvent: {}
[404.358353] (-) TimerEvent: {}
[404.459491] (-) TimerEvent: {}
[404.560785] (-) TimerEvent: {}
[404.662133] (-) TimerEvent: {}
[404.763325] (-) TimerEvent: {}
[404.864436] (-) TimerEvent: {}
[404.965631] (-) TimerEvent: {}
[405.066834] (-) TimerEvent: {}
[405.167986] (-) TimerEvent: {}
[405.269283] (-) TimerEvent: {}
[405.370539] (-) TimerEvent: {}
[405.471876] (-) TimerEvent: {}
[405.612858] (-) TimerEvent: {}
[405.713959] (-) TimerEvent: {}
[405.815007] (-) TimerEvent: {}
[405.916056] (-) TimerEvent: {}
[406.017217] (-) TimerEvent: {}
[406.118324] (-) TimerEvent: {}
[406.219446] (-) TimerEvent: {}
[406.320519] (-) TimerEvent: {}
[406.421644] (-) TimerEvent: {}
[406.522730] (-) TimerEvent: {}
[406.623802] (-) TimerEvent: {}
[406.724883] (-) TimerEvent: {}
[406.825947] (-) TimerEvent: {}
[406.927050] (-) TimerEvent: {}
[407.028126] (-) TimerEvent: {}
[407.129316] (-) TimerEvent: {}
[407.230625] (-) TimerEvent: {}
[407.331770] (-) TimerEvent: {}
[407.433194] (-) TimerEvent: {}
[407.534311] (-) TimerEvent: {}
[407.635444] (-) TimerEvent: {}
[407.736653] (-) TimerEvent: {}
[407.837889] (-) TimerEvent: {}
[407.939385] (-) TimerEvent: {}
[408.041336] (-) TimerEvent: {}
[408.142891] (-) TimerEvent: {}
[408.244176] (-) TimerEvent: {}
[408.345470] (-) TimerEvent: {}
[408.446618] (-) TimerEvent: {}
[408.547952] (-) TimerEvent: {}
[408.649125] (-) TimerEvent: {}
[408.750250] (-) TimerEvent: {}
[408.851473] (-) TimerEvent: {}
[408.952533] (-) TimerEvent: {}
[409.053705] (-) TimerEvent: {}
[409.154803] (-) TimerEvent: {}
[409.255846] (-) TimerEvent: {}
[409.356994] (-) TimerEvent: {}
[409.458095] (-) TimerEvent: {}
[409.559230] (-) TimerEvent: {}
[409.660298] (-) TimerEvent: {}
[409.761511] (-) TimerEvent: {}
[409.862625] (-) TimerEvent: {}
[409.963686] (-) TimerEvent: {}
[410.064790] (-) TimerEvent: {}
[410.165814] (-) TimerEvent: {}
[410.266737] (-) TimerEvent: {}
[410.367750] (-) TimerEvent: {}
[410.468949] (-) TimerEvent: {}
[410.569989] (-) TimerEvent: {}
[410.709363] (-) TimerEvent: {}
[410.810420] (-) TimerEvent: {}
[410.911503] (-) TimerEvent: {}
[411.012564] (-) TimerEvent: {}
[411.113744] (-) TimerEvent: {}
[411.214820] (-) TimerEvent: {}
[411.315904] (-) TimerEvent: {}
[411.417044] (-) TimerEvent: {}
[411.518104] (-) TimerEvent: {}
[411.619162] (-) TimerEvent: {}
[411.720279] (-) TimerEvent: {}
[411.821501] (-) TimerEvent: {}
[411.922768] (-) TimerEvent: {}
[412.023996] (-) TimerEvent: {}
[412.125333] (-) TimerEvent: {}
[412.226441] (-) TimerEvent: {}
[412.327524] (-) TimerEvent: {}
[412.428761] (-) TimerEvent: {}
[412.529925] (-) TimerEvent: {}
[412.630996] (-) TimerEvent: {}
[412.732253] (-) TimerEvent: {}
[412.833557] (-) TimerEvent: {}
[412.934691] (-) TimerEvent: {}
[413.035710] (-) TimerEvent: {}
[413.137024] (-) TimerEvent: {}
[413.238224] (-) TimerEvent: {}
[413.339341] (-) TimerEvent: {}
[413.440562] (-) TimerEvent: {}
[413.541755] (-) TimerEvent: {}
[413.643086] (-) TimerEvent: {}
[413.744308] (-) TimerEvent: {}
[413.845430] (-) TimerEvent: {}
[413.946551] (-) TimerEvent: {}
[414.047850] (-) TimerEvent: {}
[414.149133] (-) TimerEvent: {}
[414.250293] (-) TimerEvent: {}
[414.351285] (-) TimerEvent: {}
[414.452528] (-) TimerEvent: {}
[414.553754] (-) TimerEvent: {}
[414.654942] (-) TimerEvent: {}
[414.757025] (-) TimerEvent: {}
[414.858768] (-) TimerEvent: {}
[414.959967] (-) TimerEvent: {}
[415.061245] (-) TimerEvent: {}
[415.162400] (-) TimerEvent: {}
[415.263838] (-) TimerEvent: {}
[415.365275] (-) TimerEvent: {}
[415.466533] (-) TimerEvent: {}
[415.568357] (-) TimerEvent: {}
[415.669993] (-) TimerEvent: {}
[415.771050] (-) TimerEvent: {}
[415.872148] (-) TimerEvent: {}
[415.973304] (-) TimerEvent: {}
[416.074533] (-) TimerEvent: {}
[416.175712] (-) TimerEvent: {}
[416.276991] (-) TimerEvent: {}
[416.378229] (-) TimerEvent: {}
[416.480088] (-) TimerEvent: {}
[416.581827] (-) TimerEvent: {}
[416.684009] (-) TimerEvent: {}
[416.786015] (-) TimerEvent: {}
[416.887314] (-) TimerEvent: {}
[416.988732] (-) TimerEvent: {}
[417.090559] (-) TimerEvent: {}
[417.191820] (-) TimerEvent: {}
[417.293090] (-) TimerEvent: {}
[417.394350] (-) TimerEvent: {}
[417.496084] (-) TimerEvent: {}
[417.597395] (-) TimerEvent: {}
[417.699379] (-) TimerEvent: {}
[417.800956] (-) TimerEvent: {}
[417.902434] (-) TimerEvent: {}
[418.003593] (-) TimerEvent: {}
[418.104745] (-) TimerEvent: {}
[418.205813] (-) TimerEvent: {}
[418.306992] (-) TimerEvent: {}
[418.408633] (-) TimerEvent: {}
[418.509769] (-) TimerEvent: {}
[418.611714] (-) TimerEvent: {}
[418.714111] (-) TimerEvent: {}
[418.855940] (-) TimerEvent: {}
[418.957143] (-) TimerEvent: {}
[419.058824] (-) TimerEvent: {}
[419.159968] (-) TimerEvent: {}
[419.261356] (-) TimerEvent: {}
[419.362460] (-) TimerEvent: {}
[419.463577] (-) TimerEvent: {}
[419.565418] (-) TimerEvent: {}
[419.666692] (-) TimerEvent: {}
[419.769465] (-) TimerEvent: {}
[419.870519] (-) TimerEvent: {}
[419.971543] (-) TimerEvent: {}
[420.073158] (-) TimerEvent: {}
[420.174503] (-) TimerEvent: {}
[420.275660] (-) TimerEvent: {}
[420.376816] (-) TimerEvent: {}
[420.477933] (-) TimerEvent: {}
[420.579005] (-) TimerEvent: {}
[420.680067] (-) TimerEvent: {}
[420.781278] (-) TimerEvent: {}
[420.882323] (-) TimerEvent: {}
[420.984713] (-) TimerEvent: {}
[421.085828] (-) TimerEvent: {}
[421.186939] (-) TimerEvent: {}
[421.288108] (-) TimerEvent: {}
[421.389303] (-) TimerEvent: {}
[421.490390] (-) TimerEvent: {}
[421.591436] (-) TimerEvent: {}
[421.692456] (-) TimerEvent: {}
[421.793844] (-) TimerEvent: {}
[421.894978] (-) TimerEvent: {}
[421.996021] (-) TimerEvent: {}
[422.097081] (-) TimerEvent: {}
[422.198096] (-) TimerEvent: {}
[422.299206] (-) TimerEvent: {}
[422.400243] (-) TimerEvent: {}
[422.501345] (-) TimerEvent: {}
[422.603025] (-) TimerEvent: {}
[422.704115] (-) TimerEvent: {}
[422.805122] (-) TimerEvent: {}
[422.906108] (-) TimerEvent: {}
[423.007147] (-) TimerEvent: {}
[423.108190] (-) TimerEvent: {}
[423.209332] (-) TimerEvent: {}
[423.310255] (-) TimerEvent: {}
[423.411268] (-) TimerEvent: {}
[423.512270] (-) TimerEvent: {}
[423.613358] (-) TimerEvent: {}
[423.714447] (-) TimerEvent: {}
[423.815522] (-) TimerEvent: {}
[423.958398] (-) TimerEvent: {}
[424.059478] (-) TimerEvent: {}
[424.160563] (-) TimerEvent: {}
[424.261731] (-) TimerEvent: {}
[424.362726] (-) TimerEvent: {}
[424.463813] (-) TimerEvent: {}
[424.564820] (-) TimerEvent: {}
[424.665844] (-) TimerEvent: {}
[424.766847] (-) TimerEvent: {}
[424.867925] (-) TimerEvent: {}
[424.969005] (-) TimerEvent: {}
[425.070012] (-) TimerEvent: {}
[425.171053] (-) TimerEvent: {}
[425.272084] (-) TimerEvent: {}
[425.373172] (-) TimerEvent: {}
[425.474198] (-) TimerEvent: {}
[425.575198] (-) TimerEvent: {}
[425.676232] (-) TimerEvent: {}
[425.777222] (-) TimerEvent: {}
[425.878223] (-) TimerEvent: {}
[425.979265] (-) TimerEvent: {}
[426.080212] (-) TimerEvent: {}
[426.181304] (-) TimerEvent: {}
[426.282289] (-) TimerEvent: {}
[426.383345] (-) TimerEvent: {}
[426.484319] (-) TimerEvent: {}
[426.585408] (-) TimerEvent: {}
[426.686407] (-) TimerEvent: {}
[426.787476] (-) TimerEvent: {}
[426.888441] (-) TimerEvent: {}
[426.989512] (-) TimerEvent: {}
[427.090535] (-) TimerEvent: {}
[427.191621] (-) TimerEvent: {}
[427.292762] (-) TimerEvent: {}
[427.394967] (-) TimerEvent: {}
[427.495979] (-) TimerEvent: {}
[427.597018] (-) TimerEvent: {}
[427.698079] (-) TimerEvent: {}
[427.799031] (-) TimerEvent: {}
[427.900071] (-) TimerEvent: {}
[428.001173] (-) TimerEvent: {}
[428.102145] (-) TimerEvent: {}
[428.203220] (-) TimerEvent: {}
[428.304258] (-) TimerEvent: {}
[428.405374] (-) TimerEvent: {}
[428.506413] (-) TimerEvent: {}
[428.607445] (-) TimerEvent: {}
[428.708523] (-) TimerEvent: {}
[428.809614] (-) TimerEvent: {}
[428.910764] (-) TimerEvent: {}
[429.052224] (-) TimerEvent: {}
[429.153361] (-) TimerEvent: {}
[429.254416] (-) TimerEvent: {}
[429.355438] (-) TimerEvent: {}
[429.456537] (-) TimerEvent: {}
[429.557646] (-) TimerEvent: {}
[429.658700] (-) TimerEvent: {}
[429.759776] (-) TimerEvent: {}
[429.860784] (-) TimerEvent: {}
[429.961788] (-) TimerEvent: {}
[430.062845] (-) TimerEvent: {}
[430.163844] (-) TimerEvent: {}
[430.264913] (-) TimerEvent: {}
[430.365934] (-) TimerEvent: {}
[430.466956] (-) TimerEvent: {}
[430.567998] (-) TimerEvent: {}
[430.669187] (-) TimerEvent: {}
[430.770190] (-) TimerEvent: {}
[430.871175] (-) TimerEvent: {}
[430.972205] (-) TimerEvent: {}
[431.073367] (-) TimerEvent: {}
[431.174378] (-) TimerEvent: {}
[431.275399] (-) TimerEvent: {}
[431.376440] (-) TimerEvent: {}
[431.477521] (-) TimerEvent: {}
[431.578490] (-) TimerEvent: {}
[431.679491] (-) TimerEvent: {}
[431.780513] (-) TimerEvent: {}
[431.881619] (-) TimerEvent: {}
[431.982644] (-) TimerEvent: {}
[432.083725] (-) TimerEvent: {}
[432.184814] (-) TimerEvent: {}
[432.285850] (-) TimerEvent: {}
[432.386889] (-) TimerEvent: {}
[432.487908] (-) TimerEvent: {}
[432.589039] (-) TimerEvent: {}
[432.690095] (-) TimerEvent: {}
[432.791102] (-) TimerEvent: {}
[432.892163] (-) TimerEvent: {}
[432.993305] (-) TimerEvent: {}
[433.094359] (-) TimerEvent: {}
[433.195377] (-) TimerEvent: {}
[433.296453] (-) TimerEvent: {}
[433.397438] (-) TimerEvent: {}
[433.498481] (-) TimerEvent: {}
[433.599599] (-) TimerEvent: {}
[433.700690] (-) TimerEvent: {}
[433.801697] (-) TimerEvent: {}
[433.902717] (-) TimerEvent: {}
[434.003809] (-) TimerEvent: {}
[434.190840] (-) TimerEvent: {}
[434.291822] (-) TimerEvent: {}
[434.392916] (-) TimerEvent: {}
[434.493863] (-) TimerEvent: {}
[434.594807] (-) TimerEvent: {}
[434.695782] (-) TimerEvent: {}
[434.796812] (-) TimerEvent: {}
[434.897868] (-) TimerEvent: {}
[434.999007] (-) TimerEvent: {}
[435.100058] (-) TimerEvent: {}
[435.201141] (-) TimerEvent: {}
[435.302138] (-) TimerEvent: {}
[435.403193] (-) TimerEvent: {}
[435.504201] (-) TimerEvent: {}
[435.605298] (-) TimerEvent: {}
[435.706334] (-) TimerEvent: {}
[435.807284] (-) TimerEvent: {}
[435.908301] (-) TimerEvent: {}
[436.009385] (-) TimerEvent: {}
[436.110406] (-) TimerEvent: {}
[436.211407] (-) TimerEvent: {}
[436.312418] (-) TimerEvent: {}
[436.413531] (-) TimerEvent: {}
[436.514513] (-) TimerEvent: {}
[436.615532] (-) TimerEvent: {}
[436.716533] (-) TimerEvent: {}
[436.817589] (-) TimerEvent: {}
[436.918597] (-) TimerEvent: {}
[437.019604] (-) TimerEvent: {}
[437.120685] (-) TimerEvent: {}
[437.221766] (-) TimerEvent: {}
[437.322818] (-) TimerEvent: {}
[437.424400] (-) TimerEvent: {}
[437.525528] (-) TimerEvent: {}
[437.626626] (-) TimerEvent: {}
[437.727675] (-) TimerEvent: {}
[437.828792] (-) TimerEvent: {}
[437.929856] (-) TimerEvent: {}
[438.030923] (-) TimerEvent: {}
[438.132719] (-) TimerEvent: {}
[438.234440] (-) TimerEvent: {}
[438.336177] (-) TimerEvent: {}
[438.437696] (-) TimerEvent: {}
[438.539422] (-) TimerEvent: {}
[438.641196] (-) TimerEvent: {}
[438.742858] (-) TimerEvent: {}
[438.844499] (-) TimerEvent: {}
[438.946166] (-) TimerEvent: {}
[439.047230] (-) TimerEvent: {}
[439.293932] (-) TimerEvent: {}
[439.394957] (-) TimerEvent: {}
[439.496003] (-) TimerEvent: {}
[439.597084] (-) TimerEvent: {}
[439.698083] (-) TimerEvent: {}
[439.799139] (-) TimerEvent: {}
[439.900208] (-) TimerEvent: {}
[440.001390] (-) TimerEvent: {}
[440.102426] (-) TimerEvent: {}
[440.203510] (-) TimerEvent: {}
[440.304674] (-) TimerEvent: {}
[440.325901] (hdl_localization) StdoutLine: {'line': b'[100%] \x1b[32m\x1b[1mLinking CXX executable hdl_localization_composition\x1b[0m\n'}
[440.404862] (-) TimerEvent: {}
[440.506425] (-) TimerEvent: {}
[440.607507] (-) TimerEvent: {}
[440.708516] (-) TimerEvent: {}
[440.809696] (-) TimerEvent: {}
[440.910836] (-) TimerEvent: {}
[441.011795] (-) TimerEvent: {}
[441.112867] (-) TimerEvent: {}
[441.213937] (-) TimerEvent: {}
[441.314941] (-) TimerEvent: {}
[441.415847] (-) TimerEvent: {}
[441.516826] (-) TimerEvent: {}
[441.617850] (-) TimerEvent: {}
[441.718806] (-) TimerEvent: {}
[441.819772] (-) TimerEvent: {}
[441.920750] (-) TimerEvent: {}
[442.021656] (-) TimerEvent: {}
[442.122682] (-) TimerEvent: {}
[442.223725] (-) TimerEvent: {}
[442.324747] (-) TimerEvent: {}
[442.425839] (-) TimerEvent: {}
[442.526895] (-) TimerEvent: {}
[442.627836] (-) TimerEvent: {}
[442.729014] (-) TimerEvent: {}
[442.830110] (-) TimerEvent: {}
[442.931147] (-) TimerEvent: {}
[443.032242] (-) TimerEvent: {}
[443.133391] (-) TimerEvent: {}
[443.234502] (-) TimerEvent: {}
[443.335547] (-) TimerEvent: {}
[443.436705] (-) TimerEvent: {}
[443.537744] (-) TimerEvent: {}
[443.639113] (-) TimerEvent: {}
[443.740162] (-) TimerEvent: {}
[443.841247] (-) TimerEvent: {}
[443.942304] (-) TimerEvent: {}
[444.043702] (-) TimerEvent: {}
[444.144768] (-) TimerEvent: {}
[444.245895] (-) TimerEvent: {}
[444.387763] (-) TimerEvent: {}
[444.488829] (-) TimerEvent: {}
[444.589843] (-) TimerEvent: {}
[444.602839] (hdl_localization) StdoutLine: {'line': b'[100%] Built target hdl_localization_composition\n'}
[444.690078] (-) TimerEvent: {}
[444.761057] (hdl_localization) CommandEnded: {'returncode': 0}
[444.790818] (-) TimerEvent: {}
[444.892969] (-) TimerEvent: {}
[444.994792] (-) TimerEvent: {}
[445.100391] (-) TimerEvent: {}
[445.201368] (hdl_localization) JobProgress: {'identifier': 'hdl_localization', 'progress': 'install'}
[445.202731] (-) TimerEvent: {}
[445.212174] (hdl_localization) Command: {'cmd': ['/usr/bin/cmake', '--install', '/home/ysc/lite_cog_ros2/nav/build/hdl_localization'], 'cwd': '/home/ysc/lite_cog_ros2/nav/build/hdl_localization', 'env': OrderedDict([('GJS_DEBUG_TOPICS', 'JS ERROR;JS LOG'), ('LESSOPEN', '| /usr/bin/lesspipe %s'), ('USER', 'ysc'), ('LC_TIME', 'zh_CN.UTF-8'), ('SSH_AGENT_PID', '1895'), ('XDG_SESSION_TYPE', 'x11'), ('SHLVL', '1'), ('LD_LIBRARY_PATH', '/home/ysc/lite_cog_ros2/nav/install/hdl_global_localization/lib:/home/ysc/lite_cog_ros2/fast_gicp/install/fast_gicp/lib:/home/ysc/lite_cog_ros2/ndt_omp/install/ndt_omp/lib:/usr/lib/aarch64-linux-gnu/gazebo-11/plugins:/opt/ros/foxy/opt/yaml_cpp_vendor/lib:/opt/ros/foxy/opt/rviz_ogre_vendor/lib:/opt/ros/foxy/lib/aarch64-linux-gnu:/opt/ros/foxy/lib:/usr/local/cuda-11.4/lib64'), ('HOME', '/home/ysc'), ('OLDPWD', '/home/ysc/lite_cog_ros2/nav/src'), ('DESKTOP_SESSION', 'ubuntu'), ('ROS_PYTHON_VERSION', '3'), ('GNOME_SHELL_SESSION_MODE', 'ubuntu'), ('GTK_MODULES', 'gail:atk-bridge'), ('LC_MONETARY', 'zh_CN.UTF-8'), ('MANAGERPID', '1362'), ('DBUS_SESSION_BUS_ADDRESS', 'unix:path=/run/user/1000/bus'), ('COLORTERM', 'truecolor'), ('_colcon_cd_root', '/opt/ros/foxy/'), ('IM_CONFIG_PHASE', '1'), ('COLCON_PREFIX_PATH', '/home/ysc/lite_cog_ros2/fast_gicp/install:/home/ysc/lite_cog_ros2/ndt_omp/install'), ('ROS_DISTRO', 'foxy'), ('LOGNAME', 'ysc'), ('JOURNAL_STREAM', '8:48653'), ('_', '/usr/bin/colcon'), ('ROS_VERSION', '2'), ('XDG_SESSION_CLASS', 'user'), ('USERNAME', 'ysc'), ('TERM', 'xterm-256color'), ('GNOME_DESKTOP_SESSION_ID', 'this-is-deprecated'), ('ROS_LOCALHOST_ONLY', '0'), ('WINDOWPATH', '2'), ('PATH', '/opt/ros/foxy/bin:/usr/local/cuda-11.4/bin:/home/ysc/.local/bin:/usr/local/sbin:/usr/local/bin:/usr/sbin:/usr/bin:/sbin:/bin:/usr/games:/usr/local/games:/snap/bin'), ('SESSION_MANAGER', 'local/lite:@/tmp/.ICE-unix/2022,unix/lite:/tmp/.ICE-unix/2022'), ('INVOCATION_ID', '4b0aaf6bd2144023a916f56d35e54dd6'), ('XDG_MENU_PREFIX', 'gnome-'), ('LC_ADDRESS', 'zh_CN.UTF-8'), ('GNOME_TERMINAL_SCREEN', '/org/gnome/Terminal/screen/4642abbf_5c09_42bf_b6d8_b1c515a5047a'), ('XDG_RUNTIME_DIR', '/run/user/1000'), ('DISPLAY', ':0'), ('LANG', 'en_US.UTF-8'), ('XDG_CURRENT_DESKTOP', 'ubuntu:GNOME'), ('LC_TELEPHONE', 'zh_CN.UTF-8'), ('XMODIFIERS', '@im=ibus'), ('XDG_SESSION_DESKTOP', 'ubuntu'), ('XAUTHORITY', '/run/user/1000/gdm/Xauthority'), ('LS_COLORS', 'rs=0:di=01;34:ln=01;36:mh=00:pi=40;33:so=01;35:do=01;35:bd=40;33;01:cd=40;33;01:or=40;31;01:mi=00:su=37;41:sg=30;43:ca=30;41:tw=30;42:ow=34;42:st=37;44:ex=01;32:*.tar=01;31:*.tgz=01;31:*.arc=01;31:*.arj=01;31:*.taz=01;31:*.lha=01;31:*.lz4=01;31:*.lzh=01;31:*.lzma=01;31:*.tlz=01;31:*.txz=01;31:*.tzo=01;31:*.t7z=01;31:*.zip=01;31:*.z=01;31:*.dz=01;31:*.gz=01;31:*.lrz=01;31:*.lz=01;31:*.lzo=01;31:*.xz=01;31:*.zst=01;31:*.tzst=01;31:*.bz2=01;31:*.bz=01;31:*.tbz=01;31:*.tbz2=01;31:*.tz=01;31:*.deb=01;31:*.rpm=01;31:*.jar=01;31:*.war=01;31:*.ear=01;31:*.sar=01;31:*.rar=01;31:*.alz=01;31:*.ace=01;31:*.zoo=01;31:*.cpio=01;31:*.7z=01;31:*.rz=01;31:*.cab=01;31:*.wim=01;31:*.swm=01;31:*.dwm=01;31:*.esd=01;31:*.jpg=01;35:*.jpeg=01;35:*.mjpg=01;35:*.mjpeg=01;35:*.gif=01;35:*.bmp=01;35:*.pbm=01;35:*.pgm=01;35:*.ppm=01;35:*.tga=01;35:*.xbm=01;35:*.xpm=01;35:*.tif=01;35:*.tiff=01;35:*.png=01;35:*.svg=01;35:*.svgz=01;35:*.mng=01;35:*.pcx=01;35:*.mov=01;35:*.mpg=01;35:*.mpeg=01;35:*.m2v=01;35:*.mkv=01;35:*.webm=01;35:*.ogm=01;35:*.mp4=01;35:*.m4v=01;35:*.mp4v=01;35:*.vob=01;35:*.qt=01;35:*.nuv=01;35:*.wmv=01;35:*.asf=01;35:*.rm=01;35:*.rmvb=01;35:*.flc=01;35:*.avi=01;35:*.fli=01;35:*.flv=01;35:*.gl=01;35:*.dl=01;35:*.xcf=01;35:*.xwd=01;35:*.yuv=01;35:*.cgm=01;35:*.emf=01;35:*.ogv=01;35:*.ogx=01;35:*.aac=00;36:*.au=00;36:*.flac=00;36:*.m4a=00;36:*.mid=00;36:*.midi=00;36:*.mka=00;36:*.mp3=00;36:*.mpc=00;36:*.ogg=00;36:*.ra=00;36:*.wav=00;36:*.oga=00;36:*.opus=00;36:*.spx=00;36:*.xspf=00;36:'), ('GNOME_TERMINAL_SERVICE', ':1.102'), ('SSH_AUTH_SOCK', '/run/user/1000/keyring/ssh'), ('ROS_DOMAIN_ID', '0'), ('AMENT_PREFIX_PATH', '/home/ysc/lite_cog_ros2/nav/install/hdl_global_localization:/home/ysc/lite_cog_ros2/fast_gicp/install/fast_gicp:/home/ysc/lite_cog_ros2/ndt_omp/install/ndt_omp:/opt/ros/foxy'), ('SHELL', '/bin/bash'), ('LC_NAME', 'zh_CN.UTF-8'), ('QT_ACCESSIBILITY', '1'), ('GDMSESSION', 'ubuntu'), ('LESSCLOSE', '/usr/bin/lesspipe %s %s'), ('LC_MEASUREMENT', 'zh_CN.UTF-8'), ('GPG_AGENT_INFO', '/run/user/1000/gnupg/S.gpg-agent:0:1'), ('GJS_DEBUG_OUTPUT', 'stderr'), ('LC_IDENTIFICATION', 'zh_CN.UTF-8'), ('QT_IM_MODULE', 'ibus'), ('PWD', '/home/ysc/lite_cog_ros2/nav/build/hdl_localization'), ('LC_ALL', 'en_US.UTF-8'), ('XDG_CONFIG_DIRS', '/etc/xdg/xdg-ubuntu:/etc/xdg'), ('XDG_DATA_DIRS', '/usr/share/ubuntu:/usr/local/share/:/usr/share/:/var/lib/snapd/desktop'), ('PYTHONPATH', '/home/ysc/lite_cog_ros2/nav/install/hdl_global_localization/lib/python3.8/site-packages:/opt/ros/foxy/lib/python3.8/site-packages'), ('LC_NUMERIC', 'zh_CN.UTF-8'), ('LC_PAPER', 'zh_CN.UTF-8'), ('COLCON', '1'), ('VTE_VERSION', '6003'), ('CMAKE_PREFIX_PATH', '/home/ysc/lite_cog_ros2/nav/install/hdl_global_localization:/home/ysc/lite_cog_ros2/fast_gicp/install/fast_gicp:/home/ysc/lite_cog_ros2/ndt_omp/install/ndt_omp:/opt/ros/foxy')]), 'shell': False}
[445.283313] (hdl_localization) StdoutLine: {'line': b'-- Install configuration: "RELEASE"\n'}
[445.286237] (hdl_localization) StdoutLine: {'line': b'-- Execute custom install script\n'}
[445.289074] (hdl_localization) StdoutLine: {'line': b'-- Symlinking: /home/ysc/lite_cog_ros2/nav/install/hdl_localization/share/ament_index/resource_index/rosidl_interfaces/hdl_localization\n'}
[445.302837] (-) TimerEvent: {}
[445.348152] (hdl_localization) StdoutLine: {'line': b'-- Symlinking: /home/ysc/lite_cog_ros2/nav/install/hdl_localization/include/hdl_localization/msg/detail/scan_matching_status__functions.h\n'}
[445.402288] (hdl_localization) StdoutLine: {'line': b'-- Symlinking: /home/ysc/lite_cog_ros2/nav/install/hdl_localization/include/hdl_localization/msg/detail/scan_matching_status__struct.h\n'}
[445.403073] (-) TimerEvent: {}
[445.453536] (hdl_localization) StdoutLine: {'line': b'-- Symlinking: /home/ysc/lite_cog_ros2/nav/install/hdl_localization/include/hdl_localization/msg/detail/scan_matching_status__type_support.h\n'}
[445.503431] (-) TimerEvent: {}
[445.506089] (hdl_localization) StdoutLine: {'line': b'-- Symlinking: /home/ysc/lite_cog_ros2/nav/install/hdl_localization/include/hdl_localization/msg/rosidl_generator_c__visibility_control.h\n'}
[445.564737] (hdl_localization) StdoutLine: {'line': b'-- Symlinking: /home/ysc/lite_cog_ros2/nav/install/hdl_localization/include/hdl_localization/msg/scan_matching_status.h\n'}
[445.603726] (-) TimerEvent: {}
[445.625713] (hdl_localization) StdoutLine: {'line': b'-- Symlinking: /home/ysc/lite_cog_ros2/nav/install/hdl_localization/share/hdl_localization/environment/library_path.sh\n'}
[445.686615] (hdl_localization) StdoutLine: {'line': b'-- Symlinking: /home/ysc/lite_cog_ros2/nav/install/hdl_localization/share/hdl_localization/environment/library_path.dsv\n'}
[445.704012] (-) TimerEvent: {}
[445.753158] (hdl_localization) StdoutLine: {'line': b'-- Symlinking: /home/ysc/lite_cog_ros2/nav/install/hdl_localization/include/hdl_localization/msg/detail/scan_matching_status__rosidl_typesupport_fastrtps_c.h\n'}
[445.804351] (-) TimerEvent: {}
[445.809672] (hdl_localization) StdoutLine: {'line': b'-- Symlinking: /home/ysc/lite_cog_ros2/nav/install/hdl_localization/include/hdl_localization/msg/rosidl_typesupport_fastrtps_c__visibility_control.h\n'}
[445.873639] (hdl_localization) StdoutLine: {'line': b'-- Symlinking: /home/ysc/lite_cog_ros2/nav/install/hdl_localization/lib/libhdl_localization__rosidl_typesupport_fastrtps_c.so\n'}
[445.904806] (-) TimerEvent: {}
[445.940217] (hdl_localization) StdoutLine: {'line': b'-- Symlinking: /home/ysc/lite_cog_ros2/nav/install/hdl_localization/include/hdl_localization/msg/detail/scan_matching_status__rosidl_typesupport_fastrtps_cpp.hpp\n'}
[445.998237] (hdl_localization) StdoutLine: {'line': b'-- Symlinking: /home/ysc/lite_cog_ros2/nav/install/hdl_localization/include/hdl_localization/msg/rosidl_typesupport_fastrtps_cpp__visibility_control.h\n'}
[446.005547] (-) TimerEvent: {}
[446.062038] (hdl_localization) StdoutLine: {'line': b'-- Symlinking: /home/ysc/lite_cog_ros2/nav/install/hdl_localization/lib/libhdl_localization__rosidl_typesupport_fastrtps_cpp.so\n'}
[446.105792] (-) TimerEvent: {}
[446.129017] (hdl_localization) StdoutLine: {'line': b'-- Symlinking: /home/ysc/lite_cog_ros2/nav/install/hdl_localization/include/hdl_localization/msg/detail/scan_matching_status__rosidl_typesupport_introspection_c.h\n'}
[446.191906] (hdl_localization) StdoutLine: {'line': b'-- Symlinking: /home/ysc/lite_cog_ros2/nav/install/hdl_localization/include/hdl_localization/msg/rosidl_typesupport_introspection_c__visibility_control.h\n'}
[446.206635] (-) TimerEvent: {}
[446.257881] (hdl_localization) StdoutLine: {'line': b'-- Symlinking: /home/ysc/lite_cog_ros2/nav/install/hdl_localization/include/hdl_localization/msg/detail/scan_matching_status__builder.hpp\n'}
[446.306794] (-) TimerEvent: {}
[446.320337] (hdl_localization) StdoutLine: {'line': b'-- Symlinking: /home/ysc/lite_cog_ros2/nav/install/hdl_localization/include/hdl_localization/msg/detail/scan_matching_status__struct.hpp\n'}
[446.377915] (hdl_localization) StdoutLine: {'line': b'-- Symlinking: /home/ysc/lite_cog_ros2/nav/install/hdl_localization/include/hdl_localization/msg/detail/scan_matching_status__traits.hpp\n'}
[446.406991] (-) TimerEvent: {}
[446.440799] (hdl_localization) StdoutLine: {'line': b'-- Symlinking: /home/ysc/lite_cog_ros2/nav/install/hdl_localization/include/hdl_localization/msg/detail/scan_matching_status__type_support.hpp\n'}
[446.497310] (hdl_localization) StdoutLine: {'line': b'-- Symlinking: /home/ysc/lite_cog_ros2/nav/install/hdl_localization/include/hdl_localization/msg/rosidl_generator_cpp__visibility_control.hpp\n'}
[446.507774] (-) TimerEvent: {}
[446.569080] (hdl_localization) StdoutLine: {'line': b'-- Symlinking: /home/ysc/lite_cog_ros2/nav/install/hdl_localization/include/hdl_localization/msg/scan_matching_status.hpp\n'}
[446.607915] (-) TimerEvent: {}
[446.633709] (hdl_localization) StdoutLine: {'line': b'-- Symlinking: /home/ysc/lite_cog_ros2/nav/install/hdl_localization/include/hdl_localization/msg/detail/scan_matching_status__rosidl_typesupport_introspection_cpp.hpp\n'}
[446.694713] (hdl_localization) StdoutLine: {'line': b'-- Symlinking: /home/ysc/lite_cog_ros2/nav/install/hdl_localization/share/hdl_localization/environment/pythonpath.sh\n'}
[446.708156] (-) TimerEvent: {}
[446.753581] (hdl_localization) StdoutLine: {'line': b'-- Symlinking: /home/ysc/lite_cog_ros2/nav/install/hdl_localization/share/hdl_localization/environment/pythonpath.dsv\n'}
[446.808478] (-) TimerEvent: {}
[446.814858] (hdl_localization) StdoutLine: {'line': b'-- Symlinking: /home/ysc/lite_cog_ros2/nav/install/hdl_localization/lib/python3.8/site-packages/hdl_localization/__init__.py\n'}
[446.879845] (hdl_localization) StdoutLine: {'line': b'-- Symlinking: /home/ysc/lite_cog_ros2/nav/install/hdl_localization/lib/python3.8/site-packages/hdl_localization/msg/__init__.py\n'}
[446.909011] (-) TimerEvent: {}
[446.937306] (hdl_localization) StdoutLine: {'line': b'-- Symlinking: /home/ysc/lite_cog_ros2/nav/install/hdl_localization/lib/python3.8/site-packages/hdl_localization/msg/_scan_matching_status.py\n'}
[446.995967] (hdl_localization) StdoutLine: {'line': b'-- Symlinking: /home/ysc/lite_cog_ros2/nav/install/hdl_localization/lib/python3.8/site-packages/hdl_localization/hdl_localization_s__rosidl_typesupport_fastrtps_c.cpython-38-aarch64-linux-gnu.so\n'}
[447.009351] (-) TimerEvent: {}
[447.064746] (hdl_localization) StdoutLine: {'line': b'-- Symlinking: /home/ysc/lite_cog_ros2/nav/install/hdl_localization/lib/python3.8/site-packages/hdl_localization/hdl_localization_s__rosidl_typesupport_introspection_c.cpython-38-aarch64-linux-gnu.so\n'}
[447.109692] (-) TimerEvent: {}
[447.126727] (hdl_localization) StdoutLine: {'line': b'-- Symlinking: /home/ysc/lite_cog_ros2/nav/install/hdl_localization/lib/python3.8/site-packages/hdl_localization/hdl_localization_s__rosidl_typesupport_c.cpython-38-aarch64-linux-gnu.so\n'}
[447.190972] (hdl_localization) StdoutLine: {'line': b'-- Symlinking: /home/ysc/lite_cog_ros2/nav/install/hdl_localization/lib/libhdl_localization__python.so\n'}
[447.210291] (-) TimerEvent: {}
[447.250009] (hdl_localization) StdoutLine: {'line': b'-- Symlinking: /home/ysc/lite_cog_ros2/nav/install/hdl_localization/share/hdl_localization/msg/ScanMatchingStatus.idl\n'}
[447.310329] (hdl_localization) StdoutLine: {'line': b'-- Symlinking: /home/ysc/lite_cog_ros2/nav/install/hdl_localization/share/hdl_localization/msg/ScanMatchingStatus.msg\n'}
[447.315949] (-) TimerEvent: {}
[447.373780] (hdl_localization) StdoutLine: {'line': b'-- Symlinking: /home/ysc/lite_cog_ros2/nav/install/hdl_localization/lib/hdl_localization/hdl_localization_composition\n'}
[447.416216] (-) TimerEvent: {}
[447.517433] (-) TimerEvent: {}
[447.600055] (hdl_localization) StdoutLine: {'line': b'-- Symlinking: /home/ysc/lite_cog_ros2/nav/install/hdl_localization/share/hdl_localization/launch/__pycache__/lite_localization.launch.cpython-38.pyc\n'}
[447.617693] (-) TimerEvent: {}
[447.651469] (hdl_localization) StdoutLine: {'line': b'-- Symlinking: /home/ysc/lite_cog_ros2/nav/install/hdl_localization/share/hdl_localization/launch/lite_localization.launch.py\n'}
[447.711499] (hdl_localization) StdoutLine: {'line': b'-- Symlinking: /home/ysc/lite_cog_ros2/nav/install/hdl_localization/include/hdl_localization/delta_estimater.hpp\n'}
[447.718441] (-) TimerEvent: {}
[447.770726] (hdl_localization) StdoutLine: {'line': b'-- Symlinking: /home/ysc/lite_cog_ros2/nav/install/hdl_localization/include/hdl_localization/odom_system.hpp\n'}
[447.818555] (-) TimerEvent: {}
[447.828751] (hdl_localization) StdoutLine: {'line': b'-- Symlinking: /home/ysc/lite_cog_ros2/nav/install/hdl_localization/include/hdl_localization/pose_estimator.hpp\n'}
[447.886027] (hdl_localization) StdoutLine: {'line': b'-- Symlinking: /home/ysc/lite_cog_ros2/nav/install/hdl_localization/include/hdl_localization/pose_system.hpp\n'}
[447.918822] (-) TimerEvent: {}
[447.947106] (hdl_localization) StdoutLine: {'line': b'-- Symlinking: /home/ysc/lite_cog_ros2/nav/install/hdl_localization/include/kkl/alg/unscented_kalman_filter.hpp\n'}
[448.012043] (hdl_localization) StdoutLine: {'line': b'-- Up-to-date symlink: /home/ysc/lite_cog_ros2/nav/install/hdl_localization/lib/hdl_localization/hdl_localization_composition\n'}
[448.018482] (hdl_localization) StdoutLine: {'line': b'-- Symlinking: /home/ysc/lite_cog_ros2/nav/install/hdl_localization/share/ament_index/resource_index/package_run_dependencies/hdl_localization\n'}
[448.020105] (-) TimerEvent: {}
[448.077319] (hdl_localization) StdoutLine: {'line': b'-- Symlinking: /home/ysc/lite_cog_ros2/nav/install/hdl_localization/share/ament_index/resource_index/parent_prefix_path/hdl_localization\n'}
[448.120333] (-) TimerEvent: {}
[448.138252] (hdl_localization) StdoutLine: {'line': b'-- Symlinking: /home/ysc/lite_cog_ros2/nav/install/hdl_localization/share/hdl_localization/environment/ament_prefix_path.sh\n'}
[448.200521] (hdl_localization) StdoutLine: {'line': b'-- Symlinking: /home/ysc/lite_cog_ros2/nav/install/hdl_localization/share/hdl_localization/environment/ament_prefix_path.dsv\n'}
[448.220677] (-) TimerEvent: {}
[448.259937] (hdl_localization) StdoutLine: {'line': b'-- Symlinking: /home/ysc/lite_cog_ros2/nav/install/hdl_localization/share/hdl_localization/environment/path.sh\n'}
[448.321728] (hdl_localization) StdoutLine: {'line': b'-- Symlinking: /home/ysc/lite_cog_ros2/nav/install/hdl_localization/share/hdl_localization/environment/path.dsv\n'}
[448.322674] (-) TimerEvent: {}
[448.384141] (hdl_localization) StdoutLine: {'line': b'-- Symlinking: /home/ysc/lite_cog_ros2/nav/install/hdl_localization/share/hdl_localization/local_setup.bash\n'}
[448.423066] (-) TimerEvent: {}
[448.443631] (hdl_localization) StdoutLine: {'line': b'-- Symlinking: /home/ysc/lite_cog_ros2/nav/install/hdl_localization/share/hdl_localization/local_setup.sh\n'}
[448.505182] (hdl_localization) StdoutLine: {'line': b'-- Symlinking: /home/ysc/lite_cog_ros2/nav/install/hdl_localization/share/hdl_localization/local_setup.zsh\n'}
[448.523347] (-) TimerEvent: {}
[448.565720] (hdl_localization) StdoutLine: {'line': b'-- Symlinking: /home/ysc/lite_cog_ros2/nav/install/hdl_localization/share/hdl_localization/local_setup.dsv\n'}
[448.623438] (hdl_localization) StdoutLine: {'line': b'-- Symlinking: /home/ysc/lite_cog_ros2/nav/install/hdl_localization/share/hdl_localization/package.dsv\n'}
[448.625116] (-) TimerEvent: {}
[448.692175] (hdl_localization) StdoutLine: {'line': b'-- Symlinking: /home/ysc/lite_cog_ros2/nav/install/hdl_localization/share/ament_index/resource_index/packages/hdl_localization\n'}
[448.725467] (-) TimerEvent: {}
[448.753415] (hdl_localization) StdoutLine: {'line': b'-- Symlinking: /home/ysc/lite_cog_ros2/nav/install/hdl_localization/share/hdl_localization/cmake/rosidl_cmake-extras.cmake\n'}
[448.812474] (hdl_localization) StdoutLine: {'line': b'-- Symlinking: /home/ysc/lite_cog_ros2/nav/install/hdl_localization/share/hdl_localization/cmake/ament_cmake_export_dependencies-extras.cmake\n'}
[448.825763] (-) TimerEvent: {}
[448.871625] (hdl_localization) StdoutLine: {'line': b'-- Symlinking: /home/ysc/lite_cog_ros2/nav/install/hdl_localization/share/hdl_localization/cmake/ament_cmake_export_libraries-extras.cmake\n'}
[448.926071] (-) TimerEvent: {}
[448.930612] (hdl_localization) StdoutLine: {'line': b'-- Symlinking: /home/ysc/lite_cog_ros2/nav/install/hdl_localization/share/hdl_localization/cmake/ament_cmake_export_targets-extras.cmake\n'}
[448.991701] (hdl_localization) StdoutLine: {'line': b'-- Symlinking: /home/ysc/lite_cog_ros2/nav/install/hdl_localization/share/hdl_localization/cmake/ament_cmake_export_include_directories-extras.cmake\n'}
[449.026417] (-) TimerEvent: {}
[449.053488] (hdl_localization) StdoutLine: {'line': b'-- Symlinking: /home/ysc/lite_cog_ros2/nav/install/hdl_localization/share/hdl_localization/cmake/rosidl_cmake_export_typesupport_libraries-extras.cmake\n'}
[449.111158] (hdl_localization) StdoutLine: {'line': b'-- Symlinking: /home/ysc/lite_cog_ros2/nav/install/hdl_localization/share/hdl_localization/cmake/rosidl_cmake_export_typesupport_targets-extras.cmake\n'}
[449.126736] (-) TimerEvent: {}
[449.170591] (hdl_localization) StdoutLine: {'line': b'-- Symlinking: /home/ysc/lite_cog_ros2/nav/install/hdl_localization/share/hdl_localization/cmake/hdl_localizationConfig.cmake\n'}
[449.226931] (hdl_localization) StdoutLine: {'line': b'-- Symlinking: /home/ysc/lite_cog_ros2/nav/install/hdl_localization/share/hdl_localization/cmake/hdl_localizationConfig-version.cmake\n'}
[449.227778] (-) TimerEvent: {}
[449.329674] (-) TimerEvent: {}
[449.426333] (hdl_localization) StdoutLine: {'line': b'-- Symlinking: /home/ysc/lite_cog_ros2/nav/install/hdl_localization/share/hdl_localization/package.xml\n'}
[449.429845] (-) TimerEvent: {}
[449.477060] (hdl_localization) StdoutLine: {'line': b'-- Installing: /home/ysc/lite_cog_ros2/nav/install/hdl_localization/lib/libhdl_localization__rosidl_generator_c.so\n'}
[449.483350] (hdl_localization) StdoutLine: {'line': b'-- Set runtime path of "/home/ysc/lite_cog_ros2/nav/install/hdl_localization/lib/libhdl_localization__rosidl_generator_c.so" to ""\n'}
[449.489687] (hdl_localization) StdoutLine: {'line': b'-- Installing: /home/ysc/lite_cog_ros2/nav/install/hdl_localization/lib/libhdl_localization__rosidl_typesupport_introspection_c.so\n'}
[449.494493] (hdl_localization) StdoutLine: {'line': b'-- Set runtime path of "/home/ysc/lite_cog_ros2/nav/install/hdl_localization/lib/libhdl_localization__rosidl_typesupport_introspection_c.so" to ""\n'}
[449.497852] (hdl_localization) StdoutLine: {'line': b'-- Installing: /home/ysc/lite_cog_ros2/nav/install/hdl_localization/lib/libhdl_localization__rosidl_typesupport_c.so\n'}
[449.500551] (hdl_localization) StdoutLine: {'line': b'-- Set runtime path of "/home/ysc/lite_cog_ros2/nav/install/hdl_localization/lib/libhdl_localization__rosidl_typesupport_c.so" to ""\n'}
[449.502554] (hdl_localization) StdoutLine: {'line': b'-- Installing: /home/ysc/lite_cog_ros2/nav/install/hdl_localization/lib/libhdl_localization__rosidl_typesupport_introspection_cpp.so\n'}
[449.509023] (hdl_localization) StdoutLine: {'line': b'-- Set runtime path of "/home/ysc/lite_cog_ros2/nav/install/hdl_localization/lib/libhdl_localization__rosidl_typesupport_introspection_cpp.so" to ""\n'}
[449.510309] (hdl_localization) StdoutLine: {'line': b'-- Installing: /home/ysc/lite_cog_ros2/nav/install/hdl_localization/lib/libhdl_localization__rosidl_typesupport_cpp.so\n'}
[449.512751] (hdl_localization) StdoutLine: {'line': b'-- Set runtime path of "/home/ysc/lite_cog_ros2/nav/install/hdl_localization/lib/libhdl_localization__rosidl_typesupport_cpp.so" to ""\n'}
[449.530021] (-) TimerEvent: {}
[449.630844] (-) TimerEvent: {}
[449.675253] (hdl_localization) StdoutLine: {'line': b"Compiling '/home/ysc/lite_cog_ros2/nav/install/hdl_localization/lib/python3.8/site-packages/hdl_localization/__init__.py'...\n"}
[449.695166] (hdl_localization) StdoutLine: {'line': b'-- Installing: /home/ysc/lite_cog_ros2/nav/install/hdl_localization/share/hdl_localization/cmake/hdl_localization__rosidl_generator_cExport.cmake\n'}
[449.697933] (hdl_localization) StdoutLine: {'line': b'-- Installing: /home/ysc/lite_cog_ros2/nav/install/hdl_localization/share/hdl_localization/cmake/hdl_localization__rosidl_generator_cExport-release.cmake\n'}
[449.700544] (hdl_localization) StdoutLine: {'line': b'-- Installing: /home/ysc/lite_cog_ros2/nav/install/hdl_localization/share/hdl_localization/cmake/hdl_localization__rosidl_typesupport_introspection_cExport.cmake\n'}
[449.703165] (hdl_localization) StdoutLine: {'line': b'-- Installing: /home/ysc/lite_cog_ros2/nav/install/hdl_localization/share/hdl_localization/cmake/hdl_localization__rosidl_typesupport_introspection_cExport-release.cmake\n'}
[449.706011] (hdl_localization) StdoutLine: {'line': b'-- Installing: /home/ysc/lite_cog_ros2/nav/install/hdl_localization/share/hdl_localization/cmake/hdl_localization__rosidl_typesupport_cExport.cmake\n'}
[449.709979] (hdl_localization) StdoutLine: {'line': b'-- Installing: /home/ysc/lite_cog_ros2/nav/install/hdl_localization/share/hdl_localization/cmake/hdl_localization__rosidl_typesupport_cExport-release.cmake\n'}
[449.711812] (hdl_localization) StdoutLine: {'line': b'-- Installing: /home/ysc/lite_cog_ros2/nav/install/hdl_localization/share/hdl_localization/cmake/hdl_localization__rosidl_generator_cppExport.cmake\n'}
[449.715230] (hdl_localization) StdoutLine: {'line': b'-- Installing: /home/ysc/lite_cog_ros2/nav/install/hdl_localization/share/hdl_localization/cmake/hdl_localization__rosidl_typesupport_introspection_cppExport.cmake\n'}
[449.717606] (hdl_localization) StdoutLine: {'line': b'-- Installing: /home/ysc/lite_cog_ros2/nav/install/hdl_localization/share/hdl_localization/cmake/hdl_localization__rosidl_typesupport_introspection_cppExport-release.cmake\n'}
[449.719654] (hdl_localization) StdoutLine: {'line': b'-- Installing: /home/ysc/lite_cog_ros2/nav/install/hdl_localization/share/hdl_localization/cmake/hdl_localization__rosidl_typesupport_cppExport.cmake\n'}
[449.721636] (hdl_localization) StdoutLine: {'line': b'-- Installing: /home/ysc/lite_cog_ros2/nav/install/hdl_localization/share/hdl_localization/cmake/hdl_localization__rosidl_typesupport_cppExport-release.cmake\n'}
[449.731459] (-) TimerEvent: {}
[449.744581] (hdl_localization) CommandEnded: {'returncode': 0}
[449.832197] (-) TimerEvent: {}
[449.934518] (-) TimerEvent: {}
[450.035837] (-) TimerEvent: {}
[450.136845] (-) TimerEvent: {}
[450.238724] (-) TimerEvent: {}
[450.332552] (hdl_localization) JobEnded: {'identifier': 'hdl_localization', 'rc': 0}
[450.339523] (-) EventReactorShutdown: {}
